"","p_val","avg_log2FC","pct.1","pct.2","p_val_adj","cluster","gene"
"Cmss1",1.42772616375888e-138,1.71212532509152,1,0.982,2.50380337338395e-134,"0","Cmss1"
"Gm42418",2.20479761480774e-133,1.13690651666012,1,1,3.86655357708834e-129,"0","Gm42418"
"Lars2",2.56453226666403e-104,1.76235802460946,1,0.894,4.49742023604871e-100,"0","Lars2"
"Gm19951",1.68031089106708e-98,1.75391326562037,1,0.821,2.94676120966433e-94,"0","Gm19951"
"Gphn",2.55636091034401e-91,1.33540827391422,1,0.986,4.4830901284703e-87,"0","Gphn"
"AY036118",2.1179748563151e-84,1.20439644778618,0.997,0.883,3.71429250551979e-80,"0","AY036118"
"Camk1d",7.08767780714938e-70,1.57743136162764,0.952,0.767,1.24296605703979e-65,"0","Camk1d"
"AC149090.1",4.92276310880487e-64,0.994435150897057,1,0.959,8.63304966391111e-60,"0","AC149090.1"
"Srrm2",1.72135383818551e-60,0.969545463873374,0.994,0.926,3.01873822602593e-56,"0","Srrm2"
"Pabpn1",5.58514642217138e-54,0.949875194336313,0.982,0.882,9.79467128056194e-50,"0","Pabpn1"
"EGFP",9.94646224420652e-45,1.05924985896774,0.985,0.787,1.7443110837665e-40,"0","EGFP"
"Gm26917",1.29029185976117e-42,0.761622825734349,0.997,0.968,2.26278483446316e-38,"0","Gm26917"
"Cdk8",5.96074721430189e-38,1.04251153724151,0.837,0.642,1.04533623897212e-33,"0","Cdk8"
"Akap8l",1.63679799212448e-34,0.786136148258521,0.946,0.833,2.87045263878869e-30,"0","Akap8l"
"Pnisr",1.17176561066155e-26,0.550650881255245,0.997,0.977,2.05492535141717e-22,"0","Pnisr"
"Gm47283",9.04256281553356e-25,0.955953186099633,0.813,0.655,1.58579424096012e-20,"0","Gm47283"
"Chd5",1.22698938710397e-23,0.969438480753352,0.714,0.568,2.15177128816424e-19,"0","Chd5"
"Rbm25",1.39474669098312e-22,0.633997040494821,0.964,0.895,2.44596727197709e-18,"0","Rbm25"
"Arglu1",2.579088368396e-19,0.624722820005794,0.877,0.797,4.52294727165607e-15,"0","Arglu1"
"Srrm1",9.77944587212191e-19,0.574402695675501,0.889,0.835,1.71502142259402e-14,"0","Srrm1"
"Prpf4b",4.68799796091994e-17,0.578491787192187,0.87,0.8,8.22134202406529e-13,"0","Prpf4b"
"Lrrc45",1.79356081225696e-16,1.02656614451842,0.593,0.467,3.14536759645504e-12,"0","Lrrc45"
"Actl6b",2.1548895394162e-16,0.914440175491226,0.605,0.482,3.77902978527419e-12,"0","Actl6b"
"Zranb2",5.47446503999467e-16,0.54936596332573,0.895,0.803,9.60056934063865e-12,"0","Zranb2"
"Matk",7.55942610287082e-16,0.811569944884249,0.687,0.6,1.32569655566046e-11,"0","Matk"
"Luc7l3",2.85928255215343e-15,0.50405737113899,0.982,0.92,5.01432381171147e-11,"0","Luc7l3"
"Kifc2",2.0587510131984e-14,0.918139827009683,0.59,0.487,3.61043165184603e-10,"0","Kifc2"
"Chd3",3.37829833447937e-14,0.730946562104329,0.678,0.544,5.92452178917647e-10,"0","Chd3"
"Gse1",3.42199238732454e-13,0.614804077602591,0.792,0.702,6.00114804965104e-09,"0","Gse1"
"Camk2b",4.63022531674718e-13,0.649066509491342,0.702,0.668,8.12002613797952e-09,"0","Camk2b"
"Malat1",1.11034689382556e-12,0.285054610698743,1,1,1.94721534770189e-08,"0","Malat1"
"Lmtk3",1.60813761722049e-11,0.789830859103026,0.581,0.478,2.82019093931957e-07,"0","Lmtk3"
"Gprasp2",1.65012824375546e-11,0.643489853929652,0.666,0.614,2.89382990107394e-07,"0","Gprasp2"
"Pacsin1",1.66640281182282e-11,0.490160712573515,0.895,0.815,2.92237061109368e-07,"0","Pacsin1"
"Baiap3",1.95604631024172e-11,0.670924252982328,0.675,0.601,3.43031841427091e-07,"0","Baiap3"
"Slc4a3",2.86014626866372e-11,0.759641686121505,0.596,0.528,5.01583851135557e-07,"0","Slc4a3"
"Prrc2c",4.08327734211756e-11,0.461115279669952,0.852,0.803,7.16084347487157e-07,"0","Prrc2c"
"Srrt",6.23329301971212e-11,0.951873113848328,0.476,0.358,1.09313259686692e-06,"0","Srrt"
"Rbfox3",6.78358239913654e-11,0.538596490260082,0.861,0.777,1.18963684533658e-06,"0","Rbfox3"
"Kif1a",9.68072945608565e-11,0.484333282985362,0.801,0.74,1.69770952471374e-06,"0","Kif1a"
"Ap3d1",4.05836713190759e-10,0.798173027338834,0.521,0.437,7.11715843922633e-06,"0","Ap3d1"
"Caskin1",8.66136804235551e-10,0.712468665387168,0.569,0.491,1.51894411358789e-05,"0","Caskin1"
"Nktr",4.56727989287173e-09,0.421388178686859,0.907,0.862,8.00963874812915e-05,"0","Nktr"
"Tspoap1",5.52135587488459e-09,0.693477989761328,0.608,0.578,9.6828017977851e-05,"0","Tspoap1"
"Hap1",9.90437760942697e-09,0.643770070506407,0.608,0.542,0.000173693070136521,"0","Hap1"
"Nop56",1.05204011737844e-08,0.674306452543323,0.578,0.515,0.000184496275384657,"0","Nop56"
"Ptprn",1.12925521918589e-08,0.574237448186549,0.62,0.56,0.000198037487788629,"0","Ptprn"
"Snhg14",2.11102931843734e-08,0.295903750396012,0.997,0.984,0.000370211211574357,"0","Snhg14"
"Safb2",3.07228506338959e-08,0.732714172681388,0.566,0.52,0.000538786631566632,"0","Safb2"
"Kmt2a",7.65905839822919e-08,0.339021537349626,0.937,0.899,0.00134316907129745,"0","Kmt2a"
"Snhg11",8.99942621488115e-08,0.198503759127929,1,1,0.00157822937530371,"0","Snhg11"
"Pnn",1.20753987633702e-07,0.701378377845088,0.593,0.555,0.00211766268113223,"0","Pnn"
"Gps2",3.97707681264905e-07,0.94383928198124,0.31,0.213,0.00697459960634265,"0","Gps2"
"Agap2",4.64768926328046e-07,0.901006711911604,0.386,0.297,0.00815065266101495,"0","Agap2"
"Celsr3",7.7272297568406e-07,0.749268194135623,0.434,0.342,0.0135512428245714,"0","Celsr3"
"Pkd1",1.04130066007469e-06,0.571290930531165,0.627,0.627,0.0182612896757299,"0","Pkd1"
"Cdk10",1.30060217957826e-06,0.88734221488576,0.392,0.309,0.0228086604232639,"0","Cdk10"
"Kcnq1ot1",1.33297343251112e-06,0.35929802680352,0.985,0.962,0.0233763550859475,"0","Kcnq1ot1"
"Idh3g",1.85266403177783e-06,0.829570795523794,0.389,0.308,0.0324901691252878,"0","Idh3g"
"Son",2.02992006360125e-06,0.32295723704225,0.852,0.813,0.035598708155375,"0","Son"
"Chd4",2.86711093540487e-06,0.509940476115074,0.633,0.613,0.0502805244741951,"0","Chd4"
"Podxl2",3.02416508312767e-06,0.675682659686029,0.512,0.468,0.0530347830628099,"0","Podxl2"
"Cc2d1a",3.10504234396644e-06,1.06456372901586,0.331,0.249,0.0544531275861394,"0","Cc2d1a"
"Tspyl2",4.84092732540077e-06,0.674669813159267,0.473,0.417,0.0848953425055532,"0","Tspyl2"
"Snrnp70",6.28254126991052e-06,0.368422769693287,0.828,0.829,0.110176926250421,"0","Snrnp70"
"Ehmt2",6.65110051992921e-06,0.68362733572757,0.446,0.379,0.116640349817998,"0","Ehmt2"
"Shank1",7.4392553892206e-06,0.621939487097047,0.512,0.473,0.130462221760762,"0","Shank1"
"Eif4g1",8.04200310560784e-06,0.583214944098989,0.551,0.522,0.141032608463045,"0","Eif4g1"
"Ints1",8.58919444823727e-06,0.885890416231563,0.307,0.222,0.150628703038737,"0","Ints1"
"Ubr4",1.15782977073409e-05,0.475398265167354,0.602,0.594,0.203048606893638,"0","Ubr4"
"Peg3",1.33827237566963e-05,0.28929373841969,0.928,0.901,0.234692826521183,"0","Peg3"
"Dst",1.63292538788009e-05,0.236305282972571,0.982,0.96,0.286366125272532,"0","Dst"
"Otof",1.67340193262651e-05,0.970587580806845,0.316,0.227,0.293464496924711,"0","Otof"
"Tro",1.70411549431097e-05,0.478406902359013,0.617,0.607,0.298850734237316,"0","Tro"
"Tmem214",1.90928614225858e-05,0.823785137396279,0.377,0.298,0.334831510767887,"0","Tmem214"
"Dbn1",2.00290549222266e-05,0.630886337216831,0.536,0.518,0.351249536171088,"0","Dbn1"
"Atrx",2.03669130004278e-05,0.330447871220046,0.922,0.865,0.357174553288502,"0","Atrx"
"Ankrd11",2.7252195414653e-05,0.474119285632107,0.681,0.7,0.47792175098677,"0","Ankrd11"
"Fam193b",5.18595160441395e-05,0.593041293849345,0.545,0.536,0.909460332866075,"0","Fam193b"
"Kcnt1",5.33710119888914e-05,0.625549287390802,0.491,0.457,0.935967437249189,"0","Kcnt1"
"Sema4g",6.08423626297085e-05,0.807559471604599,0.346,0.281,1,"0","Sema4g"
"Ccdc88a",7.23431995662717e-05,0.309101003994371,0.861,0.819,1,"0","Ccdc88a"
"Shfl",7.48437414984839e-05,0.716951872975301,0.425,0.377,1,"0","Shfl"
"Epb41l1",8.26480175524528e-05,0.368362991464615,0.774,0.755,1,"0","Epb41l1"
"Map1a",9.36685646042008e-05,0.798198539413051,0.383,0.324,1,"0","Map1a"
"Cplane1",0.000120179446105022,0.277118570735704,0.886,0.875,1,"0","Cplane1"
"Sltm",0.000121294512856368,0.310471380354215,0.75,0.739,1,"0","Sltm"
"Bptf",0.000125994393507781,0.400133433820312,0.642,0.65,1,"0","Bptf"
"Bag6",0.000161717232640009,0.876392218486114,0.286,0.222,1,"0","Bag6"
"Tsc2",0.000167456483766623,0.872008707362331,0.301,0.234,1,"0","Tsc2"
"Ptprs",0.000210111588029286,0.335430034264251,0.741,0.757,1,"0","Ptprs"
"Unc13a",0.000247345813235166,0.516601441013515,0.542,0.543,1,"0","Unc13a"
"Nrxn2",0.000335220240578389,0.271856205128114,0.759,0.747,1,"0","Nrxn2"
"Leng8",0.000338350960061754,0.499756236512954,0.521,0.496,1,"0","Leng8"
"Ankrd24",0.000356333861987465,0.73646586688829,0.373,0.323,1,"0","Ankrd24"
"Sptbn4",0.000370249399823631,0.352735223421719,0.678,0.679,1,"0","Sptbn4"
"Maged1",0.000380575238811467,0.700580251583079,0.443,0.417,1,"0","Maged1"
"Map2k2",0.000393821667880882,0.623365465755572,0.434,0.385,1,"0","Map2k2"
"Pitpnm1",0.000399352375312019,0.609582246739182,0.428,0.385,1,"0","Pitpnm1"
"Srsf11",0.000415879272887343,0.427911362995823,0.648,0.662,1,"0","Srsf11"
"Ubp1",0.000601245839943858,0.698404792758866,0.392,0.355,1,"0","Ubp1"
"Kdm4b",0.000674819457593095,0.737795089090588,0.358,0.307,1,"0","Kdm4b"
"Acin1",0.000694386311238838,0.467063377986377,0.569,0.578,1,"0","Acin1"
"Celf5",0.00137664579552326,0.412391989648474,0.59,0.613,1,"0","Celf5"
"Usp34",0.00153539854022341,0.275863306769562,0.813,0.827,1,"0","Usp34"
"Dnm1",0.00160668671414758,0.439102146016343,0.572,0.594,1,"0","Dnm1"
"Rps6kb2",0.00166847514780686,0.759022189954752,0.328,0.287,1,"0","Rps6kb2"
"Plec",0.00177540911523073,0.627481293684314,0.428,0.409,1,"0","Plec"
"Pcyt2",0.00183841128319405,0.600303866925709,0.398,0.359,1,"0","Pcyt2"
"Gprasp1",0.00201384671745114,0.279273098913355,0.726,0.711,1,"0","Gprasp1"
"Akap8",0.00202487176096857,0.645292172563357,0.416,0.394,1,"0","Akap8"
"Akap9",0.00211255974934106,0.245774267313156,0.828,0.792,1,"0","Akap9"
"Dctn1",0.00255651644028065,0.690703990280831,0.352,0.317,1,"0","Dctn1"
"Gucy1a2",0.00270928703477406,0.335853954403994,0.729,0.742,1,"0","Gucy1a2"
"Macf1",0.00281974872992524,0.146433833299469,0.997,0.995,1,"0","Macf1"
"Golga4",0.00295209132962876,0.399844259281424,0.587,0.604,1,"0","Golga4"
"Dync1h1",0.00305578228290137,0.359451903867218,0.617,0.658,1,"0","Dync1h1"
"Huwe1",0.00321729278925095,0.277057129054845,0.765,0.768,1,"0","Huwe1"
"Tbkbp1",0.00345370805096572,0.670677172738018,0.334,0.294,1,"0","Tbkbp1"
"Ice1",0.00370443426210796,0.533472703635227,0.449,0.439,1,"0","Ice1"
"Tcf25",0.00464472684858164,0.392679837619639,0.575,0.614,1,"0","Tcf25"
"Uchl1",0.00474105705850664,0.664130894681922,0.358,0.335,1,"0","Uchl1"
"Selenow",0.00477948862147313,0.692769957172588,0.304,0.26,1,"0","Selenow"
"Cep112",0.00483389806659762,0.216950021642252,0.822,0.731,1,"0","Cep112"
"Cep250",0.00670504798075939,0.666999076622416,0.343,0.311,1,"0","Cep250"
"Abca2",0.00716682143573269,0.613265579384288,0.283,0.239,1,"0","Abca2"
"Ache",0.00824545222644621,0.616358994016172,0.34,0.305,1,"0","Ache"
"Sugp2",0.00855600647441236,0.494149536863858,0.416,0.399,1,"0","Sugp2"
"Svop",0.00895704634846026,0.434534680566635,0.539,0.57,1,"0","Svop"
"Rgl2",0.0091166388992324,0.662252905782582,0.328,0.297,1,"0","Rgl2"
"Ttc3",0.0094049867048815,0.157126362939729,0.997,0.993,1,"0","Ttc3"
"Meis2",1.56000036631247e-86,2.27660470913221,0.507,0.102,2.73577264240219e-82,"1","Meis2"
"A830082K12Rik",1.02962698441979e-69,2.57399117803111,0.397,0.076,1.80565684257698e-65,"1","A830082K12Rik"
"G630016G05Rik",5.89250168366064e-62,2.82788751891273,0.315,0.053,1.03336802026357e-57,"1","G630016G05Rik"
"Rreb1",9.92333763706995e-53,2.19699356392972,0.5,0.161,1.74025572141296e-48,"1","Rreb1"
"Sox1ot",3.40154918041852e-49,2.3518567488343,0.374,0.095,5.96529679769997e-45,"1","Sox1ot"
"Rasal1",4.38260451665736e-48,2.00799147110213,0.417,0.115,7.68577354086201e-44,"1","Rasal1"
"Sox2ot",3.34515474437111e-47,1.2463650967782,0.705,0.309,5.86639787520362e-43,"1","Sox2ot"
"Rbfox1",5.14303932599303e-47,0.934980565649034,0.997,0.888,9.01934806599397e-43,"1","Rbfox1"
"Gria1",1.54226180626201e-45,0.777980938822976,0.983,0.877,2.70466452964169e-41,"1","Gria1"
"Cacna2d3",1.34256821158936e-39,1.46703949724155,0.662,0.317,2.35446187266426e-35,"1","Cacna2d3"
"Chrm3",7.5144178419836e-39,1.34616268507022,0.662,0.317,1.31780345694866e-34,"1","Chrm3"
"Celf2",6.27634286826689e-34,0.879991420040634,0.854,0.62,1.10068224880796e-29,"1","Celf2"
"Ankfn1",1.93102108398666e-32,1.51995060830309,0.536,0.245,3.38643167498741e-28,"1","Ankfn1"
"Pde1a",5.19542764166083e-32,1.19376604753608,0.685,0.36,9.1112214551806e-28,"1","Pde1a"
"Atp2b4",3.56171336384104e-31,1.4903287723116,0.507,0.225,6.24617672616803e-27,"1","Atp2b4"
"Arpp21",7.30916733776458e-28,1.03372887838166,0.652,0.339,1.28180867602377e-23,"1","Arpp21"
"Rbfox31",2.86608271959175e-27,0.701933139977874,0.937,0.771,5.02624926534805e-23,"1","Rbfox3"
"Gm1604a",1.17647428058676e-23,1.16350358350209,0.536,0.276,2.063182945865e-19,"1","Gm1604a"
"Ryr1",1.21805133580128e-23,1.73785017877407,0.318,0.117,2.1360966275947e-19,"1","Ryr1"
"Kcnab1",3.07795312082819e-23,1.21904802591579,0.474,0.228,5.39780638799639e-19,"1","Kcnab1"
"Asic2",3.9460941369731e-23,0.537593480715851,0.98,0.923,6.92026528800973e-19,"1","Asic2"
"Dgkg",2.57231541436827e-22,1.02474848769561,0.626,0.373,4.51106954217764e-18,"1","Dgkg"
"Dlgap1",7.07287486051738e-21,0.64189750729055,0.95,0.892,1.24037006428893e-16,"1","Dlgap1"
"Fstl4",1.20097918068469e-20,1.09536373027374,0.556,0.319,2.10615718916674e-16,"1","Fstl4"
"Zfp804b",2.90816327579872e-20,0.858273949148108,0.685,0.445,5.10004593676822e-16,"1","Zfp804b"
"Sez6l",3.66413124634035e-20,0.833697145734385,0.778,0.551,6.42578696670708e-16,"1","Sez6l"
"Hap11",4.79949841947916e-19,0.737302764356084,0.765,0.528,8.4168803782406e-15,"1","Hap1"
"Ak5",8.20781051681962e-19,1.08021974569182,0.517,0.294,1.43940373033466e-14,"1","Ak5"
"Cpne7",3.85057913979121e-18,1.11889463697976,0.52,0.303,6.75276063745184e-14,"1","Cpne7"
"Mgat4c",3.39985427969936e-17,0.7676855234633,0.828,0.632,5.96232445030877e-13,"1","Mgat4c"
"Scn5a",6.62580429580522e-17,1.18644931420043,0.368,0.173,1.16196729935536e-12,"1","Scn5a"
"Cntnap5b",1.46319047189242e-16,1.29305951738644,0.533,0.349,2.56599713055773e-12,"1","Cntnap5b"
"Zfp804a",1.47432679026679e-16,0.830016336946345,0.553,0.333,2.58552689209087e-12,"1","Zfp804a"
"Cpne5",1.94898834628672e-16,0.952129195821419,0.43,0.218,3.41794086288302e-12,"1","Cpne5"
"Dock10",2.4160140088678e-16,0.77052372930358,0.695,0.492,4.23696376735145e-12,"1","Dock10"
"Dscaml1",2.12293018932758e-15,0.688288953602854,0.709,0.489,3.72298267302378e-11,"1","Dscaml1"
"Rgl1",3.76207745418125e-15,0.999046399945681,0.45,0.25,6.59755523139765e-11,"1","Rgl1"
"Map3k5",5.97447693503156e-15,1.20973353845763,0.341,0.165,1.04774402009648e-10,"1","Map3k5"
"Kirrel3",7.39689992643444e-15,0.572288285436712,0.848,0.721,1.29719434009881e-10,"1","Kirrel3"
"Chsy3",1.19333735128677e-14,1.02970073643736,0.414,0.221,2.0927557129516e-10,"1","Chsy3"
"Sh3rf3",2.1518737117426e-14,1.04514610941259,0.51,0.324,3.77374092828299e-10,"1","Sh3rf3"
"Col25a1",3.69818063025066e-14,0.922057511905622,0.45,0.252,6.48549937127058e-10,"1","Col25a1"
"Bcl11b",4.37039955395943e-14,1.13779607889846,0.291,0.131,7.66436969777865e-10,"1","Bcl11b"
"Tshz2",4.53707754565114e-14,0.784598914515303,0.672,0.482,7.9566728918084e-10,"1","Tshz2"
"Cfap54",6.85981320261495e-14,1.18819313568078,0.344,0.174,1.20300544134258e-09,"1","Cfap54"
"Pdzrn4",9.17503162932411e-13,0.309135645573699,0.689,0.468,1.60902529683457e-08,"1","Pdzrn4"
"Clmn",1.27811158486028e-12,1.10295223667276,0.315,0.155,2.24142428636948e-08,"1","Clmn"
"Sipa1l1",1.31778771634675e-12,0.791968972469279,0.55,0.364,2.31100431815729e-08,"1","Sipa1l1"
"Pde2a",1.57328371800018e-12,0.863425550721196,0.421,0.239,2.75906765625691e-08,"1","Pde2a"
"Htr1f",3.12863729536361e-12,1.07982421586319,0.348,0.187,5.48669122487916e-08,"1","Htr1f"
"Rhbdl3",3.42940644610583e-12,1.20869338337227,0.258,0.118,6.01415008453579e-08,"1","Rhbdl3"
"Rap1gds1",3.45432463981906e-12,1.04811535613586,0.447,0.281,6.05784912085068e-08,"1","Rap1gds1"
"Sgcd",3.55196557788142e-12,0.709603326368659,0.772,0.61,6.22908203393064e-08,"1","Sgcd"
"Ly6h",5.94641191550876e-12,0.609997883829304,0.662,0.457,1.04282225762277e-07,"1","Ly6h"
"Chd31",6.26878432267042e-12,0.68020705559189,0.709,0.543,1.09935670666671e-07,"1","Chd3"
"Sorcs3",1.01011429742673e-11,0.611825430612608,0.613,0.415,1.77143744339726e-07,"1","Sorcs3"
"Sez6",1.96367844714298e-11,0.855774476663971,0.351,0.188,3.44370289275464e-07,"1","Sez6"
"Celf51",2.29176588582276e-11,0.559255977239556,0.762,0.597,4.01906983396738e-07,"1","Celf5"
"Ulk4",3.4080978767395e-11,0.901931254693605,0.434,0.265,5.97678124643806e-07,"1","Ulk4"
"Tenm3",9.47391406873588e-11,0.56374546883347,0.685,0.517,1.66144031023421e-06,"1","Tenm3"
"Cntn3",1.48855031538957e-10,0.674290189272792,0.51,0.33,2.61047068809869e-06,"1","Cntn3"
"Arhgef28",1.64442813082373e-10,1.096013156636,0.285,0.149,2.88383361302558e-06,"1","Arhgef28"
"Otof1",1.67108916221164e-10,0.889912458493911,0.384,0.221,2.93058906377056e-06,"1","Otof"
"Rps6ka2",3.68301536771083e-10,0.830605156179153,0.444,0.281,6.45890405035449e-06,"1","Rps6ka2"
"Lmtk31",4.77016833232928e-10,0.611782679596101,0.639,0.473,8.36544420440586e-06,"1","Lmtk3"
"Shisa7",5.30468543508272e-10,0.730798355995728,0.48,0.313,9.30282684750457e-06,"1","Shisa7"
"Luc7l31",1.40989818902926e-09,0.334020993065804,0.977,0.921,2.47253845410061e-05,"1","Luc7l3"
"Dpyd",1.89017535402366e-09,0.830890007074254,0.483,0.337,3.31480051835129e-05,"1","Dpyd"
"Crim1",2.20918775533398e-09,0.854391340206695,0.338,0.194,3.8742525665292e-05,"1","Crim1"
"Enox1",2.61530102482917e-09,0.593079256996973,0.666,0.537,4.58645340724291e-05,"1","Enox1"
"Snhg111",3.16740956477902e-09,0.18352521572638,1,1,5.55468615375296e-05,"1","Snhg11"
"Nell2",3.45142665530656e-09,0.792336766304861,0.384,0.236,6.05276692541111e-05,"1","Nell2"
"Dchs2",6.11471137471155e-09,0.83341491340821,0.311,0.174,0.000107233693378316,"1","Dchs2"
"Kalrn",6.63831526332034e-09,0.391118066673064,0.934,0.879,0.000116416134772849,"1","Kalrn"
"Pgap1",7.29307211632676e-09,0.659985730320528,0.517,0.369,0.000127898605704022,"1","Pgap1"
"March1",7.43156973429705e-09,0.400126610360557,0.838,0.734,0.000130327438430367,"1","March1"
"5730522E02Rik",7.52211005246633e-09,0.699822557249093,0.447,0.295,0.000131915243990102,"1","5730522E02Rik"
"Caln1",1.06597833329732e-08,0.597878399433389,0.454,0.288,0.000186940620310351,"1","Caln1"
"Cntnap5a",1.20734947565303e-08,0.373744655559648,0.742,0.578,0.000211732877545272,"1","Cntnap5a"
"Ttc31",1.78887775638327e-08,0.235191804865025,1,0.992,0.000313715492136935,"1","Ttc3"
"Rfx1",1.84078481270968e-08,0.84981861041687,0.321,0.188,0.000322818432604896,"1","Rfx1"
"Gng7",2.4153502846716e-08,0.71962258266445,0.305,0.175,0.000423579979422858,"1","Gng7"
"Pde8b",2.5972817322308e-08,0.773294061538383,0.467,0.324,0.000455485297381315,"1","Pde8b"
"Baz2b",2.65186956288217e-08,0.535238766199856,0.646,0.483,0.000465058365242646,"1","Baz2b"
"Kcnb1",3.90787704098589e-08,0.670642836707615,0.497,0.351,0.000685324396677695,"1","Kcnb1"
"A830018L16Rik",4.04544251303229e-08,0.437628552111463,0.52,0.361,0.000709449253510473,"1","A830018L16Rik"
"mt-Co3",4.36644854727496e-08,0.434642019523715,0.755,0.633,0.000765744081735609,"1","mt-Co3"
"Gm26871",4.99926980327091e-08,0.426607179692326,0.791,0.665,0.00087672194539962,"1","Gm26871"
"Camkv",5.92904068842329e-08,0.70684380177474,0.368,0.228,0.00103977586552879,"1","Camkv"
"Ryr2",6.3148010119754e-08,0.37257831421551,0.838,0.772,0.00110742665347013,"1","Ryr2"
"Spag6l",6.67679655153587e-08,0.859175232854796,0.298,0.173,0.00117090981124284,"1","Spag6l"
"Matk1",7.68062905518899e-08,0.532718573212845,0.732,0.596,0.00134695191740849,"1","Matk"
"Cfap44",1.15604693649671e-07,0.991732886238336,0.285,0.171,0.00202735951253427,"1","Cfap44"
"Gria2",1.2139012874576e-07,0.231699955830151,1,0.987,0.00212881868781439,"1","Gria2"
"Srrm11",1.29489608937772e-07,0.357598742751576,0.901,0.835,0.00227085927194171,"1","Srrm1"
"Pbx3",1.44065610113654e-07,0.636210867400742,0.318,0.188,0.00252647860456315,"1","Pbx3"
"Greb1l",1.81699835396878e-07,0.746586025838455,0.377,0.244,0.00318647001335506,"1","Greb1l"
"Morn1",2.14201577905471e-07,0.901114233344142,0.255,0.144,0.00375645307172825,"1","Morn1"
"Cacna1c",2.19934470102059e-07,0.377438853407132,0.841,0.786,0.00385699080217982,"1","Cacna1c"
"Kcnip2",2.25174066524651e-07,0.808705754710324,0.308,0.185,0.0039488776046428,"1","Kcnip2"
"Dync2h1",2.38997818078352e-07,0.329526267348412,0.854,0.782,0.00419130473564006,"1","Dync2h1"
"Ctdspl",2.95442980862704e-07,0.773250707596348,0.444,0.32,0.00518118355538923,"1","Ctdspl"
"Tcerg1l",3.37068213728838e-07,0.760923813673399,0.311,0.19,0.00591116526416263,"1","Tcerg1l"
"Tiam1",3.81452770683593e-07,0.694648862328453,0.454,0.332,0.00668953723947817,"1","Tiam1"
"mt-Co1",4.4342377390254e-07,0.41371025897811,0.616,0.479,0.00777632272292885,"1","mt-Co1"
"Gabrg3",5.77318186278531e-07,0.258398735871842,0.868,0.763,0.0101244290327666,"1","Gabrg3"
"Adgrl3",5.97402497272814e-07,0.450070491523535,0.722,0.627,0.0104766475946733,"1","Adgrl3"
"Sgsm1",6.12466305570615e-07,0.445618196122188,0.719,0.605,0.0107408216007919,"1","Sgsm1"
"Cyfip1",7.14543816940994e-07,0.628807419478783,0.427,0.294,0.0125309549176942,"1","Cyfip1"
"Ccdc39",7.66450612739123e-07,0.738512210785251,0.361,0.24,0.013441244395606,"1","Ccdc39"
"Baiap2",9.22967955859135e-07,0.616318006949874,0.381,0.25,0.0161860890419017,"1","Baiap2"
"Sorcs2",9.61130133046836e-07,0.628759950694017,0.305,0.185,0.0168553391432424,"1","Sorcs2"
"Me3",1.67560912979394e-06,0.556327397176257,0.517,0.388,0.0293851573091963,"1","Me3"
"Grin2a",2.36445939043506e-06,0.449505791234486,0.609,0.482,0.0414655243300596,"1","Grin2a"
"Sirpa",2.42066879732773e-06,0.777864537208427,0.262,0.156,0.0424512686987364,"1","Sirpa"
"Fgf13",2.83646485671681e-06,0.635039373190298,0.361,0.242,0.0497430841922427,"1","Fgf13"
"Adcy6",3.03834351393284e-06,0.853144436123647,0.275,0.171,0.0532834302038402,"1","Adcy6"
"Epha5",3.11069696048095e-06,0.469460546919042,0.526,0.391,0.0545522925959544,"1","Epha5"
"Shank2",3.39564505469522e-06,0.401588078860016,0.679,0.557,0.0595494273241901,"1","Shank2"
"Unc13c",3.66833279937412e-06,0.501199063530947,0.285,0.174,0.064331552302624,"1","Unc13c"
"Cap2",3.83107019172364e-06,0.553498106696481,0.427,0.301,0.0671854779522575,"1","Cap2"
"Actl6b1",4.04519424161601e-06,0.444450881541839,0.599,0.484,0.07094057141522,"1","Actl6b"
"Ptprr",6.02537231300158e-06,0.420679433142966,0.5,0.369,0.105666954253109,"1","Ptprr"
"Cpne6",6.35578729646254e-06,0.779903931334126,0.338,0.23,0.111461441818064,"1","Cpne6"
"Crocc",6.7108579796039e-06,0.568745123384459,0.48,0.362,0.117688316388314,"1","Crocc"
"Kif3a",6.75030053934313e-06,0.398759746083838,0.685,0.557,0.11838002055846,"1","Kif3a"
"Edil3",8.27093831784772e-06,0.524667038379156,0.526,0.404,0.145047445280095,"1","Edil3"
"Tnrc18",8.5217461313319e-06,0.452114485182599,0.507,0.377,0.149445861905168,"1","Tnrc18"
"Ccdc57",8.71483617229375e-06,0.579897818997837,0.427,0.308,0.152832081953515,"1","Ccdc57"
"Scml4",8.80561772434416e-06,0.632812991512514,0.361,0.249,0.154424118031823,"1","Scml4"
"Sh3gl3",9.46446660136085e-06,0.717110506129331,0.258,0.159,0.165978350788065,"1","Sh3gl3"
"Tro1",1.06004363653131e-05,0.408534520906987,0.705,0.599,0.185899852538496,"1","Tro"
"mt-Atp6",1.21038642518226e-05,0.435751021617288,0.586,0.479,0.212265467384214,"1","mt-Atp6"
"Prkce",1.23413641968486e-05,0.362199454461602,0.745,0.662,0.216430503920134,"1","Prkce"
"Ptprz1",1.39092624829746e-05,0.53141674211614,0.533,0.434,0.243926736163926,"1","Ptprz1"
"Prkcg",1.41790108525468e-05,0.555561351980637,0.391,0.272,0.248657313321113,"1","Prkcg"
"Cdh4",1.44642047615153e-05,0.39717554309141,0.57,0.436,0.253658758902694,"1","Cdh4"
"Cadps2",1.52060715350464e-05,0.238705312589862,0.464,0.325,0.266668876510108,"1","Cadps2"
"Trerf1",1.61856078640536e-05,0.414678917036079,0.649,0.539,0.283847005111907,"1","Trerf1"
"Sntg1",1.87304501537069e-05,0.192022676702545,0.964,0.927,0.328475904345558,"1","Sntg1"
"Plcb1",1.88435988276733e-05,0.469350019822244,0.659,0.546,0.330460192640907,"1","Plcb1"
"Wscd2",2.14769599261525e-05,0.439457012168349,0.414,0.293,0.376641446224937,"1","Wscd2"
"Grm8",2.25480606859056e-05,0.391959573732149,0.387,0.265,0.395425340248726,"1","Grm8"
"Gm17167",2.78583986881862e-05,0.627949948403978,0.384,0.277,0.488552737794722,"1","Gm17167"
"Limch1",2.84116488002231e-05,0.342552349529212,0.702,0.614,0.498255085009513,"1","Limch1"
"Gm10419",3.09129852289466e-05,0.548048952958497,0.374,0.267,0.542121021960036,"1","Gm10419"
"Rasgef1a",3.18099469177249e-05,0.461535832739784,0.55,0.444,0.557851039096142,"1","Rasgef1a"
"Tmem132b",3.71800149975869e-05,0.4194799032999,0.437,0.315,0.652025923012681,"1","Tmem132b"
"Zeb1",3.73776044419145e-05,0.360130360671882,0.735,0.641,0.655491049097855,"1","Zeb1"
"Sv2c",3.76173381748843e-05,0.540987749298107,0.255,0.16,0.659695259572945,"1","Sv2c"
"Zcchc18",4.10399629839496e-05,0.416184415925053,0.626,0.526,0.719717830849524,"1","Zcchc18"
"Lgi1",4.58268037864306e-05,0.715770645303154,0.262,0.169,0.803664658002634,"1","Lgi1"
"Grin1",5.52872121616818e-05,0.350742721734777,0.722,0.655,0.969571839679414,"1","Grin1"
"Slco3a1",5.68631435628762e-05,0.604889762510594,0.427,0.325,0.99720894866216,"1","Slco3a1"
"Svop1",5.75377150495376e-05,0.445904029474625,0.646,0.56,1,"1","Svop"
"Meaf6",5.94160738984538e-05,0.542621742986556,0.371,0.263,1,"1","Meaf6"
"mt-Cytb",5.97180702702641e-05,0.232843209224639,0.536,0.416,1,"1","mt-Cytb"
"C130073E24Rik",6.04548930433995e-05,0.364072107854031,0.596,0.5,1,"1","C130073E24Rik"
"Baiap31",6.1624639607036e-05,0.342169161688219,0.695,0.6,1,"1","Baiap3"
"Arglu11",6.22494516479389e-05,0.299816858257156,0.861,0.799,1,"1","Arglu1"
"Plppr2",6.58193820847048e-05,0.612161668168791,0.341,0.243,1,"1","Plppr2"
"Spink10",6.67679443770956e-05,0.870577170583668,0.288,0.2,1,"1","Spink10"
"mt-Nd3",6.7419628991588e-05,0.463466518866503,0.411,0.303,1,"1","mt-Nd3"
"Pbx1",7.23218665987802e-05,0.539085942872577,0.563,0.486,1,"1","Pbx1"
"Tnr",7.74381015899093e-05,0.413725540369543,0.566,0.46,1,"1","Tnr"
"Syt16",8.41499891855803e-05,0.560102280813999,0.421,0.323,1,"1","Syt16"
"Mrtfb",8.78635503542089e-05,0.488582652251891,0.48,0.377,1,"1","Mrtfb"
"Eml1",9.16050854930291e-05,0.638566746685623,0.288,0.195,1,"1","Eml1"
"Ripor2",9.76513414156401e-05,0.404259166361131,0.464,0.351,1,"1","Ripor2"
"Tmem132d",0.000100785848454648,0.388825613708938,0.411,0.294,1,"1","Tmem132d"
"Car11",0.000100953711816255,0.568495525250194,0.301,0.205,1,"1","Car11"
"AC149090.11",0.000106515694598028,0.195950940660484,0.987,0.96,1,"1","AC149090.1"
"Epb41l4b",0.000107096442617193,0.526139860289391,0.427,0.33,1,"1","Epb41l4b"
"Kcnq3",0.000109215653114107,0.334865830943457,0.639,0.526,1,"1","Kcnq3"
"Chn2",0.00011449226316652,0.635039373190298,0.252,0.164,1,"1","Chn2"
"Coq8b",0.00011660194819483,0.512887867876575,0.377,0.277,1,"1","Coq8b"
"mt-Nd4",0.000116873985948619,0.412518945550506,0.53,0.424,1,"1","mt-Nd4"
"Anks1b",0.000145843093199019,0.200912014954007,0.947,0.935,1,"1","Anks1b"
"Lrrtm3",0.000148901384261685,0.456469480459625,0.497,0.385,1,"1","Lrrtm3"
"Nsg2",0.000184954993357772,0.547363854849444,0.295,0.203,1,"1","Nsg2"
"Slc35f3",0.000186419503379071,0.47696369506033,0.51,0.42,1,"1","Slc35f3"
"Gm424181",0.000187306237436971,0.164808722737499,1,1,1,"1","Gm42418"
"Zer1",0.00019228866954608,0.49829562916874,0.361,0.264,1,"1","Zer1"
"Tmem91",0.000198917889220732,0.375983756077165,0.543,0.427,1,"1","Tmem91"
"Elfn2",0.000211283299995556,0.552818284941552,0.265,0.177,1,"1","Elfn2"
"Zdhhc14",0.000219052206550246,0.562725168374407,0.411,0.315,1,"1","Zdhhc14"
"mt-Co2",0.000220342457009649,0.421626679780369,0.576,0.477,1,"1","mt-Co2"
"Mcu",0.000221128939654502,0.680304106926079,0.265,0.182,1,"1","Mcu"
"Lhfpl3",0.00022126230748687,0.157212284741555,0.795,0.684,1,"1","Lhfpl3"
"Pcdh15",0.0002230278314863,0.206083915866512,0.798,0.703,1,"1","Pcdh15"
"Jph4",0.000233934978338038,0.498051619585005,0.444,0.351,1,"1","Jph4"
"Ppp1r12b",0.000239076266177756,0.416742029939409,0.47,0.373,1,"1","Ppp1r12b"
"Plxna2",0.000285930559063996,0.426979242861214,0.47,0.365,1,"1","Plxna2"
"Tmem181a",0.000289252595925351,0.502675169665011,0.391,0.299,1,"1","Tmem181a"
"Sorl1",0.000302116909695558,0.598202605009926,0.281,0.194,1,"1","Sorl1"
"Trrap",0.000326706958019162,0.361932267139623,0.639,0.567,1,"1","Trrap"
"Arid5b",0.00032679976104194,0.58501279941875,0.351,0.257,1,"1","Arid5b"
"Rerg",0.000328739465323604,0.727425803354227,0.281,0.202,1,"1","Rerg"
"Arhgap6",0.00033340361511782,0.697775128538261,0.265,0.184,1,"1","Arhgap6"
"Fyco1",0.000345752096964204,0.747149739511835,0.252,0.175,1,"1","Fyco1"
"Abhd6",0.000363261300769737,0.561592928508044,0.252,0.17,1,"1","Abhd6"
"Camk2a",0.000371755578987856,0.243499055219386,0.778,0.684,1,"1","Camk2a"
"mt-Nd1",0.000380645676350087,0.231464724598218,0.566,0.467,1,"1","mt-Nd1"
"Actn1",0.000391707874568236,0.535503699639383,0.358,0.27,1,"1","Actn1"
"Cebpz",0.000393163500600351,0.603147650791964,0.321,0.235,1,"1","Cebpz"
"Grm5",0.000446765422045147,0.174737626575607,0.901,0.841,1,"1","Grm5"
"Eif4g11",0.000474313782946196,0.270035186528513,0.626,0.515,1,"1","Eif4g1"
"mt-Nd2",0.000512863463894374,0.362797468750318,0.437,0.346,1,"1","mt-Nd2"
"Speg",0.000544558832416324,0.470050638150767,0.368,0.276,1,"1","Speg"
"Slc22a17",0.000571106410458266,0.439636674068914,0.427,0.334,1,"1","Slc22a17"
"Thra",0.000596601849959817,0.411576703258114,0.464,0.38,1,"1","Thra"
"Acvr2a",0.000599240629697799,0.6472140871364,0.301,0.222,1,"1","Acvr2a"
"Zkscan16",0.00059999694099603,0.499240155652612,0.295,0.209,1,"1","Zkscan16"
"Ccdc30",0.000608862003637064,0.2812280937236,0.56,0.443,1,"1","Ccdc30"
"Negr1",0.000655178953958631,0.183134577174553,0.957,0.926,1,"1","Negr1"
"Pld5",0.000697945429945221,0.336638183796447,0.321,0.228,1,"1","Pld5"
"Ttc28",0.000735180014169946,0.491560352051786,0.401,0.318,1,"1","Ttc28"
"Galnt18",0.000742718328359014,0.526052224294812,0.288,0.207,1,"1","Galnt18"
"Galnt16",0.00078775069666782,0.460044320145627,0.46,0.383,1,"1","Galnt16"
"Pkp4",0.000816532108636614,0.325614250507766,0.55,0.462,1,"1","Pkp4"
"Slc7a14",0.00085682854228654,0.46065650164063,0.354,0.267,1,"1","Slc7a14"
"Zfp950",0.000907732625679858,0.43267914041469,0.417,0.328,1,"1","Zfp950"
"Plxdc2",0.00095021118400745,0.409379238019939,0.341,0.253,1,"1","Plxdc2"
"Cyp46a1",0.00100843840295877,0.552669554345742,0.295,0.217,1,"1","Cyp46a1"
"Ildr2",0.00105545981828197,0.497535849440363,0.298,0.219,1,"1","Ildr2"
"Armc9",0.00106635723542843,0.421950192480811,0.5,0.423,1,"1","Armc9"
"Gabbr2",0.00106719284607513,0.335161071922874,0.57,0.483,1,"1","Gabbr2"
"Klhl3",0.00115275357255612,0.520137278377495,0.391,0.317,1,"1","Klhl3"
"Pcdh7",0.0011884736950618,0.210363081643742,0.682,0.581,1,"1","Pcdh7"
"Tmem191c",0.00120883748900539,0.398265157989723,0.387,0.3,1,"1","Tmem191c"
"Prr16",0.00123239332116873,0.647262222699886,0.364,0.292,1,"1","Prr16"
"Ptprn2",0.00127069092940235,0.215982102459116,0.96,0.953,1,"1","Ptprn2"
"Pnmal2",0.00128510487201056,0.589536677724201,0.262,0.188,1,"1","Pnmal2"
"Plekha7",0.00129094486424073,0.41078468873108,0.364,0.281,1,"1","Plekha7"
"Zcchc12",0.00129566621044947,0.583980772747613,0.268,0.193,1,"1","Zcchc12"
"Cmss11",0.00150700573624067,0.121560614041107,0.993,0.982,1,"1","Cmss1"
"Fam172a",0.00151382773671865,0.316991863953505,0.487,0.402,1,"1","Fam172a"
"Gm472831",0.00155416067346473,0.177256149937607,0.768,0.661,1,"1","Gm47283"
"Map2k21",0.0015728496635785,0.425820070712386,0.467,0.382,1,"1","Map2k2"
"Alcam",0.00165562851316106,0.195326637819174,0.47,0.361,1,"1","Alcam"
"Rpl10",0.00182664491928372,0.341048154806058,0.374,0.283,1,"1","Rpl10"
"Pdlim7",0.0018540569643143,0.421404780224392,0.354,0.272,1,"1","Pdlim7"
"Ltbp4",0.00185413227242129,0.529451029517125,0.275,0.2,1,"1","Ltbp4"
"Akap8l1",0.00191111347332018,0.226665604192465,0.864,0.842,1,"1","Akap8l"
"Nebl",0.00200253597033861,0.409032819822617,0.573,0.499,1,"1","Nebl"
"Ankrd6",0.00210394144027328,0.563370493072327,0.272,0.198,1,"1","Ankrd6"
"Arhgap33",0.00210488850196387,0.530537446746034,0.278,0.205,1,"1","Arhgap33"
"Mink1",0.00225894177854027,0.505640899077418,0.265,0.193,1,"1","Mink1"
"Kif21a",0.0027072427683334,0.277394853526542,0.719,0.663,1,"1","Kif21a"
"Atp2b1",0.00271184831215288,0.338057635433166,0.55,0.47,1,"1","Atp2b1"
"Crtc1",0.00272917132700789,0.417070138888035,0.308,0.231,1,"1","Crtc1"
"1110051M20Rik",0.00274027227659208,0.309252082847301,0.616,0.558,1,"1","1110051M20Rik"
"Fyn",0.00286002005835955,0.469235907466543,0.434,0.369,1,"1","Fyn"
"Srrm21",0.00315531508489389,0.0963192188862498,0.977,0.928,1,"1","Srrm2"
"Iqce",0.00329754982355074,0.377926761369741,0.417,0.336,1,"1","Iqce"
"Man2c1",0.0032984807678619,0.516007524013586,0.258,0.19,1,"1","Man2c1"
"Prrt1",0.00330478733288082,0.549309499164414,0.281,0.213,1,"1","Prrt1"
"Gabbr1",0.0033585728083446,0.394333858691678,0.49,0.427,1,"1","Gabbr1"
"Celf3",0.00336597207629619,0.427191888604231,0.301,0.228,1,"1","Celf3"
"Pitpnm2",0.00337630668333982,0.374907550635612,0.368,0.286,1,"1","Pitpnm2"
"Mbnl2",0.00341924368319894,0.423675097901313,0.483,0.415,1,"1","Mbnl2"
"Pde4b",0.00343679094832887,0.235574677831915,0.629,0.542,1,"1","Pde4b"
"Hspa12a",0.00359044100641551,0.475840778341044,0.295,0.224,1,"1","Hspa12a"
"Grm7",0.00381311413208863,0.113295535112217,0.944,0.845,1,"1","Grm7"
"Mib2",0.00384129380996201,0.440609885569719,0.265,0.195,1,"1","Mib2"
"Ring1",0.00387988645308168,0.410293452080878,0.275,0.202,1,"1","Ring1"
"Cux1",0.0040253451628898,0.464857092203676,0.381,0.314,1,"1","Cux1"
"Htr2c",0.00414501629889839,0.101404133908144,0.348,0.261,1,"1","Htr2c"
"Pds5b",0.00414873569378972,0.409092320097074,0.483,0.43,1,"1","Pds5b"
"Phtf1",0.00416256088466912,0.383500606194333,0.348,0.273,1,"1","Phtf1"
"Syngap1",0.00421292351045274,0.488649886208774,0.262,0.194,1,"1","Syngap1"
"Lars21",0.00425282982063414,0.106651318265866,0.93,0.901,1,"1","Lars2"
"Camkmt",0.00469093961722881,0.339030457480067,0.434,0.356,1,"1","Camkmt"
"Scn2a",0.00477761094047629,0.19730813189239,0.848,0.794,1,"1","Scn2a"
"Kcnd2",0.00491068339931804,0.159738127395406,0.921,0.902,1,"1","Kcnd2"
"Tnik",0.00511282801487614,0.20679311953722,0.864,0.828,1,"1","Tnik"
"Nbea",0.00513653743545144,0.146126586231348,0.974,0.963,1,"1","Nbea"
"Dnaja1",0.00532907657393566,0.343435815159733,0.334,0.26,1,"1","Dnaja1"
"Thrb",0.00551208374193604,0.361249481791383,0.348,0.275,1,"1","Thrb"
"Ablim2",0.00553748490781265,0.267969907095057,0.51,0.424,1,"1","Ablim2"
"Csmd3",0.00558890389017301,0.113242986530344,0.964,0.94,1,"1","Csmd3"
"Lingo1",0.00571424784860311,0.452638326744705,0.272,0.207,1,"1","Lingo1"
"Hnrnpdl",0.00581592173852228,0.347158759130613,0.43,0.357,1,"1","Hnrnpdl"
"Arhgef7",0.00586415059226203,0.430421653581826,0.407,0.341,1,"1","Arhgef7"
"Man2a2",0.00594310507265019,0.439306113460331,0.381,0.312,1,"1","Man2a2"
"Pkd11",0.00596496083687975,0.244413539951367,0.662,0.624,1,"1","Pkd1"
"Ylpm1",0.00619642580686118,0.269159409839559,0.642,0.595,1,"1","Ylpm1"
"Rps6kb21",0.00647864599665992,0.323591617175648,0.358,0.284,1,"1","Rps6kb2"
"Tbl1x",0.00672163049412284,0.379741954374299,0.341,0.271,1,"1","Tbl1x"
"Adgrb1",0.00738341196662165,0.31799500213866,0.424,0.345,1,"1","Adgrb1"
"Chd6",0.00742698397855902,0.200636549044523,0.702,0.649,1,"1","Chd6"
"Ccdc148",0.0077425569924884,0.429296306378987,0.437,0.367,1,"1","Ccdc148"
"Nup214",0.00816536398822012,0.379506589292511,0.278,0.212,1,"1","Nup214"
"Slc38a6",0.00834689287600584,0.428588495722871,0.291,0.226,1,"1","Slc38a6"
"Itpr1",0.00840472557045556,0.355632983328618,0.275,0.208,1,"1","Itpr1"
"Rps6kl1",0.00853619769362263,0.414649304764998,0.272,0.208,1,"1","Rps6kl1"
"Ddx5",0.00974391718727545,0.286423893809416,0.619,0.561,1,"1","Ddx5"
"Pdzrn41",3.82221600923757e-106,2.63487591089941,0.92,0.449,6.70302021539993e-102,"2","Pdzrn4"
"Esr1",4.61517830838667e-66,3.11307782062408,0.345,0.06,8.0936381994177e-62,"2","Esr1"
"Ntng1",7.72269400434295e-51,2.14544752107953,0.561,0.196,1.35432884754162e-46,"2","Ntng1"
"Gm32014",1.44520166117037e-46,2.12684871131018,0.408,0.112,2.53445015319447e-42,"2","Gm32014"
"Pgr",5.10763062850433e-45,1.94918806108826,0.488,0.16,8.95725183320805e-41,"2","Pgr"
"Hs3st5",6.54299373093885e-43,1.85787013992741,0.589,0.249,1.14744481059475e-38,"2","Hs3st5"
"Scml41",1.82591208732271e-41,1.81278402716176,0.575,0.231,3.20210202753783e-37,"2","Scml4"
"Prlr",2.44725045500312e-41,1.58346204805952,0.564,0.217,4.29174312293898e-37,"2","Prlr"
"Pde1c",2.19421074960015e-40,1.91384477980672,0.491,0.175,3.84798739157379e-36,"2","Pde1c"
"Lrp1b",2.54341915272948e-36,1.10323689409934,0.951,0.93,4.46039416814169e-32,"2","Lrp1b"
"Xkr4",4.55652936948499e-34,0.856321980910743,0.948,0.908,7.99078555526584e-30,"2","Xkr4"
"B130024G19Rik",1.83608702512658e-29,1.94180639347425,0.254,0.066,3.21994581596449e-25,"2","B130024G19Rik"
"Ptpro",8.98681246947805e-29,1.15110172913991,0.641,0.331,1.57601730277236e-24,"2","Ptpro"
"Gdpd2",3.98256688980316e-28,1.76317607547831,0.307,0.095,6.9842275546478e-24,"2","Gdpd2"
"Syt6",4.01660518710004e-28,1.82647494365188,0.261,0.071,7.04392051661735e-24,"2","Syt6"
"Kif26b",2.01681899327903e-27,1.37019348238188,0.53,0.251,3.53689546851343e-23,"2","Kif26b"
"Tmcc3",4.73353222378862e-27,1.14273621035155,0.683,0.4,8.30119546085811e-23,"2","Tmcc3"
"Otof2",4.50809471954954e-25,1.3019176822495,0.481,0.213,7.90584570967403e-21,"2","Otof"
"Zfhx4",4.90331567337628e-25,1.25764106910493,0.575,0.294,8.59894469639998e-21,"2","Zfhx4"
"Hcn1",5.33449015915994e-24,1.36743797061916,0.533,0.269,9.35509539211878e-20,"2","Hcn1"
"Adam12",6.83227255764731e-23,1.70777185936301,0.261,0.082,1.19817563843461e-18,"2","Adam12"
"Fstl5",2.52140461332994e-21,1.23637454250331,0.585,0.344,4.42178727039671e-17,"2","Fstl5"
"Ar",4.75590022949165e-21,1.72771387148381,0.275,0.096,8.34042223245952e-17,"2","Ar"
"Gm268711",8.43174496768948e-21,0.7478211684425,0.84,0.662,1.4786751149837e-16,"2","Gm26871"
"Nexmif",2.31504108663854e-20,1.21070052809464,0.523,0.284,4.05988755363801e-16,"2","Nexmif"
"Zfhx3",6.54910908564981e-20,0.765773139258381,0.889,0.682,1.14851726035041e-15,"2","Zfhx3"
"Il1rapl1",2.41632882360356e-19,0.711461440244842,0.948,0.842,4.23751585795356e-15,"2","Il1rapl1"
"Galntl6",4.92756854739143e-19,0.919597282778097,0.868,0.742,8.64147696156034e-15,"2","Galntl6"
"Ecel1",1.48362737190262e-18,1.15075029516289,0.334,0.136,2.60183732210563e-14,"2","Ecel1"
"Lsamp",4.01864746535499e-18,0.500919489730976,0.993,0.99,7.04750205999304e-14,"2","Lsamp"
"Il1rap",1.87521102120514e-17,1.74158604606537,0.251,0.092,3.28855756788746e-13,"2","Il1rap"
"Pak3",2.07411528162436e-16,0.655924789279361,0.819,0.616,3.63737596938464e-12,"2","Pak3"
"Olfm3",2.25520638123378e-16,1.13480069360116,0.474,0.26,3.95495543076967e-12,"2","Olfm3"
"Coq8b1",1.22783285515369e-15,0.937506256040623,0.495,0.267,2.15325047808303e-11,"2","Coq8b"
"Kcnd21",1.55799014459823e-15,0.676595129850448,0.948,0.9,2.73224731658191e-11,"2","Kcnd2"
"Ctnna2",2.20573238787876e-15,0.847188265046701,0.958,0.949,3.86819288862298e-11,"2","Ctnna2"
"Pcdh71",2.40819938921686e-15,0.743176435576892,0.774,0.574,4.22325926886961e-11,"2","Pcdh7"
"Crim11",3.42100785186673e-15,1.23156755749504,0.38,0.191,5.99942146981869e-11,"2","Crim1"
"Ptprg",4.44165145271134e-15,0.78577437136428,0.711,0.498,7.78932415261987e-11,"2","Ptprg"
"Drp2",5.290023611793e-15,1.4373013734991,0.286,0.123,9.27711440800139e-11,"2","Drp2"
"Gck",8.59321498672725e-15,1.06173916679007,0.296,0.126,1.50699211222236e-10,"2","Gck"
"Cdh12",9.17492598354675e-15,0.951356234801647,0.477,0.263,1.60900676973459e-10,"2","Cdh12"
"Fat3",9.56061599457045e-15,0.830561130934457,0.714,0.516,1.67664522696782e-10,"2","Fat3"
"Magi1",1.24316479626909e-14,0.745627143096782,0.749,0.538,2.1801381032171e-10,"2","Magi1"
"Glra3",1.69402751099983e-14,1.23953479349028,0.331,0.156,2.9708160460404e-10,"2","Glra3"
"Nckap5",2.99505673501812e-14,1.01287151837527,0.387,0.195,5.25243099620128e-10,"2","Nckap5"
"Camk2a1",6.19818287525603e-14,0.500711363530139,0.889,0.675,1.08697533083365e-09,"2","Camk2a"
"Parm1",8.1765781173863e-14,1.20271176091604,0.303,0.139,1.43392650444604e-09,"2","Parm1"
"Il1rapl2",1.50875815066141e-13,1.0809190606714,0.422,0.234,2.64590916881491e-09,"2","Il1rapl2"
"Rbfox11",1.63486805056579e-13,0.418634690591175,0.965,0.891,2.86706810027722e-09,"2","Rbfox1"
"Gabrb1",1.64670104694656e-13,0.537883096151742,0.899,0.823,2.88781962603018e-09,"2","Gabrb1"
"Chst11",2.07282594654705e-13,1.0429326104536,0.38,0.196,3.63511486245957e-09,"2","Chst11"
"Gabra5",2.89456467229705e-13,1.14561445137082,0.321,0.153,5.07619806580733e-09,"2","Gabra5"
"Sv2c1",4.95895769666538e-13,0.994839431106575,0.324,0.154,8.69652411264208e-09,"2","Sv2c"
"Brinp3",5.4958303153402e-13,0.807708577631928,0.704,0.504,9.63803762401211e-09,"2","Brinp3"
"Prkce1",6.37483452423458e-13,0.529355142347019,0.805,0.657,1.11795473051502e-08,"2","Prkce"
"Dpyd1",8.90030921517483e-13,0.847629643751058,0.54,0.333,1.56084722706521e-08,"2","Dpyd"
"Fgf131",9.65727898258444e-13,1.22445328181875,0.411,0.238,1.69359701517583e-08,"2","Fgf13"
"B3galt1",1.36183596325615e-12,0.741348832989336,0.669,0.48,2.38825172876231e-08,"2","B3galt1"
"Trpc5",1.76520456110215e-12,0.850488465376023,0.589,0.395,3.09563923880484e-08,"2","Trpc5"
"Ptchd4",2.21696945669788e-12,1.27713635266144,0.362,0.198,3.88789933621107e-08,"2","Ptchd4"
"Sorcs1",2.2497772527449e-12,0.762746728311667,0.652,0.45,3.94543436813873e-08,"2","Sorcs1"
"Cadps21",3.57090243716238e-12,0.929927352842745,0.512,0.322,6.26229160405167e-08,"2","Cadps2"
"Pde7b",3.81664425212039e-12,1.03544691003616,0.397,0.219,6.69324902494352e-08,"2","Pde7b"
"Nrxn1",4.55840469942671e-12,0.306697760809845,1,0.989,7.99407432138462e-08,"2","Nrxn1"
"Pou2f2",6.75913644743271e-12,0.676686987073939,0.578,0.37,1.18534975878627e-07,"2","Pou2f2"
"Fut8",7.15887889456848e-12,0.854964108321067,0.425,0.24,1.25545259174047e-07,"2","Fut8"
"Phka1",1.23896675257357e-11,0.951484033597076,0.341,0.176,2.17277599398827e-07,"2","Phka1"
"Plcxd3",1.27272927189296e-11,0.828030715132462,0.533,0.339,2.23198532411868e-07,"2","Plcxd3"
"Nell21",1.53132789030784e-11,0.802576675954514,0.422,0.233,2.68548972123286e-07,"2","Nell2"
"Pde4b1",1.54491345856247e-11,0.591242176542007,0.728,0.533,2.709314732281e-07,"2","Pde4b"
"Prkg1",1.64903216688711e-11,0.684899221657167,0.718,0.525,2.89190771106992e-07,"2","Prkg1"
"Sez6l1",1.66793148176294e-11,0.46525220237956,0.784,0.552,2.92505143956767e-07,"2","Sez6l"
"Hs2st1",1.68078802268558e-11,0.980574977932509,0.376,0.21,2.9475979553837e-07,"2","Hs2st1"
"Ptprf",1.94293617879801e-11,0.715113834704175,0.523,0.322,3.40732717675807e-07,"2","Ptprf"
"Zfp804b1",2.42573646888937e-11,1.0146953400012,0.606,0.453,4.25401404549129e-07,"2","Zfp804b"
"Grm81",3.31633124542553e-11,0.918592284676537,0.439,0.261,5.81585010510276e-07,"2","Grm8"
"Grik1",3.44871362580464e-11,0.649033458338741,0.648,0.437,6.0480090855736e-07,"2","Grik1"
"Dync1i1",4.12519535840718e-11,0.664203514753002,0.638,0.444,7.23435510003867e-07,"2","Dync1i1"
"Ephb1",4.43515393094323e-11,0.640954724054054,0.526,0.326,7.77792944869514e-07,"2","Ephb1"
"Sema4a",4.45298263172693e-11,0.994089784406991,0.275,0.132,7.80919564125952e-07,"2","Sema4a"
"Col25a11",5.20750450395796e-11,0.847984159856897,0.432,0.255,9.13240064859107e-07,"2","Col25a1"
"Hap12",6.62269744655338e-11,0.599118612524486,0.718,0.533,1.16142245120207e-06,"2","Hap1"
"Adgrl2",8.11485312890298e-11,0.649552593829699,0.436,0.248,1.42310179321572e-06,"2","Adgrl2"
"Tmem132d1",8.96542102241973e-11,0.708104776184812,0.477,0.289,1.57226588470175e-06,"2","Tmem132d"
"Pcdh17",1.04569588105261e-10,0.642330888758946,0.537,0.34,1.83383686660196e-06,"2","Pcdh17"
"Zfp462",1.14179714004317e-10,0.684001517755798,0.603,0.405,2.00236964449371e-06,"2","Zfp462"
"Gas7",1.15731499126018e-10,0.748526514799603,0.401,0.227,2.02958330017297e-06,"2","Gas7"
"Sgcd1",1.53284195811281e-10,0.590703492514231,0.791,0.609,2.68814494194243e-06,"2","Sgcd"
"Nell1",1.5547761743769e-10,0.712048617458571,0.544,0.351,2.72661097700477e-06,"2","Nell1"
"Lhfpl31",1.57267866446027e-10,0.545470186509022,0.815,0.683,2.75800657386398e-06,"2","Lhfpl3"
"Robo2",1.74170765627633e-10,1.08468081746884,0.383,0.225,3.0544327168118e-06,"2","Robo2"
"Efcab1",2.07247797087493e-10,0.971354026524296,0.314,0.164,3.63450461752336e-06,"2","Efcab1"
"Zcchc181",2.16251813226526e-10,0.534731030995643,0.711,0.519,3.79240804855358e-06,"2","Zcchc18"
"Maml2",2.40529357457456e-10,1.00789558393202,0.324,0.174,4.21816334173141e-06,"2","Maml2"
"Dab2ip",2.6328632136488e-10,0.845875780575055,0.345,0.186,4.61725221777589e-06,"2","Dab2ip"
"Brinp2",2.78791416707981e-10,0.833104196056295,0.404,0.237,4.88916507480786e-06,"2","Brinp2"
"Cacna1e",3.07080727731573e-10,0.473338393463843,0.794,0.656,5.38527472222859e-06,"2","Cacna1e"
"Csmd2",3.41521550005748e-10,0.411628517155367,0.875,0.759,5.98926342245081e-06,"2","Csmd2"
"Garnl3",3.91728579196937e-10,0.598060399895231,0.672,0.482,6.86974409337669e-06,"2","Garnl3"
"9530052E02Rik",5.90035943178695e-10,0.838244624667546,0.324,0.173,1.03474603355248e-05,"2","9530052E02Rik"
"Dock4",6.11886963921368e-10,0.65001880648229,0.544,0.354,1.0730661686289e-05,"2","Dock4"
"Zbtb7c",7.62485939860377e-10,0.851876184514927,0.345,0.19,1.33717159273314e-05,"2","Zbtb7c"
"Cdh41",7.69831285368601e-10,0.699927430889499,0.61,0.434,1.35005312515092e-05,"2","Cdh4"
"Pcdh11x",8.54708978590158e-10,0.61311412120178,0.568,0.372,1.49890313575356e-05,"2","Pcdh11x"
"Eda",1.10853440923818e-09,0.969017228785841,0.317,0.173,1.944036793481e-05,"2","Eda"
"Maged11",1.15612478150215e-09,0.601324177473019,0.589,0.405,2.02749602932033e-05,"2","Maged1"
"Btbd11",1.29587506481261e-09,0.680158883354872,0.502,0.325,2.27257610116187e-05,"2","Btbd11"
"Scn5a1",1.73144814807317e-09,0.784376497141289,0.328,0.177,3.03644061727592e-05,"2","Scn5a"
"Col16a1",1.87954830041266e-09,0.868846260140393,0.293,0.153,3.29616385443367e-05,"2","Col16a1"
"Rtl4",2.03078857727129e-09,0.612251102795745,0.648,0.468,3.56139392796066e-05,"2","Rtl4"
"Clstn2",2.19881981808969e-09,0.813315012613242,0.516,0.361,3.85607031498389e-05,"2","Clstn2"
"Adgrl31",2.73762643781481e-09,0.575549072302538,0.77,0.624,4.80097548399583e-05,"2","Adgrl3"
"Clmn1",3.18809566793222e-09,0.960691043461423,0.293,0.158,5.59096337285273e-05,"2","Clmn"
"Tmc4",3.5083370700627e-09,0.594237790906974,0.463,0.285,6.15257071976896e-05,"2","Tmc4"
"5031425E22Rik",3.97097143206723e-09,0.79220670289165,0.387,0.232,6.9638926004163e-05,"2","5031425E22Rik"
"Tcerg1l1",4.55228065528377e-09,0.71091384617489,0.338,0.189,7.98333458517115e-05,"2","Tcerg1l"
"Map3k51",4.68047995399965e-09,0.907758912646571,0.307,0.169,8.20815769532919e-05,"2","Map3k5"
"Mical2",5.51768109698668e-09,0.763301527221074,0.415,0.255,9.67635733978553e-05,"2","Mical2"
"Inpp4b",5.60228129612537e-09,0.395170948503732,0.537,0.352,9.82472070901506e-05,"2","Inpp4b"
"Cntnap5c",6.62380768573864e-09,0.632292034714531,0.491,0.327,0.000116161715384799,"2","Cntnap5c"
"Dpysl3",6.81578703748647e-09,0.68374966379484,0.383,0.224,0.0001195284572764,"2","Dpysl3"
"Asic21",7.14070745788448e-09,0.293664650065067,0.979,0.923,0.00012522658668892,"2","Asic2"
"Nebl1",7.23639771165522e-09,0.489107281336494,0.679,0.49,0.000126904706669298,"2","Nebl"
"Nkain2",7.47286063467482e-09,0.438815970822795,0.969,0.948,0.000131051556950292,"2","Nkain2"
"Ankrd61",1.16521040120504e-08,0.713397362115154,0.338,0.192,0.000204342948059328,"2","Ankrd6"
"Cacna1g",1.17453189758643e-08,0.632058094976617,0.547,0.379,0.000205977658879733,"2","Cacna1g"
"Adcy61",1.37938969633436e-08,0.777041583847377,0.307,0.169,0.000241903571046156,"2","Adcy6"
"Dgkb",1.63333706034387e-08,0.536559927673536,0.85,0.764,0.000286438320272505,"2","Dgkb"
"Yeats2",1.65233895197052e-08,0.522468756761779,0.564,0.38,0.00028977068200707,"2","Yeats2"
"Adgrb3",2.99542068295158e-08,0.330909957607751,0.958,0.941,0.000525306925169219,"2","Adgrb3"
"Airn",3.33789168445431e-08,0.719982874225911,0.373,0.227,0.000585366064702753,"2","Airn"
"Dscam",3.85799488204505e-08,0.327064685635397,0.916,0.857,0.00067657656246424,"2","Dscam"
"Gm20754",3.92845349046846e-08,0.763694015149237,0.282,0.154,0.000688932888623453,"2","Gm20754"
"Cntnap5a1",4.5798908225406e-08,0.46702442987952,0.732,0.579,0.000803175453548945,"2","Cntnap5a"
"Zcchc121",4.91314710393163e-08,0.892670607974549,0.321,0.188,0.000861618607616489,"2","Zcchc12"
"Spock3",5.64625697333594e-08,0.668653310063981,0.666,0.536,0.000990184085413923,"2","Spock3"
"Pnck",6.33169703611107e-08,0.620293955819678,0.394,0.24,0.0011103897092228,"2","Pnck"
"Usp20",6.65533624143916e-08,0.574557267910234,0.408,0.25,0.00116714631666119,"2","Usp20"
"Catspere2",7.10272584700717e-08,0.575926018918339,0.467,0.3,0.00124560503178965,"2","Catspere2"
"Ankrd55",7.65237512686931e-08,0.628699082886702,0.422,0.268,0.00134199702599907,"2","Ankrd55"
"Gm11508",8.25831102662218e-08,0.592370769991936,0.477,0.314,0.00144826000473873,"2","Gm11508"
"Zbtb20",8.46197539276125e-08,0.693311461473368,0.634,0.483,0.00148397662462854,"2","Zbtb20"
"Dgkd",9.24265099417292e-08,0.634658902718966,0.39,0.243,0.00162088370484811,"2","Dgkd"
"Slc8a3",9.30417680120297e-08,0.563323230403171,0.592,0.425,0.00163167348562697,"2","Slc8a3"
"Dbn11",1.09219207903733e-07,0.511727830364161,0.69,0.505,0.00191537724900777,"2","Dbn1"
"Rbfox32",1.12588194969614e-07,0.322106420971641,0.889,0.776,0.00197445917518212,"2","Rbfox3"
"2210408F21Rik",1.19845510661267e-07,0.601903224256184,0.474,0.317,0.00210173072046664,"2","2210408F21Rik"
"Fam124a",1.40493223741633e-07,0.860397330342857,0.251,0.135,0.00246382966475702,"2","Fam124a"
"Vwa5b1",1.58469104377775e-07,0.799647344915843,0.307,0.18,0.00277907268347304,"2","Vwa5b1"
"Rnf112",1.6724848974818e-07,0.644147313350032,0.446,0.3,0.00293303676471384,"2","Rnf112"
"AW551984",1.87754054832814e-07,0.914123328602672,0.272,0.157,0.00329264285960307,"2","AW551984"
"Tmem2141",1.88011664448032e-07,0.590817039586934,0.446,0.294,0.00329716055942514,"2","Tmem214"
"D130043K22Rik",2.18737697213812e-07,0.581922606972022,0.418,0.273,0.00383600299603862,"2","D130043K22Rik"
"Gstz1",2.83303326334938e-07,0.590213363397613,0.345,0.206,0.00496829043393581,"2","Gstz1"
"Dync1i2",2.87047042892507e-07,0.492802974553881,0.669,0.52,0.00503394399120589,"2","Dync1i2"
"Ppp2r2b",3.28456162626969e-07,0.383594935260364,0.808,0.685,0.00576013572398916,"2","Ppp2r2b"
"Lrrtm31",3.6076180537685e-07,0.572992925157728,0.533,0.383,0.00632667978089382,"2","Lrrtm3"
"L3mbtl1",3.89937243403484e-07,0.837970582489709,0.268,0.154,0.0068383294375669,"2","L3mbtl1"
"Stat5b",3.99583484330522e-07,0.594951510563303,0.366,0.228,0.00700749556470437,"2","Stat5b"
"Efna5",4.90722820509624e-07,0.569333208268042,0.561,0.403,0.00860580610327727,"2","Efna5"
"Sgcz",4.99710616213681e-07,0.505539937528655,0.826,0.784,0.00876342507653932,"2","Sgcz"
"Prickle2",5.49421464331102e-07,0.468746685222197,0.613,0.454,0.00963520421997453,"2","Prickle2"
"Chl1",5.59846435637663e-07,0.54371217495394,0.523,0.363,0.0098180269417777,"2","Chl1"
"Cacna1b",5.61837173703314e-07,0.407244355436574,0.77,0.613,0.00985293851523502,"2","Cacna1b"
"Dab1",5.93591852564083e-07,0.270679923458323,0.868,0.766,0.0104098203184163,"2","Dab1"
"Nova1",6.08083672786009e-07,0.643058897575368,0.39,0.256,0.0106639633696482,"2","Nova1"
"Ulk41",6.37057776340755e-07,0.418352844409931,0.422,0.267,0.0111720822236878,"2","Ulk4"
"Gng2",7.1812551242084e-07,0.631221138905761,0.376,0.242,0.0125937671113243,"2","Gng2"
"Pde4d",8.96469955358551e-07,0.429831515699955,0.902,0.859,0.0157213936071229,"2","Pde4d"
"Osbpl6",9.06000426614868e-07,0.4185049345356,0.721,0.583,0.0158885294815449,"2","Osbpl6"
"Grik4",1.01201897006747e-06,0.458585392729791,0.551,0.391,0.0177477766780732,"2","Grik4"
"Ak51",1.02219098761355e-06,0.438888188856741,0.456,0.3,0.0179261633497789,"2","Ak5"
"Nr3c1",1.03450454415761e-06,0.788748822099227,0.251,0.143,0.018142106190892,"2","Nr3c1"
"Cdh22",1.07475676341867e-06,0.586177244712702,0.341,0.213,0.0188480093600731,"2","Cdh22"
"Cntn2",1.18234397689444e-06,0.578224746670891,0.348,0.216,0.0207347663227977,"2","Cntn2"
"Med13l",1.21730815256027e-06,0.556290423858515,0.495,0.347,0.0213479330714495,"2","Med13l"
"Nipal2",1.2410419898841e-06,0.547581042965521,0.554,0.407,0.0217641533765975,"2","Nipal2"
"Chpt1",1.26389416212444e-06,0.931792604846229,0.307,0.191,0.0221649119211762,"2","Chpt1"
"Radil",1.46061957143957e-06,0.85261735845411,0.251,0.144,0.0256148854243357,"2","Radil"
"Col11a1",1.51044654918217e-06,0.87432890441101,0.422,0.299,0.0264887011330077,"2","Col11a1"
"Ablim21",1.64552513400373e-06,0.423670280488474,0.575,0.418,0.0288575742750234,"2","Ablim2"
"Baiap32",1.75767505296257e-06,0.372280844379568,0.756,0.595,0.0308243474038046,"2","Baiap3"
"Gpc1",2.12096316482752e-06,0.613307987528433,0.352,0.225,0.0371953310215803,"2","Gpc1"
"Dixdc1",2.41332991736647e-06,0.536776593445663,0.408,0.273,0.0423225667608558,"2","Dixdc1"
"Rreb11",2.71547287233845e-06,0.583044197004868,0.3,0.18,0.0476212477621993,"2","Rreb1"
"Astn1",3.01766698913161e-06,0.396546316786824,0.638,0.479,0.0529208259884011,"2","Astn1"
"Gm16083",3.20657171081259e-06,0.704845499250348,0.268,0.159,0.0562336480925204,"2","Gm16083"
"Prkacb",3.52085505078541e-06,0.472234454241643,0.387,0.25,0.0617452350256237,"2","Prkacb"
"Cacna2d1",3.84466318628027e-06,0.616643273819498,0.383,0.257,0.0674238582977971,"2","Cacna2d1"
"Nos1ap",3.96542306027185e-06,0.505579743056633,0.373,0.242,0.0695416242079874,"2","Nos1ap"
"Slco3a11",4.05105142535249e-06,0.465298717902355,0.463,0.322,0.0710432888464067,"2","Slco3a1"
"Ints6",4.28021949245531e-06,0.670991281471867,0.321,0.205,0.0750622092391888,"2","Ints6"
"Rnf25",4.40791974355036e-06,0.391537886935331,0.477,0.323,0.0773016885426426,"2","Rnf25"
"Pard3",5.56039768629354e-06,0.703847612272373,0.38,0.267,0.0975126942245297,"2","Pard3"
"Hdac7",5.72196728782519e-06,0.609273584299052,0.366,0.245,0.10034614032659,"2","Hdac7"
"Fgd4",5.80887066572047e-06,0.448286943606076,0.495,0.347,0.10187016486474,"2","Fgd4"
"Adam11",5.90829251474704e-06,0.573029110891256,0.3,0.184,0.103613725831119,"2","Adam11"
"Gm10125",6.32270129930875e-06,0.547222803767789,0.408,0.282,0.110881212685978,"2","Gm10125"
"Ablim1",6.80320058156622e-06,0.47410573520038,0.533,0.39,0.119307728598927,"2","Ablim1"
"Mast4",6.97390111455577e-06,0.251873664536216,0.502,0.352,0.122301303845965,"2","Mast4"
"Lpin2",7.30644828790423e-06,0.543030079244096,0.415,0.284,0.128133183624977,"2","Lpin2"
"Sorbs2",8.11759129850361e-06,0.359530185635574,0.638,0.49,0.142358198601858,"2","Sorbs2"
"Trpm3",8.16505205121457e-06,0.517117327442677,0.582,0.459,0.14319051782215,"2","Trpm3"
"Nhsl2",8.20048156225462e-06,0.572842279276899,0.3,0.186,0.143811845157259,"2","Nhsl2"
"Crocc1",8.21520695947316e-06,0.439436924285647,0.502,0.361,0.144070084448281,"2","Crocc"
"Ephb2",8.60198663280025e-06,0.439953588466595,0.456,0.318,0.150853039579418,"2","Ephb2"
"Zc3h12b",8.67195618748529e-06,0.499507608318468,0.432,0.296,0.152080095659929,"2","Zc3h12b"
"N4bp2",8.74245182738318e-06,0.430384357771063,0.446,0.302,0.153316377696819,"2","N4bp2"
"Ptprd",8.83644492549436e-06,0.276734595854027,0.934,0.922,0.154964734658395,"2","Ptprd"
"Ptprm",9.13774583038376e-06,0.621693135664622,0.46,0.343,0.16024864862744,"2","Ptprm"
"Pdzd4",9.26251751660181e-06,0.353185095646049,0.589,0.433,0.162436769688646,"2","Pdzd4"
"Syn2",9.42571732788714e-06,0.50851029917186,0.443,0.313,0.165298804779157,"2","Syn2"
"Rap1gds11",9.72925572728622e-06,0.547706048260802,0.415,0.285,0.170621957689419,"2","Rap1gds1"
"5031439G07Rik",1.08117754209349e-05,0.452558252320143,0.582,0.448,0.189606105556935,"2","5031439G07Rik"
"Pcdh151",1.11629404840357e-05,0.552768084138183,0.77,0.706,0.195764487268534,"2","Pcdh15"
"Mgat4c1",1.1228585443604e-05,0.5906695862394,0.739,0.641,0.196915702924483,"2","Mgat4c"
"Armh3",1.14112576981783e-05,0.485970883629569,0.432,0.3,0.200119226252952,"2","Armh3"
"Tmem181a1",1.23683981806185e-05,0.483063789491001,0.429,0.296,0.216904598893507,"2","Tmem181a"
"Tox2",1.31417316547513e-05,0.476588395342462,0.401,0.271,0.230466548029374,"2","Tox2"
"Ankrd10",1.33383087180156e-05,0.452820983777939,0.408,0.274,0.23391391998784,"2","Ankrd10"
"Zim1",1.35270838523729e-05,0.514450581865854,0.383,0.261,0.237224469519064,"2","Zim1"
"Vwa5b2",1.40165755539573e-05,0.493322411102263,0.401,0.272,0.245808685489748,"2","Vwa5b2"
"Cobl",1.44779840121913e-05,0.625317164353529,0.307,0.197,0.253900405621799,"2","Cobl"
"Olfm2",1.50843648394505e-05,0.564195882371503,0.324,0.21,0.264534506189443,"2","Olfm2"
"Cntnap4",1.60449131303019e-05,0.701378138682202,0.383,0.275,0.281379641566105,"2","Cntnap4"
"Cul4a",1.60478969647625e-05,0.597756884066017,0.331,0.217,0.28143196907104,"2","Cul4a"
"Prkcg1",1.67037687777139e-05,0.62592010537472,0.39,0.273,0.292933993054769,"2","Prkcg"
"Unc5c",1.73372219444e-05,0.354643442840271,0.606,0.457,0.304042861238943,"2","Unc5c"
"Rimbp2",1.88926444219284e-05,0.29873864868982,0.557,0.404,0.331320305227358,"2","Rimbp2"
"Dgkh",2.03850056031495e-05,0.573694080116952,0.401,0.279,0.357491843262433,"2","Dgkh"
"Clmp",2.0689181267814e-05,0.694513365109915,0.345,0.235,0.362826171893654,"2","Clmp"
"Cpeb1",2.07218425861143e-05,0.6594203344331,0.286,0.182,0.363398953432686,"2","Cpeb1"
"Rgs9",2.08364409359938e-05,0.458065723936112,0.334,0.217,0.365408664694523,"2","Rgs9"
"Tro2",2.17768063413403e-05,0.322432966894928,0.749,0.596,0.381899852808085,"2","Tro"
"Shisa9",2.18388429742286e-05,0.36268831272501,0.484,0.344,0.382987789239047,"2","Shisa9"
"Zmiz1",2.19410518319181e-05,0.518690417524344,0.362,0.244,0.384780225976347,"2","Zmiz1"
"Fbxo10",2.21950960155601e-05,0.578000703336785,0.293,0.187,0.389235398824878,"2","Fbxo10"
"Gabrb3",2.28877382048606e-05,0.404773714092025,0.697,0.565,0.40138226489864,"2","Gabrb3"
"Kcnh1",2.33408885295597e-05,0.589855596491654,0.307,0.198,0.409329162142888,"2","Kcnh1"
"Nek4",2.43533103161017e-05,0.680762329913398,0.254,0.157,0.427084003013475,"2","Nek4"
"Cntnap5b1",2.61309646117265e-05,0.415124243203388,0.491,0.354,0.458258726395848,"2","Cntnap5b"
"Cpne71",2.65482211216245e-05,0.205573742128,0.46,0.309,0.465576153809929,"2","Cpne7"
"E130307A14Rik",2.84180585091842e-05,0.331367310348448,0.592,0.448,0.498367492075563,"2","E130307A14Rik"
"Cacnb2",2.87380047343771e-05,0.432010285197412,0.76,0.631,0.503978389026771,"2","Cacnb2"
"Dnajb2",3.04643379342316e-05,0.584574258704005,0.265,0.163,0.534253094352619,"2","Dnajb2"
"Kcnq31",3.10761643788023e-05,0.414940292457334,0.655,0.525,0.544982694711056,"2","Kcnq3"
"Ctdspl1",3.2382110927203e-05,0.465772145319004,0.443,0.32,0.567885079330359,"2","Ctdspl"
"Klhl31",3.35677539778382e-05,0.404074055959549,0.443,0.313,0.588677701509349,"2","Klhl3"
"Nedd4l",3.58550564821975e-05,0.40762222570856,0.564,0.424,0.628790125528297,"2","Nedd4l"
"Cdh2",3.70502357287312e-05,0.456744574538943,0.425,0.304,0.649749983974758,"2","Cdh2"
"Srp72",4.06842271883621e-05,0.507920448192624,0.324,0.214,0.713479292202307,"2","Srp72"
"Syn1",4.15037927329431e-05,0.430623041130241,0.533,0.397,0.727852013157623,"2","Syn1"
"Tmod2",4.16968316699009e-05,0.459274930274585,0.387,0.268,0.731237336995052,"2","Tmod2"
"Fam120c",4.36758416127717e-05,0.461853474376361,0.383,0.262,0.765943234363177,"2","Fam120c"
"Ptbp2",4.75656531383397e-05,0.512484668189157,0.362,0.248,0.834158859087063,"2","Ptbp2"
"Pxdn",4.82267436180624e-05,0.543108522820816,0.268,0.167,0.84575240282996,"2","Pxdn"
"Crmp1",5.02919847936001e-05,0.468352207970083,0.355,0.243,0.881970537325364,"2","Crmp1"
"5730522E02Rik1",5.22768942138753e-05,0.703660317734377,0.415,0.298,0.916779893828731,"2","5730522E02Rik"
"Glt1d1",5.37000589332436e-05,0.554529965994078,0.275,0.175,0.941737933512293,"2","Glt1d1"
"Spock1",5.4128892895362e-05,0.376867957076956,0.554,0.416,0.949258394705964,"2","Spock1"
"Ap1b1",5.44108792335494e-05,0.440760080182739,0.383,0.266,0.954203589118756,"2","Ap1b1"
"Gabrg31",5.7365135136394e-05,0.343228373306473,0.85,0.765,1,"2","Gabrg3"
"Cep170",5.83452835906314e-05,0.404817168107506,0.425,0.296,1,"2","Cep170"
"Cers4",6.00450283559207e-05,0.313605019825096,0.767,0.633,1,"2","Cers4"
"Greb1l1",6.05568581332934e-05,0.616147383903154,0.352,0.247,1,"2","Greb1l"
"Gcn1",6.26578811377237e-05,0.440738486130353,0.446,0.327,1,"2","Gcn1"
"Fbxo41",6.31027319426643e-05,0.412162494845002,0.373,0.253,1,"2","Fbxo41"
"Kalrn1",6.45197065596571e-05,0.199742931668364,0.934,0.879,1,"2","Kalrn"
"Jakmip3",6.64873059127371e-05,0.438928061219076,0.369,0.255,1,"2","Jakmip3"
"D430041D05Rik",6.73066763587068e-05,0.443811812886781,0.53,0.402,1,"2","D430041D05Rik"
"Dpp6",6.75219594225836e-05,0.175241902807515,0.958,0.937,1,"2","Dpp6"
"Nvl",7.00773233836756e-05,0.3395778640163,0.456,0.322,1,"2","Nvl"
"Slc38a61",7.15334928949617e-05,0.452383442155858,0.331,0.223,1,"2","Slc38a6"
"Rgs17",7.64293664346069e-05,0.393557137692693,0.502,0.375,1,"2","Rgs17"
"Flot2",7.97366113570345e-05,0.539609889583173,0.341,0.237,1,"2","Flot2"
"Bbx",8.01805864901322e-05,0.494988020339673,0.31,0.206,1,"2","Bbx"
"Ahcyl1",8.23958045379522e-05,0.580571711325347,0.251,0.158,1,"2","Ahcyl1"
"Lpp",8.36979033868867e-05,0.676582596802637,0.254,0.164,1,"2","Lpp"
"Zfp523",8.41211232370189e-05,0.519223097258125,0.321,0.216,1,"2","Zfp523"
"Elavl4",8.76235810951094e-05,0.41394429998361,0.359,0.245,1,"2","Elavl4"
"Arhgap18",8.88097322407012e-05,0.468830793159706,0.401,0.286,1,"2","Arhgap18"
"Kif5a",9.05998805151897e-05,0.344026343639478,0.631,0.501,1,"2","Kif5a"
"Hdac6",9.15545187482287e-05,0.451819225958523,0.359,0.247,1,"2","Hdac6"
"Mboat2",9.31727044680227e-05,0.54264663869941,0.289,0.19,1,"2","Mboat2"
"Thsd7a",9.42546769460659e-05,0.773881242954049,0.341,0.241,1,"2","Thsd7a"
"Ncam2",9.73388662750003e-05,0.45179400102478,0.714,0.62,1,"2","Ncam2"
"Cnksr2",9.95415131273322e-05,0.626577160102518,0.348,0.245,1,"2","Cnksr2"
"Nop561",0.00010440267371909,0.343145057317217,0.631,0.511,1,"2","Nop56"
"Tmem131",0.000115174932230855,0.45046657790208,0.401,0.29,1,"2","Tmem131"
"Shank3",0.000116443983770238,0.437146942430566,0.352,0.242,1,"2","Shank3"
"Gm1043",0.000116526653054324,0.349844605718512,0.456,0.334,1,"2","Gm1043"
"Ubap1l",0.000116663062529576,0.394545276629428,0.456,0.331,1,"2","Ubap1l"
"Apex2",0.000123231725322351,0.529642789649515,0.345,0.242,1,"2","Apex2"
"Enah",0.000124736534114985,0.2901472181816,0.488,0.353,1,"2","Enah"
"Lingo2",0.000127415561113071,0.222194257036176,0.962,0.949,1,"2","Lingo2"
"Lrfn5",0.000127691718662677,0.326810629548666,0.85,0.801,1,"2","Lrfn5"
"Erc1",0.00013048291973109,0.427564531942511,0.453,0.336,1,"2","Erc1"
"Lrch1",0.000132342835188188,0.380872478377961,0.436,0.315,1,"2","Lrch1"
"Psmd11",0.000135100496537732,0.49048955223071,0.383,0.274,1,"2","Psmd11"
"Col4a1",0.00013519620492784,0.467263254738325,0.366,0.256,1,"2","Col4a1"
"Ywhae",0.000141939182729346,0.601399225983499,0.307,0.213,1,"2","Ywhae"
"Grin2d",0.000143453434436185,0.529041410685265,0.303,0.205,1,"2","Grin2d"
"Reps2",0.000146563226243894,0.496690315570673,0.296,0.198,1,"2","Reps2"
"Rundc3a",0.000146576907114321,0.325668049328072,0.383,0.266,1,"2","Rundc3a"
"Wdr7",0.000147886418036789,0.341206211385186,0.46,0.333,1,"2","Wdr7"
"Atrnl1",0.000149942515856224,0.553990362930429,0.446,0.334,1,"2","Atrnl1"
"Cpne61",0.000158694626699086,0.389069631344581,0.338,0.231,1,"2","Cpne6"
"Ppp1r12b1",0.000163449359377697,0.396641785391937,0.488,0.371,1,"2","Ppp1r12b"
"Usp29",0.000165425658145893,0.13381849839538,0.948,0.906,1,"2","Usp29"
"Ttc281",0.000173924061996246,0.404773714092025,0.432,0.316,1,"2","Ttc28"
"Epha6",0.000182602366865411,0.419960292047951,0.61,0.504,1,"2","Epha6"
"Gabra2",0.000182708315662391,0.35655681782609,0.606,0.492,1,"2","Gabra2"
"Stk3",0.000183361522804562,0.491148993548974,0.334,0.234,1,"2","Stk3"
"Tbcel",0.000189577462555275,0.627650993453836,0.268,0.178,1,"2","Tbcel"
"Abr",0.000190740554515171,0.380354506681244,0.659,0.54,1,"2","Abr"
"Sf1",0.000191357765766566,0.410259253175754,0.352,0.244,1,"2","Sf1"
"Syt161",0.000197629904098377,0.352543755319467,0.443,0.321,1,"2","Syt16"
"Galnt17",0.000201593295998624,0.292225885458349,0.481,0.354,1,"2","Galnt17"
"BC005561",0.000202751144259425,0.316214982244436,0.53,0.4,1,"2","BC005561"
"Slit1",0.000203303064525306,0.319784006842817,0.404,0.289,1,"2","Slit1"
"Map2k22",0.000204194286064369,0.386301130567866,0.498,0.38,1,"2","Map2k2"
"Lrch3",0.000204302208484093,0.335068788764837,0.446,0.321,1,"2","Lrch3"
"Smarca1",0.000207664544576817,0.400478232383169,0.373,0.26,1,"2","Smarca1"
"Slc35f4",0.000210472747715793,0.531908452648085,0.436,0.331,1,"2","Slc35f4"
"Mbtd1",0.000210535466863045,0.38894508392439,0.443,0.323,1,"2","Mbtd1"
"Pnma3",0.000216020701924752,0.569774471540136,0.268,0.18,1,"2","Pnma3"
"Nova2",0.000221347049101572,0.372307010140897,0.404,0.291,1,"2","Nova2"
"Slc24a2",0.000243129846065868,0.276610895335445,0.533,0.406,1,"2","Slc24a2"
"Camk2g",0.00024564353358923,0.344057289431638,0.547,0.414,1,"2","Camk2g"
"Macrod2",0.00025193050779185,0.251551549549036,0.906,0.858,1,"2","Macrod2"
"Trerf11",0.000262011557595817,0.296922275647801,0.672,0.538,1,"2","Trerf1"
"Prkn",0.000262060997135877,0.287339386460076,0.85,0.787,1,"2","Prkn"
"Cacng8",0.000281324168980159,0.573452685480584,0.324,0.233,1,"2","Cacng8"
"Ddx17",0.000282326354169444,0.324216402342384,0.648,0.529,1,"2","Ddx17"
"Ankrd13d",0.000295605584737297,0.377810513929897,0.425,0.309,1,"2","Ankrd13d"
"Ppp3ca",0.000301644513988722,0.310088345956857,0.634,0.513,1,"2","Ppp3ca"
"Camkv1",0.000336304561689164,0.443242065611204,0.331,0.232,1,"2","Camkv"
"Rmst",0.000336871546836341,0.405244934962788,0.575,0.457,1,"2","Rmst"
"Kcnq5",0.00034217166323651,0.156424483424395,0.544,0.404,1,"2","Kcnq5"
"Phldb1",0.000348329319836513,0.457105572378653,0.275,0.184,1,"2","Phldb1"
"Scn9a",0.000365782774055757,0.352543755319467,0.498,0.378,1,"2","Scn9a"
"Zmym5",0.000372809466748364,0.430184299523751,0.345,0.245,1,"2","Zmym5"
"Gnb2",0.000384729580947263,0.461714725682683,0.282,0.191,1,"2","Gnb2"
"Ppfia3",0.000410863516418152,0.367294206684789,0.394,0.287,1,"2","Ppfia3"
"Gm28905",0.000450232047099913,0.384965233011844,0.54,0.43,1,"2","Gm28905"
"Ankrd42",0.000460455876678248,0.459816415888177,0.352,0.257,1,"2","Ankrd42"
"Prkag2",0.000463939790707836,0.457568981968684,0.404,0.299,1,"2","Prkag2"
"Zswim8",0.000471979707628213,0.402628986755776,0.362,0.26,1,"2","Zswim8"
"Mta3",0.00048721167710324,0.502384510718447,0.31,0.218,1,"2","Mta3"
"Vat1l",0.000487400216101658,0.330274591478434,0.46,0.35,1,"2","Vat1l"
"Frmd5",0.000493318191868082,0.390340629571275,0.711,0.63,1,"2","Frmd5"
"Ccdc571",0.000504547675684376,0.393185739816813,0.415,0.31,1,"2","Ccdc57"
"Jazf1",0.00051189207318226,0.334990861646798,0.526,0.411,1,"2","Jazf1"
"Kcnb11",0.000512978296330766,0.3172642681761,0.474,0.353,1,"2","Kcnb1"
"Gas5",0.000516768199140433,0.426816517698093,0.293,0.201,1,"2","Gas5"
"Fam172a1",0.000522965636398908,0.276291874574004,0.53,0.399,1,"2","Fam172a"
"Flnb",0.00053131570211164,0.396054141087721,0.46,0.358,1,"2","Flnb"
"Rasgrf2",0.000539838612716975,0.400012101893447,0.47,0.366,1,"2","Rasgrf2"
"Banp",0.000545556129997753,0.303446211278162,0.502,0.381,1,"2","Banp"
"Adcy3",0.000548129855075381,0.471842683691811,0.293,0.202,1,"2","Adcy3"
"Tmtc2",0.000553197672670069,0.466484146984608,0.3,0.211,1,"2","Tmtc2"
"Frmd4a",0.000556661716898794,0.173281248616185,0.983,0.972,1,"2","Frmd4a"
"Foxp1",0.000598718612619647,0.290759063271589,0.505,0.391,1,"2","Foxp1"
"Sdccag8",0.000633985666646228,0.4799766746477,0.359,0.27,1,"2","Sdccag8"
"Arid1b",0.000664428809333247,0.335500496970873,0.467,0.353,1,"2","Arid1b"
"Cdh18",0.000675556391698748,0.167979800090255,0.714,0.614,1,"2","Cdh18"
"Rnps1",0.000690530730313753,0.475163041983422,0.275,0.19,1,"2","Rnps1"
"Pced1b",0.000706720920997053,0.543366097655045,0.296,0.21,1,"2","Pced1b"
"Atp13a1",0.000706818582336701,0.48930189282658,0.254,0.171,1,"2","Atp13a1"
"Sgsm3",0.000724138122504887,0.492446273662328,0.3,0.211,1,"2","Sgsm3"
"Kcnj6",0.000724411289709714,0.279945380319097,0.453,0.336,1,"2","Kcnj6"
"Rnf130",0.000749137261087367,0.436914242563348,0.422,0.329,1,"2","Rnf130"
"Prrt11",0.000750228463010932,0.423583092251322,0.303,0.211,1,"2","Prrt1"
"Ccdc85a",0.000766195293113365,0.349325248595014,0.47,0.355,1,"2","Ccdc85a"
"A830018L16Rik1",0.00079709326928924,0.337332505083295,0.47,0.366,1,"2","A830018L16Rik"
"Xrcc4",0.000806981274461267,0.45168465665807,0.258,0.175,1,"2","Xrcc4"
"1500004A13Rik",0.000838281966178529,0.221031187662201,0.544,0.415,1,"2","1500004A13Rik"
"Osbp2",0.00084101351271786,0.335116683561283,0.359,0.26,1,"2","Osbp2"
"Mkln1",0.000850188595277247,0.328090711594928,0.362,0.26,1,"2","Mkln1"
"Akap6",0.000856521792909926,0.211446205015096,0.85,0.746,1,"2","Akap6"
"Ltbp3",0.000865019596397136,0.380449751889351,0.331,0.235,1,"2","Ltbp3"
"Pbrm1",0.000916931950845701,0.294662839238967,0.46,0.345,1,"2","Pbrm1"
"Tspan7",0.000938417774202784,0.337253884294872,0.39,0.288,1,"2","Tspan7"
"Gramd1a",0.000951268097413669,0.328458136795154,0.432,0.324,1,"2","Gramd1a"
"Sms",0.000963557995425526,0.434280760914173,0.331,0.241,1,"2","Sms"
"Gpi1",0.000979869736208762,0.337339785618294,0.648,0.572,1,"2","Gpi1"
"Miat",0.00099096445757722,0.252906950014216,0.655,0.536,1,"2","Miat"
"Smpd4",0.00100029569624109,0.449568209714331,0.334,0.245,1,"2","Smpd4"
"Thoc7",0.00101662868564024,0.413408281013711,0.258,0.175,1,"2","Thoc7"
"Lrfn2",0.00101843081394336,0.361588894922474,0.401,0.297,1,"2","Lrfn2"
"Arsb",0.00103399090983887,0.531892010648405,0.261,0.182,1,"2","Arsb"
"Ptpn5",0.00107004879510497,0.273668733439233,0.564,0.447,1,"2","Ptpn5"
"Scai",0.0010722832849564,0.408282541701719,0.355,0.264,1,"2","Scai"
"Cep164",0.00108533378216425,0.325167316388162,0.491,0.383,1,"2","Cep164"
"Ehmt21",0.00108544016788764,0.296561851249094,0.491,0.376,1,"2","Ehmt2"
"Fnbp1l",0.00110749294116221,0.345914472932845,0.47,0.364,1,"2","Fnbp1l"
"Dock9",0.00111519136989376,0.340804918862701,0.491,0.384,1,"2","Dock9"
"Vsnl1",0.00112078843304898,0.269625752904077,0.571,0.451,1,"2","Vsnl1"
"Kcmf1",0.00113085389626243,0.451476925190341,0.317,0.229,1,"2","Kcmf1"
"Kat6b",0.00113470159183805,0.377270841221844,0.432,0.331,1,"2","Kat6b"
"Fut9",0.00114485260298799,0.343375440045872,0.331,0.239,1,"2","Fut9"
"Dvl1",0.00115997341657721,0.387309173480143,0.348,0.252,1,"2","Dvl1"
"Scg2",0.00116043716974085,0.265421775273522,0.383,0.286,1,"2","Scg2"
"Ssh3",0.0011639278760617,0.420773359692428,0.272,0.189,1,"2","Ssh3"
"Anks3",0.00117120326763559,0.269333996691272,0.39,0.286,1,"2","Anks3"
"Neo1",0.00118810130013705,0.553556434545876,0.324,0.238,1,"2","Neo1"
"Ate1",0.00118929776123583,0.499584866088441,0.265,0.185,1,"2","Ate1"
"Gprasp21",0.00121137178338834,0.273838346816646,0.704,0.611,1,"2","Gprasp2"
"Sfxn1",0.00121147962096323,0.460267758158852,0.321,0.236,1,"2","Sfxn1"
"Arhgef25",0.00123419460503445,0.578082731972779,0.296,0.216,1,"2","Arhgef25"
"Cstf2",0.00123561387398968,0.416340405900436,0.355,0.266,1,"2","Cstf2"
"Cadm2",0.00128365338180461,0.319924912738496,0.735,0.67,1,"2","Cadm2"
"2210408I21Rik",0.00129269836589683,0.326071543958276,0.467,0.357,1,"2","2210408I21Rik"
"Ryr21",0.00130758728671204,0.199456336351077,0.868,0.77,1,"2","Ryr2"
"Scaper",0.00132013618094155,0.222820651173399,0.728,0.59,1,"2","Scaper"
"Ssh2",0.0013257976859619,0.249450262355363,0.613,0.491,1,"2","Ssh2"
"Camta1",0.00132799086155104,0.190204417312766,0.937,0.9,1,"2","Camta1"
"Clvs2",0.00136152346854019,0.397773009312465,0.359,0.264,1,"2","Clvs2"
"Tmem178b",0.00136961979078252,0.217681794695811,0.794,0.695,1,"2","Tmem178b"
"Arl3",0.00138379889733119,0.382329485107574,0.411,0.317,1,"2","Arl3"
"Anxa6",0.00141451261890773,0.359607147842036,0.279,0.193,1,"2","Anxa6"
"Usp11",0.00141946662128528,0.330809462964939,0.456,0.347,1,"2","Usp11"
"Gpc5",0.00142134728878257,0.0254913151882526,0.362,0.266,1,"2","Gpc5"
"Tbl1x1",0.00143262001251051,0.338833375288561,0.366,0.269,1,"2","Tbl1x"
"Dpysl2",0.00144550090468374,0.279014719897502,0.463,0.348,1,"2","Dpysl2"
"Atl1",0.00145835088099397,0.373024947473896,0.38,0.284,1,"2","Atl1"
"Chka",0.00145944212037217,0.432405058414596,0.401,0.312,1,"2","Chka"
"Lrrfip1",0.00146435588727763,0.234937669654928,0.502,0.382,1,"2","Lrrfip1"
"Zdhhc2",0.0015071763267769,0.459907418997404,0.3,0.217,1,"2","Zdhhc2"
"Pds5b1",0.00162376652430493,0.282154427428069,0.547,0.425,1,"2","Pds5b"
"Spink101",0.00164169784212165,0.501687194625276,0.279,0.201,1,"2","Spink10"
"Srr",0.00168789013809441,0.409839901650873,0.331,0.242,1,"2","Srr"
"Kcnj3",0.00174333222251616,0.575598723184615,0.293,0.212,1,"2","Kcnj3"
"Dpysl5",0.00176120654326726,0.298467082563674,0.373,0.275,1,"2","Dpysl5"
"Fxr2",0.00176555475779488,0.356922195830041,0.324,0.236,1,"2","Fxr2"
"Pibf1",0.00176815680779655,0.416560248190622,0.345,0.256,1,"2","Pibf1"
"Chsy31",0.00177505503955713,0.190737486844058,0.321,0.23,1,"2","Chsy3"
"Pogz",0.00180869761833163,0.323812036776151,0.341,0.25,1,"2","Pogz"
"Atp9a",0.00181911424830812,0.299659190694685,0.544,0.442,1,"2","Atp9a"
"Syn3",0.00182584353167757,0.21078469337122,0.721,0.601,1,"2","Syn3"
"Grik5",0.00183999977423818,0.295346183512934,0.551,0.451,1,"2","Grik5"
"Ly6h1",0.0018546425008083,0.241425136504427,0.589,0.464,1,"2","Ly6h"
"Carmil3",0.00186765833744017,0.346188260279643,0.401,0.303,1,"2","Carmil3"
"Focad",0.00189280194003336,0.290738470845995,0.432,0.331,1,"2","Focad"
"Bin1",0.00191495447591132,0.247583793944511,0.62,0.508,1,"2","Bin1"
"Selenow1",0.00192165206452594,0.330732921328139,0.348,0.257,1,"2","Selenow"
"Large1",0.0019280406791321,0.254716750568162,0.672,0.566,1,"2","Large1"
"Aff3",0.00193854553975274,0.235771673153618,0.544,0.432,1,"2","Aff3"
"Dop1b",0.00195760512033652,0.230159428552472,0.484,0.373,1,"2","Dop1b"
"Pak7",0.00196541010971397,0.391765065117185,0.411,0.321,1,"2","Pak7"
"Camk4",0.00200480046881997,0.506476723993878,0.345,0.264,1,"2","Camk4"
"Simc1",0.00203033472849287,0.375794783000829,0.369,0.28,1,"2","Simc1"
"Tmem145",0.00204414940482447,0.453573675550712,0.268,0.191,1,"2","Tmem145"
"Caln11",0.00209487883516105,0.16204263648444,0.401,0.294,1,"2","Caln1"
"Gpr45",0.00210650639297963,0.295620443788289,0.359,0.262,1,"2","Gpr45"
"Ppp6r3",0.00212248835444116,0.270722422678069,0.411,0.306,1,"2","Ppp6r3"
"Nkain3",0.00213444926157591,0.400994920766086,0.53,0.438,1,"2","Nkain3"
"Zmat1",0.00217508952731698,0.236268366348943,0.394,0.289,1,"2","Zmat1"
"Kdm5b",0.00220967621227469,0.348275423682664,0.401,0.309,1,"2","Kdm5b"
"Bicral",0.0022129931023996,0.268016480755499,0.707,0.606,1,"2","Bicral"
"Dtna",0.00226504318927774,0.268418390453019,0.484,0.377,1,"2","Dtna"
"Setd1a",0.00233033478370164,0.310580462215776,0.355,0.264,1,"2","Setd1a"
"Rgl11",0.0023630247655724,0.160412549169107,0.362,0.259,1,"2","Rgl1"
"Unc13b",0.00240249720820743,0.378306851384549,0.31,0.226,1,"2","Unc13b"
"Dnajc6",0.00241676791518535,0.286110156261329,0.557,0.455,1,"2","Dnajc6"
"Fam219a",0.00242210917073576,0.247491076800987,0.498,0.386,1,"2","Fam219a"
"Wwc1",0.00243225779134933,0.337357351504791,0.261,0.182,1,"2","Wwc1"
"Cfap46",0.00243797366136407,0.246295105185515,0.446,0.341,1,"2","Cfap46"
"Nbeal1",0.00245332000812674,0.312815447256009,0.47,0.372,1,"2","Nbeal1"
"Dym",0.0024742303872766,0.38525288031434,0.328,0.245,1,"2","Dym"
"Spaca6",0.00250692824726459,0.246689122678307,0.338,0.244,1,"2","Spaca6"
"Gkap1",0.00253273724572439,0.368556073308098,0.394,0.3,1,"2","Gkap1"
"Nedd4",0.00256068456694289,0.269633185147363,0.606,0.501,1,"2","Nedd4"
"Tnik1",0.00258153313358335,0.181028892235155,0.857,0.828,1,"2","Tnik"
"Iqce1",0.00261143253707414,0.332184667684888,0.432,0.335,1,"2","Iqce"
"Clasp2",0.00263775975739945,0.239409716977056,0.704,0.614,1,"2","Clasp2"
"Zzef1",0.00264222365939163,0.289062549537649,0.568,0.457,1,"2","Zzef1"
"Uvrag",0.00265321652491292,0.420930730299717,0.307,0.226,1,"2","Uvrag"
"Inpp5a",0.0026755150134214,0.417467872699174,0.279,0.202,1,"2","Inpp5a"
"Por",0.00268185591977192,0.339487602494021,0.31,0.227,1,"2","Por"
"Rap1gap2",0.00268604503454047,0.44875907057877,0.328,0.248,1,"2","Rap1gap2"
"Micu1",0.00269598423948665,0.413458134843074,0.261,0.185,1,"2","Micu1"
"Rerg1",0.00270428622458696,0.324447540363741,0.282,0.202,1,"2","Rerg"
"Zfp445",0.00271157192784322,0.207808662338456,0.516,0.402,1,"2","Zfp445"
"Dip2c",0.00271972989744293,0.241311464179866,0.704,0.585,1,"2","Dip2c"
"Iqsec2",0.00276251398372566,0.355358770926521,0.328,0.242,1,"2","Iqsec2"
"Taf1b",0.00283605022398481,0.34026542554103,0.289,0.208,1,"2","Taf1b"
"Map6",0.00285749810020577,0.310479695752923,0.439,0.344,1,"2","Map6"
"Kif13a",0.00287312233727109,0.39001846073813,0.275,0.197,1,"2","Kif13a"
"Luc7l",0.0030347741424222,0.301570582105662,0.498,0.401,1,"2","Luc7l"
"Lancl1",0.00308362754804477,0.314711681793728,0.289,0.207,1,"2","Lancl1"
"Plekha6",0.00308927290339326,0.285188487517702,0.575,0.476,1,"2","Plekha6"
"Lin7a",0.00311224053825837,0.45720798725177,0.411,0.324,1,"2","Lin7a"
"Dhx57",0.00315410437429371,0.300347544194039,0.47,0.367,1,"2","Dhx57"
"Gm49797",0.00316803457034719,0.273869441191554,0.345,0.253,1,"2","Gm49797"
"Jpx",0.00317095895521326,0.40495670819931,0.293,0.215,1,"2","Jpx"
"Syndig1",0.00322100183475877,0.418777453719554,0.258,0.185,1,"2","Syndig1"
"Klc2",0.00323237039946633,0.306308289136846,0.338,0.25,1,"2","Klc2"
"Fam13a",0.00324993813308324,0.403632527251928,0.275,0.2,1,"2","Fam13a"
"Faah",0.00325863386677538,0.466714775238778,0.265,0.192,1,"2","Faah"
"Sema4g1",0.00329499042908796,0.171752238449792,0.383,0.279,1,"2","Sema4g"
"Plekhn1",0.00333561207086338,0.351046406932965,0.314,0.23,1,"2","Plekhn1"
"Hmgcll1",0.00335347608327528,0.312354665203768,0.334,0.249,1,"2","Hmgcll1"
"Ube2r2",0.00336789610783869,0.345032496042082,0.387,0.299,1,"2","Ube2r2"
"Atxn7l1",0.00339753900891646,0.325611427532469,0.418,0.331,1,"2","Atxn7l1"
"Vwc2l",0.00345546440840252,0.363077917919851,0.324,0.244,1,"2","Vwc2l"
"Wnk3",0.00349878760051056,0.489720174422067,0.268,0.195,1,"2","Wnk3"
"Dner",0.00360724308927041,0.281312564492199,0.561,0.461,1,"2","Dner"
"Zmiz2",0.00363950166538827,0.419657951178004,0.307,0.228,1,"2","Zmiz2"
"Cpt1c",0.0036474775732874,0.292649699850533,0.432,0.338,1,"2","Cpt1c"
"Paip2",0.00367528642721731,0.31301539113283,0.314,0.231,1,"2","Paip2"
"Rasa2",0.00371574728114354,0.370267504530498,0.275,0.199,1,"2","Rasa2"
"Tshz21",0.00374284784725026,0.186636516565866,0.599,0.489,1,"2","Tshz2"
"Dlg2",0.00374753819059385,0.0962564265238268,0.986,0.994,1,"2","Dlg2"
"Slc25a12",0.00379096714796295,0.314226823768365,0.425,0.336,1,"2","Slc25a12"
"Tef",0.00380121153890282,0.390854424942326,0.3,0.222,1,"2","Tef"
"Dlg5",0.00380996475005026,0.354085920127873,0.307,0.226,1,"2","Dlg5"
"Mdm4",0.0038515636073684,0.310347191665259,0.408,0.315,1,"2","Mdm4"
"Trim2",0.00389372553372862,0.21860963319197,0.774,0.686,1,"2","Trim2"
"Hectd4",0.00392202762694858,0.20488315946134,0.704,0.592,1,"2","Hectd4"
"Jmjd1c",0.00394182528226161,0.182407571114443,0.596,0.475,1,"2","Jmjd1c"
"Plxna1",0.00396837103824878,0.440938871265181,0.251,0.178,1,"2","Plxna1"
"Plppr21",0.00410410197751575,0.352543755319467,0.328,0.245,1,"2","Plppr2"
"Nxf1",0.00428640535866373,0.329606944042308,0.307,0.224,1,"2","Nxf1"
"Gon4l",0.00433107343856402,0.198864084067033,0.596,0.479,1,"2","Gon4l"
"Gpatch1",0.00440131137709994,0.42066647623892,0.293,0.218,1,"2","Gpatch1"
"Sntg11",0.00441512327479546,0.217818653306252,0.923,0.931,1,"2","Sntg1"
"Tm9sf4",0.00450285068021454,0.239380403737778,0.373,0.281,1,"2","Tm9sf4"
"Atp6v0a1",0.00459343650761769,0.196476093410975,0.662,0.556,1,"2","Atp6v0a1"
"Map2k4",0.00465393346829727,0.336797950551334,0.408,0.317,1,"2","Map2k4"
"Cdr1os",0.00473325795649563,0.175986433532918,0.864,0.79,1,"2","Cdr1os"
"Adcyap1r1",0.00478164156017845,0.404074055959549,0.275,0.202,1,"2","Adcyap1r1"
"Vcp",0.00481945131300979,0.275057875388491,0.394,0.303,1,"2","Vcp"
"Cacna1i",0.00482391557565665,0.257305958546542,0.352,0.264,1,"2","Cacna1i"
"Ash1l",0.00487274633624762,0.211586445622406,0.686,0.572,1,"2","Ash1l"
"Ap3b1",0.00488485727965501,0.352543755319467,0.275,0.201,1,"2","Ap3b1"
"Fam214a",0.00488513605279815,0.410695508105262,0.261,0.191,1,"2","Fam214a"
"Dgke",0.00491415619237251,0.466200537115034,0.258,0.189,1,"2","Dgke"
"Grm71",0.00496899701890656,0.109044660602178,0.895,0.85,1,"2","Grm7"
"Cntnap1",0.00498961096106484,0.327452774356637,0.324,0.243,1,"2","Cntnap1"
"Klhl7",0.00501714506440445,0.241425136504427,0.397,0.302,1,"2","Klhl7"
"Ddx55",0.00502718292009829,0.25993958470688,0.345,0.259,1,"2","Ddx55"
"Rhbdl1",0.00507089601751191,0.450947459380461,0.258,0.19,1,"2","Rhbdl1"
"Psd3",0.00507106038233289,0.4424043678326,0.254,0.186,1,"2","Psd3"
"Ankib1",0.00507780427898622,0.230553230940857,0.456,0.357,1,"2","Ankib1"
"Cacna1c1",0.00510342732519021,0.175354454144673,0.843,0.786,1,"2","Cacna1c"
"Kifc21",0.00513247382792445,0.306962721010571,0.578,0.489,1,"2","Kifc2"
"Csrnp3",0.00522850420418261,0.228356039742542,0.491,0.388,1,"2","Csrnp3"
"Irf2",0.00528436147272884,0.347210311016426,0.338,0.257,1,"2","Irf2"
"Cul9",0.00532904542713617,0.291590544087604,0.498,0.411,1,"2","Cul9"
"Phlpp1",0.00533169966138076,0.312108890920229,0.352,0.268,1,"2","Phlpp1"
"Ksr2",0.00534609654723272,0.191111248954486,0.742,0.646,1,"2","Ksr2"
"Actr1b",0.00560238742421983,0.246425290366123,0.341,0.255,1,"2","Actr1b"
"Smarca4",0.00561078060707867,0.267527641557139,0.502,0.407,1,"2","Smarca4"
"Unc13c1",0.0057012734612008,0.231636742100227,0.251,0.177,1,"2","Unc13c"
"Dpp8",0.00570712578457571,0.333585597615582,0.265,0.192,1,"2","Dpp8"
"Susd4",0.00572522303214048,0.268161155348569,0.46,0.366,1,"2","Susd4"
"Stxbp1",0.00574634083673688,0.214110360418495,0.561,0.449,1,"2","Stxbp1"
"Fndc3b",0.00579900278090697,0.268397749119549,0.317,0.236,1,"2","Fndc3b"
"Mpdz",0.00585822085482837,0.367603339252984,0.303,0.229,1,"2","Mpdz"
"Sh3glb2",0.00593788479723299,0.277487323657647,0.366,0.281,1,"2","Sh3glb2"
"Ptprz11",0.00594921620903431,0.345525766993804,0.523,0.435,1,"2","Ptprz1"
"Pip5k1c",0.00603586544156269,0.28024736166341,0.254,0.182,1,"2","Pip5k1c"
"AU040320",0.00603954395218267,0.30541636018053,0.272,0.197,1,"2","AU040320"
"Pkn1",0.00610208716224267,0.402865340293733,0.268,0.197,1,"2","Pkn1"
"Mvb12b",0.00613879807256934,0.24746170926191,0.369,0.28,1,"2","Mvb12b"
"Srpk2",0.00627668086316735,0.196231349822013,0.561,0.451,1,"2","Srpk2"
"Rsrc1",0.00629002153303907,0.421806417756581,0.328,0.255,1,"2","Rsrc1"
"Anapc5",0.00634289777402832,0.219548776641501,0.481,0.382,1,"2","Anapc5"
"Acadsb",0.0063467296338201,0.333126301492226,0.348,0.269,1,"2","Acadsb"
"Sept3",0.00637746954598584,0.457617612411811,0.258,0.192,1,"2","Sept3"
"Pclo",0.006414085785729,0.155087579320036,0.955,0.939,1,"2","Pclo"
"Gls",0.00646320278696259,0.247889507194067,0.53,0.438,1,"2","Gls"
"Memo1",0.00653611500329643,0.346311801607953,0.251,0.181,1,"2","Memo1"
"Faim2",0.00654148922938654,0.263734488361611,0.359,0.276,1,"2","Faim2"
"Safb21",0.00662952118809425,0.183751003910565,0.627,0.515,1,"2","Safb2"
"Prr161",0.00663969112507161,0.521663905951009,0.362,0.293,1,"2","Prr16"
"Atxn2l",0.00667600086984976,0.375011095445397,0.383,0.306,1,"2","Atxn2l"
"Rnf165",0.0068303201529806,0.329160827881516,0.296,0.22,1,"2","Rnf165"
"Stx16",0.00693711287636162,0.281217308174016,0.338,0.259,1,"2","Stx16"
"Rps6kl11",0.00695699909823249,0.478932108478131,0.275,0.208,1,"2","Rps6kl1"
"Micu3",0.00696556109948873,0.255456495180727,0.436,0.346,1,"2","Micu3"
"Crtc3",0.00697886979052598,0.325118011180082,0.321,0.243,1,"2","Crtc3"
"March7",0.00700020244271382,0.359932734548838,0.272,0.201,1,"2","March7"
"Dcaf5",0.00705384698415174,0.343582887747845,0.31,0.235,1,"2","Dcaf5"
"Dmtn",0.00706923111965166,0.23767309457901,0.355,0.269,1,"2","Dmtn"
"Hspa12a1",0.00720486715110869,0.294027290752526,0.3,0.224,1,"2","Hspa12a"
"Skiv2l",0.00723134033714265,0.41981062539804,0.265,0.197,1,"2","Skiv2l"
"9930021J03Rik",0.00728182779349096,0.296327745752919,0.394,0.311,1,"2","9930021J03Rik"
"Fgf12",0.00736353507810275,0.212180577430291,0.889,0.878,1,"2","Fgf12"
"Gm269171",0.00739248376420223,0.128122226699317,0.979,0.97,1,"2","Gm26917"
"Nipsnap1",0.00745067016386456,0.294419708877317,0.296,0.222,1,"2","Nipsnap1"
"Ptpn1",0.00755978156696006,0.329039818413852,0.324,0.247,1,"2","Ptpn1"
"Srsf10",0.00762096105781583,0.38588483043439,0.3,0.228,1,"2","Srsf10"
"Sh3gl2",0.00768647222956052,0.444831345367513,0.272,0.204,1,"2","Sh3gl2"
"Igdcc4",0.00775626915244549,0.35910147134163,0.286,0.214,1,"2","Igdcc4"
"Cc2d1a1",0.00780395197662039,0.245240469345231,0.331,0.25,1,"2","Cc2d1a"
"Wsb1",0.00784246021988262,0.230825340794205,0.502,0.404,1,"2","Wsb1"
"Rtn3",0.00788435342455036,0.19217718893979,0.669,0.569,1,"2","Rtn3"
"Ube4a",0.00789304536331707,0.347210311016426,0.331,0.257,1,"2","Ube4a"
"Cdk101",0.00792460160544148,0.328458136795154,0.394,0.31,1,"2","Cdk10"
"Sugp21",0.00796719057277648,0.242671350546723,0.488,0.393,1,"2","Sugp2"
"Mblac2",0.0080426011480752,0.485379438026559,0.261,0.198,1,"2","Mblac2"
"Aff2",0.00806181899972011,0.309156508479631,0.422,0.34,1,"2","Aff2"
"Rnf180",0.0080903537138431,0.447389639967272,0.3,0.234,1,"2","Rnf180"
"Rab40c",0.00809394649346141,0.225577212811741,0.463,0.368,1,"2","Rab40c"
"Cap21",0.00812248078680686,0.220349142954597,0.394,0.304,1,"2","Cap2"
"Rps6ka21",0.00824667393076009,0.259837845558189,0.366,0.289,1,"2","Rps6ka2"
"Rev3l",0.00828273446963224,0.235370646037516,0.634,0.555,1,"2","Rev3l"
"Zfp512",0.00833081225588803,0.244720110442966,0.359,0.276,1,"2","Zfp512"
"Metap1d",0.00836400013424056,0.27847408094012,0.331,0.253,1,"2","Metap1d"
"Phlpp2",0.00838685506838804,0.245735564349701,0.331,0.251,1,"2","Phlpp2"
"Ssbp4",0.00848042424153471,0.308987389332727,0.314,0.237,1,"2","Ssbp4"
"Ube2h",0.0085081380528665,0.226827353394693,0.401,0.313,1,"2","Ube2h"
"Arfgap1",0.00867524251168177,0.307659506844395,0.314,0.238,1,"2","Arfgap1"
"Celf52",0.00872255628880087,0.111819511210762,0.742,0.599,1,"2","Celf5"
"Rnf169",0.00879659113140183,0.261602187610695,0.328,0.247,1,"2","Rnf169"
"Arid4b",0.00880682790327651,0.253524628465109,0.578,0.479,1,"2","Arid4b"
"Pam",0.0089874617053254,0.131458004700809,0.537,0.436,1,"2","Pam"
"Reep1",0.009017595280866,0.35722024252894,0.453,0.366,1,"2","Reep1"
"Gpsm1",0.00923809468386789,0.365805654728389,0.258,0.191,1,"2","Gpsm1"
"Mllt3",0.00965104948272482,0.291568696558336,0.394,0.315,1,"2","Mllt3"
"Trpc4ap",0.00976725021377591,0.245972091121423,0.314,0.237,1,"2","Trpc4ap"
"Ap3d11",0.00985575339322803,0.194954827678485,0.526,0.437,1,"2","Ap3d1"
"Hsph1",0.00997206734407663,0.26327641722238,0.282,0.21,1,"2","Hsph1"
"Tead1",6.38675439086595e-25,1.48148137685276,0.439,0.174,1.12004511752616e-20,"4","Tead1"
"Zfpm2",1.39904473745744e-20,1.72522187333504,0.344,0.134,2.45350475607911e-16,"4","Zfpm2"
"Rorb",4.07524645712707e-20,1.48026017505229,0.357,0.139,7.14675971186374e-16,"4","Rorb"
"Cntn4",2.20302239494119e-19,1.07820667113091,0.631,0.369,3.86344037400836e-15,"4","Cntn4"
"Gpc51",3.13032139762145e-19,1.5311526667771,0.492,0.258,5.48964463500874e-15,"4","Gpc5"
"Sox5",1.24764493893728e-16,1.37118847590482,0.352,0.155,2.18799492941431e-12,"4","Sox5"
"Trpm31",1.9818342680259e-16,1.98181489880643,0.635,0.456,3.47554275583702e-12,"4","Trpm3"
"Nrxn11",5.13320230765831e-16,0.423186097649181,0.996,0.99,9.00209688694038e-12,"4","Nrxn1"
"Hs6st3",1.91203632189585e-15,0.911232292811109,0.689,0.453,3.35313809770874e-11,"4","Hs6st3"
"Ankfn11",8.70921361023834e-15,1.25353575544001,0.463,0.256,1.5273347908275e-10,"4","Ankfn1"
"Pde4d1",9.5315037350906e-15,0.606575686182283,0.971,0.854,1.67153981002284e-10,"4","Pde4d"
"Nlgn1",1.74258004936719e-14,0.551235020618789,0.963,0.908,3.05596263257525e-10,"4","Nlgn1"
"Fgf14",4.88076344588604e-14,0.389676686358606,1,0.994,8.55939485505035e-10,"4","Fgf14"
"Ghr",6.50213564043486e-14,1.48429284283051,0.41,0.211,1.14027952726306e-09,"4","Ghr"
"Akt3",1.17335520398642e-13,0.768784083905312,0.598,0.356,2.05771302123098e-09,"4","Akt3"
"Lrrtm4",2.0458416513938e-13,0.711001284799273,0.922,0.891,3.58779250404931e-09,"4","Lrrtm4"
"Foxp11",2.88221663233212e-12,0.806162241232627,0.611,0.384,5.05454330812084e-08,"4","Foxp1"
"Fndc3a",5.04193683677405e-12,0.88672394854147,0.533,0.324,8.84204463065065e-08,"4","Fndc3a"
"Htr2c1",6.72360536664557e-12,1.37539632288345,0.439,0.256,1.17911867314863e-07,"4","Htr2c"
"Brinp1",1.19884543384388e-11,0.943121143763819,0.492,0.298,2.10241523733201e-07,"4","Brinp1"
"Usp291",1.29152480492135e-11,0.430797405947589,0.963,0.906,2.26494705039057e-07,"4","Usp29"
"Gabrb11",1.66609729918933e-11,0.447985338698357,0.926,0.822,2.92183483358833e-07,"4","Gabrb1"
"Ncald",2.30634306609565e-11,0.889345323926546,0.561,0.363,4.04463383501195e-07,"4","Ncald"
"Ext1",2.36474954379895e-11,0.925864614212635,0.439,0.252,4.14706127496022e-07,"4","Ext1"
"Tmem255a",3.20313901185153e-11,1.01850940051022,0.299,0.139,5.61734488508402e-07,"4","Tmem255a"
"Mecp2",3.45440780783401e-11,0.990858437058897,0.381,0.202,6.0579949725985e-07,"4","Mecp2"
"Spock11",3.48981738558519e-11,0.639765466308816,0.639,0.412,6.12009274910074e-07,"4","Spock1"
"Pcdh9",3.95767327243674e-11,0.598412643485517,0.93,0.867,6.94057161787232e-07,"4","Pcdh9"
"Lrrtm32",5.0971540843117e-11,0.675540810071614,0.602,0.38,8.93887911765742e-07,"4","Lrrtm3"
"Sgcz1",1.7511387013207e-10,0.714296058259162,0.877,0.781,3.0709719405061e-06,"4","Sgcz"
"Maml3",2.99003174427835e-10,1.06915084208185,0.447,0.27,5.24361866994094e-06,"4","Maml3"
"Cadm21",3.09157311807864e-10,0.55795162698953,0.816,0.665,5.42169177717452e-06,"4","Cadm2"
"Gm268712",3.18365679977961e-10,0.519914764903828,0.811,0.666,5.5831789297735e-06,"4","Gm26871"
"Uri1",3.24504330953678e-10,0.980028025289551,0.344,0.182,5.69083245193465e-06,"4","Uri1"
"Prdm16",3.56553522285642e-10,1.22555385751323,0.254,0.119,6.25287912032331e-06,"4","Prdm16"
"Dcc",4.00221880906969e-10,0.643591297222169,0.906,0.83,7.01869112546552e-06,"4","Dcc"
"Scg21",4.02006804070085e-10,0.818341005159508,0.467,0.281,7.04999332297708e-06,"4","Scg2"
"Dmd",5.85835056849214e-10,0.569550114383401,0.852,0.749,1.02737893919647e-05,"4","Dmd"
"mt-Nd31",6.02939203777996e-10,1.01128180154959,0.484,0.3,1.05737448166547e-05,"4","mt-Nd3"
"Arhgap24",7.81100487602085e-10,0.999026732295319,0.32,0.168,1.36981592510778e-05,"4","Arhgap24"
"Tmtc1",8.4034953602115e-10,0.902018934687946,0.352,0.187,1.47372098132029e-05,"4","Tmtc1"
"Btbd9",9.23316149356848e-10,0.644023222357079,0.623,0.433,1.6192195311271e-05,"4","Btbd9"
"mt-Cytb1",9.85101599068409e-10,1.11617029685567,0.594,0.414,1.72757267428627e-05,"4","mt-Cytb"
"Smyd3",1.16015638747281e-09,0.650789624477768,0.689,0.509,2.03456625671106e-05,"4","Smyd3"
"Fam155a",1.29256729418205e-09,0.346701357915961,0.996,0.972,2.26677526380707e-05,"4","Fam155a"
"Gm289051",1.52879504159629e-09,0.831036362358372,0.611,0.426,2.68104786444742e-05,"4","Gm28905"
"Pcsk2",1.9840904746126e-09,0.799420210081821,0.516,0.343,3.47949946532812e-05,"4","Pcsk2"
"Pcdh152",3.33755705893609e-09,0.946003530627535,0.77,0.707,5.85307381425621e-05,"4","Pcdh15"
"Khdrbs2",3.74448368569464e-09,0.737317007658304,0.676,0.503,6.56670103960269e-05,"4","Khdrbs2"
"Samd12",4.0511468981235e-09,0.497744215369135,0.73,0.54,7.10449631523918e-05,"4","Samd12"
"Slc25a121",8.35042053141262e-09,0.691771186484246,0.516,0.33,0.000146441324859383,"4","Slc25a12"
"mt-Nd41",9.45559928850285e-09,1.14678978999902,0.594,0.421,0.000165822844722474,"4","mt-Nd4"
"Lsamp1",1.03230272114908e-08,0.375409771043173,1,0.99,0.000181034928207915,"4","Lsamp"
"Ccser1",1.20806356630926e-08,0.371175709577048,0.951,0.882,0.000211858107623655,"4","Ccser1"
"Sgce",1.43997639048466e-08,1.05230052656375,0.266,0.135,0.000252528659599294,"4","Sgce"
"B230217O12Rik",1.49485169369961e-08,0.964944315016912,0.25,0.121,0.000262152141524101,"4","B230217O12Rik"
"Gab2",1.57950974432441e-08,0.913554879869597,0.492,0.333,0.000276998623862172,"4","Gab2"
"Galntl61",1.85148136356139e-08,0.411962817495733,0.844,0.745,0.00032469428672776,"4","Galntl6"
"Scn9a1",2.20792799693814e-08,0.598873885332274,0.57,0.374,0.000387204332823042,"4","Scn9a"
"Naaladl2",2.32242154587733e-08,0.68181504384894,0.475,0.309,0.000407283066500507,"4","Naaladl2"
"Kansl1",2.54860798041549e-08,0.554793978544805,0.672,0.505,0.000446949381525464,"4","Kansl1"
"Brinp21",3.29930049049625e-08,0.745791420317314,0.398,0.239,0.000578598327018328,"4","Brinp2"
"Unc5c1",3.32075669882764e-08,0.673437017886465,0.631,0.457,0.000582361102273403,"4","Unc5c"
"Syn21",3.38551323773195e-08,0.706517771853433,0.48,0.312,0.000593717456501052,"4","Syn2"
"Galnt171",4.02241649874377e-08,0.799767789035383,0.508,0.354,0.000705411181384696,"4","Galnt17"
"4930447C04Rik",4.71414286645928e-08,0.990822946842517,0.291,0.158,0.000826719234490964,"4","4930447C04Rik"
"Kcnq32",5.57707676284066e-08,0.654415390805716,0.684,0.525,0.000978051951899366,"4","Kcnq3"
"Ncam21",5.68977301675566e-08,0.631659046427867,0.775,0.617,0.00099781549394844,"4","Ncam2"
"mt-Atp61",6.25922795422946e-08,1.05523515417027,0.627,0.478,0.00109768080633322,"4","mt-Atp6"
"Rims1",8.02743201063011e-08,0.452817220266528,0.84,0.672,0.0014077707517042,"4","Rims1"
"Gnb1",9.15709376213135e-08,0.567549029331233,0.504,0.331,0.00160587953306498,"4","Gnb1"
"Adgrl32",1.02547316746577e-07,0.438291942494513,0.787,0.624,0.00179837229378472,"4","Adgrl3"
"Fam135b",1.02862685132126e-07,0.900156623486909,0.434,0.284,0.0018039029091621,"4","Fam135b"
"4632427E13Rik",1.07808048338135e-07,0.940973417867723,0.348,0.212,0.00189062974370587,"4","4632427E13Rik"
"Pid1",1.22352817894217e-07,0.915408997623795,0.385,0.237,0.00214570136741088,"4","Pid1"
"Gbf1",1.26465589789611e-07,0.606180290928037,0.549,0.386,0.0022178270481404,"4","Gbf1"
"Chsy32",1.30318724767532e-07,1.03343422309807,0.373,0.227,0.00228539947624821,"4","Chsy3"
"Cnot2",1.31228506465324e-07,0.755644563910384,0.328,0.186,0.00230135431788239,"4","Cnot2"
"Stxbp5l",1.38619509820038e-07,0.578526222338377,0.594,0.433,0.002430970343714,"4","Stxbp5l"
"Spop",1.45521640518936e-07,0.578211243327791,0.467,0.298,0.00255201300978057,"4","Spop"
"Hmgcll11",1.49257715212108e-07,0.733270781821517,0.398,0.245,0.00261753255167473,"4","Hmgcll1"
"Sec61a2",1.52715021835406e-07,0.743281202841276,0.41,0.26,0.00267816333792751,"4","Sec61a2"
"Rora",1.53380074610065e-07,0.331261732396675,0.869,0.771,0.0026898263684367,"4","Rora"
"mt-Co21",1.74930760129088e-07,0.912830453522019,0.627,0.475,0.00306776074038382,"4","mt-Co2"
"Enah1",1.89301284555319e-07,0.551802538945716,0.525,0.352,0.00331977662724664,"4","Enah"
"Syndig11",1.97769452337113e-07,1.23044186842626,0.303,0.183,0.00346828288563595,"4","Syndig1"
"Clasp1",2.04456163018096e-07,0.559598238716647,0.533,0.371,0.00358554773084835,"4","Clasp1"
"Tasp1",2.17235006105091e-07,0.805700578815603,0.328,0.19,0.00380965030206498,"4","Tasp1"
"Chm",2.44052339722473e-07,0.743717323255262,0.295,0.161,0.00427994588171301,"4","Chm"
"Spata7",2.48756675093767e-07,0.708440449964985,0.369,0.222,0.00436244581111939,"4","Spata7"
"Rabgap1",2.59887155402733e-07,0.5862626845017,0.561,0.391,0.00455764104429772,"4","Rabgap1"
"Zcchc7",2.68167812362726e-07,0.484445964799288,0.689,0.526,0.00470285892540513,"4","Zcchc7"
"Pced1b1",2.90111399358125e-07,0.646444161141764,0.357,0.207,0.00508768361054344,"4","Pced1b"
"Apex21",3.16605398729767e-07,0.769567660483399,0.385,0.241,0.00555230887752392,"4","Apex2"
"Lims1",3.35925653749713e-07,0.958001718959552,0.311,0.184,0.00589112818980871,"4","Lims1"
"Gnaq",3.89537297326203e-07,0.610785125026675,0.504,0.345,0.00683131558320962,"4","Gnaq"
"Khdrbs3",4.06086742071386e-07,0.958738727936443,0.279,0.157,0.0071215431957059,"4","Khdrbs3"
"Ntm",4.74405125380433e-07,0.458157591395857,0.824,0.726,0.00831964268379666,"4","Ntm"
"Stag1",4.81106473164552e-07,0.492428132313091,0.648,0.488,0.00843716421988675,"4","Stag1"
"Sfmbt1",4.85187729135655e-07,0.761196600937196,0.377,0.239,0.00850873720585198,"4","Sfmbt1"
"Kcnip1",4.91718481985688e-07,0.671274027649346,0.623,0.466,0.008623267018583,"4","Kcnip1"
"Uvrag1",5.02059698226962e-07,0.775326929772084,0.365,0.223,0.00880462092780623,"4","Uvrag"
"Rab10",5.05014430524702e-07,0.71967890022217,0.32,0.184,0.0088564380681117,"4","Rab10"
"Ptprj",5.20072104654193e-07,0.669748173418386,0.41,0.255,0.00912050449932059,"4","Ptprj"
"mt-Nd11",5.41182297961875e-07,1.05108135312258,0.602,0.466,0.0094907139593574,"4","mt-Nd1"
"Gramd1b",5.57741114840344e-07,0.554133258019261,0.5,0.33,0.00978110593095511,"4","Gramd1b"
"Rtn31",5.58744820861971e-07,0.486052544607748,0.713,0.567,0.00979870792345639,"4","Rtn3"
"Slc41a2",5.69424841480857e-07,0.724700856702116,0.303,0.172,0.00998600344504979,"4","Slc41a2"
"Fnip1",6.13316653999527e-07,0.710035469520365,0.357,0.216,0.0107557341611897,"4","Fnip1"
"Hdac9",6.96993559622707e-07,0.584519030057158,0.459,0.302,0.0122231760551034,"4","Hdac9"
"Ago3",7.23047572588591e-07,0.633341470096214,0.488,0.328,0.0126800852804861,"4","Ago3"
"Tmtc21",7.47354098702372e-07,1.11622800701189,0.336,0.21,0.0131063488289435,"4","Tmtc2"
"Akap61",7.56701206331376e-07,0.384655190980971,0.857,0.747,0.0132702690554333,"4","Akap6"
"Rasal2",7.74439310662037e-07,0.516793916173231,0.553,0.396,0.0135813421910801,"4","Rasal2"
"Zim11",8.14178325103129e-07,0.61665545684775,0.41,0.261,0.0142782452873336,"4","Zim1"
"Ncoa7",8.66993245059376e-07,0.521963121367793,0.598,0.43,0.0152044605386063,"4","Ncoa7"
"Snap91",1.07594154218867e-06,0.486212573119739,0.574,0.408,0.0188687868253628,"4","Snap91"
"Cdh121",1.08293270543231e-06,0.583206182215576,0.414,0.27,0.0189913908551664,"4","Cdh12"
"Arhgef281",1.15641238409933e-06,0.853450154239719,0.27,0.152,0.02028000397995,"4","Arhgef28"
"AW5519841",1.15959553309305e-06,0.845716257663482,0.279,0.158,0.0203358268638528,"4","AW551984"
"Bmpr2",1.19472612196233e-06,0.626606420316336,0.352,0.213,0.0209519120008534,"4","Bmpr2"
"Grb10",1.22563431669295e-06,0.504606330793158,0.529,0.366,0.0214939490118443,"4","Grb10"
"Gm497971",1.24735598755524e-06,0.609448761392474,0.398,0.251,0.0218748819537563,"4","Gm49797"
"Eda1",1.2846437203712e-06,1.00174656385757,0.299,0.176,0.0225287969241498,"4","Eda"
"Mboat21",1.38958432543884e-06,0.77901197657994,0.316,0.189,0.0243691403152209,"4","Mboat2"
"Glud1",1.40385710313084e-06,0.785609903033945,0.307,0.182,0.0246194420176055,"4","Glud1"
"Gm44643",1.41958476481262e-06,0.835318592448391,0.287,0.165,0.0248952580205189,"4","Gm44643"
"Chd7",1.44581313151956e-06,0.966149272107662,0.27,0.157,0.0253552248874585,"4","Chd7"
"Frmd51",1.47320098403783e-06,0.35872213534628,0.803,0.624,0.0258355256570714,"4","Frmd5"
"Clasp21",1.48489603734447e-06,0.392857292949671,0.77,0.61,0.02604062180691,"4","Clasp2"
"Cntn6",1.61477908943463e-06,0.730208384066052,0.418,0.27,0.028318380891415,"4","Cntn6"
"Ralgapa2",1.62558631745558e-06,0.452150288687463,0.59,0.422,0.0285079072492185,"4","Ralgapa2"
"Gm5577",1.66235755955286e-06,0.860718421002729,0.283,0.166,0.0291527645218786,"4","Gm5577"
"Arhgap35",1.7528809976502e-06,0.634424829560284,0.369,0.229,0.0307402740557916,"4","Arhgap35"
"Tsc22d1",1.81814640043775e-06,0.515903777490669,0.434,0.277,0.0318848334244768,"4","Tsc22d1"
"Ftx",1.86345937328642e-06,0.39297635175237,0.75,0.561,0.032679487029324,"4","Ftx"
"Macrod21",1.90003346369407e-06,0.294173623764546,0.947,0.856,0.033320886852803,"4","Macrod2"
"Lcor",2.19832500838302e-06,0.702238452279731,0.463,0.322,0.0385520256720131,"4","Lcor"
"Fam13a1",2.24929718009575e-06,0.841822341558991,0.324,0.197,0.0394459246473391,"4","Fam13a"
"Bcas3",2.25469021160554e-06,0.543932528157161,0.525,0.366,0.0395405022409264,"4","Bcas3"
"Unc13c2",2.45463057024373e-06,1.06122306805785,0.287,0.175,0.0430468563103644,"4","Unc13c"
"Fcho2",2.46209266503367e-06,0.728144993042011,0.32,0.193,0.0431777190666956,"4","Fcho2"
"Gpr137c",2.82490499149627e-06,0.492863589581219,0.398,0.248,0.0495403588358701,"4","Gpr137c"
"Dlg1",3.19026160620138e-06,0.603560581505604,0.488,0.34,0.0559476177879536,"4","Dlg1"
"5330434G04Rik",3.2570961990044e-06,0.48399987695273,0.586,0.437,0.0571196960419402,"4","5330434G04Rik"
"Mir670hg",3.40484390909083e-06,0.790433822162292,0.258,0.147,0.0597107476337259,"4","Mir670hg"
"Nav3",3.49325870103999e-06,0.353893889989937,0.877,0.777,0.0612612778401383,"4","Nav3"
"Arhgef11",3.50812700453726e-06,0.536139265892658,0.41,0.265,0.0615220232785698,"4","Arhgef11"
"Lpp1",3.6143882962436e-06,1.01404165641046,0.275,0.164,0.0633855275512241,"4","Lpp"
"Snx27",3.668286834241e-06,0.732593944783551,0.287,0.168,0.0643307462120844,"4","Snx27"
"Stxbp5",3.68201855980174e-06,0.564583023721726,0.451,0.307,0.0645715594832431,"4","Stxbp5"
"Mkln11",3.79851495787649e-06,0.648072544575794,0.393,0.259,0.06661455681628,"4","Mkln1"
"Nfat5",4.03788689350534e-06,0.598491983347098,0.451,0.315,0.0708124224514031,"4","Nfat5"
"Tmem245",4.2112685529434e-06,0.751160618641332,0.266,0.152,0.0738530166129685,"4","Tmem245"
"Sec24b",4.31164651381992e-06,0.401025099528487,0.533,0.362,0.0756133449128599,"4","Sec24b"
"Snd1",4.54549837021137e-06,0.727515449855896,0.361,0.23,0.0797144049183967,"4","Snd1"
"Kcnj31",4.57439817973063e-06,0.787605259550521,0.328,0.21,0.080221220877936,"4","Kcnj3"
"Ap4s1",4.72014642944789e-06,0.681667822557839,0.291,0.171,0.0827772079332277,"4","Ap4s1"
"Pou2f1",4.76413474353786e-06,0.678302475377219,0.361,0.234,0.0835486309974234,"4","Pou2f1"
"Tnpo1",4.88373961891346e-06,0.611351194660958,0.369,0.234,0.0856461416968853,"4","Tnpo1"
"Fmn2",4.95831305827908e-06,0.645743069318387,0.41,0.274,0.0869539361030402,"4","Fmn2"
"Elavl1",5.14903756617502e-06,0.801322138305029,0.254,0.145,0.0902986717980114,"4","Elavl1"
"Crk",5.15478574848729e-06,0.733930307940916,0.266,0.153,0.0903994776712216,"4","Crk"
"Fam49b",5.24794905542183e-06,0.534425542427877,0.422,0.282,0.0920332825849326,"4","Fam49b"
"Atxn1",5.31654594272717e-06,0.375396322883449,0.734,0.591,0.0932362661976063,"4","Atxn1"
"Tnks2",5.32555069646083e-06,0.598682330523403,0.389,0.252,0.0933941825638336,"4","Tnks2"
"Greb1l2",5.35386628372984e-06,0.696824956093366,0.381,0.246,0.0938907530177703,"4","Greb1l"
"Ulk2",5.37804769600418e-06,0.489728998362443,0.541,0.382,0.0943148224448253,"4","Ulk2"
"Nufip2",5.39901727399209e-06,0.764632328975848,0.295,0.177,0.0946825659339993,"4","Nufip2"
"Rimklb",5.59978521830956e-06,0.744300034151459,0.258,0.147,0.0982034333734948,"4","Rimklb"
"Epn2",5.60160261869241e-06,0.648127227327607,0.336,0.209,0.0982353051240088,"4","Epn2"
"Tnrc6b",5.78355571438412e-06,0.369124657390167,0.783,0.629,0.101426216563154,"4","Tnrc6b"
"Arih1",5.82092148206665e-06,0.562666046453409,0.48,0.34,0.102081500031003,"4","Arih1"
"App",6.28683492247787e-06,0.384282286115037,0.787,0.643,0.110252224035494,"4","App"
"Tmem178b1",6.33421693888341e-06,0.32384875934382,0.828,0.694,0.111083162457198,"4","Tmem178b"
"Cask",6.59574090061186e-06,0.66396582082438,0.443,0.311,0.11566950817403,"4","Cask"
"Gapvd1",6.73869120858705e-06,0.517174745318036,0.533,0.383,0.118176427724991,"4","Gapvd1"
"Strbp",6.99607740297986e-06,0.416829893978755,0.734,0.56,0.122690209416058,"4","Strbp"
"Ppp2r2b1",7.04206603530304e-06,0.397264674234458,0.795,0.687,0.123496712061109,"4","Ppp2r2b"
"Gpm6a",7.74636241600776e-06,0.523586683124806,0.504,0.347,0.135847957689528,"4","Gpm6a"
"Phf8",7.89722831844822e-06,0.822388966644129,0.258,0.151,0.138493693020626,"4","Phf8"
"Senp6",7.91119434903156e-06,0.565650771301847,0.496,0.349,0.138738615298967,"4","Senp6"
"5730522E02Rik2",8.31085583094671e-06,0.599413858490174,0.426,0.299,0.145747478707312,"4","5730522E02Rik"
"Npat",8.58189949925345e-06,0.693852868565581,0.258,0.148,0.150500771518408,"4","Npat"
"Pias2",8.73510341182973e-06,0.603831220454545,0.352,0.223,0.153187508533258,"4","Pias2"
"Mbd5",8.74075315332065e-06,0.473207315964902,0.631,0.493,0.153286588049784,"4","Mbd5"
"Ldlrad4",9.10274798033976e-06,0.632567680570654,0.393,0.266,0.159634891331218,"4","Ldlrad4"
"Asxl2",9.30464958771576e-06,0.533740943202325,0.398,0.259,0.163175639819771,"4","Asxl2"
"Cpeb3",9.4254359643716e-06,0.462532069931892,0.549,0.392,0.165293870507185,"4","Cpeb3"
"Nr3c2",9.509346021856e-06,0.690695679304907,0.439,0.298,0.166765401185289,"4","Nr3c2"
"Rnf1801",9.56044453071917e-06,0.6299406046432,0.357,0.23,0.167661515735222,"4","Rnf180"
"Rfx3",1.0300295834608e-05,0.520026742699255,0.369,0.234,0.18063628805152,"4","Rfx3"
"Vwc2l1",1.07029915444658e-05,0.788891657353887,0.357,0.242,0.187698362715296,"4","Vwc2l"
"Thsd7a1",1.10319130704036e-05,0.935242066651906,0.357,0.241,0.193466659515668,"4","Thsd7a"
"Rapgef4",1.10940548683999e-05,0.448676424642319,0.611,0.453,0.194556440227128,"4","Rapgef4"
"Ctnna21",1.12809998588984e-05,0.240568130410502,0.971,0.949,0.197834894525502,"4","Ctnna2"
"Lclat1",1.15386959679999e-05,0.633033047306962,0.299,0.181,0.202354111190815,"4","Lclat1"
"Gabra21",1.18358955478207e-05,0.451187807569368,0.643,0.491,0.207566100222132,"4","Gabra2"
"Elovl6",1.18703689719874e-05,0.573359458925634,0.332,0.207,0.208170660661744,"4","Elovl6"
"Shisa91",1.21730805104522e-05,0.503751130526782,0.488,0.345,0.2134793129118,"4","Shisa9"
"Cpe",1.21955405506966e-05,0.437865951767063,0.529,0.375,0.213873194637566,"4","Cpe"
"Rbfox2",1.23270003730809e-05,0.409990695266087,0.66,0.506,0.216178605542719,"4","Rbfox2"
"Ahcyl2",1.23594240971901e-05,0.460630404115797,0.451,0.305,0.216747220392423,"4","Ahcyl2"
"Atxn7l11",1.28848958885526e-05,0.492209987866198,0.471,0.328,0.225962419197548,"4","Atxn7l1"
"Ralyl",1.29337514926954e-05,0.345548585149163,0.914,0.869,0.226819199927399,"4","Ralyl"
"Slc24a3",1.38023113550449e-05,0.392612571344252,0.648,0.479,0.242051134233423,"4","Slc24a3"
"Fmnl2",1.39900756801871e-05,0.466415720551556,0.48,0.339,0.245343957203441,"4","Fmnl2"
"Ptprk",1.49472838344646e-05,0.842620042359428,0.336,0.224,0.262130516605005,"4","Ptprk"
"Ube2h1",1.50651558218374e-05,0.479685526404997,0.455,0.31,0.264197637647563,"4","Ube2h"
"Cdh11",1.50703839983982e-05,0.767753710067283,0.279,0.17,0.264289324179909,"4","Cdh11"
"Desi2",1.50979988253702e-05,0.642301511141301,0.307,0.19,0.264773605400517,"4","Desi2"
"Shc3",1.51995939818132e-05,0.699282739017463,0.307,0.194,0.266555279659058,"4","Shc3"
"Cop1",1.74032121638727e-05,0.71507604867027,0.299,0.186,0.305200131717836,"4","Cop1"
"Cntnap2",1.78830584637715e-05,0.308008866126907,1,0.976,0.313615196279161,"4","Cntnap2"
"Kctd16",1.87910711313228e-05,0.550954144307395,0.508,0.363,0.329539014430009,"4","Kctd16"
"Zmat11",1.93071391517785e-05,0.511866258595881,0.43,0.288,0.338589299304739,"4","Zmat1"
"Ambra1",1.96117448454133e-05,0.449587220934703,0.537,0.39,0.343931169354012,"4","Ambra1"
"Ppp3ca1",1.99686243375013e-05,0.403567678932715,0.664,0.513,0.35018976500676,"4","Ppp3ca"
"Pdia3",2.13331667794775e-05,0.756711251604737,0.262,0.157,0.374119745811696,"4","Pdia3"
"Erc11",2.14788321913042e-05,0.56149652193906,0.467,0.336,0.376674280138901,"4","Erc1"
"Pik3ca",2.18063931001837e-05,0.629347623954804,0.291,0.178,0.382418715797922,"4","Pik3ca"
"Thap2",2.33186569477932e-05,0.65714550342377,0.287,0.176,0.40893928689345,"4","Thap2"
"Dock11",2.35089812246669e-05,0.680809330987794,0.303,0.19,0.412277003736984,"4","Dock11"
"Lrba",2.36292597758307e-05,0.443261683340136,0.484,0.337,0.414386328688742,"4","Lrba"
"mt-Nd21",2.3757881324569e-05,1.01096861324398,0.451,0.347,0.416641964788967,"4","mt-Nd2"
"Alk",2.50843868183109e-05,0.524389410978566,0.455,0.323,0.439904891632718,"4","Alk"
"Cdc14b",2.52900353996392e-05,0.466254039786297,0.406,0.266,0.443511350803472,"4","Cdc14b"
"Nrf1",2.5436150386231e-05,0.572803614171739,0.414,0.29,0.446073769323333,"4","Nrf1"
"Bbx1",2.54567714785238e-05,0.651944514266802,0.324,0.207,0.446435401418872,"4","Bbx"
"Ripor21",2.54892536021557e-05,0.482110131526249,0.488,0.351,0.447005040421005,"4","Ripor2"
"Xpo4",2.67491658974892e-05,0.717223975208516,0.262,0.157,0.469100122344269,"4","Xpo4"
"Celf1",2.72109275283024e-05,0.476482447997763,0.418,0.285,0.477198036063839,"4","Celf1"
"Reln",2.74101456965977e-05,0.775326929772084,0.279,0.171,0.480691725081233,"4","Reln"
"Samd4",2.75398735680764e-05,0.539341563811657,0.537,0.408,0.482966762763355,"4","Samd4"
"Acox1",2.7977228267729e-05,0.789088831016569,0.262,0.161,0.490636652131164,"4","Acox1"
"Zbtb201",2.84067255977317e-05,0.456431300616854,0.602,0.488,0.49816874680742,"4","Zbtb20"
"Zfp609",2.85239819953579e-05,0.454209565471322,0.504,0.363,0.500225072252591,"4","Zfp609"
"Csnk1g1",2.91836813547171e-05,0.541187622977029,0.471,0.338,0.511794219917675,"4","Csnk1g1"
"Rapgef6",2.98025072725535e-05,0.437665908620125,0.582,0.446,0.52264657003877,"4","Rapgef6"
"Strn3",3.07302123635784e-05,0.426447053979418,0.52,0.376,0.538915734220075,"4","Strn3"
"Pkn2",3.1369102405793e-05,0.614628881011363,0.381,0.26,0.550119948890392,"4","Pkn2"
"Crebrf",3.18273975955054e-05,0.693039018634117,0.348,0.235,0.558157071632378,"4","Crebrf"
"Nrxn3",3.19260012311535e-05,0.525273311066282,0.906,0.951,0.559886283590739,"4","Nrxn3"
"9630014M24Rik",3.30580010896353e-05,0.536408611344757,0.434,0.303,0.579738165108935,"4","9630014M24Rik"
"D930016D06Rik",3.39297223565512e-05,0.762682720519861,0.25,0.15,0.595025540966839,"4","D930016D06Rik"
"Map4k4",3.53478990791883e-05,0.610800232255603,0.369,0.249,0.619896106151726,"4","Map4k4"
"Klf12",3.54695075391168e-05,0.382168530553953,0.578,0.427,0.622028753713491,"4","Klf12"
"Slc24a21",3.57860656106252e-05,0.446909498468131,0.529,0.408,0.627580232613535,"4","Slc24a2"
"Atf7",3.60279894802715e-05,0.612819399892255,0.254,0.15,0.631822851515521,"4","Atf7"
"Sema6a",3.62315832678643e-05,0.461069848237651,0.365,0.239,0.635393275768536,"4","Sema6a"
"Map2",3.7863478565423e-05,0.356283634964949,0.836,0.751,0.664011823601823,"4","Map2"
"Lrrfip2",3.97160809076189e-05,0.571108750775894,0.336,0.22,0.696500910876912,"4","Lrrfip2"
"Zfhx41",4.06316416244934e-05,0.472873079387874,0.443,0.308,0.71255709916874,"4","Zfhx4"
"Zfp280d",4.07792204951515e-05,0.449862815857478,0.484,0.346,0.715145189823472,"4","Zfp280d"
"Cacna2d11",4.12812880393166e-05,0.458905311191265,0.381,0.259,0.723949948345495,"4","Cacna2d1"
"Dpy19l4",4.14569839761633e-05,0.617325095705591,0.287,0.178,0.727031127989976,"4","Dpy19l4"
"Pcdh171",4.16773882484537e-05,0.540861676135061,0.48,0.347,0.730896357713132,"4","Pcdh17"
"Mpdz1",4.18432367592339e-05,0.635396668627609,0.34,0.227,0.733804843046685,"4","Mpdz"
"Shtn1",4.25273424903919e-05,0.489044213451385,0.475,0.344,0.745802005254004,"4","Shtn1"
"Chn1",4.33867513304789e-05,0.533876172619951,0.328,0.209,0.760873458082608,"4","Chn1"
"Luzp2",4.35133158997123e-05,0.592419208178909,0.475,0.348,0.763093020933254,"4","Luzp2"
"Tle4",4.35489229144456e-05,0.531872892907806,0.328,0.208,0.763717461150633,"4","Tle4"
"Lrfn51",4.44680176582463e-05,0.340801097991764,0.877,0.8,0.779835625672665,"4","Lrfn5"
"Magi2",4.57066586535869e-05,0.215250523212676,0.988,0.975,0.801557672807953,"4","Magi2"
"Asap1",4.6171840674139e-05,0.570881188195035,0.426,0.305,0.809715569902376,"4","Asap1"
"Faf1",4.73732504386808e-05,0.581925603429036,0.426,0.308,0.830784692943145,"4","Faf1"
"Sppl3",4.86183862444107e-05,0.552478608592724,0.369,0.248,0.85262063956823,"4","Sppl3"
"Ptpro1",4.8730145246464e-05,0.457324538098521,0.48,0.347,0.85458055718724,"4","Ptpro"
"Hdac71",5.13953970250941e-05,0.493662705098449,0.369,0.246,0.901321077629075,"4","Hdac7"
"Atp6v0c",5.15336210257143e-05,0.747684174702955,0.266,0.166,0.903745111927952,"4","Atp6v0c"
"Lcorl",5.18441288872407e-05,0.506717653470365,0.352,0.233,0.90919048829554,"4","Lcorl"
"Scmh1",5.40949925454996e-05,0.4541788808842,0.508,0.383,0.948663884270427,"4","Scmh1"
"Senp7",5.48279518701335e-05,0.37204414004297,0.557,0.399,0.961517791946531,"4","Senp7"
"Kdm4c",5.50283835649638e-05,0.535012600438374,0.348,0.228,0.965032762578771,"4","Kdm4c"
"Setbp1",5.52300081078051e-05,0.438936948014893,0.611,0.456,0.968568652186577,"4","Setbp1"
"Rnf1651",5.69983003511708e-05,0.518131536228105,0.336,0.218,0.999579193258482,"4","Rnf165"
"Trip12",5.79028500115617e-05,0.38544340894704,0.602,0.46,1,"4","Trip12"
"Gabra51",5.82803207710755e-05,0.806353825392709,0.258,0.16,1,"4","Gabra5"
"Kcnc2",5.96546290225664e-05,0.500237085345973,0.611,0.498,1,"4","Kcnc2"
"Zfand3",6.0242187103839e-05,0.497486589162884,0.357,0.236,1,"4","Zfand3"
"Tab2",6.06105218095998e-05,0.706034291436263,0.299,0.196,1,"4","Tab2"
"Tra2a",6.27826415085061e-05,0.377252327051483,0.627,0.491,1,"4","Tra2a"
"A330023F24Rik",6.38360915218386e-05,0.395530436276779,0.623,0.5,1,"4","A330023F24Rik"
"Hook3",6.52391269550079e-05,0.463421457493348,0.422,0.293,1,"4","Hook3"
"Cep1701",6.65539356710119e-05,0.560468181121043,0.418,0.298,1,"4","Cep170"
"Itsn2",6.95077496909424e-05,0.333983667939951,0.549,0.405,1,"4","Itsn2"
"Igdcc41",7.17235487670733e-05,0.562184329182618,0.324,0.212,1,"4","Igdcc4"
"Gigyf2",7.36827050121118e-05,0.394786674769677,0.504,0.364,1,"4","Gigyf2"
"Dusp11",7.51903254876178e-05,0.466819350647043,0.471,0.341,1,"4","Dusp11"
"Tcf12",7.66708181292685e-05,0.535354430801515,0.406,0.282,1,"4","Tcf12"
"Nptn",7.78395986678462e-05,0.387009218567906,0.52,0.38,1,"4","Nptn"
"Nol4",7.87511844736939e-05,0.45273719990826,0.537,0.407,1,"4","Nol4"
"Gsk3b",8.036538006796e-05,0.531284344733472,0.41,0.293,1,"4","Gsk3b"
"Nhs",8.17003714412679e-05,0.470531984687914,0.41,0.281,1,"4","Nhs"
"Tbcel1",8.17510970123717e-05,0.56538008199675,0.283,0.178,1,"4","Tbcel"
"Plcxd31",8.34369376201165e-05,0.561283591956601,0.475,0.346,1,"4","Plcxd3"
"Robo21",8.53431284031035e-05,0.627869268455702,0.336,0.23,1,"4","Robo2"
"Zeb11",8.54861230765816e-05,0.284219604997341,0.791,0.639,1,"4","Zeb1"
"Nsd3",8.86205614668449e-05,0.343741458399116,0.598,0.451,1,"4","Nsd3"
"Ubr3",8.87536473440582e-05,0.345799835217567,0.611,0.468,1,"4","Ubr3"
"Ncoa1",8.9175774031686e-05,0.391857957061488,0.623,0.478,1,"4","Ncoa1"
"Tmem196",8.92632556523657e-05,0.682502896767329,0.25,0.154,1,"4","Tmem196"
"Entpd6",9.05198310402804e-05,0.638238510338317,0.279,0.176,1,"4","Entpd6"
"Slc8a31",9.10114648967005e-05,0.353686695668993,0.582,0.428,1,"4","Slc8a3"
"Exd2",9.36208173290458e-05,0.534649155407886,0.299,0.19,1,"4","Exd2"
"Evi5",9.61139054746029e-05,0.62532897221741,0.283,0.181,1,"4","Evi5"
"Rdx",9.62250095325133e-05,0.51831631156606,0.332,0.22,1,"4","Rdx"
"Arhgef4",9.77028137995155e-05,0.678465390519495,0.25,0.154,1,"4","Arhgef4"
"Camsap1",9.81750300846862e-05,0.472088718125683,0.361,0.24,1,"4","Camsap1"
"Ldb2",9.86233353610172e-05,0.597890669052387,0.365,0.248,1,"4","Ldb2"
"Casc4",0.000102815697661618,0.42198588225326,0.471,0.35,1,"4","Casc4"
"Usp8",0.000104902145059465,0.510861988331849,0.361,0.245,1,"4","Usp8"
"Acvr2b",0.000105202295033876,0.589282262966495,0.303,0.197,1,"4","Acvr2b"
"Rad54l2",0.000107816060499556,0.656682433273465,0.25,0.154,1,"4","Rad54l2"
"Myef2",0.000108642402738318,0.442795066962308,0.418,0.291,1,"4","Myef2"
"Jazf11",0.000108664502121548,0.483078179549428,0.533,0.412,1,"4","Jazf1"
"Ccny",0.000109623571686425,0.520513030743259,0.34,0.227,1,"4","Ccny"
"Aig1",0.000109827622822636,0.403187388930954,0.463,0.328,1,"4","Aig1"
"Dync1i21",0.000110112309379701,0.351205322343364,0.66,0.522,1,"4","Dync1i2"
"Uty",0.000110559817989965,0.608346204945315,0.34,0.232,1,"4","Uty"
"Pspc1",0.000111010834163906,0.639190241786055,0.262,0.164,1,"4","Pspc1"
"Prdm2",0.000113214761311255,0.673067086593664,0.307,0.206,1,"4","Prdm2"
"Fbxl17",0.0001166851291118,0.332980057330762,0.676,0.519,1,"4","Fbxl17"
"Ephb11",0.000116819256123002,0.736129042059435,0.443,0.335,1,"4","Ephb1"
"Syt162",0.000117059520143866,0.432417127138401,0.451,0.322,1,"4","Syt16"
"Mapk1",0.000121246736251927,0.533141493723102,0.357,0.243,1,"4","Mapk1"
"Letm2",0.000124542824712233,0.461310225870726,0.406,0.285,1,"4","Letm2"
"Kantr",0.000127472224990702,0.720714238046391,0.262,0.166,1,"4","Kantr"
"Cog5",0.000129003105282827,0.561202124419236,0.328,0.22,1,"4","Cog5"
"Vat1l1",0.000132606393518776,0.424204665872851,0.471,0.351,1,"4","Vat1l"
"Arhgap26",0.000134370542293192,0.428204752725471,0.52,0.385,1,"4","Arhgap26"
"Cspg5",0.000135716340827018,0.63746313756207,0.303,0.201,1,"4","Cspg5"
"Lgals8",0.000136767218090182,0.546301416103189,0.32,0.212,1,"4","Lgals8"
"Sestd1",0.000136999705448925,0.601804183221167,0.303,0.199,1,"4","Sestd1"
"Btrc",0.000139275369534059,0.419059719112712,0.434,0.312,1,"4","Btrc"
"Cntn1",0.000140633949218507,0.389747629018784,0.721,0.621,1,"4","Cntn1"
"Kdm5c",0.000142698176815193,0.588123936897936,0.295,0.193,1,"4","Kdm5c"
"Mpv17l",0.000142821475278074,0.568546707470243,0.27,0.17,1,"4","Mpv17l"
"Ralgps2",0.000148047150346035,0.468438234348863,0.414,0.295,1,"4","Ralgps2"
"Ercc6l2",0.00015444623138744,0.531401346885995,0.316,0.207,1,"4","Ercc6l2"
"Atrnl11",0.000155322779540205,0.418612970510641,0.463,0.335,1,"4","Atrnl1"
"Slc12a6",0.000161334541028843,0.479342102137003,0.357,0.241,1,"4","Slc12a6"
"Pde8b1",0.000163134113761827,0.667798465467639,0.434,0.329,1,"4","Pde8b"
"Basp1",0.000163629745291496,0.614236585704533,0.307,0.205,1,"4","Basp1"
"Srgap1",0.000167615434011863,0.349456947282297,0.475,0.34,1,"4","Srgap1"
"Rbm33",0.000168203872391992,0.502308435365668,0.402,0.286,1,"4","Rbm33"
"Sobp",0.00017078799266201,0.374655719663443,0.578,0.45,1,"4","Sobp"
"Tmod21",0.000171373820245456,0.481023082593074,0.389,0.269,1,"4","Tmod2"
"Trim44",0.000173197834900853,0.590215524515096,0.287,0.187,1,"4","Trim44"
"Itch",0.000175628539378052,0.4455032509527,0.475,0.358,1,"4","Itch"
"Fto",0.000176211705978318,0.315895311134787,0.59,0.441,1,"4","Fto"
"Rims2",0.00017803039126969,0.25327601847935,0.893,0.82,1,"4","Rims2"
"Impact",0.000184024388117334,0.517659033688105,0.344,0.234,1,"4","Impact"
"Epb41l4b1",0.000185633856574817,0.433427413979547,0.447,0.331,1,"4","Epb41l4b"
"Rc3h2",0.00019366557767805,0.588403851977874,0.414,0.315,1,"4","Rc3h2"
"Ehbp1",0.000193735320183139,0.468288796962381,0.549,0.433,1,"4","Ehbp1"
"Ccdc136",0.00019621807963919,0.627143707483838,0.324,0.223,1,"4","Ccdc136"
"Ndfip1",0.000200457898394145,0.581485421872337,0.352,0.247,1,"4","Ndfip1"
"Kcnj61",0.000201379924769431,0.479720113040681,0.455,0.338,1,"4","Kcnj6"
"Txlng",0.000201430825202779,0.411522194735737,0.443,0.315,1,"4","Txlng"
"Abr1",0.000205699335044993,0.273426462449418,0.701,0.539,1,"4","Abr"
"Ube2k",0.000206457447317703,0.47514554237843,0.402,0.288,1,"4","Ube2k"
"Sema4d",0.000207711546919818,0.547686430473484,0.32,0.215,1,"4","Sema4d"
"Tulp4",0.000207979229621684,0.342367522495978,0.553,0.406,1,"4","Tulp4"
"Lgi11",0.00021409834187655,0.564874121747162,0.266,0.17,1,"4","Lgi1"
"Myrip",0.000216217629108041,0.650520474035803,0.27,0.177,1,"4","Myrip"
"Bbs9",0.00021771898500136,0.416318182832433,0.459,0.337,1,"4","Bbs9"
"2210408I21Rik1",0.000219003780569856,0.373564661208875,0.492,0.356,1,"4","2210408I21Rik"
"mt-Co11",0.000222120660273305,0.840686662273343,0.59,0.483,1,"4","mt-Co1"
"Stim1",0.000224290375209409,0.524481932946204,0.344,0.239,1,"4","Stim1"
"Atf2",0.000227593958680944,0.624083349395847,0.307,0.209,1,"4","Atf2"
"Dtna1",0.000228709682137631,0.430437686441411,0.496,0.377,1,"4","Dtna"
"Stox2",0.00023163072047462,0.343671359042823,0.561,0.43,1,"4","Stox2"
"Copg2",0.000234540750455298,0.35691207029092,0.414,0.286,1,"4","Copg2"
"Map7d2",0.000242272637186585,0.336984092223807,0.561,0.429,1,"4","Map7d2"
"Fbxw4",0.000244389264360176,0.474985697092867,0.34,0.231,1,"4","Fbxw4"
"Dpysl31",0.000244850818903385,0.543870426007399,0.336,0.23,1,"4","Dpysl3"
"Zfp652",0.000244954703784446,0.543015029238107,0.307,0.205,1,"4","Zfp652"
"Apc",0.000246131254490758,0.250631818761498,0.75,0.605,1,"4","Apc"
"Phka11",0.000246247589734734,0.680169696731744,0.279,0.183,1,"4","Phka1"
"Pum2",0.000249088729307376,0.671426063659768,0.262,0.171,1,"4","Pum2"
"Snx29",0.000251858196555596,0.427007335993321,0.414,0.294,1,"4","Snx29"
"Tmem189",0.000252789669477387,0.532569048318329,0.316,0.211,1,"4","Tmem189"
"Ttc7b",0.000255492781336195,0.434148355985125,0.426,0.308,1,"4","Ttc7b"
"Ptprf1",0.000255838147783124,0.417547925697802,0.451,0.33,1,"4","Ptprf"
"Dtd1",0.000257270098824254,0.435370277836153,0.471,0.35,1,"4","Dtd1"
"Fnbp1l1",0.000259877806288559,0.291359089789279,0.508,0.363,1,"4","Fnbp1l"
"Map2k41",0.000260775637448818,0.498411890010105,0.426,0.317,1,"4","Map2k4"
"Pacs1",0.000262553599971013,0.348092817349657,0.508,0.381,1,"4","Pacs1"
"Uhrf2",0.000267580283352919,0.568546707470243,0.266,0.172,1,"4","Uhrf2"
"Atp8a1",0.000274653137006986,0.388966962289723,0.529,0.414,1,"4","Atp8a1"
"Kdm2a",0.00028058732945214,0.357322863329674,0.504,0.372,1,"4","Kdm2a"
"N4bp2l1",0.00029151697528117,0.551286655554154,0.377,0.269,1,"4","N4bp2l1"
"E130308A19Rik",0.00030466095688697,0.540621246996785,0.27,0.175,1,"4","E130308A19Rik"
"Stau2",0.000306471708483998,0.269678562655239,0.738,0.623,1,"4","Stau2"
"Ube2w",0.000311797911145507,0.620441327793912,0.266,0.174,1,"4","Ube2w"
"Mapre2",0.000313550797634349,0.581555186375404,0.279,0.184,1,"4","Mapre2"
"Slc9a7",0.000319806454260676,0.383009506993324,0.451,0.324,1,"4","Slc9a7"
"Ankrd551",0.000321315199145878,0.562652280870434,0.377,0.274,1,"4","Ankrd55"
"Slf1",0.000325185332010908,0.359512325685391,0.398,0.277,1,"4","Slf1"
"Spast",0.000333524771275047,0.471341005595078,0.316,0.212,1,"4","Spast"
"Nedd4l1",0.000336082078032701,0.296663228326194,0.574,0.425,1,"4","Nedd4l"
"Sh3d19",0.000336648221270552,0.557234645869262,0.25,0.159,1,"4","Sh3d19"
"Mgat5",0.000345398253403314,0.487949382427897,0.389,0.285,1,"4","Mgat5"
"Dnajc61",0.00034625331885542,0.33517437362967,0.59,0.454,1,"4","Dnajc6"
"Aff31",0.000348320560461036,0.313046948825756,0.578,0.431,1,"4","Aff3"
"Sorcs11",0.000349004182509183,0.197453853837247,0.615,0.455,1,"4","Sorcs1"
"Opcml",0.000350229467242073,0.339072218934558,0.832,0.764,1,"4","Opcml"
"Tshz22",0.00035177895195447,0.3078146415071,0.619,0.489,1,"4","Tshz2"
"Sik3",0.000355124225425546,0.314958800202265,0.643,0.503,1,"4","Sik3"
"Cpne72",0.000365575779728201,0.292892212297007,0.439,0.312,1,"4","Cpne7"
"Dscam1",0.000371628121725258,0.198922814561245,0.939,0.856,1,"4","Dscam"
"Parp8",0.000382371631701691,0.52042873901697,0.439,0.335,1,"4","Parp8"
"Hnrnph3",0.000386621328477403,0.603494862565113,0.291,0.195,1,"4","Hnrnph3"
"Smg6",0.00039047961504598,0.41713529089795,0.557,0.438,1,"4","Smg6"
"Kif2a",0.000391966627123969,0.551989408473315,0.352,0.25,1,"4","Kif2a"
"Zfp536",0.000395134642819296,0.458752069378928,0.299,0.201,1,"4","Zfp536"
"Srpk21",0.000401522744416588,0.393994547687126,0.57,0.452,1,"4","Srpk2"
"Hivep2",0.000401906520432593,0.30859359141911,0.59,0.445,1,"4","Hivep2"
"Taok1",0.00040574721426581,0.494932334961736,0.426,0.315,1,"4","Taok1"
"Ubn2",0.000410657966354737,0.276268237014076,0.799,0.661,1,"4","Ubn2"
"Adgrb31",0.000416636319791378,0.234175828283253,0.963,0.941,1,"4","Adgrb3"
"Arhgef9",0.000423163631695614,0.511333603968863,0.32,0.219,1,"4","Arhgef9"
"Cbl",0.000426167684563171,0.601349411505299,0.266,0.175,1,"4","Cbl"
"Wsb11",0.000428552675487308,0.413161703775998,0.516,0.404,1,"4","Wsb1"
"Lin28b",0.000435611457358378,0.450847649355389,0.361,0.252,1,"4","Lin28b"
"Ubr1",0.000445249371974485,0.396416165544474,0.439,0.318,1,"4","Ubr1"
"Ccdc50",0.000452639524666137,0.561547638740344,0.369,0.266,1,"4","Ccdc50"
"Trip4",0.000452905859151323,0.483146178278774,0.324,0.221,1,"4","Trip4"
"Lingo21",0.000453655188702235,0.324423352322749,0.947,0.951,1,"4","Lingo2"
"Zc3h15",0.000456199287828955,0.513479438888732,0.27,0.178,1,"4","Zc3h15"
"Tmem130",0.000456750785535646,0.424305923364395,0.459,0.338,1,"4","Tmem130"
"Ppm1h",0.000459566180672812,0.430498432774643,0.434,0.324,1,"4","Ppm1h"
"Rnf150",0.000461269252364942,0.375882365182626,0.393,0.278,1,"4","Rnf150"
"Kmt5b",0.000462218082946146,0.535208339539263,0.279,0.185,1,"4","Kmt5b"
"Pan3",0.000465275355555988,0.4943203031181,0.369,0.265,1,"4","Pan3"
"Zfhx31",0.000472180250579351,0.331848607210692,0.799,0.691,1,"4","Zfhx3"
"Ttc8",0.000485417913628148,0.554407397834511,0.336,0.239,1,"4","Ttc8"
"Pura",0.000496880888380911,0.608346204945315,0.332,0.238,1,"4","Pura"
"Igf1r",0.000502309314065842,0.575028279286253,0.385,0.285,1,"4","Igf1r"
"Hs6st2",0.000503203829176961,0.74747164571924,0.283,0.198,1,"4","Hs6st2"
"Lonp2",0.000505239287459426,0.54334096019752,0.307,0.209,1,"4","Lonp2"
"Gabrb31",0.000506376994173065,0.298207463808624,0.709,0.566,1,"4","Gabrb3"
"Spire1",0.000519987391940694,0.353134711411293,0.434,0.313,1,"4","Spire1"
"Ptprg1",0.000533706425193137,0.375826592806378,0.635,0.506,1,"4","Ptprg"
"Tcf20",0.000534064715820442,0.361053772254636,0.578,0.465,1,"4","Tcf20"
"Ube2b",0.000536381335855948,0.274524876714926,0.656,0.518,1,"4","Ube2b"
"Ncam1",0.000555000628494306,0.263644608486907,0.873,0.789,1,"4","Ncam1"
"Cacna1d",0.000555308440718174,0.211426044578757,0.77,0.601,1,"4","Cacna1d"
"Phf21a",0.000563337695507385,0.383009506993324,0.525,0.402,1,"4","Phf21a"
"Rmdn1",0.00056546610584347,0.413383156036843,0.402,0.291,1,"4","Rmdn1"
"Ascc3",0.000581569221823741,0.417249831411757,0.422,0.311,1,"4","Ascc3"
"Pak1",0.000592103638801503,0.561202124419236,0.266,0.177,1,"4","Pak1"
"Atp2a2",0.000596209716414991,0.582909567881126,0.311,0.22,1,"4","Atp2a2"
"Rfx7",0.000597014257221624,0.251764973715071,0.508,0.367,1,"4","Rfx7"
"Nsd2",0.00060514933972061,0.35026955236105,0.443,0.325,1,"4","Nsd2"
"Arhgap44",0.000618839702313928,0.34361068934661,0.426,0.305,1,"4","Arhgap44"
"Tenm2",0.000618880170984582,0.420587115665679,0.82,0.799,1,"4","Tenm2"
"Dym1",0.000624394510781328,0.444853725751713,0.348,0.244,1,"4","Dym"
"Miga1",0.000628177437436803,0.477408998154164,0.34,0.239,1,"4","Miga1"
"Fbxw7",0.000635250865937328,0.61967605931189,0.262,0.176,1,"4","Fbxw7"
"Pias1",0.000639722655146289,0.522703357643064,0.352,0.258,1,"4","Pias1"
"N4bp2l2",0.000656000525561336,0.465956688215546,0.43,0.327,1,"4","N4bp2l2"
"Iqcb1",0.000658814205851936,0.575389359263332,0.258,0.171,1,"4","Iqcb1"
"mt-Co31",0.000660287927219597,0.952365673988806,0.68,0.64,1,"4","mt-Co3"
"Akap10",0.000664207747618944,0.566407796713908,0.258,0.17,1,"4","Akap10"
"Cep126",0.000668840472154901,0.527399416328498,0.283,0.19,1,"4","Cep126"
"Riok3",0.000674912848562668,0.465471667185297,0.361,0.258,1,"4","Riok3"
"Tlk2",0.000685401843700077,0.499772496866183,0.332,0.234,1,"4","Tlk2"
"5031425E22Rik1",0.000695599299041255,0.378893398521092,0.344,0.237,1,"4","5031425E22Rik"
"Prkca",0.000707386071371745,0.423341601028542,0.5,0.381,1,"4","Prkca"
"Slc38a2",0.00071118519606575,0.589900834789584,0.25,0.165,1,"4","Slc38a2"
"Foxk2",0.000727163756759464,0.549409720362011,0.266,0.177,1,"4","Foxk2"
"Uhrf1bp1l",0.000747193506837685,0.401202623759293,0.377,0.271,1,"4","Uhrf1bp1l"
"Raph1",0.000747639360608063,0.47685780770871,0.311,0.215,1,"4","Raph1"
"Zbtb7c1",0.00074858665940193,0.364393828825977,0.295,0.195,1,"4","Zbtb7c"
"Rsbn1",0.00076407634382645,0.57608135465955,0.295,0.205,1,"4","Rsbn1"
"A930015D03Rik",0.000770262578964279,0.509046864434636,0.344,0.249,1,"4","A930015D03Rik"
"Wnk1",0.000771777242305284,0.386348307467285,0.537,0.427,1,"4","Wnk1"
"Pja2",0.000773006220803789,0.490246417911033,0.369,0.267,1,"4","Pja2"
"B230209E15Rik",0.000773495309255889,0.541976548188138,0.291,0.2,1,"4","B230209E15Rik"
"1110051M20Rik1",0.000774241350651596,0.255729857352831,0.68,0.555,1,"4","1110051M20Rik"
"Dcaf8",0.000790669891740712,0.477358733828903,0.303,0.208,1,"4","Dcaf8"
"Polb",0.000866268159378775,0.401778142650306,0.426,0.318,1,"4","Polb"
"Tcf4",0.000866622323772697,0.359118886785303,0.336,0.239,1,"4","Tcf4"
"Lpgat1",0.000867743730291459,0.471384580358084,0.361,0.259,1,"4","Lpgat1"
"Cux11",0.00087013957001384,0.401413382320844,0.422,0.312,1,"4","Cux1"
"Btbd7",0.000877972234472425,0.488445781983922,0.332,0.236,1,"4","Btbd7"
"Kif13a1",0.000881575172038156,0.533666174730857,0.287,0.198,1,"4","Kif13a"
"Atf7ip",0.00089490384288062,0.472764159751653,0.275,0.184,1,"4","Atf7ip"
"Arid2",0.000908707865562263,0.509290035776767,0.324,0.228,1,"4","Arid2"
"Kcnd22",0.000910125319865656,0.203639659766562,0.893,0.904,1,"4","Kcnd2"
"A230006K03Rik",0.0009151860829024,0.243101058694098,0.738,0.626,1,"4","A230006K03Rik"
"Clvs1",0.000956921297756184,0.453398834884722,0.385,0.282,1,"4","Clvs1"
"Chchd3",0.000959264064499103,0.407595145271597,0.385,0.283,1,"4","Chchd3"
"Slc38a62",0.000964191270403624,0.493291562008235,0.32,0.225,1,"4","Slc38a6"
"Rufy3",0.000968602961578575,0.386100445595882,0.504,0.398,1,"4","Rufy3"
"Etnk1",0.0010033613149391,0.332808694071133,0.541,0.426,1,"4","Etnk1"
"Ankfy1",0.00100391265961874,0.505521565960854,0.316,0.224,1,"4","Ankfy1"
"Cnnm1",0.00100611348117005,0.432242183288158,0.316,0.219,1,"4","Cnnm1"
"C530008M17Rik",0.00100666314820046,0.301820125923064,0.672,0.546,1,"4","C530008M17Rik"
"Mvb12b1",0.00102418517283287,0.448637460790996,0.381,0.28,1,"4","Mvb12b"
"Inpp5a1",0.00103756852566847,0.520811756293739,0.291,0.202,1,"4","Inpp5a"
"Ocrl",0.00104258447104588,0.58061524921175,0.332,0.239,1,"4","Ocrl"
"Pam1",0.00105325613388368,0.431735546809745,0.549,0.436,1,"4","Pam"
"Osbpl8",0.00105472944072933,0.389567223015486,0.299,0.205,1,"4","Osbpl8"
"Susd41",0.0010713582520686,0.363175608676845,0.48,0.366,1,"4","Susd4"
"Tmem150c",0.00111234528147008,0.522601623277259,0.262,0.177,1,"4","Tmem150c"
"Rnf1301",0.00114489532486448,0.318688526026467,0.447,0.329,1,"4","Rnf130"
"Rnf217",0.00115162170224084,0.519153280368436,0.307,0.22,1,"4","Rnf217"
"Ncoa2",0.00116246356085282,0.304946396649465,0.525,0.406,1,"4","Ncoa2"
"Apba1",0.00118174462051458,0.358754871005155,0.639,0.531,1,"4","Apba1"
"Vps35l",0.00118590824058235,0.383009506993324,0.352,0.25,1,"4","Vps35l"
"Ankrd101",0.00119836437604565,0.402859282852345,0.377,0.278,1,"4","Ankrd10"
"Casc3",0.00120210379874337,0.432478183257624,0.311,0.216,1,"4","Casc3"
"Nudcd3",0.00120392749888965,0.298120609406811,0.484,0.362,1,"4","Nudcd3"
"Gm4924",0.00121963758402146,0.496387342434985,0.328,0.237,1,"4","Gm4924"
"Arfgef3",0.00123251025907494,0.397171044417059,0.451,0.347,1,"4","Arfgef3"
"Irf21",0.00123977842932398,0.461289620504187,0.357,0.257,1,"4","Irf2"
"Setd5",0.00124328703086263,0.285122120788867,0.652,0.52,1,"4","Setd5"
"Stx161",0.00124601350331675,0.448065390581681,0.357,0.259,1,"4","Stx16"
"Relch",0.00125446775633714,0.420484212411987,0.324,0.227,1,"4","Relch"
"Pdss2",0.00126220962054202,0.364776821485554,0.459,0.348,1,"4","Pdss2"
"Morf4l1",0.00126574932592525,0.435062775875317,0.307,0.214,1,"4","Morf4l1"
"Ccser2",0.00126835974640111,0.517046053908925,0.311,0.223,1,"4","Ccser2"
"Nt5c2",0.00132126522965576,0.343229605007969,0.463,0.36,1,"4","Nt5c2"
"Stmn2",0.00133104632614475,0.393201037302236,0.369,0.265,1,"4","Stmn2"
"Cacna1c2",0.00133830015799432,0.230577103906395,0.861,0.786,1,"4","Cacna1c"
"Mtmr3",0.00133928087999903,0.461994858573107,0.34,0.247,1,"4","Mtmr3"
"Sh3gl21",0.00134734716380342,0.618413922203228,0.287,0.204,1,"4","Sh3gl2"
"Zdhhc21",0.00134801949767716,0.527399416328498,0.307,0.218,1,"4","Zdhhc2"
"Nlk",0.00135154320878758,0.466819350647043,0.34,0.245,1,"4","Nlk"
"Fchsd2",0.00135393074694152,0.311246450911668,0.504,0.386,1,"4","Fchsd2"
"Supt3",0.00136285107505316,0.479394043417666,0.287,0.198,1,"4","Supt3"
"Kif5b",0.00137699407537315,0.324845060933354,0.451,0.341,1,"4","Kif5b"
"Ptchd41",0.00138869946898464,0.582098983984891,0.291,0.206,1,"4","Ptchd4"
"Sos2",0.00139045295637907,0.440631538810844,0.316,0.222,1,"4","Sos2"
"Pcmtd1",0.00139939026738341,0.406572978764003,0.332,0.234,1,"4","Pcmtd1"
"Ppp2r5e",0.00140131748902054,0.526676442100946,0.336,0.245,1,"4","Ppp2r5e"
"Pakap.1",0.00140700638758281,0.363867613293153,0.455,0.344,1,"4","Pakap.1"
"Klf7",0.00143829202997963,0.432708976117537,0.311,0.22,1,"4","Klf7"
"Ccnt2",0.00144776822931439,0.486263468790348,0.352,0.262,1,"4","Ccnt2"
"Cntnap5a2",0.0014628287366129,0.448305057983476,0.668,0.586,1,"4","Cntnap5a"
"Sorbs1",0.00146401160334563,0.369229067515419,0.59,0.493,1,"4","Sorbs1"
"Zfp5121",0.00147049540930497,0.366521384204755,0.385,0.275,1,"4","Zfp512"
"Ntng11",0.00147337367251195,0.718441866230434,0.303,0.219,1,"4","Ntng1"
"Zmym4",0.00148057153238931,0.302536928279768,0.586,0.461,1,"4","Zmym4"
"Ddi2",0.00151156824682072,0.427733951491375,0.279,0.19,1,"4","Ddi2"
"D3Ertd751e",0.00152633357205201,0.383009506993324,0.352,0.254,1,"4","D3Ertd751e"
"Pde7a",0.00152756985944533,0.448897442649781,0.324,0.231,1,"4","Pde7a"
"Dennd1b",0.00158215728418582,0.495730332591042,0.283,0.198,1,"4","Dennd1b"
"Aftph",0.00161404317674032,0.412967786134647,0.324,0.229,1,"4","Aftph"
"Dennd1a",0.0016261822299562,0.248689683361391,0.717,0.591,1,"4","Dennd1a"
"B3galt11",0.00164012094987001,0.244650448758408,0.602,0.487,1,"4","B3galt1"
"Adnp",0.00165095446078352,0.538720649215935,0.316,0.228,1,"4","Adnp"
"Luc7l2",0.00165134159280716,0.281766323534789,0.697,0.572,1,"4","Luc7l2"
"Usp47",0.00166735219732933,0.393456294428439,0.348,0.25,1,"4","Usp47"
"Rtn1",0.00171973307492994,0.233858118801222,0.807,0.712,1,"4","Rtn1"
"Prkn1",0.00172716158845048,0.231621766528765,0.865,0.786,1,"4","Prkn"
"Slc44a5",0.00179021094174549,0.70171173501175,0.287,0.21,1,"4","Slc44a5"
"Ube4a1",0.0018180599373332,0.387596776488975,0.352,0.256,1,"4","Ube4a"
"Abhd18",0.00183637000049085,0.424829682687951,0.34,0.245,1,"4","Abhd18"
"Arl15",0.00184118957547243,0.422989616875313,0.422,0.319,1,"4","Arl15"
"Zfp407",0.00186341073192999,0.646540623123258,0.258,0.181,1,"4","Zfp407"
"Csmd1",0.00186611184708752,0.168151906383431,0.955,0.94,1,"4","Csmd1"
"Tmx4",0.00188307622879951,0.384215269738721,0.373,0.274,1,"4","Tmx4"
"Tmem117",0.00191268371257136,0.498050601362511,0.324,0.237,1,"4","Tmem117"
"Tut4",0.00199720523955577,0.308596196311747,0.574,0.472,1,"4","Tut4"
"Ksr21",0.00200515855678708,0.171070548604344,0.779,0.644,1,"4","Ksr2"
"Tbl1x2",0.00201202776835197,0.379333848849925,0.365,0.27,1,"4","Tbl1x"
"Trappc8",0.00201436477967542,0.444410051657467,0.287,0.201,1,"4","Trappc8"
"Esyt2",0.0020375097057948,0.443732500291242,0.369,0.277,1,"4","Esyt2"
"Slc4a7",0.00207705749030639,0.393617606559304,0.352,0.255,1,"4","Slc4a7"
"Pard31",0.002079210623047,0.478448323920747,0.361,0.27,1,"4","Pard3"
"Slc25a36",0.00211608349450439,0.425519802309285,0.295,0.208,1,"4","Slc25a36"
"Prkacb1",0.00212794129879864,0.343703970058792,0.352,0.254,1,"4","Prkacb"
"Ogfod1",0.00215459210717115,0.363145687694043,0.295,0.205,1,"4","Ogfod1"
"Fermt2",0.00216387660988758,0.4374572910157,0.324,0.234,1,"4","Fermt2"
"Grid2",0.00217578813634049,0.32118637467255,0.914,0.934,1,"4","Grid2"
"Rasgef1b",0.00217693073110279,0.375484107424587,0.434,0.33,1,"4","Rasgef1b"
"Map3k3",0.00218480104541115,0.409169698663378,0.344,0.252,1,"4","Map3k3"
"Dido1",0.00226324593004267,0.374789000188355,0.389,0.292,1,"4","Dido1"
"Zfp91",0.00228017827222761,0.413270722179412,0.357,0.266,1,"4","Zfp91"
"Grid1",0.0023000102658747,0.239327294010693,0.775,0.679,1,"4","Grid1"
"Cdip1",0.00230108214496528,0.597507544522897,0.266,0.189,1,"4","Cdip1"
"Zc3h7b",0.00233125698171137,0.406588296030529,0.32,0.229,1,"4","Zc3h7b"
"Xpo7",0.00233366394241432,0.387348442717661,0.369,0.273,1,"4","Xpo7"
"Fxr1",0.00237401831307291,0.428587079489096,0.328,0.239,1,"4","Fxr1"
"Gria4",0.00239843200991305,0.172815296711353,0.939,0.899,1,"4","Gria4"
"Kcnq51",0.00241930126194696,0.301546816893068,0.5,0.409,1,"4","Kcnq5"
"Canx",0.00243617628439451,0.506067903397662,0.328,0.244,1,"4","Canx"
"Nexmif1",0.00244718204153906,0.374157160221147,0.393,0.297,1,"4","Nexmif"
"Vps54",0.00251573181036771,0.471803415266143,0.258,0.177,1,"4","Vps54"
"Opa1",0.00253191128738964,0.446545163843659,0.295,0.21,1,"4","Opa1"
"Wac",0.00256063983851018,0.582970882190444,0.258,0.182,1,"4","Wac"
"Dip2c1",0.00258556430878533,0.306311809434415,0.693,0.587,1,"4","Dip2c"
"Ttc21b",0.00258993058720026,0.599820896066472,0.27,0.194,1,"4","Ttc21b"
"Osbpl61",0.0026861539873872,0.165577749932906,0.721,0.585,1,"4","Osbpl6"
"Sh3kbp1",0.00270253712652495,0.667009503925014,0.283,0.208,1,"4","Sh3kbp1"
"Hk1",0.00274813222283374,0.434174267619823,0.291,0.207,1,"4","Hk1"
"Rapgef2",0.00277069581187569,0.499502804453325,0.365,0.281,1,"4","Rapgef2"
"Cacna1e1",0.00283467921218443,0.232039627267996,0.75,0.661,1,"4","Cacna1e"
"Rc3h1",0.00283894149601705,0.423062756513763,0.283,0.198,1,"4","Rc3h1"
"Zfp9501",0.00286565267208021,0.216292894041454,0.443,0.327,1,"4","Zfp950"
"Stag2",0.00287011883392554,0.430191443723396,0.262,0.182,1,"4","Stag2"
"Ric8b",0.00288525592306577,0.363657853785968,0.262,0.179,1,"4","Ric8b"
"Tox21",0.0029106351754385,0.404930125250246,0.369,0.275,1,"4","Tox2"
"Lncpint",0.00291839597742567,0.303568780423224,0.721,0.619,1,"4","Lncpint"
"Neo11",0.00293233469137501,0.300628554481476,0.332,0.238,1,"4","Neo1"
"Slc4a10",0.00293728387047958,0.365806435460806,0.398,0.298,1,"4","Slc4a10"
"Xpr1",0.00300292823622106,0.373671642413988,0.402,0.308,1,"4","Xpr1"
"Larp4b",0.00301951198514927,0.318326137389549,0.373,0.277,1,"4","Larp4b"
"Cul1",0.00302457620691564,0.422419530187286,0.393,0.304,1,"4","Cul1"
"Urgcp",0.00306274850568438,0.356497851330866,0.332,0.241,1,"4","Urgcp"
"Gpc6",0.003062962105464,0.383252282768552,0.426,0.34,1,"4","Gpc6"
"Mllt10",0.00306460434032117,0.284465717318461,0.533,0.43,1,"4","Mllt10"
"Ralgapa1",0.00310483976063154,0.264760540323334,0.697,0.585,1,"4","Ralgapa1"
"Fyttd1",0.00312317485083589,0.53469893698657,0.254,0.179,1,"4","Fyttd1"
"Washc4",0.00315435952047208,0.440488725997335,0.307,0.221,1,"4","Washc4"
"1700012D14Rik",0.00316695398146907,0.500048928183543,0.266,0.188,1,"4","1700012D14Rik"
"Ube2d2a",0.00318731428594458,0.508005165535192,0.254,0.176,1,"4","Ube2d2a"
"Arid4b1",0.00319497000786438,0.245177313680311,0.586,0.479,1,"4","Arid4b"
"Celf6",0.0032137023545783,0.461012018994597,0.266,0.186,1,"4","Celf6"
"Nup98",0.00321606438380388,0.510290171027142,0.262,0.185,1,"4","Nup98"
"Gmds",0.00321784321706268,0.417506341882092,0.373,0.285,1,"4","Gmds"
"Grin3a",0.00322440287233013,0.490943203744857,0.43,0.344,1,"4","Grin3a"
"4732471J01Rik",0.00323590127717103,0.275779441652409,0.516,0.405,1,"4","4732471J01Rik"
"Chka1",0.0032574319077925,0.453398834884722,0.402,0.313,1,"4","Chka"
"Elavl41",0.00329488156654266,0.381084630068832,0.336,0.248,1,"4","Elavl4"
"Hira",0.00334616037532055,0.402585045330084,0.348,0.262,1,"4","Hira"
"Rbms1",0.00335797352586889,0.449202918090243,0.287,0.204,1,"4","Rbms1"
"Faf2",0.00337106375054597,0.420710216178547,0.316,0.231,1,"4","Faf2"
"Anks1b1",0.00341445661941244,0.164033943220661,0.967,0.934,1,"4","Anks1b"
"9930021J03Rik1",0.00346765896836152,0.440158335644395,0.398,0.312,1,"4","9930021J03Rik"
"Smarca2",0.00348003607094695,0.454729120862692,0.48,0.395,1,"4","Smarca2"
"A230057D06Rik",0.00348918528786621,0.160688840705138,0.971,0.974,1,"4","A230057D06Rik"
"Cstf3",0.00349604003632365,0.491721566343122,0.324,0.24,1,"4","Cstf3"
"Rap1gap21",0.00351964926529121,0.342637412131203,0.34,0.248,1,"4","Rap1gap2"
"Lmbr1",0.00353591879703068,0.420122680010423,0.303,0.219,1,"4","Lmbr1"
"2210408F21Rik1",0.00355363755976416,0.382068721149168,0.414,0.323,1,"4","2210408F21Rik"
"Rab2a",0.00355815212370119,0.431088673159633,0.27,0.191,1,"4","Rab2a"
"Mllt31",0.00362019355575863,0.339852936415712,0.402,0.315,1,"4","Mllt3"
"Specc1l",0.0036243587538003,0.296894349204731,0.344,0.249,1,"4","Specc1l"
"Hdlbp",0.00377364998254056,0.5356565170038,0.275,0.197,1,"4","Hdlbp"
"Prkg11",0.00378576333335927,0.122238596490895,0.648,0.532,1,"4","Prkg1"
"Gatad2b",0.00382764047037327,0.351519220865508,0.393,0.299,1,"4","Gatad2b"
"Plcb4",0.0038366291967608,0.30668854701816,0.516,0.407,1,"4","Plcb4"
"Cd2ap",0.0038501674595924,0.435020305569867,0.275,0.195,1,"4","Cd2ap"
"Gpcpd1",0.00388024694211062,0.465144042557821,0.262,0.185,1,"4","Gpcpd1"
"Nfx1",0.0039198900054889,0.305968471229496,0.467,0.368,1,"4","Nfx1"
"Fam120c1",0.00394435962081279,0.399339707933901,0.352,0.266,1,"4","Fam120c"
"Efna51",0.00399308086337422,0.359984839540797,0.512,0.409,1,"4","Efna5"
"Sesn1",0.00401089464067474,0.432242183288158,0.291,0.211,1,"4","Sesn1"
"1700025G04Rik",0.00401192167685539,0.408544599100461,0.357,0.27,1,"4","1700025G04Rik"
"Mta31",0.00401363257406196,0.441968254108317,0.299,0.22,1,"4","Mta3"
"Insr",0.00402640937628475,0.396815306518354,0.369,0.281,1,"4","Insr"
"Gabrb2",0.00402901929467637,0.359950491212722,0.352,0.266,1,"4","Gabrb2"
"Gabra3",0.00404386570504184,0.340856055578378,0.352,0.263,1,"4","Gabra3"
"Calm2",0.00407356198595182,0.419846275173695,0.295,0.214,1,"4","Calm2"
"Trhde",0.00408082023892749,0.743281202841276,0.262,0.186,1,"4","Trhde"
"Atxn7",0.00408451856935799,0.376376414660877,0.32,0.234,1,"4","Atxn7"
"Dzip3",0.00408993586871557,0.243064185694239,0.594,0.481,1,"4","Dzip3"
"Alms1",0.00409760061606081,0.414036402613948,0.303,0.222,1,"4","Alms1"
"Fam126b",0.00409858234912017,0.413432427567077,0.303,0.218,1,"4","Fam126b"
"Tcp11l1",0.00410759530725294,0.408801390173118,0.295,0.213,1,"4","Tcp11l1"
"Glg1",0.00415141933377831,0.321801952101509,0.5,0.393,1,"4","Glg1"
"Epc1",0.00416119039132881,0.448374935295227,0.295,0.215,1,"4","Epc1"
"Nova11",0.00417852787194806,0.481827243211239,0.34,0.261,1,"4","Nova1"
"N4bp21",0.00417867343661142,0.420794169452794,0.393,0.308,1,"4","N4bp2"
"Nfkb1",0.00419494829723042,0.445019169268749,0.316,0.234,1,"4","Nfkb1"
"Vps13c",0.00421067087771789,0.283851057929037,0.5,0.397,1,"4","Vps13c"
"Pex1",0.00421209829214635,0.462116051985831,0.279,0.201,1,"4","Pex1"
"Rcan2",0.00421689200877761,0.394236762416578,0.369,0.284,1,"4","Rcan2"
"Metap1d1",0.00422438900255223,0.403051750124043,0.34,0.253,1,"4","Metap1d"
"Slc23a2",0.00423926253842843,0.372362262793815,0.311,0.227,1,"4","Slc23a2"
"Wdfy3",0.00424748226915906,0.236512889854817,0.709,0.599,1,"4","Wdfy3"
"Exoc4",0.00426751197329145,0.315327656183183,0.561,0.464,1,"4","Exoc4"
"Yme1l1",0.00427160406127713,0.463049004918441,0.307,0.226,1,"4","Yme1l1"
"Ywhae1",0.00430965991758625,0.52395211471003,0.291,0.215,1,"4","Ywhae"
"Itfg1",0.00431995831289559,0.370631374714699,0.344,0.254,1,"4","Itfg1"
"Tbc1d19",0.00437338938314381,0.422945038343008,0.27,0.192,1,"4","Tbc1d19"
"Pip5k1b",0.00437653488089636,0.527902360395258,0.377,0.29,1,"4","Pip5k1b"
"Mga",0.00438341430031174,0.28695882728972,0.512,0.403,1,"4","Mga"
"Atl11",0.00443338489637401,0.34069870213536,0.377,0.285,1,"4","Atl1"
"Nap1l5",0.00443901495343901,0.355288749434874,0.348,0.257,1,"4","Nap1l5"
"Zfr",0.004485351952159,0.253904942029646,0.52,0.411,1,"4","Zfr"
"Olfm31",0.00449140562934015,0.277076062244259,0.361,0.271,1,"4","Olfm3"
"Dicer1",0.00451391341585467,0.340749244097595,0.467,0.374,1,"4","Dicer1"
"Fhod3",0.00451543911665532,0.249335784656742,0.393,0.298,1,"4","Fhod3"
"Ank",0.00459631874628672,0.290155198534058,0.348,0.256,1,"4","Ank"
"Fut91",0.00460630113397623,0.445621484293002,0.32,0.241,1,"4","Fut9"
"Xpo6",0.00460833720486601,0.461746177598241,0.328,0.244,1,"4","Xpo6"
"Ssh21",0.00470999938173702,0.218125122251541,0.607,0.493,1,"4","Ssh2"
"Gm101251",0.00472303929041425,0.403979280840447,0.373,0.286,1,"4","Gm10125"
"Fam214a1",0.00473282907892724,0.455226187935728,0.27,0.192,1,"4","Fam214a"
"Adam23",0.00473903365648272,0.404134931762451,0.471,0.382,1,"4","Adam23"
"Cdk13",0.00473987281553293,0.259388214918096,0.418,0.322,1,"4","Cdk13"
"Umad1",0.0047527883655997,0.400496933722165,0.291,0.211,1,"4","Umad1"
"Psd31",0.00476371163277422,0.568169022130796,0.258,0.186,1,"4","Psd3"
"Ppfia2",0.0047693815546498,0.238004139673093,0.709,0.608,1,"4","Ppfia2"
"C2cd5",0.00484201468111778,0.253611032880444,0.57,0.452,1,"4","C2cd5"
"Arnt",0.00484552428949891,0.448315934591496,0.291,0.211,1,"4","Arnt"
"Scai1",0.00490166992422413,0.504861878582487,0.344,0.266,1,"4","Scai"
"R3hdm1",0.00491737544937053,0.21929672133626,0.684,0.566,1,"4","R3hdm1"
"Ncoa6",0.00495014986160301,0.319150735699754,0.389,0.295,1,"4","Ncoa6"
"Numb",0.00500455271318627,0.506838093846183,0.258,0.184,1,"4","Numb"
"Ube2r21",0.00502229131833547,0.319046448261359,0.393,0.3,1,"4","Ube2r2"
"Sclt1",0.00504918244558963,0.299938434860142,0.508,0.406,1,"4","Sclt1"
"Synj2bp",0.00514428129785217,0.327978254803354,0.361,0.269,1,"4","Synj2bp"
"Erc2",0.00516196853769761,0.194120471372694,0.881,0.842,1,"4","Erc2"
"Nckap51",0.00539042671492349,0.678465390519495,0.27,0.206,1,"4","Nckap5"
"Epha51",0.00544864155186068,0.418557085672421,0.463,0.398,1,"4","Epha5"
"Khdc4",0.00557572062445162,0.406730775383437,0.27,0.194,1,"4","Khdc4"
"2610037D02Rik",0.00560199591185906,0.32539122250865,0.336,0.249,1,"4","2610037D02Rik"
"Eif2s2",0.0056822482614072,0.245562249503449,0.365,0.27,1,"4","Eif2s2"
"Hmgb1",0.00586611823050686,0.466574223632455,0.352,0.274,1,"4","Hmgb1"
"Cdkl1",0.00594161296460468,0.33310460116701,0.324,0.238,1,"4","Cdkl1"
"Ate11",0.00598802920041345,0.489418057685703,0.258,0.187,1,"4","Ate1"
"Terf2",0.00599189408134458,0.436633952405316,0.262,0.189,1,"4","Terf2"
"Zc3h12b1",0.00605570016938621,0.268221749582155,0.393,0.301,1,"4","Zc3h12b"
"Dock7",0.00605612373162985,0.283957229339339,0.545,0.442,1,"4","Dock7"
"Cpsf7",0.00605675347596482,0.391806455230483,0.316,0.237,1,"4","Cpsf7"
"Naa15",0.00606736739552988,0.344277112504609,0.328,0.246,1,"4","Naa15"
"Tex2",0.0060808469305747,0.443938505635656,0.254,0.181,1,"4","Tex2"
"Vps41",0.0061699117198346,0.326685900263708,0.389,0.301,1,"4","Vps41"
"Ptpn4",0.00620341515916004,0.375889467663806,0.422,0.333,1,"4","Ptpn4"
"Tet3",0.0062231785908024,0.238695679136921,0.41,0.319,1,"4","Tet3"
"Zfp148",0.00624175232811552,0.294536728676268,0.414,0.318,1,"4","Zfp148"
"Fgfr2",0.0062844820902809,0.494199366010161,0.303,0.227,1,"4","Fgfr2"
"Caprin1",0.00631269292248036,0.383925794760478,0.27,0.195,1,"4","Caprin1"
"Gkap11",0.00635763299335959,0.295776668938512,0.393,0.301,1,"4","Gkap1"
"Baz2b1",0.00644303080375478,0.220484417427263,0.611,0.489,1,"4","Baz2b"
"Ak52",0.00651557803452222,0.299804034382987,0.393,0.307,1,"4","Ak5"
"Ubap2",0.00660006003700488,0.388547690534754,0.299,0.221,1,"4","Ubap2"
"Rit2",0.00674360053402829,0.259744761651713,0.607,0.492,1,"4","Rit2"
"D130043K22Rik1",0.00678540434872276,0.402691872855023,0.361,0.279,1,"4","D130043K22Rik"
"Chfr",0.00679053325007113,0.324592820768002,0.389,0.3,1,"4","Chfr"
"Znrf1",0.00681197893865145,0.295796141792109,0.475,0.377,1,"4","Znrf1"
"Prpf6",0.00690392289038189,0.354995130823727,0.303,0.223,1,"4","Prpf6"
"Lancl11",0.00697887457966663,0.478489815847552,0.283,0.209,1,"4","Lancl1"
"Mbtd11",0.00698556474841811,0.263391860345908,0.422,0.326,1,"4","Mbtd1"
"Ube3a",0.00716271473003547,0.283185034514233,0.361,0.272,1,"4","Ube3a"
"Ccpg1",0.00722761594912606,0.219380502911097,0.393,0.294,1,"4","Ccpg1"
"Armc8",0.00722992819936253,0.391114556630379,0.254,0.181,1,"4","Armc8"
"Acss2",0.00725399968579377,0.399531962905986,0.303,0.226,1,"4","Acss2"
"Reps21",0.00738718826488172,0.552374564690634,0.27,0.201,1,"4","Reps2"
"Syt14",0.00740865081762729,0.445493636799375,0.295,0.219,1,"4","Syt14"
"Kcnma1",0.00743262668633616,0.253700549527443,0.758,0.686,1,"4","Kcnma1"
"AW554918",0.00743762697969631,0.359309671514404,0.406,0.319,1,"4","AW554918"
"Cfap36",0.00745647920685709,0.388303806662837,0.279,0.203,1,"4","Cfap36"
"Gfod2",0.00750435782953816,0.269436000042127,0.279,0.199,1,"4","Gfod2"
"Rsf1",0.00758557492980037,0.25128622971171,0.422,0.327,1,"4","Rsf1"
"Rps6kb1",0.00768288730951869,0.299130428655381,0.439,0.347,1,"4","Rps6kb1"
"Amy1",0.00772157377239677,0.320948538861072,0.484,0.392,1,"4","Amy1"
"Rev3l1",0.00773021395701396,0.180565289525529,0.668,0.554,1,"4","Rev3l"
"Rab27b",0.00774677811363901,0.674755209468645,0.283,0.216,1,"4","Rab27b"
"Cyld",0.00776121397217943,0.448752470028356,0.303,0.227,1,"4","Cyld"
"Ankrd421",0.00781269204985916,0.321980073595764,0.344,0.258,1,"4","Ankrd42"
"Mdga2",0.00785356764876201,0.262441545052943,0.93,0.94,1,"4","Mdga2"
"Rab3c",0.00785935342053809,0.521479444784681,0.492,0.413,1,"4","Rab3c"
"Tbc1d12",0.00787864531024038,0.486476232134153,0.25,0.18,1,"4","Tbc1d12"
"Pcmt1",0.00795175353896154,0.365307505259865,0.348,0.27,1,"4","Pcmt1"
"Mdm41",0.00797854008556656,0.278751423200006,0.41,0.316,1,"4","Mdm4"
"Cnot4",0.00810539546098248,0.26693037243474,0.475,0.376,1,"4","Cnot4"
"Afg3l1",0.0082060874089344,0.405035813323323,0.295,0.22,1,"4","Afg3l1"
"Srp721",0.00821283881893166,0.442343646375726,0.291,0.218,1,"4","Srp72"
"Bzw2",0.0082282407663091,0.315895311134787,0.295,0.216,1,"4","Bzw2"
"Wdr17",0.00855757503330115,0.314622532013074,0.324,0.243,1,"4","Wdr17"
"Eif2s3y",0.00857551166141185,0.380886335100354,0.324,0.247,1,"4","Eif2s3y"
"Prmt2",0.00862541819952433,0.403677556476514,0.262,0.19,1,"4","Prmt2"
"Dgki",0.00862673605147652,0.230841543535993,0.578,0.466,1,"4","Dgki"
"Cd46",0.00863319158648408,0.361073717025678,0.332,0.253,1,"4","Cd46"
"Dpysl21",0.00869955255551096,0.322954383522361,0.434,0.351,1,"4","Dpysl2"
"Clint1",0.00875993021908494,0.386284639026185,0.287,0.213,1,"4","Clint1"
"Entr1",0.00882748338129178,0.332178723736295,0.291,0.214,1,"4","Entr1"
"Sept7",0.00885842082538075,0.501190933341638,0.279,0.209,1,"4","Sept7"
"Ahdc1",0.00893508970000604,0.49111850083388,0.287,0.217,1,"4","Ahdc1"
"Camkmt1",0.00893792169808015,0.202909682370041,0.459,0.356,1,"4","Camkmt"
"Cdk12",0.00897961301292253,0.249106327369348,0.48,0.385,1,"4","Cdk12"
"Fam133b",0.0089800379893363,0.183559251145814,0.434,0.33,1,"4","Fam133b"
"Rps6kc1",0.009097049529868,0.440488725997335,0.295,0.223,1,"4","Rps6kc1"
"Arhgap20",0.00914653737395743,0.393398845148556,0.254,0.183,1,"4","Arhgap20"
"Eml5",0.00923177815353605,0.277519156590967,0.643,0.582,1,"4","Eml5"
"Ipo11",0.00923405582465661,0.489924710909836,0.258,0.191,1,"4","Ipo11"
"Ep300",0.00931062460382114,0.263878353367172,0.361,0.273,1,"4","Ep300"
"Clstn21",0.00944262152968801,0.554450740883016,0.451,0.367,1,"4","Clstn2"
"Pak71",0.00948673975568921,0.230391322922504,0.422,0.321,1,"4","Pak7"
"Msi2",0.00953605123322565,0.18528244695502,0.598,0.497,1,"4","Msi2"
"Osbpl10",0.00955035426686764,0.4514505630952,0.25,0.183,1,"4","Osbpl10"
"2610035D17Rik",0.0095631439378851,0.415430984685701,0.279,0.206,1,"4","2610035D17Rik"
"Ubxn4",0.00956848316630518,0.23598982106253,0.5,0.403,1,"4","Ubxn4"
"Lrpprc",0.00962788009829288,0.228065138236151,0.32,0.234,1,"4","Lrpprc"
"Stk39",0.00988411222727622,0.435660557644518,0.316,0.241,1,"4","Stk39"
"Plcl1",0.00999491545383789,0.378496850699413,0.365,0.285,1,"4","Plcl1"
"Arhgap241",1.13093287340002e-96,3.26795754972117,0.631,0.145,1.98331698008161e-92,"5","Arhgap24"
"Cacna2d12",1.88437332394592e-86,2.30990724129519,0.75,0.232,3.30462549820397e-82,"5","Cacna2d1"
"Adamts2",7.07791347525406e-86,3.77532692977208,0.311,0.031,1.2412536861553e-81,"5","Adamts2"
"Reln1",2.28309548730086e-60,2.28114287730089,0.545,0.151,4.00386455607952e-56,"5","Reln"
"Sulf1",5.44957524554773e-45,2.39622512649749,0.398,0.101,9.55692010811706e-41,"5","Sulf1"
"Tafa1",6.26354689373378e-44,2.18859098685971,0.541,0.194,1.09843821875409e-39,"5","Tafa1"
"Pcsk21",6.18443234516347e-42,1.66300590490584,0.693,0.33,1.08456390037132e-37,"5","Pcsk2"
"Dpyd2",2.76179020610305e-40,1.52642209098398,0.705,0.324,4.84335148444292e-36,"5","Dpyd"
"Rasgrp1",4.43887810655873e-39,2.41803179242805,0.332,0.08,7.78446053547205e-35,"5","Rasgrp1"
"Sgcd2",7.26570277426233e-39,1.31131547139069,0.865,0.606,1.27418629552238e-34,"5","Sgcd"
"Nos1",7.5874294917056e-37,2.0263886939398,0.357,0.095,1.33060750996041e-32,"5","Nos1"
"Tmem163",6.58951836655015e-34,2.04464759845331,0.402,0.128,1.1556038359419e-29,"5","Tmem163"
"Zbbx",1.18036691533939e-32,2.15773342481096,0.295,0.073,2.07000945943069e-28,"5","Zbbx"
"Ctnnd2",7.90820580541112e-32,0.76467072609721,0.967,0.919,1.38686205209495e-27,"5","Ctnnd2"
"Cntn41",5.52690654438357e-29,1.30485703968234,0.697,0.364,9.69253600688546e-25,"5","Cntn4"
"Kcnip4",3.20329037781416e-26,1.04430353475048,0.988,0.921,5.61761033557268e-22,"5","Kcnip4"
"Gm289052",4.72202365137233e-26,1.10040773231203,0.73,0.418,8.28101287741166e-22,"5","Gm28905"
"Tafa2",1.25098555092174e-25,1.58224420734252,0.537,0.26,2.19385336065145e-21,"5","Tafa2"
"Pcsk5",2.42911022967125e-23,2.20195240332614,0.275,0.085,4.25993060977447e-19,"5","Pcsk5"
"Gpr176",2.81629671014169e-23,2.22643368375845,0.266,0.082,4.93893954057548e-19,"5","Gpr176"
"Cep1121",3.68525656383356e-22,0.746781169279327,0.926,0.726,6.46283443599492e-18,"5","Cep112"
"Chd71",5.26750699826136e-19,1.66311742618606,0.357,0.15,9.23762702285096e-15,"5","Chd7"
"Dlk1",7.87460577520727e-19,1.63055540555811,0.307,0.114,1.3809696147981e-14,"5","Dlk1"
"Lrrtm41",5.02006847113284e-18,0.718887717428814,0.967,0.888,8.80369407782565e-14,"5","Lrrtm4"
"Zfp521",1.0195345683492e-16,1.4712258318566,0.307,0.122,1.78795777251399e-12,"5","Zfp521"
"Gck1",1.0694472213961e-16,1.56887605230466,0.311,0.128,1.87548959216234e-12,"5","Gck"
"Nrg1",6.8268487444845e-16,0.921456002288087,0.824,0.726,1.19722446432025e-11,"5","Nrg1"
"Pde10a",1.33101222803793e-15,0.861190236354679,0.84,0.732,2.33419614431012e-11,"5","Pde10a"
"Rab27b1",5.36968824893547e-15,1.54345345542475,0.398,0.207,9.41682228215813e-11,"5","Rab27b"
"Nrxn12",1.40730963116181e-14,0.369369906739927,1,0.99,2.46799890016847e-10,"5","Nrxn1"
"Galnt161",2.24122155382931e-13,0.909436796744726,0.582,0.376,3.93043023895047e-09,"5","Galnt16"
"Pcdh91",3.15457417814754e-13,0.91458957573642,0.877,0.871,5.53217673621734e-09,"5","Pcdh9"
"Fam155a1",3.81215956497244e-13,0.394883607281615,0.996,0.972,6.68538422909217e-09,"5","Fam155a"
"Grm72",5.68913506519267e-13,0.566123853875184,0.947,0.847,9.97703616382838e-09,"5","Grm7"
"Edil31",9.58127562528174e-13,0.886548082945481,0.602,0.401,1.68026830640566e-08,"5","Edil3"
"Slit11",1.39460257649293e-12,0.972479024941051,0.475,0.285,2.44571453839566e-08,"5","Slit1"
"Gulp1",4.08368045807013e-12,1.54861117574,0.258,0.114,7.16155041931758e-08,"5","Gulp1"
"Aifm3",1.24741374820944e-11,0.94673086014031,0.467,0.276,2.1875894902349e-07,"5","Aifm3"
"Syne1",2.80971182814843e-11,0.462773959631182,0.984,0.958,4.92739163302389e-07,"5","Syne1"
"Zfp423",2.85702582198084e-11,1.09222333757177,0.402,0.223,5.01036618400779e-07,"5","Zfp423"
"Ppp1r9a",3.8592011284667e-11,0.599874911633996,0.795,0.664,6.76788101899205e-07,"5","Ppp1r9a"
"Slc8a1",6.27617606711786e-11,0.66948184214216,0.754,0.615,1.10065299689046e-06,"5","Slc8a1"
"Dync2h11",8.19214799846355e-11,0.52562433761685,0.869,0.782,1.43665699449055e-06,"5","Dync2h1"
"Rbms11",1.92278864955511e-10,1.16651768709656,0.361,0.199,3.3719944547248e-06,"5","Rbms1"
"Kcnh7",3.24791863386307e-10,0.642731178786282,0.75,0.596,5.69587490820566e-06,"5","Kcnh7"
"Galntl62",4.10905478664731e-10,0.54241056250145,0.869,0.743,7.20604937934338e-06,"5","Galntl6"
"Ptprd1",6.21311667585976e-10,0.485239684877667,0.967,0.919,1.08959427144553e-05,"5","Ptprd"
"Nell11",1.04374272994491e-09,0.824908958622644,0.52,0.355,1.83041162550439e-05,"5","Nell1"
"Trhde1",1.05206520269725e-09,1.14106150930885,0.332,0.181,1.84500674597017e-05,"5","Trhde"
"Dcc1",1.67716650340788e-09,0.691436380862056,0.914,0.829,2.9412468970264e-05,"5","Dcc"
"Rit21",1.87619746149349e-09,0.679378335726498,0.652,0.489,3.29028748822114e-05,"5","Rit2"
"Sorbs21",7.2408537512258e-09,0.72940172446793,0.631,0.493,0.000126982852235247,"5","Sorbs2"
"Cdh10",1.1527295006842e-08,0.974690040998824,0.467,0.309,0.000202154172534988,"5","Cdh10"
"Mbnl21",2.11019977543152e-08,0.682569788852232,0.561,0.411,0.000370065734617426,"5","Mbnl2"
"Dlg21",2.91733894431615e-08,0.333024896460441,1,0.993,0.000511613730664724,"5","Dlg2"
"Cntn61",3.21184661694346e-08,0.972887498128596,0.414,0.271,0.000563261541213374,"5","Cntn6"
"Slc2a13",4.57275009025978e-08,0.678744024104619,0.529,0.361,0.000801923183328858,"5","Slc2a13"
"Gm268713",4.58525074583253e-08,0.535860995076695,0.77,0.669,0.000804115423296651,"5","Gm26871"
"Brinp11",6.0483269447716e-08,0.836425939260944,0.447,0.302,0.0010606950963046,"5","Brinp1"
"Kcnd23",1.09066643568756e-07,0.327173595416876,0.971,0.899,0.00191270172826528,"5","Kcnd2"
"Prrc2c1",1.19070183545801e-07,0.484847898348311,0.873,0.802,0.00208813380884271,"5","Prrc2c"
"Chd9",2.1568301683092e-07,0.41565992379901,0.848,0.758,0.00378243306616384,"5","Chd9"
"EGFP1",2.18359465350425e-07,0.968502264098613,0.852,0.802,0.0038293699438504,"5","EGFP"
"Lin28b1",3.38547895794548e-07,0.759616846683422,0.389,0.25,0.00593711444854899,"5","Lin28b"
"Alcam1",4.13811447056243e-07,0.694808482391542,0.508,0.36,0.00725701134702534,"5","Alcam"
"Sorcs12",4.24777275480334e-07,0.514431994448158,0.623,0.454,0.00744931908009861,"5","Sorcs1"
"Pam2",5.28515817222948e-07,0.661801098502688,0.57,0.435,0.00926858188663884,"5","Pam"
"Kif3a1",7.66739615595059e-07,0.440574794527138,0.717,0.557,0.0134463126386905,"5","Kif3a"
"Pak31",8.4801418132082e-07,0.457134775792166,0.717,0.626,0.0148716246978232,"5","Pak3"
"Smyd31",9.02922069302462e-07,0.555922269684076,0.639,0.512,0.0158345443293573,"5","Smyd3"
"Dync1i22",1.25475808818366e-06,0.501185528177581,0.656,0.523,0.0220046925924768,"5","Dync1i2"
"Dab11",1.2625148874245e-06,0.424079442759212,0.869,0.767,0.0221407235807634,"5","Dab1"
"Plcl2",1.53723163304197e-06,0.855877429689196,0.344,0.22,0.026958431148657,"5","Plcl2"
"Gnas",2.10326586291369e-06,0.319350869771006,0.857,0.727,0.0368849734379174,"5","Gnas"
"Ccser11",2.14308596048887e-06,0.315355127644103,0.934,0.883,0.0375832984890933,"5","Ccser1"
"Prdm10",2.60602469603398e-06,0.647882912490899,0.434,0.295,0.045701855094348,"5","Prdm10"
"Sox51",3.00296174112989e-06,0.886711392558137,0.275,0.16,0.052662940054195,"5","Sox5"
"Usp292",3.27193246528662e-06,0.302994159426639,0.939,0.908,0.0573798796437315,"5","Usp29"
"Pbx4",3.681504638546e-06,0.759995276016093,0.34,0.215,0.0645625468461812,"5","Pbx4"
"Wwox",4.17224356597091e-06,0.487485665458418,0.754,0.667,0.0731686354164319,"5","Wwox"
"Tmem1961",6.20506615000599e-06,0.801013573435733,0.262,0.154,0.108818245072655,"5","Tmem196"
"Rmst1",6.41820013087994e-06,0.313332227998474,0.623,0.455,0.112555975695241,"5","Rmst"
"Ccdc301",6.89688004986829e-06,0.544164298807904,0.557,0.445,0.12095058543454,"5","Ccdc30"
"Scml42",7.47632126014582e-06,0.491533963771493,0.385,0.249,0.131112245939177,"5","Scml4"
"Kcnt2",7.55924546352843e-06,1.04000169398713,0.348,0.236,0.132566487693898,"5","Kcnt2"
"Zfhx42",9.65834399290528e-06,0.463974036186865,0.451,0.307,0.16937837860358,"5","Zfhx4"
"Magi21",1.02883993477212e-05,0.213349027370966,0.992,0.975,0.180427659360987,"5","Magi2"
"Prune2",1.13732389019675e-05,0.88255389923079,0.266,0.161,0.199452490623804,"5","Prune2"
"Fmnl21",1.32262962674408e-05,0.585941614323954,0.471,0.339,0.231949557642109,"5","Fmnl2"
"Ext11",1.33574936962431e-05,0.747383331194225,0.377,0.257,0.234250366951016,"5","Ext1"
"Sgcz2",1.47715076045746e-05,0.379074492879849,0.844,0.783,0.259047928861425,"5","Sgcz"
"Sorcs21",1.52115415244435e-05,0.67710339368396,0.303,0.187,0.266764803714165,"5","Sorcs2"
"Nsun7",1.53925446541628e-05,0.691669000725174,0.377,0.259,0.269939055600052,"5","Nsun7"
"Tle41",1.56022586280631e-05,0.724484576806517,0.32,0.209,0.273616809560342,"5","Tle4"
"Ampd2",1.61912430071654e-05,0.766963456837457,0.283,0.173,0.28394582861666,"5","Ampd2"
"Cfap541",1.77391791402253e-05,0.889969495713206,0.287,0.181,0.311091984582131,"5","Cfap54"
"Samd5",1.80911356446599e-05,0.471288993780611,0.574,0.438,0.317264245800401,"5","Samd5"
"Tshz23",1.85139838367783e-05,0.583679251389695,0.611,0.49,0.324679734545581,"5","Tshz2"
"Hs6st31",2.20066641531468e-05,0.292329039979518,0.607,0.459,0.385930869253736,"5","Hs6st3"
"Cntnap5c1",2.203579682959e-05,0.76113304818933,0.439,0.333,0.386441769000519,"5","Cntnap5c"
"Dennd1a1",2.29417258263827e-05,0.422422537358793,0.693,0.593,0.402329045817274,"5","Dennd1a"
"Gm45847",2.34533473697882e-05,0.765611774938872,0.328,0.218,0.411301352823976,"5","Gm45847"
"Ppfia21",2.37967079087777e-05,0.57750792219411,0.664,0.611,0.417322866596234,"5","Ppfia2"
"Fndc3a1",2.509962008892e-05,0.557307640128726,0.455,0.33,0.440172037499391,"5","Fndc3a"
"Pacrg",2.84204177815474e-05,0.591901493403381,0.365,0.245,0.498408866634997,"5","Pacrg"
"Zbtb7c2",3.4725982828197e-05,0.583351574878104,0.307,0.194,0.60898956085809,"5","Zbtb7c"
"Khdrbs21",3.63463912505153e-05,0.439593035359691,0.635,0.506,0.637406663360286,"5","Khdrbs2"
"Dlg11",3.64535443552752e-05,0.594325520440711,0.459,0.342,0.639285807358461,"5","Dlg1"
"Rtn11",4.07057332875405e-05,0.345219390614731,0.779,0.714,0.713856444663599,"5","Rtn1"
"Cfap441",4.32981014584256e-05,0.775326929772084,0.275,0.174,0.75931880527641,"5","Cfap44"
"Sidt1",4.79748759584617e-05,0.731548688775551,0.357,0.251,0.841335399683543,"5","Sidt1"
"Dscaml11",5.87311192142661e-05,0.423499089980406,0.619,0.5,1,"5","Dscaml1"
"Exoc41",5.99969827646264e-05,0.49636628303813,0.57,0.464,1,"5","Exoc4"
"Atad2b",6.79674207965682e-05,0.474157395051519,0.467,0.341,1,"5","Atad2b"
"Rora1",7.18017940737841e-05,0.327309228127772,0.844,0.773,1,"5","Rora"
"Map2k42",7.38540508908725e-05,0.56977801859905,0.426,0.317,1,"5","Map2k4"
"Trim21",7.67134808000055e-05,0.347894977486657,0.779,0.687,1,"5","Trim2"
"Tmem150c1",8.22375888987678e-05,0.870400521044079,0.275,0.176,1,"5","Tmem150c"
"Schip1",9.26522692363269e-05,0.373531719915811,0.594,0.477,1,"5","Schip1"
"Stxbp5l1",0.000104902204076176,0.477245576839089,0.545,0.436,1,"5","Stxbp5l"
"Ptprt",0.000115838493132502,0.382881101934195,0.602,0.483,1,"5","Ptprt"
"Cep350",0.000117031288940697,0.455756180247268,0.574,0.464,1,"5","Cep350"
"Mical21",0.000123202798242837,0.579847170125661,0.365,0.261,1,"5","Mical2"
"Bsn",0.000131458268779578,0.48563917188493,0.488,0.37,1,"5","Bsn"
"Cmip",0.000144478893092695,0.335975973149816,0.811,0.734,1,"5","Cmip"
"Eif2ak4",0.000151017423625113,0.709237739314311,0.348,0.25,1,"5","Eif2ak4"
"Eda2",0.000160986639075449,0.629721607525185,0.275,0.177,1,"5","Eda"
"Rbfox12",0.000183988564635738,0.306904030164648,0.951,0.893,1,"5","Rbfox1"
"Cep112it",0.000184757595325362,0.634666522834966,0.258,0.165,1,"5","Cep112it"
"2210408F21Rik2",0.0001863743920273,0.507355034445642,0.43,0.322,1,"5","2210408F21Rik"
"Csmd11",0.000210569456964834,0.191246934038812,0.943,0.941,1,"5","Csmd1"
"Efcab11",0.000210824817587612,0.799849248906153,0.258,0.17,1,"5","Efcab1"
"Prkce2",0.000213433448235996,0.350667379789704,0.725,0.664,1,"5","Prkce"
"Brinp31",0.000223718638462389,0.41211062639409,0.611,0.513,1,"5","Brinp3"
"Nav31",0.000225937846298234,0.297555263289734,0.836,0.78,1,"5","Nav3"
"Nsd1",0.000245978065461184,0.348901652673059,0.742,0.667,1,"5","Nsd1"
"Sobp1",0.00027116998622528,0.387448572159821,0.582,0.45,1,"5","Sobp"
"Ralyl1",0.00027841838372118,0.224193201164781,0.914,0.869,1,"5","Ralyl"
"Galnt181",0.00031744509105892,0.518841309767228,0.307,0.207,1,"5","Galnt18"
"Bbs91",0.000330600633964357,0.46254827197853,0.443,0.338,1,"5","Bbs9"
"Hdac91",0.000335185958784996,0.763692229288681,0.406,0.306,1,"5","Hdac9"
"Akt31",0.000378766642176992,0.516134590232684,0.459,0.366,1,"5","Akt3"
"Pou2f21",0.000430821721947965,0.446625606289295,0.484,0.379,1,"5","Pou2f2"
"Robo1",0.000434857723904262,0.280394440510437,0.881,0.835,1,"5","Robo1"
"Vps13a",0.000537445868986779,0.428297701283154,0.553,0.459,1,"5","Vps13a"
"Sash1",0.000560041725659981,0.571454596406434,0.332,0.237,1,"5","Sash1"
"Arl151",0.000593489101233566,0.933735471612387,0.398,0.321,1,"5","Arl15"
"Ephb21",0.000597488877609243,0.649632708311782,0.414,0.323,1,"5","Ephb2"
"Opcml1",0.000597523280240488,0.415558916770597,0.795,0.766,1,"5","Opcml"
"Celf61",0.000606622566750926,0.713841960199886,0.27,0.186,1,"5","Celf6"
"Apba11",0.000632100276956998,0.416410078744922,0.619,0.532,1,"5","Apba1"
"Plcxd32",0.000732607736247172,0.575187315282764,0.439,0.349,1,"5","Plcxd3"
"Zeb12",0.000745602084391862,0.306002506376355,0.721,0.644,1,"5","Zeb1"
"Ambra11",0.000748055755421175,0.389820039110217,0.5,0.393,1,"5","Ambra1"
"Kcnb2",0.000750793551033964,0.338045618929548,0.852,0.825,1,"5","Kcnb2"
"Tnik2",0.000765103295328887,0.227157941667272,0.869,0.828,1,"5","Tnik"
"Hdac4",0.000766326752110618,0.673250282791953,0.303,0.219,1,"5","Hdac4"
"Gabrg32",0.000790706973534543,0.220045861348233,0.852,0.766,1,"5","Gabrg3"
"Abca5",0.000804928845155257,0.564226965097101,0.385,0.297,1,"5","Abca5"
"Nnat",0.000809989875607165,0.601161822291953,0.336,0.243,1,"5","Nnat"
"Pde2a1",0.000817191589200064,0.497001616304575,0.348,0.248,1,"5","Pde2a"
"Akap62",0.000830248363143931,0.288942522584612,0.803,0.751,1,"5","Akap6"
"Adcy2",0.000837323552015425,0.644919243520327,0.5,0.421,1,"5","Adcy2"
"Mapk10",0.000838442470929113,0.293438219660752,0.75,0.696,1,"5","Mapk10"
"Fnbp1l2",0.000853646823233441,0.513771452864203,0.455,0.367,1,"5","Fnbp1l"
"Rapgef41",0.000863547550026389,0.368865324673054,0.557,0.456,1,"5","Rapgef4"
"B230209E15Rik1",0.000902491165596162,0.577489182609366,0.291,0.2,1,"5","B230209E15Rik"
"Gucy1a21",0.000926523636516148,0.315230831945537,0.803,0.737,1,"5","Gucy1a2"
"Rgl12",0.00102149566127139,0.688474753098434,0.34,0.262,1,"5","Rgl1"
"Smarcad1",0.00111665475694618,0.589603218483033,0.332,0.243,1,"5","Smarcad1"
"Samd121",0.00114649243552635,0.297506596712247,0.635,0.547,1,"5","Samd12"
"Htr2c2",0.00115615602752815,0.370731177214887,0.357,0.262,1,"5","Htr2c"
"Rftn1",0.00120294639185867,0.319757950767186,0.316,0.218,1,"5","Rftn1"
"Ptpro2",0.00124812255004509,0.457324538098521,0.447,0.35,1,"5","Ptpro"
"Eml11",0.00133037839460571,0.546080837394574,0.283,0.197,1,"5","Eml1"
"Tsga10",0.00138260215153841,0.6868889651045,0.258,0.179,1,"5","Tsga10"
"Dmd1",0.00140498511285281,0.157320865415256,0.848,0.75,1,"5","Dmd"
"1700012D14Rik1",0.00142810948118655,0.704937601880686,0.266,0.188,1,"5","1700012D14Rik"
"Dpp61",0.00151051804359763,0.183249062425466,0.975,0.936,1,"5","Dpp6"
"Upp2",0.00165741233392568,0.313319644231707,0.713,0.626,1,"5","Upp2"
"Zbtb202",0.00169000745148478,0.326772304340465,0.57,0.49,1,"5","Zbtb20"
"Rabl6",0.00170095451094596,0.34988879231651,0.525,0.427,1,"5","Rabl6"
"Btbd91",0.00173484216444627,0.458911155480904,0.529,0.44,1,"5","Btbd9"
"Xkr6",0.00180170497229348,0.343602240304628,0.684,0.602,1,"5","Xkr6"
"Tnrc6a",0.00185497633425802,0.211516224035083,0.877,0.869,1,"5","Tnrc6a"
"Ankrd422",0.00189446000392509,0.553759141233675,0.344,0.258,1,"5","Ankrd42"
"Grb101",0.00191567801466992,0.412430190125392,0.463,0.371,1,"5","Grb10"
"Prkca1",0.00191993702210707,0.194552226014361,0.475,0.383,1,"5","Prkca"
"Kmt2c",0.00197584632425536,0.280148007735632,0.689,0.605,1,"5","Kmt2c"
"Exoc6b",0.00198125711657802,0.354960364155672,0.553,0.465,1,"5","Exoc6b"
"Tlk21",0.00200100204283554,0.547842039184484,0.316,0.235,1,"5","Tlk2"
"Shtn11",0.00206745530949301,0.460410732240095,0.439,0.347,1,"5","Shtn1"
"Astn2",0.00207554039180849,0.163142960315904,0.762,0.667,1,"5","Astn2"
"Araf",0.00217080653496924,0.428412748317623,0.426,0.342,1,"5","Araf"
"A930015D03Rik1",0.00221699200347929,0.523337391005263,0.332,0.25,1,"5","A930015D03Rik"
"Pcdh11x1",0.00229278962526451,0.282389137348814,0.475,0.381,1,"5","Pcdh11x"
"Lcorl1",0.00238668135028997,0.681144490715376,0.311,0.236,1,"5","Lcorl"
"Cul11",0.00238789785445144,0.422419530187286,0.393,0.304,1,"5","Cul1"
"Dst1",0.00245756601975954,0.186874946565061,0.971,0.961,1,"5","Dst"
"Stk31",0.00245812786395436,0.344464463331558,0.328,0.236,1,"5","Stk3"
"Fndc3b1",0.00269165309883057,0.591648773262442,0.316,0.237,1,"5","Fndc3b"
"Srek1",0.00269772941204225,0.270217736740143,0.721,0.654,1,"5","Srek1"
"March11",0.00280378962604153,0.171716971009781,0.824,0.737,1,"5","March1"
"Dapk1",0.00280814137728781,0.420022697679679,0.471,0.383,1,"5","Dapk1"
"Fam168a",0.00289296101435684,0.352203460212149,0.607,0.53,1,"5","Fam168a"
"Ldlrad41",0.00313793897968192,0.644252857301129,0.344,0.27,1,"5","Ldlrad4"
"Gm26691",0.00322730061058045,0.433120311826277,0.451,0.366,1,"5","Gm26691"
"Pafah1b1",0.00325485815667661,0.366336983595982,0.57,0.492,1,"5","Pafah1b1"
"Cacng4",0.00327132251395081,0.50529641373624,0.361,0.285,1,"5","Cacng4"
"Arid4a",0.0034016780058302,0.364393828825977,0.508,0.414,1,"5","Arid4a"
"Lncpint1",0.00354987945653053,0.283390993728288,0.697,0.621,1,"5","Lncpint"
"Zwint",0.00358198683562465,0.309712322924351,0.414,0.311,1,"5","Zwint"
"Cdk7",0.00359027033521312,0.637823406022149,0.25,0.177,1,"5","Cdk7"
"Usp9x",0.00373131501754972,0.375897843276164,0.525,0.44,1,"5","Usp9x"
"Gabrb12",0.00409544703080702,0.22340200765215,0.857,0.827,1,"5","Gabrb1"
"Smim14",0.00418888184018326,0.377676062690283,0.463,0.375,1,"5","Smim14"
"Gstz11",0.00431457530125532,0.569268142276058,0.287,0.212,1,"5","Gstz1"
"Pex5l",0.00447518032963691,0.344073844446381,0.484,0.397,1,"5","Pex5l"
"Mdm42",0.00452336370181191,0.366594007347449,0.406,0.317,1,"5","Mdm4"
"Cnot21",0.00470362945882538,0.548433116200695,0.262,0.191,1,"5","Cnot2"
"Parp81",0.00477002969158768,0.399021824981955,0.418,0.336,1,"5","Parp8"
"Ncoa71",0.00478477175447379,0.389326045283713,0.52,0.436,1,"5","Ncoa7"
"Smurf2",0.0048513770907901,0.536814843072359,0.283,0.21,1,"5","Smurf2"
"Tra2b",0.00490923260491956,0.545530472352373,0.328,0.257,1,"5","Tra2b"
"Calm21",0.00518022819306488,0.474870365187546,0.291,0.214,1,"5","Calm2"
"Vcp1",0.00539302496557405,0.427496971441965,0.385,0.305,1,"5","Vcp"
"Cep120",0.00539985482837758,0.506688537526047,0.287,0.212,1,"5","Cep120"
"Kcnq52",0.00545258341996201,0.499783029652419,0.484,0.411,1,"5","Kcnq5"
"Ctif",0.00548412344558628,0.30416601855268,0.57,0.489,1,"5","Ctif"
"Ube2e2",0.00564022131328321,0.220061127253424,0.799,0.747,1,"5","Ube2e2"
"Stxbp51",0.00584500121358159,0.351097006212519,0.393,0.311,1,"5","Stxbp5"
"Rab3c1",0.00596419249176815,0.425534123639881,0.484,0.414,1,"5","Rab3c"
"Ftx1",0.00606027506083913,0.310077984539472,0.648,0.569,1,"5","Ftx"
"Mbtd12",0.00628935770247232,0.413597826826747,0.406,0.327,1,"5","Mbtd1"
"Aff4",0.00641332487248221,0.473207315964902,0.447,0.372,1,"5","Aff4"
"Celf4",0.00646273492667414,0.134428409129131,0.98,0.932,1,"5","Celf4"
"Lgals81",0.0065837354879751,0.511632100470182,0.287,0.214,1,"5","Lgals8"
"Mcph1",0.00694375293220329,0.537732101791966,0.328,0.254,1,"5","Mcph1"
"Efr3b",0.00702155094536386,0.523607837166124,0.43,0.364,1,"5","Efr3b"
"Epb41l4b2",0.00725406252500638,0.404370498957357,0.41,0.333,1,"5","Epb41l4b"
"Gbf11",0.00726037620480047,0.292035846945833,0.48,0.391,1,"5","Gbf1"
"Uty1",0.00733508890004043,0.454856839092583,0.307,0.234,1,"5","Uty"
"Srgap2",0.00735886654533553,0.379717704682067,0.57,0.503,1,"5","Srgap2"
"Cep1702",0.00747591359853073,0.457679832212598,0.373,0.302,1,"5","Cep170"
"Tmtc22",0.00795830924729404,0.416245836467256,0.283,0.213,1,"5","Tmtc2"
"Ndfip11",0.00819446220212309,0.567266799443001,0.316,0.25,1,"5","Ndfip1"
"Zdhhc1",0.00858799531308552,0.301751128814517,0.496,0.415,1,"5","Zdhhc1"
"Mpdz2",0.00882755242081893,0.380025648554502,0.307,0.23,1,"5","Mpdz"
"Kat6a",0.00883225874328198,0.507554604931627,0.25,0.184,1,"5","Kat6a"
"Foxp12",0.00887526582600749,0.269035010080526,0.484,0.394,1,"5","Foxp1"
"Nfx11",0.00891512825422681,0.325765555158848,0.451,0.37,1,"5","Nfx1"
"Casc31",0.0091201442943779,0.519344146708574,0.287,0.218,1,"5","Casc3"
"Acadsb1",0.00926501069625215,0.492478154126655,0.34,0.271,1,"5","Acadsb"
"Tbck",0.00943122077286147,0.44970435132698,0.266,0.198,1,"5","Tbck"
"Trim46",0.00955477353228643,0.421228829223814,0.324,0.25,1,"5","Trim46"
"Ptprz12",0.00957423987974248,0.292154850177322,0.525,0.436,1,"5","Ptprz1"
"1110051M20Rik2",0.00959681824972139,0.17572614534764,0.648,0.557,1,"5","1110051M20Rik"
"H13",0.00995253514604335,0.489572447438206,0.316,0.245,1,"5","H13"
"Zeb2",6.72765102127177e-108,3.07529893259224,0.616,0.106,1.17982815960043e-103,"6","Zeb2"
"Ostm1",5.8544353305133e-61,3.19515133869749,0.301,0.04,1.02669232391212e-56,"6","Ostm1"
"Cadps22",2.14424868813231e-53,1.87450840753177,0.744,0.31,3.76036892437763e-49,"6","Cadps2"
"Adarb2",4.27927485461714e-49,1.1064478913377,0.945,0.56,7.50456431254208e-45,"6","Adarb2"
"6330411D24Rik",1.64064972675341e-46,1.97136106699436,0.58,0.195,2.87720742580745e-42,"6","6330411D24Rik"
"Gm45194",3.31613876984105e-46,2.97482233684644,0.265,0.041,5.81551256067025e-42,"6","Gm45194"
"Grm73",3.42273134569302e-43,0.970078122436164,0.991,0.845,6.00244396094184e-39,"6","Grm7"
"Ralyl2",6.46069233726319e-43,1.09012305498949,0.995,0.864,1.13301161518585e-38,"6","Ralyl"
"Grik11",7.4497665331822e-32,1.20020876282256,0.781,0.433,1.30646555692416e-27,"6","Grik1"
"Foxp2",2.63874859484513e-30,1.77921778944965,0.402,0.127,4.6275734107799e-26,"6","Foxp2"
"Rftn11",2.67760187326676e-30,1.70765142012314,0.516,0.205,4.69571040514792e-26,"6","Rftn1"
"Lingo22",3.93589482430733e-29,0.689233523008225,1,0.947,6.90237875338777e-25,"6","Lingo2"
"Nell22",3.20923691141189e-24,1.51893062745098,0.525,0.231,5.62803877154303e-20,"6","Nell2"
"Sfta3-ps",1.44422659130582e-23,1.32312256908428,0.411,0.147,2.53274017317301e-19,"6","Sfta3-ps"
"Gm32647",5.66441805028247e-23,0.641086505985699,0.753,0.411,9.93368993478037e-19,"6","Gm32647"
"Kcnip11",7.57629085428624e-23,1.00702174187758,0.758,0.459,1.32865412711618e-18,"6","Kcnip1"
"Zmat4",4.60036390586224e-22,1.04603579257654,0.598,0.294,8.06765818171062e-18,"6","Zmat4"
"Kcnip41",5.85642613463588e-22,0.725190949306264,0.977,0.922,1.02704145123109e-17,"6","Kcnip4"
"Cntnap21",3.01316634114134e-21,0.632039804417146,1,0.977,5.28418981245956e-17,"6","Cntnap2"
"Rbfox13",4.53735212048415e-20,0.621486088453203,0.986,0.891,7.95715441369306e-16,"6","Rbfox1"
"Cntnap5b2",1.07431527542474e-19,1.05249774525403,0.621,0.348,1.88402669851237e-15,"6","Cntnap5b"
"Dab12",8.90816995656344e-19,0.784440310412618,0.9,0.766,1.56222576528253e-14,"6","Dab1"
"Oprm1",1.15387035102719e-17,1.51047981566692,0.384,0.164,2.02354243459639e-13,"6","Oprm1"
"Ptprt1",3.63207681983909e-17,0.817641539491586,0.749,0.474,6.36957311895181e-13,"6","Ptprt"
"Slco3a12",2.00036479591827e-16,1.08295604929334,0.562,0.319,3.50803974260187e-12,"6","Slco3a1"
"Cacnb21",8.56383005448206e-16,0.784857639838809,0.826,0.629,1.50183887665452e-11,"6","Cacnb2"
"Prkcb",1.67596897834329e-15,0.897201168280964,0.731,0.524,2.93914679732063e-11,"6","Prkcb"
"Dlgap2",2.25717266887616e-15,0.603074501138967,0.927,0.744,3.95840370940812e-11,"6","Dlgap2"
"Galnt182",2.63678740436231e-15,1.13739186436821,0.42,0.201,4.62413407103018e-11,"6","Galnt18"
"Lima1",2.70506344749486e-15,1.7361281031809,0.26,0.095,4.74386976787174e-11,"6","Lima1"
"Lrp1b1",3.23886730594962e-15,0.548607343547516,0.986,0.928,5.68000159444385e-11,"6","Lrp1b"
"Pbx31",4.84996030608283e-15,1.0691162387967,0.402,0.185,8.50537538877747e-11,"6","Pbx3"
"Runx1t1",7.98758625739506e-15,1.1886723693119,0.411,0.198,1.40078300195937e-10,"6","Runx1t1"
"Dscaml12",1.33216839407464e-14,0.750442872435002,0.735,0.493,2.3362237126887e-10,"6","Dscaml1"
"Ppp1r9a1",3.81170531417305e-14,0.670839799707756,0.84,0.662,6.68458760946529e-10,"6","Ppp1r9a"
"Grik2",4.87229092994323e-14,0.518299146431936,0.968,0.857,8.54453660384143e-10,"6","Grik2"
"Ctnnd21",1.24230443009457e-13,0.506563140535514,0.977,0.919,2.17862927905684e-09,"6","Ctnnd2"
"Lrrc7",3.85627893598529e-13,0.547161330290718,0.932,0.87,6.76275637003739e-09,"6","Lrrc7"
"Klhl1",6.89771442322795e-13,1.10073014774783,0.429,0.226,1.20965217840149e-08,"6","Klhl1"
"Sv2c2",1.17983573489089e-12,1.16917835303586,0.338,0.157,2.06907792827816e-08,"6","Sv2c"
"Kcnt21",3.727746437389e-12,1.16862481159451,0.42,0.232,6.53734892724908e-08,"6","Kcnt2"
"Spock31",1.60990242808162e-11,0.722234756345195,0.712,0.535,2.82328588812674e-07,"6","Spock3"
"Dgkk",4.97078411477496e-11,1.3419313041697,0.256,0.108,8.71726410208086e-07,"6","Dgkk"
"Camk41",5.92056286914357e-11,0.956759687475328,0.447,0.259,1.03828911036171e-06,"6","Camk4"
"Trpc7",7.26846381597777e-11,0.830935286469219,0.493,0.284,1.27467049940802e-06,"6","Trpc7"
"Cacna2d31",1.06376625876789e-10,0.849690341239007,0.543,0.334,1.86552688800125e-06,"6","Cacna2d3"
"Frmpd3",1.72312238169852e-10,1.02688510934574,0.425,0.24,3.02183972078469e-06,"6","Frmpd3"
"Lsamp2",5.3799590264795e-10,0.279385461000335,1,0.99,9.43483414473711e-06,"6","Lsamp"
"Nkain21",9.38708900835394e-10,0.276880550617456,0.995,0.947,1.64621379939503e-05,"6","Nkain2"
"Syndig12",1.8132759395426e-09,0.928976248903329,0.347,0.181,3.17994201517586e-05,"6","Syndig1"
"Med12l",2.32363435424415e-09,0.741762791290468,0.58,0.405,4.07495756703797e-05,"6","Med12l"
"Gm15155",6.11630974695464e-09,1.0840514066012,0.269,0.129,0.000107261724032344,"6","Gm15155"
"Nrxn31",9.16953728747443e-09,0.310266176841815,1,0.944,0.000160806175410439,"6","Nrxn3"
"Zfp385b",1.68540767676045e-08,0.578673662705508,0.644,0.474,0.00029556994427348,"6","Zfp385b"
"Kif26b1",2.0157979439016e-08,0.812749384783809,0.429,0.263,0.000353510485422024,"6","Kif26b"
"Galnt13",2.93569532066179e-08,0.445166595416514,0.868,0.753,0.000514832888384458,"6","Galnt13"
"Anks1b2",2.98278585865853e-08,0.39098747199807,0.973,0.934,0.000523091156032947,"6","Anks1b"
"Pacrg1",3.40835509498653e-08,0.866216620030035,0.406,0.243,0.000597723233007788,"6","Pacrg"
"Tafa5",3.60400815446012e-08,0.561703931193537,0.717,0.554,0.000632034910047671,"6","Tafa5"
"Ntrk3",4.24935616028238e-08,0.46658338575411,0.84,0.751,0.00074520958982872,"6","Ntrk3"
"Nbea1",5.12828258773828e-08,0.302436947820955,0.968,0.964,0.000899346917411662,"6","Nbea"
"Sorcs31",5.345981310819e-08,0.457299938344659,0.603,0.421,0.000937524742478328,"6","Sorcs3"
"Abca8b",7.33791516704784e-08,1.25246049423283,0.256,0.131,0.00128685018284518,"6","Abca8b"
"Chl11",8.98870540053756e-08,0.569683395182611,0.543,0.365,0.00157634926609227,"6","Chl1"
"Astn21",9.65610911402458e-08,0.440450188046467,0.817,0.664,0.00169339185532649,"6","Astn2"
"Prkn2",1.21761673408366e-07,0.416415324183373,0.877,0.786,0.00213533446656252,"6","Prkn"
"Mgat4c2",1.26988318395972e-07,0.358563116639513,0.817,0.638,0.00222699413971015,"6","Mgat4c"
"Phc2",1.45914908460128e-07,0.681093592939234,0.589,0.44,0.00255890974966526,"6","Phc2"
"Grik3",1.54246303315991e-07,0.455803854592979,0.598,0.399,0.00270501742125254,"6","Grik3"
"Opcml2",2.21652094774916e-07,0.583926657371461,0.849,0.763,0.0038871127860677,"6","Opcml"
"Alcam2",2.43845485622783e-07,0.942032401728776,0.507,0.361,0.00427631828136675,"6","Alcam"
"Dpp62",2.7994900699229e-07,0.265669243755241,0.945,0.938,0.00490946573562379,"6","Dpp6"
"Dpf1",2.83673910957186e-07,0.911083813435273,0.329,0.191,0.00497478937645617,"6","Dpf1"
"Egfem1",2.87694714633371e-07,0.52443780374633,0.635,0.462,0.00504530221052543,"6","Egfem1"
"Tenm4",3.60476238548567e-07,0.321005712022838,0.941,0.859,0.00632167179542623,"6","Tenm4"
"Cntnap41",7.47517388699781e-07,0.60776597227817,0.434,0.274,0.0131092124456281,"6","Cntnap4"
"Nhs1",8.85922947622282e-07,0.825527989505112,0.42,0.281,0.015536430732452,"6","Nhs"
"Gpc61",8.94377312421062e-07,0.70996017977433,0.489,0.337,0.0156846949279282,"6","Gpc6"
"2700054A10Rik",9.57042917113006e-07,0.934280126004589,0.342,0.212,0.0167836616374108,"6","2700054A10Rik"
"St6galnac5",1.21322914783367e-06,0.596458008797182,0.525,0.359,0.0212763995655591,"6","St6galnac5"
"Zfpm21",1.24528998405797e-06,0.895165796690801,0.26,0.141,0.0218386504504246,"6","Zfpm2"
"Slc9a9",1.64062237096369e-06,0.752207842848758,0.388,0.245,0.0287715945195902,"6","Slc9a9"
"Hs3st51",1.92067598421386e-06,0.572551067821068,0.42,0.267,0.0336828947351585,"6","Hs3st5"
"Brinp32",1.96149866999375e-06,0.338210873756304,0.685,0.509,0.0343988021756804,"6","Brinp3"
"Sema6d",2.03925218888948e-06,0.481962704779047,0.635,0.472,0.0357623656365548,"6","Sema6d"
"Gabrg33",2.30032383903715e-06,0.324829564007412,0.881,0.765,0.0403407791651945,"6","Gabrg3"
"Slit3",2.42912897115965e-06,0.884481379166617,0.347,0.221,0.0425996347672268,"6","Slit3"
"Robo11",2.54429012884572e-06,0.384036948607889,0.918,0.833,0.0446192159895674,"6","Robo1"
"Fam155a2",2.85854365784353e-06,0.24215046246217,1,0.972,0.0501302801276019,"6","Fam155a"
"Tmem255a1",3.58321442981949e-06,0.97451002524595,0.256,0.143,0.0628388314557444,"6","Tmem255a"
"Ccser12",3.95461623273299e-06,0.431070482451396,0.941,0.883,0.0693521048734385,"6","Ccser1"
"Abat",4.8306364560555e-06,0.611542293337989,0.493,0.351,0.0847148715298453,"6","Abat"
"Igsf21",4.96745778124324e-06,0.664830663968388,0.301,0.176,0.0871143071096626,"6","Igsf21"
"Sgcd3",5.17369784373043e-06,0.30651698877039,0.744,0.616,0.0907311390855006,"6","Sgcd"
"Fstl51",5.37448908417797e-06,0.478699345409151,0.507,0.354,0.0942524150692291,"6","Fstl5"
"Nckap52",5.53789182493185e-06,0.641268916839455,0.333,0.202,0.0971180089338299,"6","Nckap5"
"Grb102",5.58251053241931e-06,0.646646094293905,0.498,0.369,0.0979004872070375,"6","Grb10"
"Csmd12",7.13083379446304e-06,0.252565615433751,0.986,0.938,0.125053432253498,"6","Csmd1"
"Csmd31",7.82430551607818e-06,0.320082771822838,0.963,0.94,0.137214845835463,"6","Csmd3"
"Clmn2",8.13958557169008e-06,0.900691606347876,0.274,0.162,0.142743912170729,"6","Clmn"
"Sorcs13",1.16925467114962e-05,0.457537046693047,0.603,0.457,0.205052191679508,"6","Sorcs1"
"Gm13052",1.32398420928331e-05,0.535556915953356,0.484,0.338,0.232187110782014,"6","Gm13052"
"Lrrtm33",1.62218589729435e-05,0.442755962073879,0.525,0.386,0.28448274080851,"6","Lrrtm3"
"Kcnh11",2.03286895102231e-05,0.699957614530628,0.32,0.199,0.356504227940782,"6","Kcnh1"
"Stk16",2.32290462895857e-05,0.801107272009015,0.251,0.145,0.407367784780464,"6","Stk16"
"A330008L17Rik",2.72345259980521e-05,0.538244553568163,0.356,0.23,0.47761188242784,"6","A330008L17Rik"
"Ssbp2",2.81674740785223e-05,0.524031880170177,0.553,0.412,0.493972992915045,"6","Ssbp2"
"Asic22",2.93302695747249e-05,0.161902119411936,0.959,0.926,0.514364937531951,"6","Asic2"
"Slit2",3.01021735963477e-05,0.658578454656049,0.397,0.268,0.527901818359149,"6","Slit2"
"Dlg22",3.7777781541214e-05,0.212783148158913,1,0.993,0.66250895488827,"6","Dlg2"
"Unc5d",3.93220825029731e-05,0.419426949745048,0.795,0.69,0.68959136085464,"6","Unc5d"
"Gnas1",4.66983293333523e-05,0.337106798519983,0.845,0.729,0.818948601519,"6","Gnas"
"Arhgap181",6.38254669097604e-05,0.579314995814362,0.406,0.288,1,"6","Arhgap18"
"Apba12",6.77687573276937e-05,0.329079862004175,0.68,0.529,1,"6","Apba1"
"Lrrtm42",7.10885278603482e-05,0.30176201880347,0.932,0.891,1,"6","Lrrtm4"
"C530008M17Rik1",8.42097655749133e-05,0.411047522066444,0.671,0.547,1,"6","C530008M17Rik"
"Cntnap5a3",9.16144615399932e-05,0.262736394407225,0.694,0.585,1,"6","Cntnap5a"
"Tnr1",9.22741778380572e-05,0.399316663246506,0.589,0.461,1,"6","Tnr"
"Ntng12",9.32292295587055e-05,0.124553262397464,0.342,0.217,1,"6","Ntng1"
"Ptprf2",9.4083743129875e-05,0.500556149153907,0.461,0.33,1,"6","Ptprf"
"Tcte2",9.80852767893906e-05,0.690877381254794,0.315,0.207,1,"6","Tcte2"
"Dnajc21",0.000107740622449664,0.572798592063057,0.292,0.182,1,"6","Dnajc21"
"Plppr1",0.000126769592919821,0.656078166391115,0.37,0.263,1,"6","Plppr1"
"Fgf132",0.000128215433866431,0.619185685326206,0.361,0.245,1,"6","Fgf13"
"Syt141",0.000174610289199452,0.559113676952265,0.329,0.218,1,"6","Syt14"
"Tango2",0.000187570321337641,0.49584268460015,0.521,0.407,1,"6","Tango2"
"Ankrd552",0.000187700032518233,0.484903568960899,0.393,0.273,1,"6","Ankrd55"
"Syt9",0.000194566118926082,0.609586434927414,0.288,0.185,1,"6","Syt9"
"Ftx2",0.000214605094290082,0.357893592175235,0.689,0.567,1,"6","Ftx"
"Plcb11",0.000223038678564028,0.233395530621064,0.671,0.548,1,"6","Plcb1"
"Cadm1",0.00022815548367541,0.293096125838149,0.863,0.781,1,"6","Cadm1"
"Scn9a2",0.000234875686626985,0.497887760992673,0.498,0.38,1,"6","Scn9a"
"Wscd21",0.000248339736487434,0.632496213574537,0.402,0.296,1,"6","Wscd2"
"Tro3",0.000301249848487928,0.354227151238794,0.703,0.602,1,"6","Tro"
"Zfp4231",0.000327656927607092,0.62540833870134,0.329,0.229,1,"6","Zfp423"
"Pam3",0.000408424730301322,0.400474016377917,0.548,0.437,1,"6","Pam"
"Nxpe4",0.00048398075350216,0.639570129429878,0.301,0.206,1,"6","Nxpe4"
"Sez6l2",0.000487729552563978,0.270385842524309,0.699,0.562,1,"6","Sez6l"
"Ghr1",0.000508366916746541,0.589027902974841,0.315,0.219,1,"6","Ghr"
"Prr162",0.000508583019769583,0.564147900867398,0.397,0.292,1,"6","Prr16"
"Npas3",0.000533515949067051,0.358485001700663,0.393,0.284,1,"6","Npas3"
"Rgs171",0.000550972802080734,0.488409326583133,0.484,0.379,1,"6","Rgs17"
"Samd51",0.000558076931616978,0.372683091013443,0.553,0.441,1,"6","Samd5"
"Mdga21",0.000565519202568902,0.223990456907934,0.977,0.936,1,"6","Mdga2"
"Pcdh92",0.000569484658779969,0.196098343840683,0.941,0.867,1,"6","Pcdh9"
"Trhde2",0.000584672689148841,0.652225003746526,0.279,0.185,1,"6","Trhde"
"Gabra52",0.000608542647505062,0.589243343136652,0.251,0.161,1,"6","Gabra5"
"Unc5c2",0.000612455941433627,0.386314720783476,0.566,0.462,1,"6","Unc5c"
"Colgalt1",0.00062511078633682,0.796664504530442,0.265,0.178,1,"6","Colgalt1"
"Gtf2i",0.000676292457886624,0.406822936204719,0.571,0.49,1,"6","Gtf2i"
"Greb1l3",0.000732490723329545,0.392614017865287,0.356,0.249,1,"6","Greb1l"
"Tmeff2",0.00073888480235162,0.263880277814322,0.607,0.473,1,"6","Tmeff2"
"Trim9",0.000747459604162724,0.460188131753098,0.502,0.4,1,"6","Trim9"
"Myo16",0.000793091320576946,0.3820113008403,0.406,0.29,1,"6","Myo16"
"Rerg2",0.000828893113762301,0.656975945610157,0.292,0.203,1,"6","Rerg"
"Arhgap441",0.000844101591505213,0.46073346018121,0.411,0.307,1,"6","Arhgap44"
"Cdh8",0.000868123027877052,0.354265828130917,0.521,0.4,1,"6","Cdh8"
"Rnf251",0.000902988549194843,0.411109740720508,0.443,0.328,1,"6","Rnf25"
"Dgki1",0.000959799556397715,0.384970216613383,0.562,0.468,1,"6","Dgki"
"Fstl41",0.0010854238309697,0.411914084274388,0.429,0.333,1,"6","Fstl4"
"Tspoap11",0.00121211622778102,0.342837092195021,0.667,0.575,1,"6","Tspoap1"
"Tmtc23",0.00133315052571942,0.582951308423947,0.301,0.213,1,"6","Tmtc2"
"Fus",0.00133596597292221,0.468687198392595,0.516,0.429,1,"6","Fus"
"Sash11",0.00134543215529216,0.557982594933616,0.329,0.238,1,"6","Sash1"
"Dpysl51",0.00139547383700784,0.492084432958371,0.374,0.277,1,"6","Dpysl5"
"Gabra31",0.00139564844727987,0.537048567113855,0.361,0.263,1,"6","Gabra3"
"Ptprs1",0.00142900234822373,0.254560816215983,0.84,0.75,1,"6","Ptprs"
"Sdk2",0.00153431004745791,0.384689087862247,0.429,0.328,1,"6","Sdk2"
"Pcdh172",0.00163943694199826,0.52649955650828,0.438,0.351,1,"6","Pcdh17"
"Mpped2",0.00164996933615311,0.330713759885913,0.338,0.241,1,"6","Mpped2"
"Grm3",0.00179071861450282,0.589964446769416,0.251,0.166,1,"6","Grm3"
"Baiap33",0.001803733855167,0.264395258454511,0.708,0.602,1,"6","Baiap3"
"Cep1122",0.00187237053776475,0.224677097189841,0.84,0.733,1,"6","Cep112"
"Map7",0.0019104390364677,0.336218226695965,0.498,0.384,1,"6","Map7"
"Unc13b1",0.00192693399618241,0.488252876670993,0.32,0.227,1,"6","Unc13b"
"Garnl31",0.00210658320513712,0.36656759851521,0.589,0.492,1,"6","Garnl3"
"Unc79",0.00214200222197395,0.276081059972974,0.662,0.552,1,"6","Unc79"
"Aifm31",0.00214535899989357,0.475155970930314,0.374,0.283,1,"6","Aifm3"
"Ehmt1",0.00215751886372745,0.363891166863633,0.575,0.483,1,"6","Ehmt1"
"Prlr1",0.00216645068140919,0.481543476308436,0.333,0.239,1,"6","Prlr"
"Foxp13",0.00224268537462437,0.638251653551673,0.457,0.396,1,"6","Foxp1"
"Rtn12",0.00255115759718387,0.281458817009117,0.776,0.715,1,"6","Rtn1"
"Nav32",0.00262882148094436,0.21532813965941,0.836,0.78,1,"6","Nav3"
"Vwc2l2",0.0027435373129191,0.400525071396458,0.338,0.245,1,"6","Vwc2l"
"Snhg112",0.00281831524950891,0.0950098333859106,1,1,1,"6","Snhg11"
"Grin2b",0.00288307679798579,0.211639461486056,0.858,0.827,1,"6","Grin2b"
"Dync1i23",0.00294637741073823,0.303817255469058,0.621,0.526,1,"6","Dync1i2"
"Kcnj32",0.00297609166479262,0.520996161828488,0.297,0.213,1,"6","Kcnj3"
"Hdac8",0.0031749802654751,0.477619833489635,0.47,0.382,1,"6","Hdac8"
"Lrfn21",0.00342502466562849,0.439532061199592,0.384,0.3,1,"6","Lrfn2"
"March3",0.00343473022426472,0.471310769872253,0.256,0.177,1,"6","March3"
"Cbarp",0.00361017943405423,0.44768034477905,0.406,0.322,1,"6","Cbarp"
"Frmpd4",0.00375010600341218,0.174816870524386,0.571,0.474,1,"6","Frmpd4"
"Ccdc34",0.00386071172713642,0.498586487264178,0.32,0.235,1,"6","Ccdc34"
"Nav2",0.00392508538391033,0.130414584299399,0.895,0.843,1,"6","Nav2"
"Cers5",0.00412767237580506,0.452873872011396,0.411,0.326,1,"6","Cers5"
"Celf62",0.0042789569596142,0.585431729186634,0.265,0.187,1,"6","Celf6"
"Acat1",0.0046006026084849,0.371164730893406,0.393,0.302,1,"6","Acat1"
"Pnck1",0.00462782262377693,0.543838412613346,0.329,0.247,1,"6","Pnck"
"Chrm2",0.00463287231817665,0.113997226831497,0.292,0.203,1,"6","Chrm2"
"Umad11",0.00465021325498443,0.528665655434445,0.292,0.212,1,"6","Umad1"
"Klhdc10",0.00466301604983152,0.369206880172032,0.534,0.441,1,"6","Klhdc10"
"Scml43",0.00484091403828605,0.315435412299656,0.338,0.253,1,"6","Scml4"
"Eftud2",0.00492970021968877,0.625886659435419,0.251,0.179,1,"6","Eftud2"
"Cobl1",0.0050360792225006,0.508045799648942,0.279,0.201,1,"6","Cobl"
"Gria11",0.00507561648474217,0.0597648227928955,0.959,0.881,1,"6","Gria1"
"Robo22",0.00510504000705924,0.236367415141481,0.32,0.232,1,"6","Robo2"
"Zfp618",0.00536704894688856,0.376969458445324,0.283,0.199,1,"6","Zfp618"
"Fut81",0.00559280168952847,0.492823642807594,0.329,0.25,1,"6","Fut8"
"Lrp1",0.00562994406897452,0.281238488047973,0.58,0.479,1,"6","Lrp1"
"Ntrk2",0.00569192703526201,0.22925084232849,0.726,0.67,1,"6","Ntrk2"
"Spred2",0.0059278821004126,0.578575982670745,0.329,0.255,1,"6","Spred2"
"Srsf101",0.00609731073860328,0.458404072660832,0.311,0.229,1,"6","Srsf10"
"Ftl1-ps1",0.00610345772741456,0.472435803660254,0.297,0.215,1,"6","Ftl1-ps1"
"Zmym3",0.00618134675398553,0.25836839633851,0.498,0.409,1,"6","Zmym3"
"Ago2",0.00645963971965266,0.4384716458333,0.379,0.299,1,"6","Ago2"
"Prickle1",0.00653755960676509,0.47831706190128,0.484,0.407,1,"6","Prickle1"
"Copg21",0.006576927763218,0.401057913384957,0.374,0.289,1,"6","Copg2"
"Ephb12",0.00662124944495944,0.276919988400169,0.434,0.336,1,"6","Ephb1"
"Arhgap23",0.00674827651317206,0.434080801834457,0.342,0.261,1,"6","Arhgap23"
"Nhsl21",0.00681893707461879,0.541707400348649,0.265,0.191,1,"6","Nhsl2"
"Sipa1l3",0.00735916652215348,0.440711215364857,0.352,0.277,1,"6","Sipa1l3"
"Susd42",0.00775578667538145,0.376466469608586,0.457,0.368,1,"6","Susd4"
"Hacd3",0.00780476513123749,0.475653602536006,0.365,0.288,1,"6","Hacd3"
"Tmc41",0.00828922120469418,0.376178723955324,0.379,0.294,1,"6","Tmc4"
"Stau21",0.00845554756237338,0.261153826051127,0.703,0.627,1,"6","Stau2"
"Ylpm11",0.0085040158283745,0.280404827723516,0.671,0.594,1,"6","Ylpm1"
"Pde4d2",0.00862523826619039,0.165942586835239,0.904,0.859,1,"6","Pde4d"
"Lrfn52",0.00893823558707202,0.186876416259258,0.877,0.8,1,"6","Lrfn5"
"Grid21",0.00947855650764778,0.115045111384996,0.963,0.931,1,"6","Grid2"
"Fam189a1",0.00960789731431231,0.490964256026105,0.406,0.346,1,"6","Fam189a1"
"9630014M24Rik1",0.00965149724000262,0.404687921240359,0.388,0.307,1,"6","9630014M24Rik"
"Prdm161",1.7657026514643e-215,3.91101925921525,0.821,0.087,3.09651273987295e-211,"7","Prdm16"
"Megf11",3.89223042261511e-138,3.46317891516005,0.657,0.086,6.82580449214012e-134,"7","Megf11"
"Nr4a2",5.51194518063237e-127,4.96383767076652,0.279,0.009,9.66629826327499e-123,"7","Nr4a2"
"Otx2os1",1.23729380727243e-90,3.28444982000522,0.383,0.039,2.16984214981366e-86,"7","Otx2os1"
"Nfia",3.26743123528305e-83,3.31829197239722,0.463,0.068,5.73009415731588e-79,"7","Nfia"
"Ttn",6.16375616387924e-74,4.03316079721645,0.318,0.034,1.0809379184595e-69,"7","Ttn"
"Pcdh11x2",8.00726315067023e-61,2.16278451119294,0.826,0.362,1.40423373873304e-56,"7","Pcdh11x"
"Kcnmb2",1.56572772323762e-60,2.13358315437859,0.527,0.114,2.74581670824181e-56,"7","Kcnmb2"
"Prkca2",9.63728361434599e-60,2.40071901072914,0.796,0.365,1.69009042744786e-55,"7","Prkca"
"Gfra1",8.87873092271579e-58,2.44040537301882,0.532,0.13,1.55706304191667e-53,"7","Gfra1"
"Sox52",1.48733401315497e-52,2.25837987785881,0.552,0.145,2.60833765886987e-48,"7","Sox5"
"Sox2ot1",3.87076121007399e-49,1.56964118367349,0.781,0.316,6.78815393410675e-45,"7","Sox2ot"
"Ano1",3.59184596062573e-46,2.91836457817635,0.358,0.072,6.29902026114935e-42,"7","Ano1"
"Syt1",1.09883841663974e-39,0.887495910693652,1,0.908,1.92703293126112e-35,"7","Syt1"
"Zfp5361",1.39713441127672e-36,1.35323983160939,0.572,0.186,2.45015461705598e-32,"7","Zfp536"
"Cntn5",9.65703148094008e-36,1.24087997828686,0.955,0.766,1.69355361081246e-31,"7","Cntn5"
"Il1rapl21",3.36581537439034e-35,1.72917193785415,0.587,0.229,5.90263042206834e-31,"7","Il1rapl2"
"Nfib",8.16115435132056e-33,2.14336417517118,0.318,0.074,1.43122163859109e-28,"7","Nfib"
"Gria3",1.03748490099135e-30,1.42782229787247,0.826,0.538,1.81943727086852e-26,"7","Gria3"
"Grm51",5.32324952280503e-30,0.969421789038225,0.96,0.839,9.33538268814317e-26,"7","Grm5"
"Six3",7.08178840365923e-30,1.99545964993975,0.343,0.091,1.24193323234972e-25,"7","Six3"
"Spats2l",7.62102020881705e-29,1.85167604237474,0.473,0.173,1.33649831402025e-24,"7","Spats2l"
"Rtn4rl1",7.1590768080105e-28,2.22546525538607,0.294,0.073,1.2554872998208e-23,"7","Rtn4rl1"
"Myo10",7.2102942901636e-28,1.88321717611911,0.358,0.103,1.26446930966599e-23,"7","Myo10"
"Pcsk22",3.48781668198174e-25,1.27371733483954,0.657,0.337,6.11658411519138e-21,"7","Pcsk2"
"Etl4",4.01146382079336e-24,1.49855332588379,0.701,0.442,7.03490410252532e-20,"7","Etl4"
"Man1a",4.4166204326409e-24,2.006437068083,0.398,0.143,7.74542725272235e-20,"7","Man1a"
"Tmem1631",7.094473757095e-24,1.7746485007275,0.383,0.133,1.24415786278175e-19,"7","Tmem163"
"Slc24a31",4.16296738881402e-23,1.24635628367579,0.736,0.475,7.30059590976315e-19,"7","Slc24a3"
"Slc44a51",8.17807863485518e-22,1.55757005404373,0.468,0.201,1.43418965019455e-17,"7","Slc44a5"
"Gnas2",3.45026807176042e-21,0.831657037368124,0.915,0.725,6.05073511744625e-17,"7","Gnas"
"Dgkz",4.40559499556337e-20,1.21992099092544,0.667,0.388,7.72609194371949e-16,"7","Dgkz"
"Stac",4.50560906667278e-20,1.39042199187681,0.418,0.166,7.90148662022406e-16,"7","Stac"
"Epha61",1.96445404615053e-19,0.930642390661307,0.776,0.497,3.44506306073418e-15,"7","Epha6"
"Sulf2",2.78355338615475e-19,1.36726061880474,0.478,0.216,4.88151757329958e-15,"7","Sulf2"
"Esrrg",1.44249880537214e-18,1.42412043308257,0.547,0.296,2.52971015498111e-14,"7","Esrrg"
"Frmpd41",3.67151346282516e-17,1.30357309758767,0.687,0.467,6.43873315975648e-13,"7","Frmpd4"
"Grid22",9.46448062439824e-17,0.672388849655484,0.995,0.929,1.65978596710072e-12,"7","Grid2"
"Gm46102",5.42574728371183e-16,1.63722549695634,0.299,0.112,9.51513301144544e-12,"7","Gm46102"
"Zic1",9.31974454573384e-16,1.59598408788627,0.259,0.086,1.63440360098534e-11,"7","Zic1"
"Nlgn11",1.5394457016857e-15,0.543132664977881,0.995,0.907,2.69972592704621e-11,"7","Nlgn1"
"Camk2a2",4.78696732700138e-15,0.762577715587151,0.846,0.683,8.39490460136233e-11,"7","Camk2a"
"Adgrb32",6.2573176105156e-15,0.632957271250076,0.995,0.939,1.09734578935612e-10,"7","Adgrb3"
"Sntg12",1.99956755796331e-14,0.73828864626587,0.975,0.928,3.50664162640027e-10,"7","Sntg1"
"Syt17",5.49473805182314e-14,1.56390706387789,0.264,0.096,9.63612212148224e-10,"7","Syt17"
"Pde4d3",1.06369089582426e-13,0.737236840730151,0.915,0.859,1.865394724007e-09,"7","Pde4d"
"Bcan",1.23048190892231e-13,1.17115883582815,0.388,0.177,2.15789612367706e-09,"7","Bcan"
"Nrxn32",3.09393898685512e-13,0.432393664262381,0.995,0.945,5.42584080124782e-09,"7","Nrxn3"
"Plekha71",1.37161216929343e-12,1.10233923923116,0.493,0.276,2.40539626128989e-08,"7","Plekha7"
"Elavl2",2.0582441702966e-12,1.11396583139671,0.418,0.213,3.60954280144914e-08,"7","Elavl2"
"Grid11",3.5849936604317e-12,0.733915214417429,0.801,0.679,6.28700338229907e-08,"7","Grid1"
"Gab21",1.03618017691288e-11,0.995372575368041,0.542,0.332,1.81714917625212e-07,"7","Gab2"
"Dnah7b",2.12000697618484e-11,1.26168179150262,0.313,0.141,3.71785623413535e-07,"7","Dnah7b"
"Ripor22",2.22146994970055e-11,0.818978588051793,0.567,0.348,3.89579185078985e-07,"7","Ripor2"
"Rbms3",2.92414588283619e-11,0.635058790070646,0.791,0.637,5.12807463472982e-07,"7","Rbms3"
"Cacnb4",3.72798209452135e-11,0.968225946110304,0.582,0.403,6.53776219916209e-07,"7","Cacnb4"
"Ntm1",5.0612382775211e-11,0.601540967933218,0.866,0.725,8.87589356728876e-07,"7","Ntm"
"Mpp6",5.59166807024126e-11,1.48609717100456,0.308,0.145,9.80610829478209e-07,"7","Mpp6"
"Ndst3",8.0783958291344e-11,1.17092171620879,0.403,0.218,1.4167082765553e-06,"7","Ndst3"
"Atp2b2",1.42389553811951e-10,0.646903129820077,0.831,0.65,2.49708560520019e-06,"7","Atp2b2"
"Me31",2.16625384456416e-10,0.815741556003695,0.582,0.388,3.79895936721217e-06,"7","Me3"
"Dscam2",2.52854633001273e-10,0.417957675263578,0.965,0.855,4.43431169894332e-06,"7","Dscam"
"Nwd2",2.90122788543121e-10,1.54572452991281,0.254,0.111,5.08788334268072e-06,"7","Nwd2"
"Zfp5211",2.96014381910013e-10,1.13245218801448,0.284,0.126,5.19120421555589e-06,"7","Zfp521"
"Nrg11",4.45515969312989e-10,0.3167495438914,0.9,0.723,7.81301355384188e-06,"7","Nrg1"
"Gabrb13",4.51670077426641e-10,0.590281940531115,0.91,0.824,7.92093814783101e-06,"7","Gabrb1"
"Slc6a17",6.94462485960802e-10,0.944743911118315,0.463,0.272,1.21787886162946e-05,"7","Slc6a17"
"Chd72",8.39968252075922e-10,1.04818275349266,0.323,0.155,1.47305232366554e-05,"7","Chd7"
"Ndst4",2.47948247989091e-09,0.811876972744297,0.413,0.228,4.3482684249847e-05,"7","Ndst4"
"Whrn",2.9500070400995e-09,1.05169434685879,0.284,0.132,5.17342734622249e-05,"7","Whrn"
"Sdk1",3.6126311894544e-09,0.52883521091553,0.592,0.379,6.33547131694618e-05,"7","Sdk1"
"Susd43",5.25753217399805e-09,0.819154560527811,0.537,0.364,9.22013417354037e-05,"7","Susd4"
"Nkain31",6.31006862969021e-09,0.825345306015257,0.602,0.436,0.000110659673558877,"7","Nkain3"
"C530008M17Rik2",6.95424514536033e-09,0.615304446292357,0.701,0.546,0.000121956597114184,"7","C530008M17Rik"
"Trpc4",1.69328403538663e-08,1.24854886849911,0.348,0.2,0.000296951221285753,"7","Trpc4"
"Setbp11",2.31996653165851e-08,0.707239688096979,0.612,0.458,0.000406852530656952,"7","Setbp1"
"Cdh7",2.54909136532824e-08,1.19200661370877,0.308,0.165,0.000447034152737613,"7","Cdh7"
"Sobp2",3.31597419739555e-08,0.710892082556313,0.597,0.451,0.000581522394997257,"7","Sobp"
"Klf121",3.49618505580915e-08,0.712255271702291,0.602,0.427,0.000613125973237251,"7","Klf12"
"Cntnap42",4.14799544240729e-08,0.699844590042158,0.458,0.274,0.000727433960734967,"7","Cntnap4"
"Cdh111",4.14925153520087e-08,1.18173801392679,0.318,0.169,0.000727654241728177,"7","Cdh11"
"A230006K03Rik1",6.41208241535716e-08,0.572534241230591,0.766,0.626,0.00112448689318119,"7","A230006K03Rik"
"Dgkg1",7.24623809251112e-08,0.702375417213386,0.572,0.384,0.00127077277428368,"7","Dgkg"
"Lhfpl32",1.33080617855219e-07,0.553045341967882,0.776,0.689,0.00233383479532698,"7","Lhfpl3"
"Luzp1",1.36154777058611e-07,1.12182518350242,0.308,0.169,0.00238774632527686,"7","Luzp1"
"Ghr2",2.1029764973362e-07,0.970282898931954,0.358,0.217,0.0036879898833785,"7","Ghr"
"Fam135b1",2.10556223081087e-07,0.831151235117026,0.443,0.285,0.00369252448417302,"7","Fam135b"
"Ppm1e",2.24004721328256e-07,0.670936240503237,0.577,0.426,0.00392837079793363,"7","Ppm1e"
"Meg3",2.59035047509985e-07,0.176995428782218,1,1,0.00454269762818261,"7","Meg3"
"Tcf41",2.7086179878749e-07,0.485019092484903,0.403,0.237,0.00475010336533622,"7","Tcf4"
"Sik31",3.10685405655723e-07,0.679263780563497,0.647,0.504,0.00544848995898442,"7","Sik3"
"Cacna2d2",3.19685356592841e-07,0.3790422627409,0.761,0.564,0.00560632209856864,"7","Cacna2d2"
"Adarb1",3.19784745726811e-07,1.00798832446374,0.408,0.263,0.00560806508581109,"7","Adarb1"
"Tead11",3.21303662996728e-07,1.01456847288745,0.323,0.185,0.00563470233797363,"7","Tead1"
"Ap2b1",4.57905265558822e-07,0.828480728836889,0.433,0.281,0.00803028464210507,"7","Ap2b1"
"4930447C04Rik1",4.93340681983264e-07,0.801116095904219,0.299,0.159,0.00865171553994051,"7","4930447C04Rik"
"Cntn31",5.3364187138007e-07,0.686957747933761,0.498,0.337,0.00935847749839228,"7","Cntn3"
"Sphkap",1.02302893052649e-06,0.625649626570557,0.308,0.168,0.0179408583546431,"7","Sphkap"
"Kcnn2",1.20731721534207e-06,0.729793901869977,0.498,0.354,0.0211727220054538,"7","Kcnn2"
"Adgra1",1.22523818082232e-06,0.796388302837919,0.358,0.214,0.021487001977081,"7","Adgra1"
"Mctp1",2.29391050676903e-06,0.825735008895076,0.567,0.454,0.0402283085572086,"7","Mctp1"
"Cabp1",2.75571465857114e-06,1.22360251136888,0.259,0.147,0.0483269679673621,"7","Cabp1"
"Plcl11",3.92892343438494e-06,0.69729447915559,0.428,0.283,0.0689015302688086,"7","Plcl1"
"Atxn11",4.19251278217219e-06,0.47979458234577,0.706,0.595,0.0735240966609538,"7","Atxn1"
"Cep83",5.09048711977545e-06,0.833828188687304,0.348,0.216,0.089271872619502,"7","Cep83"
"Prkn3",5.38000068794782e-06,0.430829978213322,0.851,0.788,0.094349072064541,"7","Prkn"
"Snhg141",5.41836514510915e-06,0.260403029699948,0.995,0.984,0.0950218695497791,"7","Snhg14"
"Pcdh93",5.93719909566632e-06,0.52313606364173,0.896,0.87,0.1041206605407,"7","Pcdh9"
"March31",6.24210107913796e-06,0.821458084494034,0.299,0.175,0.109467726624842,"7","March3"
"Gad1",6.75517336972125e-06,0.833147832607311,0.368,0.237,0.118465475384802,"7","Gad1"
"Frmd52",7.35834486582559e-06,0.429895990267763,0.751,0.629,0.129043293911983,"7","Frmd5"
"Atp1a3",7.36783059393395e-06,0.453963834472585,0.791,0.677,0.12920964512582,"7","Atp1a3"
"Aifm32",7.43324371136672e-06,0.657005385576843,0.428,0.281,0.130356794966238,"7","Aifm3"
"Myt1",7.8916513456979e-06,0.967667497918424,0.264,0.15,0.138395889649504,"7","Myt1"
"Las1l",8.78986261638732e-06,0.756195444423522,0.438,0.307,0.154147820703584,"7","Las1l"
"Gys1",1.08301101142673e-05,0.860850761397159,0.289,0.168,0.189927641073905,"7","Gys1"
"Ftl1-ps11",1.12903190681945e-05,0.801907589568778,0.343,0.213,0.197998325498927,"7","Ftl1-ps1"
"Fhod31",1.135813798353e-05,0.571609786857668,0.448,0.296,0.199187665817165,"7","Fhod3"
"Zfp4232",1.19673571746406e-05,0.785728986937256,0.358,0.228,0.209871542771671,"7","Zfp423"
"Slc25a361",1.20366748735164e-05,0.799287198502027,0.333,0.207,0.211087167256857,"7","Slc25a36"
"Utrn",1.28784842821757e-05,0.899939415390104,0.279,0.164,0.225849978856516,"7","Utrn"
"Cacng2",1.44426906286039e-05,0.902616193317169,0.443,0.324,0.253281465553827,"7","Cacng2"
"Ankrd44",1.63929018875301e-05,0.755603731362706,0.294,0.172,0.287482320401615,"7","Ankrd44"
"Epb41l11",1.69369070975563e-05,0.44265531180811,0.796,0.754,0.297022539769844,"7","Epb41l1"
"Slc8a11",1.94075347093376e-05,0.491311385050591,0.716,0.619,0.340349936197654,"7","Slc8a1"
"Hmgn3",2.09977525254274e-05,0.842240981229836,0.264,0.152,0.368237586038419,"7","Hmgn3"
"Nexmif2",2.31113573934094e-05,0.846051665837949,0.418,0.296,0.405303874608221,"7","Nexmif"
"Ppig",2.43733419533004e-05,0.451868122923481,0.642,0.514,0.427435297835029,"7","Ppig"
"Baz1b",2.53883456115116e-05,0.414796485731413,0.682,0.556,0.445235416989079,"7","Baz1b"
"Kcnc1",2.62989747299749e-05,0.588509567517357,0.507,0.37,0.461205119839569,"7","Kcnc1"
"Patj",2.71620744814923e-05,0.765266857543432,0.333,0.213,0.476341300181931,"7","Patj"
"A630089N07Rik",2.77392877377186e-05,0.847394082461175,0.303,0.189,0.486463889056371,"7","A630089N07Rik"
"Gabra1",3.01265512369967e-05,1.09644547994186,0.259,0.157,0.528329329043211,"7","Gabra1"
"Nyap2",3.02770506686673e-05,0.796215986733755,0.408,0.282,0.530968637576418,"7","Nyap2"
"Elavl3",3.27567376909157e-05,0.282954784874618,0.935,0.888,0.574454908885588,"7","Elavl3"
"Naaladl21",4.14057816487061e-05,0.69545814264757,0.433,0.314,0.72613319277336,"7","Naaladl2"
"Sorcs22",4.71321101897785e-05,1.06107843748519,0.294,0.189,0.826555816398146,"7","Sorcs2"
"Gm289053",5.06463656383498e-05,0.44196979751742,0.567,0.431,0.888185314199741,"7","Gm28905"
"Zfyve16",5.63732868137673e-05,0.778169193557125,0.313,0.201,0.988618330853037,"7","Zfyve16"
"Lrfn53",5.66176443232921e-05,0.416598866410868,0.841,0.803,0.992903628497574,"7","Lrfn5"
"Aco2",6.19737459786365e-05,0.561316614217893,0.517,0.39,1,"7","Aco2"
"Col11a11",6.67500075916901e-05,0.50747264357231,0.438,0.301,1,"7","Col11a1"
"Rab30",7.42366768685257e-05,0.851069740604573,0.264,0.161,1,"7","Rab30"
"Plxna4",7.49453909530018e-05,0.444210385075068,0.647,0.53,1,"7","Plxna4"
"Ank2",7.58209684061071e-05,0.199354395320667,1,0.983,1,"7","Ank2"
"Ncor1",7.9852128809292e-05,0.38172432516592,0.711,0.618,1,"7","Ncor1"
"Stk391",8.10392760833109e-05,0.667177136671141,0.358,0.239,1,"7","Stk39"
"Pdzrn42",8.24266735207355e-05,0.732858927215751,0.572,0.482,1,"7","Pdzrn4"
"Plxdc21",8.2797484857215e-05,0.712714818163131,0.378,0.253,1,"7","Plxdc2"
"Agbl4",8.4001632231344e-05,0.259396723842779,0.95,0.918,1,"7","Agbl4"
"Gnal",8.61495101533623e-05,0.473764888680838,0.458,0.322,1,"7","Gnal"
"Iws1",0.00010774893609887,0.666871669984275,0.343,0.228,1,"7","Iws1"
"Zfhx32",0.000111883883753539,0.158342534195558,0.866,0.689,1,"7","Zfhx3"
"Nfyc",0.000113221694729507,0.918990812905221,0.264,0.164,1,"7","Nfyc"
"Unc5c3",0.00011382966988738,0.453734243059188,0.597,0.461,1,"7","Unc5c"
"Sgms1",0.000144847753966305,0.793159612725611,0.353,0.252,1,"7","Sgms1"
"Grip1",0.000144975099746924,0.331859899629145,0.836,0.781,1,"7","Grip1"
"Scn1a",0.000147865468430299,0.44508878468606,0.662,0.606,1,"7","Scn1a"
"Rcor1",0.000149939724899293,0.788059943078773,0.254,0.155,1,"7","Rcor1"
"H2afy",0.00015529390307972,0.622609528192507,0.353,0.236,1,"7","H2afy"
"Fam155a3",0.000160882270052064,0.214434865891109,0.995,0.973,1,"7","Fam155a"
"Atp1b1",0.000165082834286969,0.587414687292552,0.443,0.321,1,"7","Atp1b1"
"Mycbp2",0.000189071525390556,0.203884724800558,1,0.992,1,"7","Mycbp2"
"Ccser13",0.000190405637001826,0.316912070522066,0.9,0.886,1,"7","Ccser1"
"Ppm1h1",0.000193077873189433,0.562500242663642,0.438,0.325,1,"7","Ppm1h"
"Tcf121",0.000204307118791443,0.521666525155064,0.413,0.283,1,"7","Tcf12"
"Phip",0.000205174549117376,0.471897693882735,0.572,0.448,1,"7","Phip"
"Chrm21",0.000208493819754633,0.446422686834477,0.318,0.202,1,"7","Chrm2"
"Chga",0.000214690720613083,0.609805957441999,0.338,0.227,1,"7","Chga"
"Tafa21",0.000214752771213093,0.635828050165971,0.388,0.272,1,"7","Tafa2"
"Chst1",0.000216440228604956,0.791839602146287,0.318,0.219,1,"7","Chst1"
"R3hdm2",0.00022304521270011,0.439002695430766,0.552,0.441,1,"7","R3hdm2"
"St3gal3",0.000226857138194456,0.585948001335684,0.458,0.341,1,"7","St3gal3"
"Gad2",0.000233044983900912,0.494523448847635,0.498,0.38,1,"7","Gad2"
"Ttll7",0.000238676208598584,0.593342027077363,0.383,0.269,1,"7","Ttll7"
"Ttc19",0.000257660493107432,0.589206828981223,0.398,0.28,1,"7","Ttc19"
"Zfp827",0.000273246400925393,0.618836861044658,0.313,0.206,1,"7","Zfp827"
"Gabrb21",0.000279078429359375,0.750511241742551,0.378,0.266,1,"7","Gabrb2"
"Cpeb31",0.000286393002442202,0.607732082963598,0.498,0.397,1,"7","Cpeb3"
"Clasp22",0.00030275359996997,0.419285166488576,0.711,0.616,1,"7","Clasp2"
"Pde10a1",0.000304113630781142,0.303427393163039,0.821,0.735,1,"7","Pde10a"
"Scn8a",0.00030825784888667,0.483883033149495,0.637,0.541,1,"7","Scn8a"
"Car10",0.000337176160704865,0.292940531221687,0.647,0.515,1,"7","Car10"
"Tox",0.000371243046668744,0.603394512733177,0.259,0.161,1,"7","Tox"
"Dok6",0.000382321671652602,0.38446259543401,0.602,0.48,1,"7","Dok6"
"Uhrf1bp1l1",0.000411144424894012,0.642933580919677,0.378,0.272,1,"7","Uhrf1bp1l"
"Wwox1",0.000451149064236054,0.395096896938352,0.746,0.669,1,"7","Wwox"
"Nipsnap2",0.000473401059399755,0.531967689795974,0.313,0.207,1,"7","Nipsnap2"
"Sema6a1",0.000491832609227867,0.486335077106542,0.353,0.241,1,"7","Sema6a"
"Ckb",0.000492736804333882,0.457526057623733,0.373,0.256,1,"7","Ckb"
"Papola",0.000498157434946776,0.407863051278715,0.602,0.496,1,"7","Papola"
"Tenm31",0.000588353461437625,0.402439537669616,0.632,0.525,1,"7","Tenm3"
"Vwc2l3",0.000622471023963802,0.578783021532583,0.348,0.244,1,"7","Vwc2l"
"Bckdhb",0.000632753734263397,0.79772031601164,0.264,0.174,1,"7","Bckdhb"
"Gpatch8",0.000658454908589799,0.516591968249218,0.602,0.516,1,"7","Gpatch8"
"Tnrc6b1",0.0006681336191197,0.356763629609298,0.701,0.636,1,"7","Tnrc6b"
"Immp2l",0.000668929776740836,0.778441940517176,0.294,0.198,1,"7","Immp2l"
"Dlc1",0.000672912368557332,0.642515082436872,0.323,0.225,1,"7","Dlc1"
"Khdrbs22",0.000675957662259102,0.374368241510289,0.617,0.509,1,"7","Khdrbs2"
"Abhd181",0.000720349689552066,0.531803445440725,0.353,0.246,1,"7","Abhd18"
"Ogdh",0.000760783727375282,0.642008699520746,0.428,0.34,1,"7","Ogdh"
"Hspa12a2",0.000765029137885282,0.663884722662876,0.323,0.224,1,"7","Hspa12a"
"Dpp63",0.000818290149839607,0.276607825375035,0.96,0.937,1,"7","Dpp6"
"Fnbp1",0.000824192846907015,0.443065011675022,0.572,0.491,1,"7","Fnbp1"
"Bend6",0.000827268883152579,0.476400183645238,0.507,0.415,1,"7","Bend6"
"Mapk101",0.000836071631932951,0.3531385588865,0.771,0.696,1,"7","Mapk10"
"Tmem1891",0.000848637701732088,0.718845448347484,0.308,0.213,1,"7","Tmem189"
"Phactr1",0.000848882209542255,0.123300197386045,0.915,0.837,1,"7","Phactr1"
"Strbp1",0.000869737430450938,0.388198053951511,0.632,0.568,1,"7","Strbp"
"Smap2",0.000965649688141164,0.738477914228212,0.259,0.171,1,"7","Smap2"
"Usp293",0.000989541718235395,0.24981284183925,0.925,0.909,1,"7","Usp29"
"Lncppara",0.00104697781437518,0.678160880723439,0.254,0.167,1,"7","Lncppara"
"Pnkd",0.00105751450717112,0.596255841575748,0.323,0.223,1,"7","Pnkd"
"Cd461",0.00105768292892424,0.516244651702769,0.353,0.253,1,"7","Cd46"
"Mtmr7",0.00107011551913102,0.685191572224963,0.274,0.184,1,"7","Mtmr7"
"Peg31",0.00112747872450707,0.24619994745832,0.925,0.902,1,"7","Peg3"
"Mroh1",0.00113255385095509,0.493476192683891,0.398,0.294,1,"7","Mroh1"
"Slc4a8",0.00123679635714737,0.563687157614084,0.269,0.177,1,"7","Slc4a8"
"Magi22",0.00127382602196597,0.183933076664486,0.985,0.975,1,"7","Magi2"
"Nipbl",0.00130304874674442,0.370768584505577,0.627,0.539,1,"7","Nipbl"
"Grm31",0.00131031276798381,0.612470029316107,0.254,0.166,1,"7","Grm3"
"Faf11",0.0013454959146944,0.550418694673377,0.413,0.31,1,"7","Faf1"
"Ktn1",0.00137674053167365,0.37423360523182,0.647,0.575,1,"7","Ktn1"
"Srpk22",0.00150695717806522,0.395149184885156,0.552,0.454,1,"7","Srpk2"
"Pitpnc1",0.00152239928315716,0.580649507850073,0.418,0.331,1,"7","Pitpnc1"
"Oxct1",0.00152992162394971,0.435802238130202,0.507,0.398,1,"7","Oxct1"
"Tfrc",0.00167065414644001,0.568942653775186,0.269,0.179,1,"7","Tfrc"
"Pcmt11",0.0016733538482999,0.462165513406402,0.373,0.269,1,"7","Pcmt1"
"Atrn",0.00168232453336539,0.414607394280504,0.418,0.31,1,"7","Atrn"
"Herc1",0.00168937555348123,0.281385070042128,0.871,0.84,1,"7","Herc1"
"Dlat",0.00172274355121236,0.553875670071889,0.308,0.215,1,"7","Dlat"
"Ccnc",0.00173374223669124,0.630263570160077,0.259,0.173,1,"7","Ccnc"
"Samd41",0.00175474790343633,0.386736945068956,0.517,0.411,1,"7","Samd4"
"Pcmtd2",0.00185718806564117,0.733155537738804,0.284,0.201,1,"7","Pcmtd2"
"Rbms12",0.00200319342689564,0.426860595427479,0.299,0.204,1,"7","Rbms1"
"Mdm43",0.00202144097763519,0.497857715918099,0.413,0.317,1,"7","Mdm4"
"Ube2w1",0.00208500148280604,0.641351149303236,0.259,0.175,1,"7","Ube2w"
"Bclaf1",0.00216457949280323,0.383451107403627,0.652,0.569,1,"7","Bclaf1"
"Miga2",0.00223586412086664,0.420522867403858,0.373,0.267,1,"7","Miga2"
"Bzw21",0.00223777110817784,0.576145783298868,0.303,0.216,1,"7","Bzw2"
"Nova12",0.00223995398260458,0.500219425433458,0.358,0.261,1,"7","Nova1"
"Tacc2",0.00228093793277622,0.594564720715259,0.323,0.231,1,"7","Tacc2"
"Tut41",0.002293237649766,0.344574799850967,0.577,0.473,1,"7","Tut4"
"Plekha5",0.00239287852809074,0.338960607726296,0.647,0.572,1,"7","Plekha5"
"Nktr1",0.00239637082146912,0.278489377984737,0.881,0.865,1,"7","Nktr"
"Tmem132a",0.00240317651370624,0.527615791486251,0.303,0.213,1,"7","Tmem132a"
"Dtd11",0.00243532739927959,0.445049405186467,0.448,0.353,1,"7","Dtd1"
"Dock101",0.00248634865895543,0.456329655558957,0.587,0.504,1,"7","Dock10"
"Ptpn51",0.00252640250664159,0.38206404043434,0.547,0.451,1,"7","Ptpn5"
"Ggt7",0.00253553929291597,0.472379995856588,0.353,0.254,1,"7","Ggt7"
"Haghl",0.0025892427511675,0.482618303539855,0.363,0.27,1,"7","Haghl"
"Hk11",0.00263122701762771,0.59147441873755,0.294,0.207,1,"7","Hk1"
"Ap1b11",0.00265829661654064,0.554254106703579,0.358,0.271,1,"7","Ap1b1"
"Tpr",0.00278167774362166,0.411582290330969,0.547,0.473,1,"7","Tpr"
"Gabrg2",0.00280003868762036,0.541342099322738,0.338,0.251,1,"7","Gabrg2"
"Npas31",0.00285152967066961,0.199690840914367,0.388,0.285,1,"7","Npas3"
"Ptprs2",0.0029458996445857,0.221682049053205,0.816,0.752,1,"7","Ptprs"
"9630014M24Rik2",0.00295932458049716,0.431209857868886,0.408,0.306,1,"7","9630014M24Rik"
"Igf1r1",0.00300380637453493,0.480869220095487,0.378,0.287,1,"7","Igf1r"
"Rnf157",0.00301702795314783,0.328005694834086,0.592,0.487,1,"7","Rnf157"
"Ccdc88a1",0.0030722060811099,0.214669181402461,0.841,0.822,1,"7","Ccdc88a"
"Myo18a",0.00321181216930404,0.417737013352031,0.532,0.439,1,"7","Myo18a"
"Fubp1",0.00325326947765935,0.412233766991798,0.527,0.44,1,"7","Fubp1"
"Arih11",0.00332767047922274,0.484915323870826,0.428,0.345,1,"7","Arih1"
"Cpne4",0.00338666433806101,0.492959309410565,0.328,0.238,1,"7","Cpne4"
"Brd4",0.00341650043074736,0.422868687390016,0.537,0.449,1,"7","Brd4"
"Crebbp",0.00357634276579647,0.328833038778221,0.622,0.537,1,"7","Crebbp"
"Myo6",0.0037674546381578,0.496128949443027,0.313,0.222,1,"7","Myo6"
"Cux2",0.00400813334666201,0.370663170926007,0.428,0.332,1,"7","Cux2"
"Grip2",0.0041259030377268,0.45160828376792,0.299,0.21,1,"7","Grip2"
"Trappc9",0.00412890531537874,0.393611713302264,0.418,0.319,1,"7","Trappc9"
"A230057D06Rik1",0.00418980829320905,0.164494523182068,0.995,0.972,1,"7","A230057D06Rik"
"March12",0.00420619083950603,0.251682776122382,0.796,0.74,1,"7","March1"
"Larp1",0.00420666616576491,0.447239370005435,0.443,0.35,1,"7","Larp1"
"Ccdc85a1",0.00429292447589568,0.453657912007564,0.443,0.359,1,"7","Ccdc85a"
"Bsg",0.00432728067312373,0.511426058069372,0.294,0.207,1,"7","Bsg"
"Zfyve9",0.00449783571175397,0.421166891761805,0.478,0.383,1,"7","Zfyve9"
"Rbfox21",0.00458634356781247,0.358467386901065,0.577,0.513,1,"7","Rbfox2"
"Zfp280d1",0.00465091929894449,0.508387291664536,0.428,0.351,1,"7","Zfp280d"
"Pcdh173",0.00477038025443474,0.52273841378827,0.433,0.351,1,"7","Pcdh17"
"Cuedc1",0.00496670703806644,0.535925007412601,0.408,0.328,1,"7","Cuedc1"
"Dcc2",0.00507079293105461,0.146707526821185,0.9,0.831,1,"7","Dcc"
"Ctcf",0.00523168830247225,0.534892566704316,0.299,0.218,1,"7","Ctcf"
"Ctnna22",0.00547538084510407,0.247452375616333,0.95,0.95,1,"7","Ctnna2"
"Tomm40",0.00582123577268811,0.326590824801652,0.448,0.347,1,"7","Tomm40"
"Grik31",0.00590842777144429,0.279847296509719,0.512,0.405,1,"7","Grik3"
"Efr3b1",0.00594014104046361,0.284364823979532,0.463,0.363,1,"7","Efr3b"
"Ccdc1361",0.0060977430915575,0.47012113190501,0.308,0.225,1,"7","Ccdc136"
"Gars",0.00611299036570875,0.602332951860197,0.254,0.18,1,"7","Gars"
"Pacrg2",0.00632152865310315,0.639059337795246,0.323,0.249,1,"7","Pacrg"
"Frg1",0.00635672525806878,0.584773367455232,0.264,0.189,1,"7","Frg1"
"Cyfip11",0.00647220673077595,0.655113449271766,0.373,0.301,1,"7","Cyfip1"
"Wnk11",0.00652970068187664,0.355847299991797,0.527,0.429,1,"7","Wnk1"
"Ptpn11",0.00654887416575825,0.417834457041005,0.333,0.248,1,"7","Ptpn11"
"Ube2d2a1",0.00688318145162702,0.509378390895781,0.254,0.177,1,"7","Ube2d2a"
"Gse11",0.00692629259241525,0.346199939432617,0.786,0.706,1,"7","Gse1"
"St6galnac51",0.00721844170415586,0.329418736534282,0.458,0.364,1,"7","St6galnac5"
"Arhgef10l",0.00731526154740937,0.452875751489144,0.284,0.202,1,"7","Arhgef10l"
"Dixdc11",0.00739141220235636,0.528371386734211,0.358,0.279,1,"7","Dixdc1"
"Birc6",0.00759226506874256,0.318402859236606,0.716,0.642,1,"7","Birc6"
"Kif3c",0.00759547108108612,0.507115339387212,0.333,0.252,1,"7","Kif3c"
"Eml2",0.00814997230873876,0.383963306610584,0.398,0.314,1,"7","Eml2"
"Arhgap5",0.0082141694500185,0.546380577300365,0.313,0.236,1,"7","Arhgap5"
"Son1",0.00842933512741155,0.235828187725208,0.816,0.816,1,"7","Son"
"Bicd1",0.00846796800065622,0.328610340994719,0.547,0.461,1,"7","Bicd1"
"Dnajc11",0.00852005137269186,0.516386618971106,0.284,0.207,1,"7","Dnajc11"
"Ankrd241",0.00868006119888626,0.399690394262009,0.408,0.323,1,"7","Ankrd24"
"Snrpn",0.00891407804572853,0.509645470091414,0.388,0.316,1,"7","Snrpn"
"Galnt172",0.00895614550710399,0.390250915090311,0.438,0.36,1,"7","Galnt17"
"Nrp2",0.00932825538838146,0.320555023905793,0.418,0.327,1,"7","Nrp2"
"Cdc42bpb",0.00941878913256511,0.420264925467413,0.408,0.327,1,"7","Cdc42bpb"
"Zfp292",0.00943187663507102,0.32183646320383,0.522,0.431,1,"7","Zfp292"
"Glg11",0.00948738783292412,0.373022443799929,0.478,0.396,1,"7","Glg1"
"Aig11",0.00958143466279497,0.308116857511333,0.423,0.332,1,"7","Aig1"
"Lrpprc1",0.00993143471322028,0.581240608186054,0.308,0.236,1,"7","Lrpprc"
"Chrm31",0.00997153700288659,0.0968948564061439,0.443,0.34,1,"7","Chrm3"
"Cdh23",3.95734028750723e-177,4.64475165104556,0.52,0.033,6.93998766220143e-173,"8","Cdh23"
"Gm13481",1.25513635239636e-66,3.01695359126792,0.41,0.066,2.2011326211975e-62,"8","Gm13481"
"Hs6st32",4.48457448495657e-60,2.09872035367185,0.895,0.444,7.86459827426833e-56,"8","Hs6st3"
"Cdh181",1.48808691090885e-43,1.53485382245519,0.885,0.607,2.60965801566084e-39,"8","Cdh18"
"Rmst2",2.14121007242945e-41,1.42715980433894,0.855,0.443,3.75504010401952e-37,"8","Rmst"
"Zfhx33",9.90149944949259e-37,1.04580534531666,0.955,0.683,1.73642595845752e-32,"8","Zfhx3"
"Pou2f22",3.13705940129067e-36,1.56427441897276,0.75,0.365,5.50146107204345e-32,"8","Pou2f2"
"Astn22",2.42479232649431e-31,1.10048143498616,0.905,0.66,4.25235830297307e-27,"8","Astn2"
"Tafa22",1.22037449948961e-30,1.58153841774414,0.61,0.259,2.14017075975492e-26,"8","Tafa2"
"Sorcs14",1.45967826365186e-30,1.20877356478926,0.795,0.446,2.55983777096627e-26,"8","Sorcs1"
"Ptprd2",2.37624404663873e-29,0.761057221140341,0.995,0.918,4.16721918459034e-25,"8","Ptprd"
"Tmcc31",6.55409142478334e-29,1.15921712550632,0.775,0.401,1.14939101316425e-24,"8","Tmcc3"
"Lhx8",3.07188774877053e-26,1.91940292134023,0.31,0.083,5.38716954501888e-22,"8","Lhx8"
"Sfta3-ps1",2.09237778979181e-25,1.53281622794716,0.43,0.148,3.66940292995791e-21,"8","Sfta3-ps"
"Trpm32",1.54897019898676e-24,1.1925780665466,0.73,0.453,2.71642903796309e-20,"8","Trpm3"
"Nxph1",1.00705771492152e-23,1.20687714280984,0.51,0.21,1.76607711465786e-19,"8","Nxph1"
"Kctd161",2.60753782002844e-23,1.28317840111092,0.66,0.356,4.57283907498388e-19,"8","Kctd16"
"Erbb4",1.99170574476889e-22,1.05756570661192,0.815,0.555,3.4928543646012e-18,"8","Erbb4"
"9530036O11Rik",4.58906846919073e-22,1.51224109332976,0.455,0.187,8.04784937441979e-18,"8","9530036O11Rik"
"Grip11",1.65171785614183e-19,0.804172518863095,0.905,0.777,2.89661760431592e-15,"8","Grip1"
"Col15a1",2.45073330428593e-19,1.80522548249626,0.255,0.074,4.29785099572623e-15,"8","Col15a1"
"Isl1",3.09757128676804e-19,1.87859106478889,0.265,0.08,5.43221076560511e-15,"8","Isl1"
"Spock32",2.53051529109807e-18,0.914088258283994,0.765,0.533,4.43776466599869e-14,"8","Spock3"
"Cpq",6.44798056988745e-18,1.67015082774153,0.28,0.091,1.13078235254116e-13,"8","Cpq"
"Grik12",1.59051275330074e-16,0.970030463421849,0.68,0.44,2.7892822154635e-12,"8","Grik1"
"Rorb1",1.88192855874242e-16,1.3363778028724,0.36,0.142,3.30033811346659e-12,"8","Rorb"
"Trpc71",3.04288871451326e-16,0.993621087437295,0.555,0.282,5.3363139386419e-12,"8","Trpc7"
"Dmd2",2.33572670488643e-15,0.754801182015683,0.88,0.749,4.09616392235933e-11,"8","Dmd"
"Cacnb41",3.23618661838801e-15,0.994264142959816,0.66,0.399,5.67530047266706e-11,"8","Cacnb4"
"Tmem108",5.34526959783919e-15,1.02484356648107,0.64,0.396,9.37399929373058e-11,"8","Tmem108"
"Dst2",8.9644162099017e-14,0.503283250550187,0.99,0.96,1.57208967073046e-09,"8","Dst"
"Hs3st4",1.01596231375147e-13,1.44725036152154,0.39,0.19,1.78169310962595e-09,"8","Hs3st4"
"Mast41",7.52010535739918e-13,1.00397500298987,0.57,0.352,1.31880087652709e-08,"8","Mast4"
"2700069I18Rik",2.84504696989494e-12,1.34869106431125,0.275,0.111,4.98935887110476e-08,"8","2700069I18Rik"
"C130073E24Rik1",5.53945742619249e-12,0.755615476095024,0.72,0.496,9.71454648831377e-08,"8","C130073E24Rik"
"Pde4b2",6.95684376221222e-12,0.647872500266527,0.765,0.536,1.22002169057916e-07,"8","Pde4b"
"Ralgapa21",7.69980004979799e-12,1.00152975235201,0.615,0.423,1.35031393473307e-07,"8","Ralgapa2"
"Pard3b",9.43885141338426e-12,0.861405892048223,0.385,0.185,1.6552913723652e-07,"8","Pard3b"
"Dpf3",1.80078040020031e-11,1.30950013765185,0.255,0.102,3.15802858783128e-07,"8","Dpf3"
"Cpne41",2.10732082035438e-11,1.0350715309308,0.43,0.232,3.69560852265547e-07,"8","Cpne4"
"Ntrk31",2.53874830032114e-11,0.555251084327827,0.89,0.749,4.45220289427318e-07,"8","Ntrk3"
"Syne11",2.60050308752193e-11,0.423367875193967,0.995,0.958,4.56050226458721e-07,"8","Syne1"
"Ntm2",3.86592170330753e-11,0.580363594603737,0.865,0.725,6.77966689109041e-07,"8","Ntm"
"Nrg12",5.42589306466391e-11,0.646926965900839,0.87,0.725,9.5153886675011e-07,"8","Nrg1"
"Magi23",6.75554500366648e-11,0.379390366460815,0.995,0.975,1.18471992729299e-06,"8","Magi2"
"Kcnh8",1.31117306729231e-10,0.786541721595351,0.345,0.16,2.29940420811052e-06,"8","Kcnh8"
"Epha4",1.78893627666933e-10,1.12999352916858,0.32,0.15,3.13725754839501e-06,"8","Epha4"
"Ncam22",3.10548040468176e-10,0.563172597895432,0.785,0.618,5.4460809856904e-06,"8","Ncam2"
"Prkg12",5.07982360816028e-10,0.548588847860614,0.74,0.528,8.90848666163069e-06,"8","Prkg1"
"Sdk21",5.13999357773506e-10,0.839871842610026,0.525,0.323,9.01400673727397e-06,"8","Sdk2"
"Lrp1b2",6.86337298085015e-10,0.440724560972793,0.97,0.929,1.20362971965169e-05,"8","Lrp1b"
"Il1rapl11",8.3507532792032e-10,0.51809151627247,0.945,0.845,1.46447160257387e-05,"8","Il1rapl1"
"Grik21",1.18609459608776e-09,0.469904298294357,0.97,0.858,2.08005409315911e-05,"8","Grik2"
"Grm1",2.18940574588516e-09,0.645814360724327,0.555,0.351,3.8395608565588e-05,"8","Grm1"
"9530026P05Rik",2.4205880384267e-09,1.33121450129079,0.275,0.129,4.2449852429889e-05,"8","9530026P05Rik"
"Samd52",2.98749582232896e-09,0.754526036506202,0.625,0.437,5.2391714236183e-05,"8","Samd5"
"Zfp804a1",5.17009248392676e-09,0.91816885900783,0.52,0.342,9.06679118906235e-05,"8","Zfp804a"
"Gm4876",5.30537379028224e-09,1.01159882836635,0.295,0.142,9.30403401601796e-05,"8","Gm4876"
"Rasgrf21",7.22522180437455e-09,0.759155833800272,0.545,0.365,0.000126708714783317,"8","Rasgrf2"
"Grin3a1",7.5089436927434e-09,0.796700202660407,0.525,0.34,0.000131684345539641,"8","Grin3a"
"Scn9a3",7.60838719399401e-09,0.718697690659134,0.57,0.377,0.000133428286221073,"8","Scn9a"
"Auts2",8.58672090147054e-09,0.58426457946461,0.825,0.764,0.000150585324449089,"8","Auts2"
"Lsamp3",1.09684723320943e-08,0.34897431643637,1,0.99,0.000192354099287938,"8","Lsamp"
"Vwa5b11",1.85847259347238e-08,0.867779380179146,0.345,0.181,0.000325920338717251,"8","Vwa5b1"
"Cdh71",2.00540991513529e-08,1.01593124916238,0.315,0.164,0.000351688736817276,"8","Cdh7"
"Nrp1",2.6329379631119e-08,0.718187189040942,0.52,0.332,0.000461738330590935,"8","Nrp1"
"Erc21",2.72327902354201e-08,0.435258573103398,0.91,0.84,0.000477581442358562,"8","Erc2"
"Garnl32",3.32576864999938e-08,0.61877267827415,0.65,0.489,0.000583240048150392,"8","Garnl3"
"Ankrd441",3.57622289521737e-08,0.913215513539259,0.325,0.17,0.000627162209134271,"8","Ankrd44"
"Klhl29",4.39947660872049e-08,0.427534342709066,0.855,0.736,0.000771536212871312,"8","Klhl29"
"Trpc51",4.60178809203248e-08,0.825607483130109,0.575,0.401,0.000807015577699736,"8","Trpc5"
"Unc5d1",5.10027488981302e-08,0.6829725421339,0.8,0.69,0.000894435207426509,"8","Unc5d"
"Tle42",5.16937893175081e-08,0.821923331962588,0.375,0.207,0.00090655398326114,"8","Tle4"
"Srrm4",6.21318365865385e-08,0.440497921743142,0.665,0.446,0.00108960601821813,"8","Srrm4"
"Grid23",8.38681621464605e-08,0.331275656017448,0.955,0.931,0.00147079595956248,"8","Grid2"
"Ncald1",9.08114291549174e-08,0.720645004655855,0.55,0.366,0.00159256003308979,"8","Ncald"
"Stac1",9.27978755162547e-08,0.698416675942593,0.325,0.171,0.00162739634292856,"8","Stac"
"Kcnh71",1.01440534542793e-07,0.563277565682447,0.755,0.598,0.00177896265427697,"8","Kcnh7"
"Zfp4233",1.09362372990392e-07,0.86358577432719,0.39,0.226,0.00191788793513251,"8","Zfp423"
"Cntnap22",1.24221623646795e-07,0.287379167227148,0.985,0.978,0.00217847461389384,"8","Cntnap2"
"Nrxn33",1.48050032444386e-07,0.240310021975707,1,0.945,0.0025963534189772,"8","Nrxn3"
"Nsa2",2.0300460793192e-07,1.27101971937204,0.255,0.131,0.00356009180930207,"8","Nsa2"
"Ubash3b",2.80750802073017e-07,0.963571880125166,0.345,0.199,0.00492352681595449,"8","Ubash3b"
"Sgip1",6.99277576963949e-07,0.421554928404242,0.89,0.819,0.0122632308672168,"8","Sgip1"
"Nckap53",8.86239951007128e-07,0.749191447581929,0.35,0.202,0.015541990020812,"8","Nckap5"
"Cpne8",1.10395882168444e-06,0.933093897749208,0.275,0.147,0.0193601258558801,"8","Cpne8"
"Lrrtm43",1.23468526793619e-06,0.379906032552086,0.96,0.889,0.0216526755437969,"8","Lrrtm4"
"Vsnl11",1.29463603684723e-06,0.608341331640745,0.605,0.452,0.0227040321781898,"8","Vsnl1"
"Pcgf5",1.32318374418066e-06,0.747099816225201,0.44,0.288,0.0232046733216963,"8","Pcgf5"
"Nnat1",1.35026427751062e-06,0.716720567479876,0.395,0.241,0.0236795846347038,"8","Nnat"
"Pla2g4e",1.45493347279577e-06,0.945568958031153,0.27,0.145,0.0255151683124193,"8","Pla2g4e"
"Htr2c3",1.68286068129394e-06,0.953222986811866,0.4,0.26,0.0295123277678518,"8","Htr2c"
"Arhgap32",1.6879288084787e-06,0.670481152881125,0.43,0.274,0.0296012075142909,"8","Arhgap32"
"Kcnb21",1.94343717561704e-06,0.312680243776347,0.92,0.821,0.034082057748796,"8","Kcnb2"
"Sh3kbp11",2.07420989774371e-06,0.891259369807617,0.34,0.205,0.0363754189767314,"8","Sh3kbp1"
"Kcnn21",2.13255255738064e-06,0.626080022091146,0.515,0.353,0.0373985741987843,"8","Kcnn2"
"Cdr1os1",2.28318709652268e-06,0.408877891275486,0.85,0.793,0.0400402521117182,"8","Cdr1os"
"Zfhx43",2.56078659889335e-06,0.611100906881947,0.465,0.308,0.0449085145847928,"8","Zfhx4"
"Fbn1",3.06687913662853e-06,1.05808210332602,0.26,0.142,0.0537838594190545,"8","Fbn1"
"Reep11",4.09120264992352e-06,0.665534199671157,0.505,0.365,0.0717474208717087,"8","Reep1"
"Ptprm1",4.72689515389058e-06,0.469711083070739,0.51,0.343,0.082895560313779,"8","Ptprm"
"Cntn42",5.12061383841344e-06,0.61758264574129,0.53,0.378,0.0898002048842565,"8","Cntn4"
"Ophn1",5.55703841305897e-06,0.803630462940877,0.39,0.257,0.0974537826498151,"8","Ophn1"
"Brinp12",5.63475995401171e-06,0.680861307823528,0.45,0.303,0.0988167853135034,"8","Brinp1"
"Htr4",5.86867025855497e-06,0.810139762519077,0.28,0.155,0.102918870324279,"8","Htr4"
"Baiap34",6.19761167509592e-06,0.407726312020764,0.75,0.6,0.108687515946157,"8","Baiap3"
"Foxn3",6.52863890479457e-06,0.601937283317462,0.505,0.369,0.114492740473382,"8","Foxn3"
"Nrxn13",7.08474006085971e-06,0.225345063027454,1,0.99,0.124245086447297,"8","Nrxn1"
"Sh3gl22",7.17932026646966e-06,0.736384526141614,0.335,0.202,0.125903739513078,"8","Sh3gl2"
"Lin28b2",7.54868640353611e-06,0.838910579915348,0.385,0.252,0.132381313458813,"8","Lin28b"
"Tafa11",7.60465807786719e-06,0.430032237508706,0.355,0.209,0.133362888711557,"8","Tafa1"
"Mfhas1",8.46009638214121e-06,0.860030435559485,0.295,0.174,0.14836471025361,"8","Mfhas1"
"Pdcd7",8.82017539109219e-06,0.628526391147789,0.47,0.321,0.154679415833584,"8","Pdcd7"
"Syt91",8.8845625524533e-06,0.80572624440371,0.31,0.184,0.155808573482374,"8","Syt9"
"Csmd21",1.21298334063175e-05,0.376219647315821,0.85,0.763,0.21272088844659,"8","Csmd2"
"9330182L06Rik",1.34140768246711e-05,0.754102606073986,0.39,0.256,0.235242665274257,"8","9330182L06Rik"
"Macf11",1.63528313961748e-05,0.258581538274649,1,0.995,0.286779604194717,"8","Macf1"
"Epc2",2.34621288361762e-05,0.823861523188087,0.25,0.14,0.411455353400022,"8","Epc2"
"Ptpre",2.78319755203121e-05,0.736734539092477,0.315,0.194,0.488089354699713,"8","Ptpre"
"Lingo23",2.86988328936512e-05,0.204262387387369,0.98,0.949,0.503291432455961,"8","Lingo2"
"Ccdc85a2",3.02163068042451e-05,0.676041439587682,0.48,0.357,0.529903372426046,"8","Ccdc85a"
"Sash12",3.14682668616385e-05,0.712771968919663,0.36,0.236,0.551858995952555,"8","Sash1"
"Ahi1",3.28232769018584e-05,0.240677393509033,0.995,0.981,0.575621807027891,"8","Ahi1"
"Mycbp21",3.44609342953412e-05,0.269755419508078,1,0.992,0.604341404737399,"8","Mycbp2"
"Sptb",3.51365261181369e-05,0.774422590453582,0.25,0.141,0.616189258533767,"8","Sptb"
"Otud7a",3.89047512922033e-05,0.37362378286877,0.805,0.695,0.682272623411368,"8","Otud7a"
"Pclo1",4.19896133624334e-05,0.257601024128034,0.93,0.941,0.736371849536995,"8","Pclo"
"Uggt2",4.34029540215565e-05,0.485326224966984,0.61,0.485,0.761157604676036,"8","Uggt2"
"Zdbf2",4.52191866978489e-05,0.800812817928537,0.37,0.249,0.793008877120177,"8","Zdbf2"
"Aff32",4.61053760060009e-05,0.468770939821523,0.565,0.433,0.808549979017237,"8","Aff3"
"Cadm22",5.10074697687565e-05,0.40140277071334,0.775,0.669,0.894517997334684,"8","Cadm2"
"Brwd1",5.47085726659714e-05,0.363438944762656,0.745,0.642,0.95942423884314,"8","Brwd1"
"Macrod22",5.67909237421873e-05,0.489598783931251,0.89,0.861,0.995942429666738,"8","Macrod2"
"Pld51",6.66226557442079e-05,0.833595391374285,0.34,0.23,1,"8","Pld5"
"Akap63",6.6677183982534e-05,0.346933673266564,0.85,0.749,1,"8","Akap6"
"Hnrnpu",7.40183350198176e-05,0.437649025247014,0.68,0.571,1,"8","Hnrnpu"
"Gm31282",8.12276862620539e-05,0.805698419737302,0.25,0.147,1,"8","Gm31282"
"Ubap1l1",8.42539621637424e-05,0.602909951895124,0.455,0.335,1,"8","Ubap1l"
"Zfp804b2",8.74699685358299e-05,0.0818508709420944,0.625,0.456,1,"8","Zfp804b"
"Ccser14",9.60962861480979e-05,0.265619849367297,0.935,0.884,1,"8","Ccser1"
"Dscam3",0.000102729374343297,0.252992386090513,0.91,0.858,1,"8","Dscam"
"Farp1",0.000103863637759415,0.666046429408791,0.48,0.368,1,"8","Farp1"
"Oxsr1",0.000107975606697362,0.746099680974826,0.275,0.169,1,"8","Oxsr1"
"Mtcl1",0.000108313399684312,0.8339731121472,0.31,0.201,1,"8","Mtcl1"
"Alkbh8",0.000110077762822411,0.651515110612302,0.305,0.19,1,"8","Alkbh8"
"Asb3",0.000123290146366782,0.599572776579419,0.405,0.276,1,"8","Asb3"
"Grid12",0.000123438994792419,0.379587678063667,0.76,0.682,1,"8","Grid1"
"Huwe11",0.000130085181879733,0.352719382509653,0.83,0.764,1,"8","Huwe1"
"Arhgap61",0.000137775695471237,0.714761714441819,0.295,0.185,1,"8","Arhgap6"
"Plcb41",0.000149447307427267,0.529232928199198,0.53,0.408,1,"8","Plcb4"
"Ubn21",0.000161736312636504,0.338899084338407,0.78,0.664,1,"8","Ubn2"
"Ank21",0.000166889012234638,0.187044534064121,1,0.983,1,"8","Ank2"
"Tenm32",0.000171691979323917,0.354726836171901,0.66,0.523,1,"8","Tenm3"
"Rims21",0.00017511924769209,0.289548189696562,0.88,0.822,1,"8","Rims2"
"Ndst41",0.000195142808219477,0.398227548747916,0.355,0.231,1,"8","Ndst4"
"Smyd32",0.000200335153707281,0.452130561561964,0.615,0.515,1,"8","Smyd3"
"Dzip31",0.000205773977576424,0.443414377635634,0.59,0.482,1,"8","Dzip3"
"Cdh122",0.000207067556537914,0.47084201951812,0.4,0.273,1,"8","Cdh12"
"Gm266911",0.000218016824572068,0.473553671061203,0.485,0.365,1,"8","Gm26691"
"Frmd4a1",0.000220675478175328,0.258194076707059,0.99,0.972,1,"8","Frmd4a"
"Prkag21",0.000220715241887622,0.568271213722313,0.415,0.301,1,"8","Prkag2"
"Ptprk1",0.000221120240672667,0.730204460104143,0.335,0.225,1,"8","Ptprk"
"Neto1",0.000223933126730645,0.58527380570326,0.325,0.213,1,"8","Neto1"
"Spock12",0.000232747809960414,0.452285519116397,0.545,0.42,1,"8","Spock1"
"Rgs20",0.000234084241906867,0.713282785515906,0.355,0.248,1,"8","Rgs20"
"Prickle11",0.000253356268429676,0.455583268091601,0.525,0.405,1,"8","Prickle1"
"Camkmt2",0.000258585954337079,0.616890935956612,0.465,0.357,1,"8","Camkmt"
"Hs6st21",0.000290745343708038,0.692720180734312,0.305,0.198,1,"8","Hs6st2"
"Chd91",0.000348664237456928,0.313739187412773,0.825,0.761,1,"8","Chd9"
"Gnas3",0.000380468774123398,0.221972737622208,0.835,0.73,1,"8","Gnas"
"Ptpro3",0.00039702066140844,0.367511152950647,0.48,0.349,1,"8","Ptpro"
"Herc2",0.000398962103411141,0.351084988003364,0.725,0.607,1,"8","Herc2"
"Elovl61",0.000412046089894681,0.755843099759436,0.31,0.21,1,"8","Elovl6"
"Pex5l1",0.000419983697980338,0.371269940781395,0.52,0.396,1,"8","Pex5l"
"Ryr3",0.000426929257086446,0.275464058000778,0.715,0.595,1,"8","Ryr3"
"Stxbp5l2",0.000455428934815542,0.454231860239857,0.545,0.438,1,"8","Stxbp5l"
"Acaca",0.000493863966152567,0.429090033786208,0.57,0.463,1,"8","Acaca"
"Ccdc82",0.000521809375070793,0.570760228859234,0.4,0.29,1,"8","Ccdc82"
"Sgcz3",0.000521876848128978,0.238928305362165,0.865,0.783,1,"8","Sgcz"
"Rasgef1b1",0.000534162255820167,0.634985275669058,0.44,0.331,1,"8","Rasgef1b"
"Plcl12",0.000536876011168071,0.577090269485747,0.395,0.284,1,"8","Plcl1"
"Ppp2r2b2",0.000538049055471672,0.372344887328055,0.775,0.69,1,"8","Ppp2r2b"
"Izumo4",0.000546821932628499,0.669106229157849,0.255,0.16,1,"8","Izumo4"
"Hcn11",0.000555740581062605,0.434825248697605,0.4,0.284,1,"8","Hcn1"
"Gria31",0.000565557073855792,0.213077978845273,0.69,0.546,1,"8","Gria3"
"Adcy9",0.000591269217747702,0.60303663188299,0.355,0.252,1,"8","Adcy9"
"Adam231",0.00063779869827467,0.440116018237736,0.495,0.382,1,"8","Adam23"
"Ankrd26",0.00064237910062813,0.581438997385261,0.39,0.288,1,"8","Ankrd26"
"Cep3501",0.000649193105941422,0.503655100651886,0.565,0.466,1,"8","Cep350"
"Ephb13",0.000669874154169426,0.547765450511651,0.44,0.336,1,"8","Ephb1"
"Lrrc4c",0.00067635052321185,0.278233089927172,0.93,0.888,1,"8","Lrrc4c"
"Gabra53",0.000750101867433549,0.617855741962258,0.255,0.161,1,"8","Gabra5"
"Gm289054",0.00075330742254571,0.520836294319025,0.535,0.433,1,"8","Gm28905"
"Rtl41",0.000768009901634376,0.450637248079484,0.59,0.476,1,"8","Rtl4"
"Ccnc1",0.000770960996186452,0.685693671859251,0.265,0.173,1,"8","Ccnc"
"Anapc10",0.000771913385888082,0.773250663686058,0.27,0.18,1,"8","Anapc10"
"Tmem1171",0.000780297357515195,0.611814117725085,0.34,0.237,1,"8","Tmem117"
"Dixdc12",0.000883279755132393,0.414671614346736,0.395,0.277,1,"8","Dixdc1"
"4933406I18Rik",0.000931251206883055,0.309114605365927,0.59,0.481,1,"8","4933406I18Rik"
"Plcxd33",0.00103270719890615,0.322901848611733,0.465,0.348,1,"8","Plcxd3"
"Ankrd12",0.00104715090461473,0.25799256013314,0.855,0.804,1,"8","Ankrd12"
"Ptprn21",0.00104763661240449,0.19678452953248,0.965,0.953,1,"8","Ptprn2"
"Dync1h11",0.00105112782836618,0.304051067286392,0.755,0.648,1,"8","Dync1h1"
"Hecw1",0.00111224271551147,0.347576816851036,0.745,0.644,1,"8","Hecw1"
"Syn31",0.00120381258824078,0.375943780376826,0.71,0.604,1,"8","Syn3"
"Dgkb1",0.00123542996362195,0.147149870456892,0.85,0.766,1,"8","Dgkb"
"Amy11",0.00125668922455453,0.444369808156929,0.495,0.393,1,"8","Amy1"
"Usp54",0.00128990927233918,0.644054857102481,0.25,0.163,1,"8","Usp54"
"Podxl21",0.00130109214311934,0.390717374330466,0.565,0.466,1,"8","Podxl2"
"Dock91",0.00130406897657153,0.403920045239854,0.495,0.387,1,"8","Dock9"
"Ldlrad42",0.0014303143756612,0.546426509814544,0.37,0.269,1,"8","Ldlrad4"
"Robo12",0.00145836086167087,0.127609326690442,0.94,0.832,1,"8","Robo1"
"Mmp16",0.00147093234191955,0.414632038036067,0.585,0.503,1,"8","Mmp16"
"Gm49241",0.00147314290975529,0.465036397836915,0.34,0.238,1,"8","Gm4924"
"Apba2",0.00149799768035027,0.365922704839777,0.54,0.429,1,"8","Apba2"
"Ubr41",0.00159975985836098,0.35288854414916,0.665,0.591,1,"8","Ubr4"
"Nova13",0.00163335297048506,0.430178726318385,0.37,0.26,1,"8","Nova1"
"Cacna2d21",0.00163717626216552,0.248272765398265,0.7,0.568,1,"8","Cacna2d2"
"Sil1",0.00171611627033454,0.696183977471357,0.25,0.165,1,"8","Sil1"
"Dennd1b1",0.00172969316520896,0.464178535463724,0.295,0.198,1,"8","Dennd1b"
"Arhgap261",0.0018396768365029,0.409920392917174,0.495,0.388,1,"8","Arhgap26"
"Plekha61",0.00191543072477215,0.368000964858511,0.595,0.478,1,"8","Plekha6"
"Cox16",0.00195648066829801,0.264371422461012,0.845,0.778,1,"8","Cox16"
"Zfp280d2",0.00197085415220614,0.49351021450994,0.45,0.35,1,"8","Zfp280d"
"Gabra22",0.00217970287905739,0.353163474124435,0.585,0.497,1,"8","Gabra2"
"Fam222b",0.00219707155141183,0.436118400110931,0.4,0.295,1,"8","Fam222b"
"Hdac92",0.00229948037180732,0.332068771683364,0.41,0.307,1,"8","Hdac9"
"Ccpg11",0.0023143641610503,0.365491985313995,0.405,0.295,1,"8","Ccpg1"
"Cdh112",0.00237012610019309,0.652522985309045,0.255,0.173,1,"8","Cdh11"
"Slc9a91",0.0026380525318079,0.526495077009997,0.34,0.249,1,"8","Slc9a9"
"Fbxl171",0.00264923167395527,0.369306666612261,0.61,0.525,1,"8","Fbxl17"
"Pak11",0.00276885156340459,0.514268774676738,0.265,0.178,1,"8","Pak1"
"Tjp1",0.00282072782302043,0.407453366356771,0.67,0.583,1,"8","Tjp1"
"Trpc41",0.00283785057070633,0.512609550755047,0.29,0.203,1,"8","Trpc4"
"Ankib11",0.00287957491100815,0.403351042502861,0.46,0.36,1,"8","Ankib1"
"Uhrf21",0.00297307572731814,0.615320061226621,0.255,0.173,1,"8","Uhrf2"
"Ctnnd22",0.00307046811912087,0.167676564805654,0.945,0.921,1,"8","Ctnnd2"
"Oxr1",0.00310805826475764,0.217391022480218,0.55,0.432,1,"8","Oxr1"
"Dip2c2",0.00311594383688975,0.31012324389043,0.685,0.589,1,"8","Dip2c"
"Micu2",0.00321757419649384,0.472851648643631,0.33,0.235,1,"8","Micu2"
"Ttc282",0.00334473381055728,0.41873139529552,0.42,0.32,1,"8","Ttc28"
"Cnot3",0.00335569105474758,0.450697285076463,0.365,0.273,1,"8","Cnot3"
"Cacna1i1",0.00374478202895562,0.27602081813802,0.375,0.265,1,"8","Cacna1i"
"Rasa3",0.00377098890241521,0.545808552066831,0.255,0.174,1,"8","Rasa3"
"Ide",0.00385205067038299,0.40597680492847,0.465,0.367,1,"8","Ide"
"Rictor",0.00394111401502099,0.415913297066125,0.35,0.256,1,"8","Rictor"
"Vat1l2",0.00412745936870873,0.382175734088341,0.455,0.353,1,"8","Vat1l"
"Bicral1",0.00416701112199938,0.30603338720446,0.7,0.609,1,"8","Bicral"
"Neo12",0.00421475993985997,0.55545556734888,0.325,0.24,1,"8","Neo1"
"Fgf141",0.00426686782165716,0.128600755593848,1,0.994,1,"8","Fgf14"
"Car101",0.00428814555941037,0.115715327961434,0.64,0.515,1,"8","Car10"
"Slc44a52",0.00438888825073387,0.463185023868745,0.295,0.211,1,"8","Slc44a5"
"Ptpn12",0.0044906521208486,0.577467383042122,0.29,0.208,1,"8","Ptpn12"
"Zfp318",0.00457796192902421,0.302926647201319,0.535,0.427,1,"8","Zfp318"
"Myo61",0.00484910184313337,0.503750716189641,0.31,0.222,1,"8","Myo6"
"Asic1",0.00487542792792861,0.484344260190125,0.26,0.178,1,"8","Asic1"
"Dclk2",0.00511350291062812,0.4189820299849,0.355,0.261,1,"8","Dclk2"
"Fam155a4",0.00512109615002566,0.127806434831692,0.99,0.973,1,"8","Fam155a"
"Gabrb14",0.00523922292644359,0.208771262443034,0.875,0.826,1,"8","Gabrb1"
"Fam13b",0.00549067023522234,0.431812395427826,0.425,0.325,1,"8","Fam13b"
"Gm269172",0.00555791619792192,0.174259165977021,0.98,0.97,1,"8","Gm26917"
"Pakap",0.0055690441918338,0.305437866357368,0.645,0.542,1,"8","Pakap"
"Mapt",0.00576832563114125,0.168118818669432,0.94,0.914,1,"8","Mapt"
"Neto2",0.00577509521119877,0.488853427502439,0.25,0.172,1,"8","Neto2"
"Prickle21",0.00591530479021185,0.296399265452287,0.555,0.461,1,"8","Prickle2"
"Brd8",0.00622095839761834,0.5535237390114,0.33,0.249,1,"8","Brd8"
"Olfm32",0.00635143515342111,0.27372900663003,0.365,0.272,1,"8","Olfm3"
"Eif4g3",0.00638127011163282,0.268186094638516,0.785,0.69,1,"8","Eif4g3"
"Tenm1",0.00639404127325974,0.379725822940961,0.745,0.743,1,"8","Tenm1"
"Dock111",0.00642531141161489,0.50802351702277,0.275,0.194,1,"8","Dock11"
"Chrm32",0.00689637628468067,0.124847896427146,0.445,0.34,1,"8","Chrm3"
"Gpr137c1",0.00696770996159028,0.583994183991813,0.33,0.254,1,"8","Gpr137c"
"Cacna1b1",0.00713691757467076,0.241357132507975,0.695,0.621,1,"8","Cacna1b"
"Cbx5",0.00716839982943036,0.429720202243968,0.29,0.206,1,"8","Cbx5"
"Pcdh153",0.0071742292607015,0.35907159974004,0.755,0.709,1,"8","Pcdh15"
"Evi5l",0.00720374434284423,0.509658182301226,0.39,0.309,1,"8","Evi5l"
"Pfkl",0.00730401371330945,0.592584267467769,0.25,0.178,1,"8","Pfkl"
"Mast2",0.00779585694003874,0.407981995679544,0.55,0.484,1,"8","Mast2"
"Fam216a",0.00795402044692262,0.563414540553823,0.26,0.187,1,"8","Fam216a"
"Cux21",0.00822219833527218,0.400177341870969,0.425,0.332,1,"8","Cux2"
"Chd2",0.00843383233996112,0.289192124017835,0.59,0.489,1,"8","Chd2"
"Kmt2a1",0.00856034906748868,0.263977842009976,0.9,0.903,1,"8","Kmt2a"
"Exoc3",0.00869289647133861,0.629623021158917,0.255,0.184,1,"8","Exoc3"
"Cask1",0.00897148850383553,0.400421011545893,0.405,0.315,1,"8","Cask"
"Msi21",0.00906437356900475,0.209178691028448,0.605,0.498,1,"8","Msi2"
"Ilkap",0.00907066829209493,0.491981697605554,0.25,0.175,1,"8","Ilkap"
"Celf41",0.00911591596965538,0.112095313543137,0.995,0.932,1,"8","Celf4"
"Grina",0.00918466172715569,0.330622492037205,0.46,0.37,1,"8","Grina"
"Smarca21",0.00924049075572051,0.422464386241169,0.46,0.398,1,"8","Smarca2"
"Myo9a",0.00936341698695125,0.353819542821912,0.735,0.654,1,"8","Myo9a"
"Fndc3a2",0.00957593613774109,0.303961208049445,0.425,0.333,1,"8","Fndc3a"
"Frmpd42",0.0096361136661312,0.129288509254074,0.585,0.473,1,"8","Frmpd4"
"Nr6a1",0.00985408538399646,0.431077896060599,0.36,0.281,1,"8","Nr6a1"
"Trp73",0,7.36577563532627,0.661,0.007,0,"9","Trp73"
"Slit12",1.9347069070332e-71,2.38580734014833,0.797,0.27,3.39289550286413e-67,"9","Slit1"
"Samd3",7.2473681661139e-69,3.74562370614281,0.25,0.02,1.27097095529139e-64,"9","Samd3"
"Tmem132c",1.22502515254974e-63,2.70844615727327,0.495,0.099,2.14832661002648e-59,"9","Tmem132c"
"Syne12",4.07158825598162e-63,1.37083667493769,1,0.958,7.14034432451497e-59,"9","Syne1"
"Mdga1",1.38760615733399e-44,2.16234849233357,0.453,0.11,2.43344491811662e-40,"9","Mdga1"
"Reln2",2.11299508240499e-44,2.27623743687954,0.536,0.158,3.70555947601363e-40,"9","Reln"
"Plpp4",1.35641445422079e-43,2.82437260248475,0.318,0.057,2.37874402836699e-39,"9","Plpp4"
"Npas32",1.14973991846999e-40,2.40074886973692,0.651,0.271,2.01629889502082e-36,"9","Npas3"
"Dchs21",5.01007113876347e-37,1.87858188198184,0.521,0.166,8.7861617560495e-33,"9","Dchs2"
"Kcnq53",2.11347900872173e-33,1.65574986835598,0.745,0.397,3.70640813759529e-29,"9","Kcnq5"
"Slc17a6",2.45140106333591e-33,2.54347037180269,0.255,0.047,4.29902204477219e-29,"9","Slc17a6"
"Schip11",1.39699146318015e-32,1.62890769981557,0.786,0.467,2.44990392897903e-28,"9","Schip1"
"Cacna2d13",1.55055966138488e-32,1.33172601725018,0.63,0.246,2.71921647817066e-28,"9","Cacna2d1"
"Igsf211",9.22882401404638e-32,1.55676339540589,0.505,0.165,1.61845886734331e-27,"9","Igsf21"
"Thsd7b",5.92040117173656e-31,1.74837696746184,0.641,0.303,1.03826075348744e-26,"9","Thsd7b"
"Grm74",6.52719340099537e-31,0.876833545490997,0.984,0.846,1.14467390673256e-26,"9","Grm7"
"Epha3",1.36579313143973e-30,2.21527613247161,0.385,0.111,2.39519141460586e-26,"9","Epha3"
"Kcnb22",6.75312905456301e-30,1.12582859088275,0.943,0.82,1.18429624229872e-25,"9","Kcnb2"
"Dscaml13",6.31986960323839e-29,1.25544539104614,0.839,0.489,1.10831553231992e-24,"9","Dscaml1"
"Nlgn12",2.07341788791585e-26,0.906065198728693,1,0.907,3.63615295003802e-22,"9","Nlgn1"
"Kcnip12",4.98285953504415e-26,1.21767144273609,0.792,0.459,8.73844076660692e-22,"9","Kcnip1"
"Tmem1632",1.95909801629211e-25,1.48166351428463,0.411,0.132,3.43567019117148e-21,"9","Tmem163"
"Nrg3",1.89451149877086e-24,0.809524833651437,0.995,0.947,3.32240481539445e-20,"9","Nrg3"
"Fam155a5",1.58245066416215e-23,0.834198408841262,0.995,0.973,2.77514372974115e-19,"9","Fam155a"
"Zeb21",1.69011934036059e-23,1.54434552805694,0.38,0.124,2.96396228719037e-19,"9","Zeb2"
"Otof3",2.537929969688e-23,1.51639315696623,0.521,0.219,4.45076778784185e-19,"9","Otof"
"Lingo24",2.85208754485008e-23,0.720913118862637,1,0.948,5.00170592740358e-19,"9","Lingo2"
"Erbb41",1.38602335116791e-22,0.886540641870295,0.839,0.554,2.43066915094316e-18,"9","Erbb4"
"Ndst42",7.66550539194214e-21,1.17360262183568,0.521,0.222,1.34429968058489e-16,"9","Ndst4"
"Zfhx44",1.44760614812735e-20,1.3147177856868,0.589,0.302,2.53866690197093e-16,"9","Zfhx4"
"Cntnap5c2",1.02720346622068e-19,1.09684887732756,0.635,0.323,1.80140671871121e-15,"9","Cntnap5c"
"Nos11",1.05381194717034e-17,1.48749892733805,0.302,0.103,1.84807001175263e-13,"9","Nos1"
"Cald1",4.09056214985621e-17,2.09521593152931,0.255,0.081,7.17361884220284e-13,"9","Cald1"
"Dmd3",1.61856397333236e-16,0.760566900476831,0.922,0.747,2.83847564003297e-12,"9","Dmd"
"Lrrc4c1",1.68229129645779e-16,0.790445324217818,0.974,0.886,2.95023424659802e-12,"9","Lrrc4c"
"Robo13",5.6626814873567e-16,0.65297553451089,0.953,0.832,9.93064452437745e-12,"9","Robo1"
"Tmem200a",1.84161404652719e-15,1.32510700555487,0.365,0.149,3.22963855339474e-11,"9","Tmem200a"
"Aff21",4.24427878172729e-15,1.101646481717,0.583,0.333,7.44319169951514e-11,"9","Aff2"
"Galnt14",7.50904746147118e-14,1.49787917133361,0.318,0.129,1.3168616533182e-09,"9","Galnt14"
"Nrxn14",9.87980376480614e-14,0.480031046090935,0.995,0.99,1.73262118623405e-09,"9","Nrxn1"
"2700069I18Rik1",1.14660341182717e-13,1.30298803016821,0.292,0.11,2.01079840332131e-09,"9","2700069I18Rik"
"Cep1123",1.18508149247859e-13,0.570418246368257,0.911,0.73,2.07827741335971e-09,"9","Cep112"
"Dlgap21",1.37421347364175e-13,0.645455603250461,0.917,0.746,2.40995816872554e-09,"9","Dlgap2"
"Btbd111",1.64248891457219e-13,1.02000079848454,0.562,0.327,2.88043280948525e-09,"9","Btbd11"
"Gabrg34",7.17354067805279e-13,0.780924211115634,0.87,0.767,1.25802382871012e-08,"9","Gabrg3"
"Olfm33",1.1861361690858e-12,1.22091981446084,0.479,0.266,2.08012699972577e-08,"9","Olfm3"
"Egfem11",4.91835831373301e-12,1.07763345900497,0.661,0.462,8.62532497479359e-08,"9","Egfem1"
"Sema6d1",1.72009363535949e-11,0.787354943123369,0.677,0.471,3.01652820832994e-07,"9","Sema6d"
"Tmem132d2",4.66138144322265e-11,1.42639231958488,0.484,0.294,8.17466463697957e-07,"9","Tmem132d"
"Upp21",6.49606815809475e-11,0.642273010730969,0.792,0.623,1.13921547288508e-06,"9","Upp2"
"Tenm11",8.73355685034998e-11,0.679295032530945,0.828,0.739,1.53160386484588e-06,"9","Tenm1"
"Tmem164",1.43762944744e-10,1.29625776323962,0.328,0.158,2.52117076197553e-06,"9","Tmem164"
"Cux22",1.67785442828479e-10,0.934940351337596,0.542,0.326,2.94245331088303e-06,"9","Cux2"
"Car102",3.58645563978193e-10,0.655387680739423,0.729,0.51,6.28956725548557e-06,"9","Car10"
"Mtus2",3.98889972164762e-10,0.826616824218237,0.599,0.403,6.99533344185342e-06,"9","Mtus2"
"A330102I10Rik",4.12354737030212e-10,1.19752138686847,0.359,0.187,7.23146502329882e-06,"9","A330102I10Rik"
"Herc3",5.31547632499249e-10,1.11529090696047,0.349,0.176,9.32175083113933e-06,"9","Herc3"
"Tshz24",8.68835942401064e-10,0.639492323915982,0.698,0.487,1.52367759218875e-05,"9","Tshz2"
"Plekha51",9.21054388061237e-10,0.691068630628854,0.745,0.566,1.61525308034299e-05,"9","Plekha5"
"Csmd13",2.58300046975067e-09,0.524542041329994,0.974,0.939,4.52980792380175e-05,"9","Csmd1"
"Fgf142",3.38874325189792e-09,0.331945634446214,1,0.994,5.94283904085339e-05,"9","Fgf14"
"Mgat4c3",4.70015254675902e-09,0.684620051308366,0.792,0.641,8.24265752125129e-05,"9","Mgat4c"
"Slc35f1",5.19948158254016e-09,0.767045366292856,0.63,0.451,9.11833085130068e-05,"9","Slc35f1"
"Nr6a11",5.72950474334269e-09,0.98946291755048,0.453,0.276,0.000100478324684001,"9","Nr6a1"
"Cadm11",9.1620946057416e-09,0.522720143953936,0.87,0.782,0.00016067565310089,"9","Cadm1"
"Cdh123",9.48038617631880e-09,1.2398647158438,0.427,0.272,0.000166257532374103,"9","Cdh12"
"Trhde3",1.12438886584663e-08,0.99380685793931,0.344,0.182,0.000197184075403523,"9","Trhde"
"Tmem150c2",1.46257127464955e-08,1.00780971733828,0.333,0.174,0.000256491124435291,"9","Tmem150c"
"Tmem132b1",2.07361971499275e-08,0.935869968992143,0.479,0.316,0.000363650689418278,"9","Tmem132b"
"Glra31",2.47900347263934e-08,1.11363587059577,0.312,0.162,0.000434742838996761,"9","Glra3"
"Crtac1",2.53593868345227e-08,1.075142352677,0.292,0.144,0.000444727566917024,"9","Crtac1"
"Galnt2",3.81319961084895e-08,0.951687589876289,0.37,0.205,0.000668720815754581,"9","Galnt2"
"Abcd4",6.74212596879784e-08,1.04285633803586,0.349,0.196,0.00118236663114808,"9","Abcd4"
"Adcy21",1.0628934083351e-07,0.819435951465806,0.583,0.417,0.00186399617019727,"9","Adcy2"
"Vwc2l4",1.40945093941394e-07,0.925769515276621,0.401,0.242,0.00247175411245023,"9","Vwc2l"
"Ptprn22",2.31104623810039e-07,0.341265785227551,0.979,0.952,0.00405288178775666,"9","Ptprn2"
"Naaladl22",2.70591657139921e-07,0.859257151814842,0.474,0.312,0.00474536589126279,"9","Naaladl2"
"Csmd22",2.95213110723948e-07,0.38369855690797,0.896,0.761,0.00517715232276587,"9","Csmd2"
"Slc9a92",3.37613323886004e-07,0.844355521212537,0.411,0.245,0.00592072486098886,"9","Slc9a9"
"Cdh13",5.58411256847247e-07,0.50232204292766,0.672,0.483,0.00979285821133017,"9","Cdh13"
"Kirrel31",6.50359196380029e-07,0.40793933552052,0.865,0.724,0.0114053492269166,"9","Kirrel3"
"Kcnh72",7.04863153900081e-07,0.351864839982925,0.776,0.597,0.0123611851299457,"9","Kcnh7"
"Grm11",8.84083066716428e-07,0.557784744538556,0.526,0.353,0.015504164741006,"9","Grm1"
"Tenm41",1.07168886446435e-06,0.374056330914528,0.938,0.86,0.0187942076161113,"9","Tenm4"
"Syt11",1.33296687755914e-06,0.279704685202601,0.99,0.909,0.0233762401317547,"9","Syt1"
"Cacna1c3",1.35440936164634e-06,0.427115400387644,0.865,0.787,0.0237522769751918,"9","Cacna1c"
"Tafa12",1.58138596826926e-06,0.442943495848728,0.365,0.209,0.0277327657255379,"9","Tafa1"
"Eml4",1.94796575119697e-06,0.898170085243271,0.391,0.25,0.0341614753787412,"9","Eml4"
"Nova14",2.98470601354742e-06,0.836910590797685,0.401,0.259,0.0523427893595811,"9","Nova1"
"Gabra23",3.36965497047211e-06,0.562767492817557,0.656,0.493,0.0590936392171695,"9","Gabra2"
"Tmem132a1",4.77990043471175e-06,0.865708357152183,0.344,0.211,0.08382511392354,"9","Tmem132a"
"Arhgap201",5.59690725606599e-06,0.804245829070235,0.312,0.181,0.0981529625496293,"9","Arhgap20"
"Limch11",8.38317759384065e-06,0.457011985658696,0.734,0.615,0.147015785463184,"9","Limch1"
"Cntnap43",1.66835331871393e-05,0.74975365374827,0.411,0.277,0.292579121502862,"9","Cntnap4"
"Phactr3",1.69281342155641e-05,0.640331911055282,0.495,0.362,0.296868689738348,"9","Phactr3"
"Rasgef1b2",1.93079891681957e-05,0.530038911898842,0.474,0.33,0.338604206042648,"9","Rasgef1b"
"Tnr2",2.32740586324849e-05,0.544910426862424,0.589,0.462,0.408157166237888,"9","Tnr"
"Col25a12",2.57526623589663e-05,0.767989094247529,0.385,0.262,0.451624439789191,"9","Col25a1"
"Ank3",2.66303278743544e-05,0.237371239018013,1,0.994,0.467016059932554,"9","Ank3"
"Efna52",3.65881728924785e-05,0.612313721263866,0.542,0.409,0.641646788015395,"9","Efna5"
"Zfp64",3.98296912939648e-05,0.862339593732468,0.276,0.164,0.69849329622226,"9","Zfp64"
"Nfic",4.07628826119513e-05,0.776089814893536,0.292,0.175,0.71485867236579,"9","Nfic"
"Rph3a",4.15972649633645e-05,0.687347505216035,0.391,0.262,0.729491235662523,"9","Rph3a"
"Dnah7b1",4.22343670356502e-05,0.825704592103816,0.255,0.145,0.740664094704197,"9","Dnah7b"
"Brinp33",4.40409291485044e-05,0.426288822684597,0.656,0.512,0.772345774477322,"9","Brinp3"
"Arid5b1",4.9784837655505e-05,0.640882873460637,0.391,0.258,0.873076697964592,"9","Arid5b"
"Fam189a11",5.42895612473035e-05,0.550074833854167,0.474,0.343,0.952076035593962,"9","Fam189a1"
"Fam13a2",5.67260820776484e-05,0.907056986824998,0.312,0.2,0.99480530139572,"9","Fam13a"
"Mpped21",6.081596135697e-05,0.86965420735979,0.365,0.24,1,"9","Mpped2"
"Ppfia22",8.34397768255553e-05,0.451862302983472,0.708,0.61,1,"9","Ppfia2"
"Cdh182",8.6598492908287e-05,0.180429154149424,0.76,0.615,1,"9","Cdh18"
"Myo161",9.48680733213817e-05,0.480418201267391,0.427,0.289,1,"9","Myo16"
"2610035D17Rik1",0.000101893040535523,0.800991016542742,0.318,0.205,1,"9","2610035D17Rik"
"Cacng41",0.000102018588657219,0.671092384038664,0.411,0.283,1,"9","Cacng4"
"Dnmt3a",0.000114135001975188,0.30087706588332,0.932,0.872,1,"9","Dnmt3a"
"Magi3",0.000123532084180484,0.544522391775996,0.547,0.424,1,"9","Magi3"
"Zfhx34",0.000126638222522443,0.310193699088922,0.807,0.692,1,"9","Zfhx3"
"Zmynd8",0.000137271670842468,0.337614542824168,0.818,0.747,1,"9","Zmynd8"
"Cbfa2t2",0.000139128487612006,0.740535123718891,0.312,0.202,1,"9","Cbfa2t2"
"Frmd4a2",0.000142242801938609,0.27138107564835,0.984,0.972,1,"9","Frmd4a"
"Ablim11",0.000198292521729387,0.5161099084107,0.516,0.395,1,"9","Ablim1"
"Aff33",0.000200497708116782,0.646551623547329,0.516,0.436,1,"9","Aff3"
"Arhgap242",0.000208732468395619,0.331129492519377,0.286,0.172,1,"9","Arhgap24"
"Ankrd242",0.000225664826846695,0.645404014863304,0.438,0.322,1,"9","Ankrd24"
"Kalrn2",0.000230568709912032,0.290509657157924,0.927,0.881,1,"9","Kalrn"
"Slc4a31",0.000241083113823105,0.440506510402895,0.641,0.528,1,"9","Slc4a3"
"Man1a1",0.000275462198886738,0.769171728169716,0.25,0.152,1,"9","Man1a"
"Gria41",0.000281275064543407,0.318537652886131,0.927,0.9,1,"9","Gria4"
"Olfm1",0.000285015579898068,0.791707775708406,0.271,0.173,1,"9","Olfm1"
"Pcnx2",0.000290882854744112,0.502869360737732,0.448,0.325,1,"9","Pcnx2"
"Garnl33",0.000307773594348814,0.440100746079903,0.604,0.492,1,"9","Garnl3"
"Msi22",0.000309408929924209,0.628026180754531,0.594,0.499,1,"9","Msi2"
"Syt7",0.000322997659592327,0.528138146332622,0.484,0.358,1,"9","Syt7"
"Gpc62",0.000337900204409647,0.833121180305831,0.448,0.34,1,"9","Gpc6"
"Ppp1r9a2",0.000348625123253836,0.31517240362392,0.776,0.667,1,"9","Ppp1r9a"
"Gm130521",0.000359376327036477,0.570334034812165,0.458,0.34,1,"9","Gm13052"
"Ubap1l2",0.000373454754734768,0.471615885731392,0.464,0.335,1,"9","Ubap1l"
"Cadps",0.000442180999173878,0.293745377904695,0.917,0.877,1,"9","Cadps"
"Sema6a2",0.00053935417987832,0.527863246292695,0.359,0.241,1,"9","Sema6a"
"Snph",0.000564402917834409,0.594489967976186,0.427,0.328,1,"9","Snph"
"Bend61",0.000575391746792064,0.529623448961229,0.521,0.415,1,"9","Bend6"
"Ntrk32",0.000622859926388084,0.316904568881326,0.828,0.753,1,"9","Ntrk3"
"Sidt11",0.000760271045359238,0.619223992330864,0.354,0.253,1,"9","Sidt1"
"Dcc3",0.000898743099697693,0.224504749337718,0.911,0.831,1,"9","Dcc"
"Grm82",0.000899712651005455,0.544117175239166,0.375,0.269,1,"9","Grm8"
"Myt1l",0.000914221022887572,0.24974764671774,0.896,0.869,1,"9","Myt1l"
"Eml6",0.000971738710926404,0.348936766192969,0.823,0.753,1,"9","Eml6"
"Acer3",0.0010146149661782,0.66189160834361,0.255,0.164,1,"9","Acer3"
"Zfp3181",0.00103939210639576,0.393303097283965,0.547,0.427,1,"9","Zfp318"
"Scn1a1",0.00104340167625,0.32650551781371,0.714,0.603,1,"9","Scn1a"
"Asph",0.00104660819586959,0.840396682755918,0.255,0.169,1,"9","Asph"
"Pitpnm21",0.00106535675481554,0.498987799749506,0.396,0.287,1,"9","Pitpnm2"
"Slc8a32",0.00110054501805941,0.413487193148404,0.542,0.433,1,"9","Slc8a3"
"Fhod32",0.00110539740988001,0.665335917185176,0.401,0.299,1,"9","Fhod3"
"Khdrbs23",0.00112348754319254,0.391681765980751,0.63,0.508,1,"9","Khdrbs2"
"Atp1a31",0.00120276250212888,0.372641760625515,0.755,0.679,1,"9","Atp1a3"
"Pgr1",0.0012516884635397,0.561587992347347,0.276,0.181,1,"9","Pgr"
"C130073E24Rik2",0.00126279251619928,0.469396795176139,0.615,0.503,1,"9","C130073E24Rik"
"Epb41l12",0.00132060671379952,0.257998108433222,0.844,0.752,1,"9","Epb41l1"
"Cntn21",0.00134000243004549,0.694304141350437,0.312,0.221,1,"9","Cntn2"
"Ephb14",0.00136393054634198,0.335317779708602,0.458,0.336,1,"9","Ephb1"
"Plxdc22",0.00144514737332577,0.538346273105624,0.354,0.255,1,"9","Plxdc2"
"Nrp11",0.00153021871203044,0.501026707344824,0.443,0.337,1,"9","Nrp1"
"Commd10",0.00153853146653993,0.46490882734552,0.26,0.167,1,"9","Commd10"
"Nrg2",0.00156599511010344,0.470957872018325,0.432,0.33,1,"9","Nrg2"
"Cntnap11",0.00169199600907116,0.521583945088293,0.344,0.245,1,"9","Cntnap1"
"Rtn32",0.00179246107170926,0.350592919688757,0.651,0.573,1,"9","Rtn3"
"Dap3",0.00190501924605071,0.637409009415493,0.255,0.169,1,"9","Dap3"
"Slc22a23",0.00198028617305611,0.643441297682971,0.312,0.222,1,"9","Slc22a23"
"Cdk14",0.00200785424059578,0.442096595301433,0.422,0.316,1,"9","Cdk14"
"Luzp11",0.00211388545341688,0.554484298709494,0.26,0.172,1,"9","Luzp1"
"Slc4a81",0.00212966793997029,0.608910483722357,0.266,0.177,1,"9","Slc4a8"
"Magi24",0.00216644685404188,0.214067807741443,0.969,0.976,1,"9","Magi2"
"Ttll5",0.0021839527236871,0.538125951050817,0.38,0.278,1,"9","Ttll5"
"Shtn12",0.00226552166157829,0.42999669905279,0.448,0.347,1,"9","Shtn1"
"Slmap",0.00227683726543297,0.531775941050753,0.323,0.228,1,"9","Slmap"
"Hmgb11",0.00230220106726476,0.561673691063752,0.37,0.274,1,"9","Hmgb1"
"Chd61",0.00231577437919982,0.307831400101564,0.729,0.649,1,"9","Chd6"
"Sos21",0.00236301701223907,0.522015066839927,0.318,0.223,1,"9","Sos2"
"Macf12",0.00254640322537415,0.181399010080326,0.995,0.995,1,"9","Macf1"
"Slc24a22",0.00266939943981739,0.446974177092081,0.5,0.411,1,"9","Slc24a2"
"Traf3",0.00268712425813959,0.380180443614348,0.526,0.436,1,"9","Traf3"
"Tmtc11",0.0027009049593125,0.613978689758976,0.281,0.194,1,"9","Tmtc1"
"Dpp64",0.00275268797230896,0.315858379087198,0.958,0.938,1,"9","Dpp6"
"Glt1d11",0.00330924453178803,0.638274020957879,0.26,0.179,1,"9","Glt1d1"
"Elavl31",0.00335241809737403,0.220845188314898,0.896,0.891,1,"9","Elavl3"
"Rbms31",0.00340214145000262,0.255272735335578,0.755,0.639,1,"9","Rbms3"
"Cep112it1",0.00344744072154701,0.615004241635032,0.25,0.167,1,"9","Cep112it"
"Gpi11",0.00345670195137565,0.251666021488214,0.672,0.572,1,"9","Gpi1"
"Hecw11",0.00349846245970829,0.324724959042185,0.708,0.646,1,"9","Hecw1"
"Map4k2",0.00361143667548012,0.518892349082027,0.391,0.303,1,"9","Map4k2"
"Cnnm11",0.00370565447101517,0.463407598408444,0.312,0.221,1,"9","Cnnm1"
"Phrf1",0.00373789479343437,0.539561686017348,0.255,0.172,1,"9","Phrf1"
"Pex11",0.00393162970488485,0.584046520944159,0.286,0.202,1,"9","Pex1"
"Fbxw5",0.00394881321208026,0.582267455223032,0.255,0.174,1,"9","Fbxw5"
"Prpsap1",0.00413801636719537,0.63684736022548,0.255,0.175,1,"9","Prpsap1"
"Ksr22",0.00435475249380132,0.306321785116026,0.734,0.649,1,"9","Ksr2"
"Rhot1",0.00443349457431049,0.550292832385264,0.26,0.178,1,"9","Rhot1"
"Dgkq",0.004620793777448,0.522351458561142,0.312,0.225,1,"9","Dgkq"
"Nrf11",0.00495274056792941,0.505471833319705,0.385,0.294,1,"9","Nrf1"
"Pakap1",0.0050379824271876,0.343081020771519,0.635,0.543,1,"9","Pakap"
"Cntn32",0.00508449881058763,0.441737733103331,0.432,0.341,1,"9","Cntn3"
"Mast1",0.00510071531407051,0.352082727153922,0.5,0.392,1,"9","Mast1"
"Adcy91",0.00516511162439058,0.442943495848728,0.344,0.253,1,"9","Adcy9"
"Grm52",0.00559769992111038,0.349130378263515,0.859,0.845,1,"9","Grm5"
"Clvs11",0.00560961260358499,0.485852087318019,0.37,0.284,1,"9","Clvs1"
"Gm40841",0.00579814641562414,0.568308997633112,0.255,0.178,1,"9","Gm40841"
"Pik3r3",0.00591218511860319,0.578911239056448,0.255,0.177,1,"9","Pik3r3"
"Zfp704",0.0061360690210152,0.377626326577688,0.542,0.458,1,"9","Zfp704"
"Ptprg2",0.00655947857973832,0.28483486156023,0.599,0.51,1,"9","Ptprg"
"Ehmt11",0.00680586564631606,0.353400242466686,0.557,0.485,1,"9","Ehmt1"
"Chl12",0.00737574175839254,0.419507619264058,0.453,0.372,1,"9","Chl1"
"Specc1",0.00759656827207393,0.339997194135162,0.464,0.364,1,"9","Specc1"
"Cpe1",0.00772871159056794,0.240059233401494,0.484,0.38,1,"9","Cpe"
"Gm49242",0.00781336285486957,0.596824225570011,0.318,0.239,1,"9","Gm4924"
"Enox11",0.0079205007434727,0.233404436593732,0.646,0.542,1,"9","Enox1"
"Hsp90aa1",0.00803198802174785,0.376709797448641,0.469,0.386,1,"9","Hsp90aa1"
"Tnrc6a1",0.00852064645021259,0.228685204440219,0.891,0.869,1,"9","Tnrc6a"
"Galnt162",0.00852510538214601,0.410028873375993,0.479,0.385,1,"9","Galnt16"
"Cdh113",0.008728107738867,0.459143610386224,0.25,0.173,1,"9","Cdh11"
"Tcerg1",0.00882095154857035,0.348447551186284,0.531,0.449,1,"9","Tcerg1"
"Zhx3",0.00884013108726554,0.46681489946757,0.302,0.223,1,"9","Zhx3"
"Fbxo411",0.0090061227761441,0.564696038695152,0.339,0.258,1,"9","Fbxo41"
"Nalcn",0.00903405580265296,0.250333896776596,0.807,0.756,1,"9","Nalcn"
"Kazn",0.00930096340937191,0.718361626138355,0.271,0.2,1,"9","Kazn"
"Alms11",0.00931654098576959,0.469122148344141,0.302,0.223,1,"9","Alms1"
"Kcnc11",0.00934805588719912,0.364551645013385,0.464,0.373,1,"9","Kcnc1"
"Zfyve28",0.00936749069968051,0.594221434696511,0.266,0.191,1,"9","Zfyve28"
"Unc80",0.0094637603813107,0.147218471120149,0.917,0.89,1,"9","Unc80"
"Airn1",0.00978120823785128,0.471187875213852,0.312,0.234,1,"9","Airn"
"Sptan1",0.00980930626611999,0.265925540004593,0.688,0.622,1,"9","Sptan1"
"Kcnh81",6.27295366221932e-115,3.3173715736622,0.732,0.139,1.1000878837434e-110,"10","Kcnh8"
"Gm326471",4.74148360550106e-113,3.01330935290701,0.984,0.401,8.3151397989672e-109,"10","Gm32647"
"Pard3b1",1.13854479952512e-104,3.08133773879987,0.753,0.165,1.9966660149272e-100,"10","Pard3b"
"Adarb21",1.74262138308717e-98,2.55566958658781,1,0.561,3.05603511951996e-94,"10","Adarb2"
"Stk32b",1.20516801036714e-69,2.97840225663642,0.421,0.063,2.11350313978085e-65,"10","Stk32b"
"Zfp5362",2.15369064747282e-67,2.39086036918201,0.668,0.182,3.77692728847308e-63,"10","Zfp536"
"Nav21",3.50817811773667e-52,1.55510298053458,0.968,0.84,6.1522919650748e-48,"10","Nav2"
"Gm2164",9.46612752518413e-52,2.50759647104326,0.484,0.113,1.66007478409154e-47,"10","Gm2164"
"Egfem12",3.35473998481816e-50,1.7863495604416,0.863,0.451,5.88320751137561e-46,"10","Egfem1"
"Sorcs32",7.74292575703104e-47,1.7252890697132,0.821,0.41,1.35787689001053e-42,"10","Sorcs3"
"Adcy8",2.06092577380286e-45,2.03883944069845,0.716,0.299,3.61424552951808e-41,"10","Adcy8"
"Kcnh73",1.58830123962129e-39,1.60630251747623,0.858,0.592,2.78540388392385e-35,"10","Kcnh7"
"Tmcc32",4.47970506848003e-38,1.59009862910025,0.784,0.402,7.85605877859343e-34,"10","Tmcc3"
"Galnt131",6.68149698409556e-37,1.19714228351353,0.963,0.749,1.17173412610084e-32,"10","Galnt13"
"Celf42",1.94771366422438e-34,0.856808926089425,0.995,0.932,3.41570545295029e-30,"10","Celf4"
"Nrp21",9.77748485679671e-34,1.83297990959852,0.658,0.314,1.71467751933644e-29,"10","Nrp2"
"Tenm42",7.76071523185792e-32,0.81473940141311,0.984,0.858,1.36099663021092e-27,"10","Tenm4"
"Ptprm2",1.05213343188929e-31,1.49538171483796,0.689,0.333,1.84512639950425e-27,"10","Ptprm"
"Msi23",1.59774431129286e-30,1.62379421145415,0.753,0.49,2.80196419871428e-26,"10","Msi2"
"Lhfp",2.96482008720586e-30,2.32046124041001,0.311,0.074,5.19940498693291e-26,"10","Lhfp"
"Prkg13",1.89986463963503e-29,1.47585219037457,0.8,0.525,3.33179261852795e-25,"10","Prkg1"
"Nell12",6.12998231228401e-29,1.63748167222112,0.668,0.35,1.07501499810525e-24,"10","Nell1"
"Ano11",3.27521266243861e-28,1.92135097441368,0.311,0.076,5.7437404461186e-24,"10","Ano1"
"9530036O11Rik1",1.185427764301e-27,1.77601161124964,0.489,0.186,2.07888467025467e-23,"10","9530036O11Rik"
"Bach2",7.96162154561745e-26,1.47018889980802,0.611,0.295,1.39622957045493e-21,"10","Bach2"
"Stac2",1.50853572179226e-24,1.71106642204837,0.447,0.165,2.64551909530708e-20,"10","Stac"
"Kcnip42",3.5051560108239e-24,0.832756884414563,0.995,0.921,6.14699209618187e-20,"10","Kcnip4"
"St6galnac52",3.88363780132443e-24,1.36508098635523,0.658,0.353,6.81073561218264e-20,"10","St6galnac5"
"Lhx6",4.37093212289628e-24,2.1479354875289,0.263,0.065,7.6653036639232e-20,"10","Lhx6"
"Myo162",8.0768110863168e-24,1.46902474993376,0.584,0.281,1.41643036020738e-19,"10","Myo16"
"Thsd7b1",1.39560494563638e-23,1.18640650247229,0.621,0.304,2.44747239316251e-19,"10","Thsd7b"
"Cpne81",1.74074121842388e-23,1.61607704136038,0.405,0.14,3.05273787474996e-19,"10","Cpne8"
"Shisa92",1.8455790977712e-23,1.50845438800008,0.626,0.34,3.23659206376136e-19,"10","Shisa9"
"Nrg31",7.52039573985444e-23,0.992046558465964,1,0.946,1.31885180089827e-18,"10","Nrg3"
"Ptprz13",7.78816336289891e-23,1.16389373708798,0.721,0.427,1.36581020895158e-18,"10","Ptprz1"
"Lhx81",1.6911105402093e-22,2.02017750312952,0.295,0.085,2.96570055436506e-18,"10","Lhx8"
"Sfta3-ps2",1.70323702028601e-22,1.54043041815665,0.416,0.149,2.98696676247557e-18,"10","Sfta3-ps"
"EGFP2",2.40292732138486e-22,1.17130857406181,0.937,0.798,4.21401364351263e-18,"10","EGFP"
"Plxna21",5.21509653837334e-22,1.39821155153235,0.637,0.359,9.14571479934532e-18,"10","Plxna2"
"Rmst3",7.12177913897328e-21,0.862413939847921,0.758,0.45,1.24894640760174e-16,"10","Rmst"
"Kcnd3",1.05277592013516e-20,1.03886235232284,0.779,0.507,1.84625313114103e-16,"10","Kcnd3"
"Arpp211",1.58511234905068e-20,1.17357568738661,0.653,0.35,2.77981152653018e-16,"10","Arpp21"
"Tmem178",5.68240935100282e-20,1.74232238739406,0.316,0.103,9.96524127885364e-16,"10","Tmem178"
"Kcnn22",6.15107422953113e-20,1.3128855090546,0.611,0.348,1.07871388763287e-15,"10","Kcnn2"
"Eda3",9.25742421208105e-20,1.54236735517737,0.421,0.171,1.62347448407265e-15,"10","Eda"
"Ephb15",4.30019989227101e-19,1.23319077815556,0.616,0.327,7.54126055107566e-15,"10","Ephb1"
"Cntnap23",5.94138463509047e-19,0.811321836127821,0.995,0.977,1.04194062345581e-14,"10","Cntnap2"
"Sorcs15",1.1394175698228e-18,1.01145597766366,0.747,0.45,1.99819659219824e-14,"10","Sorcs1"
"Tmeff21",1.57590253702078e-18,1.18964397980971,0.721,0.467,2.76366027917334e-14,"10","Tmeff2"
"Cntn51",3.66495866352404e-18,0.875288409335472,0.921,0.768,6.42723800822211e-14,"10","Cntn5"
"Sdk22",7.87862355014736e-18,1.15247933675151,0.584,0.32,1.38167421198934e-13,"10","Sdk2"
"Nrxn34",2.09362104871339e-17,0.664016538578672,1,0.945,3.67158323312866e-13,"10","Nrxn3"
"Cep1124",1.38170520799185e-16,0.696874970820743,0.916,0.73,2.4230964232553e-12,"10","Cep112"
"Plxna41",9.80935803830978e-16,1.00315939656699,0.726,0.525,1.72026711917839e-11,"10","Plxna4"
"Fstl42",1.15487917342496e-15,0.866075914165928,0.605,0.324,2.02531160643536e-11,"10","Fstl4"
"Zfp385b1",1.54348379201454e-15,0.973697015611903,0.689,0.473,2.70680752605590e-11,"10","Zfp385b"
"Mir670hg1",2.50633473440277e-15,1.90641992273155,0.347,0.144,4.39535922372214e-11,"10","Mir670hg"
"Nrg13",4.34857292730871e-15,0.960328412842732,0.842,0.727,7.62609234262129e-11,"10","Nrg1"
"Fgd5",4.28518727514825e-14,1.60239212624959,0.279,0.103,7.51493292442748e-10,"10","Fgd5"
"Rph3a1",5.00057707149892e-14,1.12394939091196,0.489,0.257,8.76951201028765e-10,"10","Rph3a"
"Car103",5.12617318429344e-14,0.803766437965493,0.737,0.51,8.98976991329541e-10,"10","Car10"
"Cacna2d22",8.22946773657939e-14,0.812270064789665,0.758,0.565,1.44320175696393e-09,"10","Cacna2d2"
"Ecel11",8.96250697849729e-14,1.39830052165608,0.337,0.141,1.57175484881907e-09,"10","Ecel1"
"Ldb21",9.5578925219839e-14,1.08636080544404,0.474,0.244,1.67616761158032e-09,"10","Ldb2"
"Zswim6",1.00862585335811e-13,1.54708605841225,0.332,0.141,1.76882715903411e-09,"10","Zswim6"
"Agbl41",2.14409620279911e-13,0.577696345815879,0.974,0.917,3.7601015108488e-09,"10","Agbl4"
"Rasgef1b3",2.89955093187084e-13,1.05323034695628,0.553,0.325,5.0849424692219e-09,"10","Rasgef1b"
"Tmtc24",3.13357172719376e-13,1.46211151782908,0.411,0.207,5.4953447379797e-09,"10","Tmtc2"
"Syt12",5.02007573555509e-13,0.534998787337165,0.979,0.91,8.80370681744297e-09,"10","Syt1"
"Rgs7",9.08945773364983e-13,0.981537031606053,0.758,0.591,1.59401820275017e-08,"10","Rgs7"
"Dlgap11",2.34899845027689e-12,0.395184061345048,0.984,0.892,4.11943858225058e-08,"10","Dlgap1"
"Sfmbt2",3.65833513856355e-12,1.66790357676932,0.263,0.104,6.41562233249889e-08,"10","Sfmbt2"
"Nlgn13",5.23821811737645e-12,0.594125723994507,0.974,0.908,9.18626311244308e-08,"10","Nlgn1"
"Efna53",5.45401881665353e-12,1.251028980493,0.6,0.406,9.5647127987653e-08,"10","Efna5"
"Grik32",7.53050140247146e-12,0.629769143227252,0.658,0.397,1.32062403095142e-07,"10","Grik3"
"Ppargc1a",1.32479864364961e-11,1.47607567646819,0.279,0.116,2.32329938136833e-07,"10","Ppargc1a"
"Gad11",2.60178350466181e-11,1.02234913872092,0.442,0.233,4.56274773212541e-07,"10","Gad1"
"Cacna1i2",4.42294439113941e-11,1.12899215993188,0.453,0.261,7.75651757874118e-07,"10","Cacna1i"
"Srrm41",1.33891654450857e-10,0.681292953996502,0.674,0.446,2.34805794410468e-06,"10","Srrm4"
"Pcgf51",2.71192302963081e-10,1.08303363066189,0.474,0.287,4.75589941706355e-06,"10","Pcgf5"
"Nfatc2",3.58110233408525e-10,1.28639698711597,0.321,0.154,6.2801791632853e-06,"10","Nfatc2"
"Auts21",4.88126842670167e-10,0.543398445382555,0.879,0.761,8.56028043990672e-06,"10","Auts2"
"Negr11",7.55735306754037e-10,0.416331737453937,0.989,0.925,1.32533300745455e-05,"10","Negr1"
"Foxp21",9.15852792369203e-10,1.14089458348033,0.295,0.135,1.60613104197787e-05,"10","Foxp2"
"Cadm12",1.77135859728583e-09,0.666328828402913,0.874,0.781,3.10643157206015e-05,"10","Cadm1"
"Htr1f1",1.9372792721253e-09,0.829191649108815,0.363,0.191,3.39740665952613e-05,"10","Htr1f"
"Slit31",2.14378642912476e-09,1.07338466552028,0.395,0.219,3.75955826075609e-05,"10","Slit3"
"Syt92",2.55396616730576e-09,1.095694988771,0.353,0.182,4.47889046760411e-05,"10","Syt9"
"Gm207541",2.76742860158869e-09,1.17998001686018,0.316,0.156,4.85323953860608e-05,"10","Gm20754"
"Gabrg35",2.9566609135486e-09,0.458747890746894,0.921,0.764,5.18509624409017e-05,"10","Gabrg3"
"C130073E24Rik3",3.09494484127859e-09,0.687588360527981,0.679,0.499,5.42760476815026e-05,"10","C130073E24Rik"
"Necab1",3.15631499417862e-09,0.879232331608411,0.279,0.123,5.53522960529104e-05,"10","Necab1"
"Frmd53",3.23025678658323e-09,0.683423873684934,0.753,0.63,5.66490132663101e-05,"10","Frmd5"
"Zmiz11",4.40081051931926e-09,0.989415249358834,0.426,0.244,7.71770140773018e-05,"10","Zmiz1"
"Zmat41",6.14064770711357e-09,0.761187855292295,0.505,0.302,0.000107688538839651,"10","Zmat4"
"Tle43",6.29582009613396e-09,1.0073371573561,0.379,0.207,0.000110409797025901,"10","Tle4"
"Zfpm22",9.2644967890959e-09,1.25909803120199,0.289,0.141,0.000162471480190375,"10","Zfpm2"
"Sh3rf31",1.52597394511761e-08,0.824957157340857,0.505,0.331,0.000267610050755275,"10","Sh3rf3"
"Lingo25",1.54624702755205e-08,0.365844837495032,0.984,0.948,0.000271165341221803,"10","Lingo2"
"Cacng3",1.75652485496848e-08,1.10981197997126,0.268,0.125,0.000308041763815823,"10","Cacng3"
"Grin3a2",1.85844327890274e-08,0.738453675825615,0.532,0.34,0.000325915197821173,"10","Grin3a"
"9530026P05Rik1",4.88666982439827e-08,1.1312295440442,0.268,0.13,0.000856975287104724,"10","9530026P05Rik"
"Mtcl11",5.72797316259143e-08,1.1070568598684,0.347,0.199,0.00100451465352366,"10","Mtcl1"
"Fam13c",6.18244792549682e-08,1.11171138784339,0.363,0.21,0.00108421589269438,"10","Fam13c"
"Lin7a1",6.32204754173288e-08,0.853622383095043,0.479,0.322,0.00110869747739369,"10","Lin7a"
"Neto11",6.40608737114367e-08,0.955363400824382,0.368,0.211,0.00112343554227746,"10","Neto1"
"March13",6.7030535671617e-08,0.419304660207484,0.889,0.735,0.00117551450407315,"10","March1"
"Cpeb2",1.41411152327768e-07,1.0619277491432,0.279,0.141,0.00247992737837207,"10","Cpeb2"
"Dmd4",1.4581646998175e-07,0.471795458340472,0.916,0.748,0.00255718343406995,"10","Dmd"
"Kcnc21",2.03501941891686e-07,0.493561540106671,0.663,0.497,0.0035688135549545,"10","Kcnc2"
"R3hdm21",2.39572538669953e-07,0.753717449691363,0.568,0.44,0.00420138361065497,"10","R3hdm2"
"Cdh72",3.03087774322361e-07,0.890011515543792,0.311,0.165,0.00531525029829124,"10","Cdh7"
"Vstm2l",3.24349744508686e-07,1.25244965519263,0.258,0.131,0.00568812146944882,"10","Vstm2l"
"Hdac93",3.25763338561199e-07,0.761367965159163,0.458,0.304,0.00571291166834775,"10","Hdac9"
"Astn23",4.39293346453072e-07,0.440766448025761,0.816,0.666,0.00770388741674753,"10","Astn2"
"Sez6l3",4.48597976679017e-07,0.473358585353745,0.705,0.563,0.00786706271701992,"10","Sez6l"
"Rasgrf1",6.37575707256077e-07,0.374307998065727,0.916,0.769,0.0111811651781498,"10","Rasgrf1"
"St8sia1",6.39584831320906e-07,1.20102615360807,0.274,0.147,0.0112163991868747,"10","St8sia1"
"Lrp1b3",8.41325028343117e-07,0.25631466980118,0.984,0.928,0.0147543170220533,"10","Lrp1b"
"Fam124a1",8.64366253397032e-07,1.13045913081402,0.263,0.138,0.0151583909858237,"10","Fam124a"
"Gria42",1.07631168631215e-06,0.334494689697456,0.963,0.898,0.0188752780428562,"10","Gria4"
"Ctnna23",1.2776774068438e-06,0.240466281703721,0.995,0.948,0.0224066286838197,"10","Ctnna2"
"Ncald2",1.36056277619626e-06,0.704624426830266,0.526,0.368,0.0238601894061537,"10","Ncald"
"Unc5c4",1.41109069547205e-06,0.5665760501862,0.616,0.46,0.0247462975264933,"10","Unc5c"
"Dock102",1.41395800528942e-06,0.476711808776515,0.658,0.5,0.0247965815387606,"10","Dock10"
"Dgkb2",2.32994535503468e-06,0.430318802422046,0.847,0.766,0.0408602516912432,"10","Dgkb"
"Cdh131",3.03301614486937e-06,0.555567900305231,0.637,0.485,0.0531900041325742,"10","Cdh13"
"Fam135b2",3.07680111112383e-06,0.772083145525003,0.426,0.287,0.0539578610857787,"10","Fam135b"
"Mbnl1",3.18271712859895e-06,0.983801642895307,0.379,0.246,0.0558153102842398,"10","Mbnl1"
"Rapgef5",3.30328250557681e-06,0.771284854876546,0.384,0.242,0.0579296653003006,"10","Rapgef5"
"Mest",3.30719378774813e-06,1.18460700941158,0.263,0.146,0.057998257455739,"10","Mest"
"Srgap11",3.4023712165972e-06,0.618415234566312,0.489,0.341,0.0596673840254651,"10","Srgap1"
"Mctp11",4.23890546718989e-06,0.457728721272315,0.6,0.452,0.0743376851781091,"10","Mctp1"
"Plppr11",4.34322516122304e-06,0.813015501606317,0.405,0.262,0.0761671396523685,"10","Plppr1"
"Mpped22",4.50518421336294e-06,0.804171334798341,0.374,0.24,0.0790074155497458,"10","Mpped2"
"Ccser15",4.87668149253392e-06,0.375555643759587,0.942,0.883,0.0855223633345673,"10","Ccser1"
"Frmpd43",5.78237288367793e-06,0.483991513622885,0.611,0.472,0.10140547326106,"10","Frmpd4"
"Thsd7a2",9.33898872721014e-06,0.585258600731191,0.384,0.241,0.163777845309084,"10","Thsd7a"
"Ank31",1.20303426495796e-05,0.251319311671063,1,0.994,0.210976119045678,"10","Ank3"
"Bcl11b1",1.20642196197472e-05,0.643640412517104,0.258,0.138,0.211570219471507,"10","Bcl11b"
"Nrp12",1.37688707003316e-05,0.726229052789891,0.463,0.336,0.241464685471716,"10","Nrp1"
"Dst3",1.53884289744884e-05,0.308425860863902,0.984,0.961,0.269866878925603,"10","Dst"
"Samd53",1.90668751314615e-05,0.628656372462859,0.568,0.441,0.33437578918044,"10","Samd5"
"Gad21",2.50147556306065e-05,0.697881900328463,0.495,0.381,0.438683769493947,"10","Gad2"
"Ralgapa22",2.97781215034579e-05,0.577447968393184,0.547,0.427,0.522218916806142,"10","Ralgapa2"
"Zfhx35",3.63498590098766e-05,0.20044545413082,0.884,0.688,0.637467477456205,"10","Zfhx3"
"Nin",4.1744444961166e-05,0.775393766718978,0.363,0.244,0.732072331283968,"10","Nin"
"Trpc72",5.55776805145033e-05,0.55832980884812,0.421,0.29,0.974665783182845,"10","Trpc7"
"Pfkp",5.66666030940252e-05,0.630834731799999,0.474,0.349,0.993762218459921,"10","Pfkp"
"Chd51",6.39708024138182e-05,0.516000939890572,0.684,0.576,1,"10","Chd5"
"Pcdh174",7.84481827117574e-05,0.608616502648395,0.474,0.349,1,"10","Pcdh17"
"Ache1",7.92579635830267e-05,0.752340070587721,0.421,0.302,1,"10","Ache"
"Grid13",8.16272240586144e-05,0.450429638358822,0.763,0.682,1,"10","Grid1"
"Nkain22",8.34924291737003e-05,0.167041612745723,0.989,0.948,1,"10","Nkain2"
"Lsamp4",9.52310290594355e-05,0.205923469503078,1,0.99,1,"10","Lsamp"
"Nxpe41",0.00011171913966884,0.684911667173033,0.321,0.205,1,"10","Nxpe4"
"Zfhx45",0.000113136552324435,0.459699146043796,0.453,0.309,1,"10","Zfhx4"
"Pitpnm3",0.000125413624810055,0.817420680726318,0.316,0.205,1,"10","Pitpnm3"
"Ftl1-ps12",0.000138051356516265,0.618378746667251,0.332,0.214,1,"10","Ftl1-ps1"
"Smarca22",0.00013963362858568,0.500720708354681,0.526,0.394,1,"10","Smarca2"
"Rbms13",0.000150974557452122,0.585348867900993,0.316,0.204,1,"10","Rbms1"
"Dcc4",0.000170139643267273,0.265802418117644,0.921,0.83,1,"10","Dcc"
"Kcnd24",0.000178319777058225,0.164458010835794,0.995,0.898,1,"10","Kcnd2"
"Cers6",0.000181360396291392,0.606234019130118,0.447,0.329,1,"10","Cers6"
"A230006K03Rik2",0.000194740339816063,0.443888612697801,0.679,0.631,1,"10","A230006K03Rik"
"Slc24a32",0.000215415487568819,0.541033980496916,0.558,0.486,1,"10","Slc24a3"
"Grik22",0.000266312518354684,0.346471074262925,0.942,0.859,1,"10","Grik2"
"Ppm1h2",0.000281237230347491,0.682902206858159,0.426,0.326,1,"10","Ppm1h"
"Luzp21",0.000307695728353616,0.357692815219964,0.468,0.351,1,"10","Luzp2"
"Me32",0.000312091614661923,0.439177012199476,0.526,0.392,1,"10","Me3"
"Foxn31",0.000325042732876078,0.547751248034636,0.479,0.371,1,"10","Foxn3"
"Plcb42",0.000339486733761018,0.503624977158105,0.516,0.409,1,"10","Plcb4"
"Luzp12",0.000352396513214137,0.669955410062221,0.274,0.171,1,"10","Luzp1"
"Oxr11",0.000380731652769925,0.470350553403592,0.553,0.432,1,"10","Oxr1"
"Csrnp31",0.00053177301252465,0.680039526427746,0.479,0.392,1,"10","Csrnp3"
"Prickle22",0.000628095641575869,0.413474597311707,0.558,0.462,1,"10","Prickle2"
"Ryr31",0.00067053324088926,0.372197686234701,0.679,0.597,1,"10","Ryr3"
"Pi4ka",0.000687999566911339,0.514506294102592,0.647,0.592,1,"10","Pi4ka"
"Lrrc4c2",0.00071786918350136,0.171381346571899,0.958,0.887,1,"10","Lrrc4c"
"Taf3",0.000756365101693334,0.689724860177757,0.289,0.194,1,"10","Taf3"
"Edil32",0.000757321104682217,0.471284257115887,0.516,0.409,1,"10","Edil3"
"Kcnq33",0.000784635010952058,0.292372546235999,0.658,0.529,1,"10","Kcnq3"
"Ptprt2",0.000828084559635811,0.388511204768656,0.595,0.485,1,"10","Ptprt"
"Epb41l3",0.000830644297577857,0.39512243291016,0.668,0.57,1,"10","Epb41l3"
"A330008L17Rik1",0.000830822562898845,0.652132907594436,0.326,0.233,1,"10","A330008L17Rik"
"Macf13",0.000878814949299667,0.191569814477516,0.995,0.995,1,"10","Macf1"
"Magi25",0.00088068615725497,0.202554706825273,0.984,0.975,1,"10","Magi2"
"Cdh183",0.000883478436884548,0.41817813262015,0.711,0.617,1,"10","Cdh18"
"Nhs2",0.00088948125361906,0.656171841243637,0.384,0.285,1,"10","Nhs"
"Mgat4c4",0.00115490394036064,0.238004527847031,0.747,0.643,1,"10","Mgat4c"
"A830018L16Rik2",0.00129683029531658,0.196866262076636,0.505,0.367,1,"10","A830018L16Rik"
"Adgrb33",0.00135213694263566,0.164312208763672,0.968,0.941,1,"10","Adgrb3"
"Ahi11",0.00156882872155849,0.211234262483882,0.989,0.982,1,"10","Ahi1"
"Diaph2",0.00170248402523215,0.575379969669367,0.379,0.286,1,"10","Diaph2"
"Nkain32",0.00175998916444932,0.520840722475875,0.537,0.441,1,"10","Nkain3"
"Dscaml14",0.00182892438162405,0.289501198937491,0.632,0.501,1,"10","Dscaml1"
"Klhl291",0.00205579402210546,0.271432758560201,0.805,0.739,1,"10","Klhl29"
"Sash13",0.00222261849731546,0.57437775007999,0.332,0.238,1,"10","Sash1"
"Metap1d2",0.00233318331228628,0.549759994457558,0.347,0.254,1,"10","Metap1d"
"Ctbp2",0.00249134623354126,0.677724263097863,0.311,0.223,1,"10","Ctbp2"
"Pbx11",0.00271059195359083,0.385152192678742,0.563,0.489,1,"10","Pbx1"
"Rims22",0.00275351098115836,0.270547512338335,0.926,0.819,1,"10","Rims2"
"Fam155a6",0.0030888092202,0.154747139500668,0.995,0.973,1,"10","Fam155a"
"Trpc42",0.00392541594745828,0.3830995079015,0.295,0.203,1,"10","Trpc4"
"Tenm12",0.0041375002988545,0.193760055314556,0.832,0.738,1,"10","Tenm1"
"Dclk1",0.0042102041649837,0.294472870088334,0.805,0.758,1,"10","Dclk1"
"Zfp6181",0.00426542547953534,0.77711164564597,0.279,0.2,1,"10","Zfp618"
"Reep12",0.00432443644044485,0.386248153260087,0.458,0.368,1,"10","Reep1"
"Scn3a",0.00432851535229918,0.451521002294457,0.516,0.444,1,"10","Scn3a"
"Apba13",0.00440460635661874,0.391669030216024,0.605,0.535,1,"10","Apba1"
"Osbpl9",0.00445456345772311,0.511051814711161,0.437,0.355,1,"10","Osbpl9"
"Frmd4a3",0.00502549883703198,0.162848689712597,0.989,0.972,1,"10","Frmd4a"
"Adcy22",0.00571918650971842,0.291130123356688,0.516,0.421,1,"10","Adcy2"
"Elmo1",0.00629200503143986,0.214819435475113,0.405,0.301,1,"10","Elmo1"
"Mroh11",0.00634011036310565,0.526873166317807,0.374,0.296,1,"10","Mroh1"
"6330411D24Rik1",0.00659123942238616,0.68298824801166,0.289,0.214,1,"10","6330411D24Rik"
"Ncam23",0.00677134274572418,0.181099416117348,0.716,0.623,1,"10","Ncam2"
"Alk1",0.00732081386152338,0.227297634901621,0.432,0.326,1,"10","Alk"
"Pkp41",0.0074154693294294,0.284692945391308,0.547,0.465,1,"10","Pkp4"
"Tcf122",0.00795771544700645,0.489690924773504,0.368,0.286,1,"10","Tcf12"
"Nxph11",0.00824947574059706,0.397370650505046,0.305,0.222,1,"10","Nxph1"
"Sema6d2",0.00855562418704497,0.189506511784092,0.589,0.476,1,"10","Sema6d"
"Mfn1",0.0086587056551326,0.451981118720263,0.405,0.325,1,"10","Mfn1"
"Uba5",0.00886633717122753,0.603761556861085,0.253,0.179,1,"10","Uba5"
"Unc5d2",0.00893995136401212,0.209261650902873,0.774,0.692,1,"10","Unc5d"
"Spock13",0.0092720487771225,0.413796979625635,0.5,0.423,1,"10","Spock1"
"Dock71",0.00938797903620861,0.337972286609181,0.532,0.444,1,"10","Dock7"
"Greb1",1.49652034332409e-62,3.76682943895661,0.366,0.044,2.62444772608746e-58,"11","Greb1"
"Sox2ot2",1.62066953578707e-61,2.21158269712164,0.883,0.319,2.84216816490979e-57,"11","Sox2ot"
"Gm29683",5.51067981553434e-58,3.40862709358604,0.352,0.043,9.66407919250257e-54,"11","Gm29683"
"Cadps23",2.63836438805616e-36,1.85039890697402,0.759,0.319,4.62689962733409e-32,"11","Cadps2"
"Ptprt3",1.72345752519076e-32,1.58325860354206,0.862,0.476,3.02242746192704e-28,"11","Ptprt"
"Prlr2",3.13619660611424e-31,1.98558076603549,0.621,0.229,5.49994798814254e-27,"11","Prlr"
"Gria12",1.96797025864698e-28,1.03485692148603,0.993,0.881,3.4512294425892e-24,"11","Gria1"
"B130024G19Rik1",3.70128829171197e-28,2.32620897237638,0.324,0.071,6.49094927717528e-24,"11","B130024G19Rik"
"A830082K12Rik1",4.50138642510376e-28,2.17284699495159,0.372,0.092,7.89408137370446e-24,"11","A830082K12Rik"
"Cacna2d32",3.76914712019381e-26,1.44186914390047,0.724,0.331,6.60995330468389e-22,"11","Cacna2d3"
"Calb1",1.78675954072619e-24,2.11929892837234,0.31,0.072,3.13344020657152e-20,"11","Calb1"
"Frmd6",1.94290103977008e-23,2.28572990302131,0.283,0.064,3.40726555344479e-19,"11","Frmd6"
"Gda",3.57687095953377e-22,1.62486728794089,0.386,0.112,6.27275860173437e-18,"11","Gda"
"Pde1c1",3.43320159814247e-21,1.66613108297267,0.49,0.188,6.02080564266244e-17,"11","Pde1c"
"Dlx1",3.46996403198579e-19,1.90912031701195,0.317,0.091,6.08527592289348e-15,"11","Dlx1"
"Nkain23",6.18516544921075e-19,0.829376289680513,0.993,0.948,1.08469246482809e-14,"11","Nkain2"
"Sez6l4",1.11876998182019e-18,0.915563323241525,0.869,0.558,1.96198691711806e-14,"11","Sez6l"
"Grik13",3.27347371821381e-18,1.70188227263815,0.71,0.443,5.74069085963157e-14,"11","Grik1"
"Col25a13",2.46931035475213e-17,1.14378593104662,0.566,0.256,4.33042956912881e-13,"11","Col25a1"
"Dgkg2",2.62936735654175e-17,1.25302967061047,0.69,0.382,4.61112153316727e-13,"11","Dgkg"
"Cdh42",7.96985145380422e-17,1.08949223007817,0.745,0.435,1.39767284945365e-12,"11","Cdh4"
"Greb1l4",6.59508789216886e-16,1.23971239105655,0.531,0.244,1.15658056364965e-11,"11","Greb1l"
"March32",9.53250661319813e-16,1.75586970302491,0.414,0.172,1.67171568475656e-11,"11","March3"
"Erbb42",2.68957435822247e-15,0.942421711968723,0.834,0.558,4.71670655201475e-11,"11","Erbb4"
"Gm30382",3.54312987332531e-15,1.79649419750064,0.331,0.115,6.21358685885059e-11,"11","Gm30382"
"Sox53",5.77911363452834e-15,1.48684750186987,0.4,0.158,1.01348315808724e-10,"11","Sox5"
"Tox1",1.77860030839828e-13,1.41525053753099,0.386,0.157,3.11913136083806e-09,"11","Tox"
"Grm83",2.06151861022694e-13,1.12313636694348,0.524,0.265,3.61528518675499e-09,"11","Grm8"
"Ctnna24",6.18825604582943e-13,0.750108465785347,0.966,0.949,1.08523446275711e-08,"11","Ctnna2"
"Dlgap12",7.96954090945397e-13,0.605738241950107,0.993,0.893,1.39761838929094e-08,"11","Dlgap1"
"Rbfox14",1.22135025835084e-12,0.642462908959972,0.959,0.894,2.14188194806987e-08,"11","Rbfox1"
"Erc22",2.70829558555755e-12,0.593171049168427,0.903,0.842,4.74953796839227e-08,"11","Erc2"
"Tcf42",3.01769444158651e-12,1.21249221282088,0.483,0.236,5.29213074221027e-08,"11","Tcf4"
"Zdhhc141",3.29927263234363e-12,1.14971456932543,0.566,0.313,5.78593441534103e-08,"11","Zdhhc14"
"Negr12",1.32532597020949e-11,0.565726660870924,0.966,0.927,2.32422415395639e-07,"11","Negr1"
"Pip5k1b1",2.4765469646204e-11,1.15490472126794,0.524,0.286,4.3431204118548e-07,"11","Pip5k1b"
"Chn21",2.69864864289064e-11,1.3296460080482,0.372,0.163,4.73262012503731e-07,"11","Chn2"
"Csmd14",3.70408558536911e-11,0.586052996130269,0.979,0.939,6.49585489106181e-07,"11","Csmd1"
"Nlgn14",4.84908120175263e-11,0.556832440481859,0.986,0.909,8.50383370351359e-07,"11","Nlgn1"
"Adgrl21",1.25092868317394e-10,1.02284962304001,0.497,0.253,2.19375363168213e-06,"11","Adgrl2"
"Anks1b3",1.3019578023008e-10,0.48546764818883,0.952,0.935,2.28324339789491e-06,"11","Anks1b"
"Dock103",1.75235379836503e-10,0.978464863170604,0.724,0.5,3.07310285619275e-06,"11","Dock10"
"Tmem132d3",2.36802821024817e-10,0.893289057990897,0.531,0.294,4.15281107231222e-06,"11","Tmem132d"
"St6galnac53",3.83336706465187e-10,0.866074225172773,0.607,0.359,6.72257582127999e-06,"11","St6galnac5"
"Dpyd3",5.93413452255908e-10,0.9586592046191,0.579,0.34,1.04066917122119e-05,"11","Dpyd"
"Ppp3ca2",6.63390629454594e-10,0.911441135722785,0.724,0.515,1.16338814687452e-05,"11","Ppp3ca"
"Sgcz4",1.2700467347299e-09,0.754899455456688,0.903,0.782,2.22728095869582e-05,"11","Sgcz"
"Kcnq34",1.6673581426395e-09,0.732067262402967,0.724,0.528,2.92404597474689e-05,"11","Kcnq3"
"Lsamp5",1.76938377659093e-09,0.486196919674887,1,0.99,3.10296832900751e-05,"11","Lsamp"
"Zbtb7c3",3.24431226051275e-09,1.15735065862842,0.393,0.194,5.68955041126121e-05,"11","Zbtb7c"
"Fndc1",3.32039887007772e-09,1.27310051991969,0.269,0.108,5.82298349845529e-05,"11","Fndc1"
"Maml21",3.40241292900482e-09,1.45332521735014,0.366,0.179,5.96681155359575e-05,"11","Maml2"
"A830018L16Rik3",3.80140293736206e-09,0.894463712968348,0.593,0.365,6.66652033125185e-05,"11","A830018L16Rik"
"Adcy62",4.3424483077498e-09,1.19097890765079,0.359,0.172,7.61535159730082e-05,"11","Adcy6"
"B3galt12",4.98145034045083e-09,0.874684030734273,0.69,0.487,8.73596946204862e-05,"11","B3galt1"
"Nrxn35",7.07824982663647e-09,0.504188150232858,0.979,0.947,0.000124131267209724,"11","Nrxn3"
"Camk2a3",8.53357415999059e-09,0.696420548965927,0.807,0.687,0.000149653290043755,"11","Camk2a"
"Sox1ot1",2.33965020006645e-08,1.09839778330006,0.269,0.112,0.000410304455585653,"11","Sox1ot"
"Sulf11",2.8625091747357e-08,1.15246915548783,0.269,0.115,0.0005019982339734,"11","Sulf1"
"Nek10",4.02273500299992e-08,1.28449079357393,0.255,0.108,0.000705467037476096,"11","Nek10"
"Fstl43",7.19052147999871e-08,0.954017844394834,0.524,0.331,0.00126100175194737,"11","Fstl4"
"Cpne82",7.74275850387859e-08,1.21023623888051,0.31,0.147,0.00135784755882519,"11","Cpne8"
"Slc35f41",8.74154735878604e-08,0.88885089263275,0.531,0.331,0.00153300516031031,"11","Slc35f4"
"Brinp34",8.84216056563299e-08,0.707068350486531,0.703,0.512,0.00155064969839506,"11","Brinp3"
"Nos1ap1",9.27500562964256e-08,1.08485928531543,0.428,0.245,0.00162655773727041,"11","Nos1ap"
"Kcnip13",9.86682975889366e-08,0.602034505293267,0.697,0.468,0.00173034593481718,"11","Kcnip1"
"Hcn12",1.18762370681795e-07,1.10642540354269,0.469,0.283,0.00208273569464664,"11","Hcn1"
"Adra1a",1.73818500474383e-07,1.42610374861512,0.269,0.124,0.00304825504281925,"11","Adra1a"
"Pcdh72",3.07530692031822e-07,0.734690848908236,0.759,0.583,0.00539316574616206,"11","Pcdh7"
"Airn2",3.15813739160988e-07,1.04147301163916,0.414,0.231,0.00553842554366624,"11","Airn"
"Ank1",3.18152502488561e-07,0.953890538974445,0.434,0.255,0.00557944043614189,"11","Ank"
"Dync1i11",4.12308533654753e-07,0.674132275796685,0.628,0.453,0.00723065475470341,"11","Dync1i1"
"Clstn22",5.8860199798415e-07,0.842572075599781,0.538,0.366,0.010322313238648,"11","Clstn2"
"Kif26b2",6.62814855704024e-07,0.969182408010212,0.434,0.267,0.0116237841244815,"11","Kif26b"
"Cers61",7.31362664954756e-07,0.937871534676556,0.503,0.328,0.0128259070553116,"11","Cers6"
"Camkv2",7.77018506566488e-07,0.927747928091412,0.407,0.233,0.0136265735496565,"11","Camkv"
"Epha52",1.53596054200135e-06,0.687542413165079,0.572,0.396,0.0269361400250777,"11","Epha5"
"Slc8a12",1.62448546067666e-06,0.759815217206213,0.724,0.62,0.0284886015238867,"11","Slc8a1"
"Celf21",2.57986657403659e-06,0.355189869257188,0.766,0.635,0.0452431201088797,"11","Celf2"
"Yeats21",4.57056733809897e-06,0.665771604476582,0.572,0.388,0.0801540394082417,"11","Yeats2"
"Fgf121",5.00297162178151e-06,0.386642800932768,0.924,0.876,0.0877371133311824,"11","Fgf12"
"Tshz25",6.5463100423271e-06,0.767952113249624,0.628,0.493,0.11480263921229,"11","Tshz2"
"Grik23",6.90474400621647e-06,0.38533688794982,0.938,0.861,0.121088495637018,"11","Grik2"
"Hap13",6.94398779311084e-06,0.627863540400813,0.697,0.542,0.121776713927785,"11","Hap1"
"Dchs22",6.96361458974521e-06,1.08476652241292,0.324,0.179,0.122120909060362,"11","Dchs2"
"Pcgf52",8.32651308747291e-06,0.73636755242677,0.462,0.29,0.146022060015012,"11","Pcgf5"
"Dlx6os1",8.51156879367083e-06,1.14201900487243,0.269,0.139,0.149267381934605,"11","Dlx6os1"
"Cacna1c4",9.6483433798187e-06,0.505333821187829,0.862,0.788,0.16920299785188,"11","Cacna1c"
"Dnm3",1.08950941683184e-05,0.556729532946443,0.828,0.726,0.191067266429801,"11","Dnm3"
"Sh3rf1",1.17865562231826e-05,1.09195008102681,0.269,0.143,0.206700836485953,"11","Sh3rf1"
"Fam76a",1.2621863857337e-05,1.02096854577124,0.29,0.158,0.221349626466119,"11","Fam76a"
"Atp2b11",1.26543525902847e-05,0.645533766433856,0.641,0.47,0.221919381375823,"11","Atp2b1"
"Gm268714",1.36575130386637e-05,0.494347038212688,0.759,0.672,0.239511806159045,"11","Gm26871"
"Ryr22",1.37230178942727e-05,0.424770388963009,0.883,0.773,0.240660564811861,"11","Ryr2"
"Kcnab11",1.44258943068796e-05,0.900510230353756,0.407,0.242,0.252986908459748,"11","Kcnab1"
"Tro4",1.45814649956527e-05,0.556751922385291,0.724,0.603,0.255715151628761,"11","Tro"
"Npas2",1.62579027573858e-05,1.26318028732852,0.255,0.134,0.285114840656275,"11","Npas2"
"Map3k52",1.77510619013283e-05,1.103321034964,0.303,0.175,0.311300372563595,"11","Map3k5"
"Nedd4l2",1.90458683076717e-05,0.515771922413384,0.614,0.428,0.334007392511639,"11","Nedd4l"
"Npas33",1.97333430682974e-05,0.716229030046108,0.441,0.285,0.346063637388731,"11","Npas3"
"Gm320141",2.36799822816874e-05,0.851750065313133,0.255,0.13,0.415275849273952,"11","Gm32014"
"Arhgap62",2.55291374013779e-05,0.876406054936858,0.324,0.185,0.447704482607965,"11","Arhgap6"
"Ank22",3.12326839386337e-05,0.253356256306934,0.979,0.984,0.547727578231819,"11","Ank2"
"Nrg14",3.1700472231718e-05,0.583002308748153,0.807,0.73,0.555931181527639,"11","Nrg1"
"Sipa1l11",3.75523379667477e-05,0.608768424946162,0.538,0.373,0.658555350922854,"11","Sipa1l1"
"Osbpl62",4.7571885049504e-05,0.621360811863488,0.703,0.59,0.834268148113152,"11","Osbpl6"
"Epha62",5.51553988452746e-05,0.495736008515048,0.662,0.506,0.967260229549581,"11","Epha6"
"Trim24",5.81739109916173e-05,0.773639889266476,0.324,0.186,1,"11","Trim24"
"Kcnj62",6.28372869813534e-05,0.847437830771597,0.469,0.34,1,"11","Kcnj6"
"Pcdh175",6.40491390618827e-05,0.640980766272918,0.51,0.349,1,"11","Pcdh17"
"Crim12",7.65715768393099e-05,0.923020748585555,0.331,0.201,1,"11","Crim1"
"Zbtb203",8.00884035969693e-05,0.658815935952261,0.634,0.49,1,"11","Zbtb20"
"Tmem178b2",8.28099089206999e-05,0.419432360209014,0.8,0.699,1,"11","Tmem178b"
"Fam216a1",8.3596651502536e-05,0.785952861199398,0.317,0.185,1,"11","Fam216a"
"Rnf1652",0.000117748816447802,0.890211854461888,0.352,0.221,1,"11","Rnf165"
"Opcml3",0.000134887098860694,0.361592889283054,0.841,0.765,1,"11","Opcml"
"Rrp1b",0.000145858282807254,0.812459138157004,0.303,0.181,1,"11","Rrp1b"
"Sv2c3",0.00014908691017044,0.900331894182338,0.283,0.163,1,"11","Sv2c"
"Kcnd25",0.000180245918184404,0.447013262680944,0.945,0.902,1,"11","Kcnd2"
"Kcnn3",0.000182927565256848,0.694470561215439,0.434,0.302,1,"11","Kcnn3"
"Ghr3",0.000202970895129972,0.98332125885337,0.345,0.219,1,"11","Ghr"
"Nebl2",0.000208336886261322,0.483141483471267,0.634,0.499,1,"11","Nebl"
"Ltbp41",0.000222826185842961,0.68238406088198,0.331,0.201,1,"11","Ltbp4"
"Adgrl33",0.000226848632698805,0.48804444126935,0.724,0.632,1,"11","Adgrl3"
"Zfp804a2",0.000229045327179453,0.536987629084987,0.483,0.346,1,"11","Zfp804a"
"Rbm27",0.000229508265792,0.85499716187783,0.255,0.144,1,"11","Rbm27"
"Oxr12",0.000241452546673935,0.879294062176972,0.566,0.433,1,"11","Oxr1"
"Tead12",0.000242017166822808,0.704785759479388,0.31,0.188,1,"11","Tead1"
"Ints10",0.000242823594704715,0.60720927148285,0.338,0.204,1,"11","Ints10"
"Phactr11",0.000256335090503395,0.302907427640873,0.91,0.839,1,"11","Phactr1"
"Zcchc182",0.000256594343742727,0.460204235734622,0.676,0.528,1,"11","Zcchc18"
"Nell23",0.000266291511012173,0.649420522299931,0.372,0.243,1,"11","Nell2"
"Dnajc211",0.000268373054360285,0.796908134622488,0.303,0.184,1,"11","Dnajc21"
"Rbfox33",0.000286045112300491,0.238185758343098,0.897,0.78,1,"11","Rbfox3"
"Cdh221",0.000294191376301614,0.731782491857405,0.345,0.218,1,"11","Cdh22"
"Rev3l2",0.000299232128012341,0.476909406553792,0.676,0.557,1,"11","Rev3l"
"Sorbs22",0.000325438669700175,0.474136605018973,0.641,0.496,1,"11","Sorbs2"
"Ptpra",0.000345603164542875,0.594531209569935,0.469,0.338,1,"11","Ptpra"
"Maged12",0.000345664451451947,0.371047404655819,0.579,0.413,1,"11","Maged1"
"Pcbp3",0.0003465027243871,0.810770788004234,0.317,0.201,1,"11","Pcbp3"
"Sema6a3",0.000370243008673971,0.864615330557561,0.366,0.242,1,"11","Sema6a"
"Galntl63",0.000399671361167638,0.115341174100378,0.869,0.747,1,"11","Galntl6"
"Galnt7",0.000429287792128818,1.00456899255741,0.262,0.159,1,"11","Galnt7"
"Syt13",0.000435580617497096,0.227672181672312,0.966,0.911,1,"11","Syt1"
"Gabrb32",0.000516316117103867,0.443258394521975,0.676,0.572,1,"11","Gabrb3"
"Ttc283",0.000526313775396755,0.619066166426696,0.455,0.32,1,"11","Ttc28"
"Cfap461",0.000530345890959339,0.583390651964734,0.476,0.344,1,"11","Cfap46"
"Klhl2",0.000566419661850355,0.693814641658385,0.269,0.158,1,"11","Klhl2"
"Gm1604a1",0.000568575581485229,0.485491349858188,0.434,0.292,1,"11","Gm1604a"
"Kdm6b",0.000570416248080231,0.62213373351878,0.386,0.266,1,"11","Kdm6b"
"Ccdc302",0.00057804195712548,0.480820918324186,0.572,0.448,1,"11","Ccdc30"
"Agap1",0.000588560020788652,0.554069900354825,0.648,0.539,1,"11","Agap1"
"Gad22",0.000737175867211123,0.555741376402145,0.517,0.381,1,"11","Gad2"
"Slc35f31",0.000744574018559261,0.439241814572787,0.579,0.422,1,"11","Slc35f3"
"Phkb",0.000771942472182909,0.568283759574526,0.372,0.244,1,"11","Phkb"
"Itsn1",0.000846080841092527,0.514243919861637,0.559,0.421,1,"11","Itsn1"
"Ppp1r12b2",0.000849260757104788,0.592168709000946,0.49,0.376,1,"11","Ppp1r12b"
"Atrnl12",0.00094037561501212,0.594046855639608,0.469,0.338,1,"11","Atrnl1"
"Rreb12",0.000947715321068523,0.930328171239485,0.29,0.185,1,"11","Rreb1"
"Caln12",0.00100517246827358,0.441127043737947,0.434,0.297,1,"11","Caln1"
"Pak72",0.00108755567842405,0.744461625928152,0.434,0.324,1,"11","Pak7"
"Jazf12",0.00112997152428833,0.451100220204187,0.545,0.415,1,"11","Jazf1"
"Kif17",0.00145153683998676,0.544014744811381,0.359,0.238,1,"11","Kif17"
"Nnat2",0.00168736737076637,0.715388053606737,0.352,0.245,1,"11","Nnat"
"Lrp1b4",0.0017050510186983,0.253955699318472,0.945,0.931,1,"11","Lrp1b"
"Prrc2c2",0.00176099841896775,0.25122689623986,0.883,0.804,1,"11","Prrc2c"
"Gm9856",0.00179369504045099,0.683760976994462,0.283,0.182,1,"11","Gm9856"
"Dgkd1",0.00181449337863059,0.746090328541289,0.359,0.25,1,"11","Dgkd"
"Ankrd62",0.0018340047111611,0.659791059369506,0.303,0.2,1,"11","Ankrd6"
"Hs2st11",0.0018531449052408,0.702158198063913,0.324,0.219,1,"11","Hs2st1"
"Efcab12",0.00187058970263902,0.619916527989848,0.276,0.172,1,"11","Efcab1"
"Khdrbs31",0.00194193436412859,0.600085819666307,0.262,0.161,1,"11","Khdrbs3"
"Ildr21",0.00194240385546154,0.508939298750101,0.338,0.221,1,"11","Ildr2"
"Gabra54",0.00197691395855234,0.60480963559964,0.262,0.162,1,"11","Gabra5"
"Pou2f23",0.00201477500226825,0.343371346259562,0.517,0.381,1,"11","Pou2f2"
"Thsd4",0.00205351193223276,0.544824786750537,0.297,0.192,1,"11","Thsd4"
"Chst111",0.0021742222829452,0.680129726547593,0.31,0.207,1,"11","Chst11"
"Ppfia31",0.0022399709193293,0.43791641710622,0.421,0.291,1,"11","Ppfia3"
"Kcnip43",0.00225072926440581,0.206446943250527,0.979,0.923,1,"11","Kcnip4"
"Rps6ka22",0.00226140561936414,0.43271026292299,0.414,0.29,1,"11","Rps6ka2"
"Fam227a",0.00243944071830002,0.698292746777537,0.324,0.219,1,"11","Fam227a"
"Yars",0.0024934029636814,0.633118709970831,0.324,0.221,1,"11","Yars"
"Rfx71",0.00257363550754131,0.447581273708387,0.49,0.372,1,"11","Rfx7"
"Gkap12",0.00312089586460046,0.586636311468388,0.414,0.303,1,"11","Gkap1"
"Ankfn12",0.00318254623408385,0.474416836110303,0.372,0.265,1,"11","Ankfn1"
"Sntg13",0.00321269299220594,0.216915788453821,0.938,0.93,1,"11","Sntg1"
"Xpr11",0.00324026720909711,0.483819246471405,0.428,0.309,1,"11","Xpr1"
"Baiap35",0.00349977836951213,0.274835764383003,0.738,0.603,1,"11","Baiap3"
"Syn22",0.00371678212340065,0.582295152070882,0.428,0.319,1,"11","Syn2"
"Mboat22",0.00396605168325878,0.545480810050271,0.297,0.194,1,"11","Mboat2"
"Ctif1",0.00406803554654102,0.43797061403107,0.586,0.491,1,"11","Ctif"
"Fbxo412",0.00409394802530213,0.52327402465696,0.372,0.258,1,"11","Fbxo41"
"Ddx51",0.00411798609186455,0.326033919892891,0.683,0.561,1,"11","Ddx5"
"Cntn52",0.00423663578253802,0.251754131517108,0.828,0.774,1,"11","Cntn5"
"Rab12",0.00427811131798291,0.525593946428321,0.393,0.284,1,"11","Rab12"
"Rab27b2",0.00431815601015251,0.512140681536992,0.317,0.216,1,"11","Rab27b"
"Orc2",0.00466997866503079,0.661393163966007,0.269,0.177,1,"11","Orc2"
"Unc5d3",0.00471211479964095,0.386608995354405,0.738,0.694,1,"11","Unc5d"
"Gbf12",0.00473064900537622,0.421125097841295,0.517,0.392,1,"11","Gbf1"
"Senp5",0.00481540460141395,0.461032563332413,0.51,0.39,1,"11","Senp5"
"Arhgap262",0.00487449788147126,0.533085570116669,0.497,0.39,1,"11","Arhgap26"
"Fam13a3",0.00507589404115793,0.786520551419663,0.29,0.202,1,"11","Fam13a"
"Fam189a12",0.0054561232582851,0.497746379444208,0.448,0.346,1,"11","Fam189a1"
"Efna54",0.00545652719378393,0.383298249430047,0.51,0.412,1,"11","Efna5"
"Mdga22",0.00555499360034124,0.223929901625929,0.966,0.938,1,"11","Mdga2"
"Ctdspl2",0.00584933899784995,0.523889640216072,0.421,0.326,1,"11","Ctdspl"
"Cttnbp2",0.00619380252753172,0.482297576632109,0.476,0.372,1,"11","Cttnbp2"
"Lncppara1",0.00627748901266559,0.760928837516922,0.255,0.168,1,"11","Lncppara"
"Neto21",0.00635547323105959,0.515882061614707,0.262,0.173,1,"11","Neto2"
"Ptprg3",0.0065222503719101,0.379578291926489,0.614,0.511,1,"11","Ptprg"
"Dgki2",0.00666687835995271,0.336102701887885,0.593,0.469,1,"11","Dgki"
"Srrm22",0.00689050861118271,0.158589768075792,0.966,0.931,1,"11","Srrm2"
"Ift88",0.00690774375716003,0.468067729943618,0.317,0.217,1,"11","Ift88"
"Scn5a2",0.00691926381005015,0.574515713286041,0.276,0.185,1,"11","Scn5a"
"Scn1a2",0.00711462929417179,0.28055058457076,0.71,0.605,1,"11","Scn1a"
"Pde4d4",0.00735163594875961,0.189744447828613,0.89,0.861,1,"11","Pde4d"
"Pde1a1",0.00741311110379136,0.287943989028799,0.503,0.382,1,"11","Pde1a"
"Iqce2",0.00756995971952692,0.386953994859964,0.455,0.338,1,"11","Iqce"
"Med13",0.0078221169656065,0.523889640216072,0.345,0.248,1,"11","Med13"
"Slit21",0.00788483637814408,0.340085716556872,0.379,0.272,1,"11","Slit2"
"Adarb11",0.00798330991639929,0.483147846313941,0.366,0.267,1,"11","Adarb1"
"Prickle23",0.00799134590332915,0.46394709975979,0.572,0.462,1,"11","Prickle2"
"Arih12",0.00804419534627625,0.332487086716073,0.462,0.344,1,"11","Arih1"
"Grid24",0.00816063074593667,0.223754235750031,0.931,0.933,1,"11","Grid2"
"Taok3",0.00819076866245792,0.439778685512194,0.462,0.362,1,"11","Taok3"
"Il1rapl12",0.00829856831202977,0.289819313171126,0.897,0.849,1,"11","Il1rapl1"
"Ak53",0.00917064352658951,0.598383366440207,0.4,0.309,1,"11","Ak5"
"Dclk11",0.0093818170219383,0.285443020757254,0.821,0.758,1,"11","Dclk1"
"Abhd61",0.00946031738508529,0.641493606528302,0.255,0.173,1,"11","Abhd6"
"Lcorl2",0.00972516329542373,0.485896367854021,0.331,0.237,1,"11","Lcorl"
"Slc44a53",0.00979576681504433,0.61895789764561,0.297,0.212,1,"11","Slc44a5"
"Casz1",7.40825750728195e-241,5.35574524791245,0.723,0.038,1.29918611905204e-236,"12","Casz1"
"Gbx1",1.35233491897625e-218,5.16371049671834,0.532,0.017,2.37158974740864e-214,"12","Gbx1"
"Robo3",2.08858960689333e-156,5.40386719753062,0.447,0.02,3.66275959360884e-152,"12","Robo3"
"Elfn1",3.18992288953607e-125,3.79992056121683,0.681,0.08,5.5941677713794e-121,"12","Elfn1"
"Scube2",2.62141108375183e-112,4.65403945242737,0.333,0.015,4.59716861757558e-108,"12","Scube2"
"Tshz3",8.94456858126099e-101,3.5478539880514,0.667,0.097,1.56860899209574e-96,"12","Tshz3"
"Sox6",4.26215067983993e-95,2.4943099670327,0.695,0.101,7.47453364723529e-91,"12","Sox6"
"Sulf21",1.59983457441745e-86,2.83904125124047,0.851,0.205,2.80562989315588e-82,"12","Sulf2"
"Kcnmb4",8.33091514882963e-78,3.36601087723316,0.454,0.053,1.46099258965025e-73,"12","Kcnmb4"
"Satb1",4.23910652501051e-75,3.69981622583715,0.468,0.06,7.43412111291092e-71,"12","Satb1"
"Ror1",1.45178643509799e-71,4.4535925713106,0.255,0.016,2.54599787123135e-67,"12","Ror1"
"Meis1",5.8626262339214e-66,3.98499783666075,0.333,0.033,1.0281287626428e-61,"12","Meis1"
"Coro6",9.27926991616828e-63,2.59873010072284,0.787,0.241,1.62730556519843e-58,"12","Coro6"
"Nefm",2.37184322998115e-58,2.57833887046698,0.574,0.115,4.15950147241794e-54,"12","Nefm"
"Hs6st33",6.91034586557395e-56,1.91630462601639,0.957,0.449,1.2118673544457e-51,"12","Hs6st3"
"Bcl11b2",8.60356403286188e-53,2.26653054614695,0.589,0.127,1.50880702444299e-48,"12","Bcl11b"
"9330158H04Rik",1.54314528857088e-52,3.16861262525713,0.34,0.043,2.70621389256675e-48,"12","9330158H04Rik"
"Actn2",2.48029998866346e-52,3.3817865165642,0.333,0.042,4.34970209011911e-48,"12","Actn2"
"Cacna2d23",3.22440783892351e-52,1.85906488664369,0.965,0.559,5.65464402712015e-48,"12","Cacna2d2"
"Tmem1781",7.46017015558129e-51,2.55658609106026,0.504,0.099,1.30829004018429e-46,"12","Tmem178"
"Bcl11a",1.54576440329021e-49,2.37202315906897,0.61,0.154,2.71080703405004e-45,"12","Bcl11a"
"Mef2c",8.54096113507588e-49,2.59437653112903,0.44,0.077,1.49782835425826e-44,"12","Mef2c"
"Ebf4",1.37653127017619e-48,2.51604317030818,0.624,0.17,2.41402288850798e-44,"12","Ebf4"
"Srrm42",3.72301070333489e-48,1.94797686297322,0.894,0.44,6.5290438704384e-44,"12","Srrm4"
"9530059O14Rik",1.72651035710024e-46,2.06982433831475,0.773,0.293,3.02778121324669e-42,"12","9530059O14Rik"
"Chrm33",2.24867841540768e-46,2.10165075466957,0.823,0.326,3.94350733710045e-42,"12","Chrm3"
"Klhl11",3.31589560421318e-46,2.09188019307741,0.702,0.22,5.81508612110866e-42,"12","Klhl1"
"Gm21641",9.54408838463784e-43,2.27562268403681,0.511,0.117,1.67374678001394e-38,"12","Gm2164"
"Tenm21",1.69058789835073e-40,1.70900139821699,0.993,0.792,2.96478399733767e-36,"12","Tenm2"
"Chrm22",9.12089974227736e-40,2.25050254545423,0.631,0.191,1.59953218780318e-35,"12","Chrm2"
"Nrxn21",4.9552040106205e-37,1.24194000712199,0.979,0.738,8.68994127342517e-33,"12","Nrxn2"
"Tcf43",7.20968338692979e-36,1.93243171358587,0.667,0.229,1.26436217556588e-31,"12","Tcf4"
"Pitpnc11",1.759540321859e-35,1.71139819049811,0.766,0.319,3.08570586244413e-31,"12","Pitpnc1"
"Mgat5b",1.99345269936124e-35,2.11132879738675,0.546,0.159,3.4959179988698e-31,"12","Mgat5b"
"Inpp5j",6.67762848791108e-34,2.37085214030266,0.383,0.081,1.17105570792497e-29,"12","Inpp5j"
"Stac21",2.1695608659927e-33,2.41133704027165,0.362,0.074,3.8047588906914e-29,"12","Stac2"
"Gm3764",9.57370602568702e-33,1.93886851597947,0.546,0.161,1.67894082572473e-28,"12","Gm3764"
"A330102I10Rik1",1.25699965698646e-31,1.98525391580857,0.567,0.181,2.20440029845715e-27,"12","A330102I10Rik"
"A330008L17Rik2",8.96534476407173e-31,2.19299963446797,0.61,0.223,1.57225251127526e-26,"12","A330008L17Rik"
"Meg31",1.66284978505752e-30,0.441329936578113,1,1,2.91613966805537e-26,"12","Meg3"
"Grik33",9.72317425140844e-30,1.5889829714202,0.787,0.396,1.7051530684695e-25,"12","Grik3"
"Epha10",1.25540686501774e-29,1.66164637517972,0.716,0.307,2.20160701918162e-25,"12","Epha10"
"Cntn33",1.26294369393187e-29,1.60211554446936,0.745,0.329,2.21482435604832e-25,"12","Cntn3"
"Kcnip14",2.662983352095e-29,1.34243497811816,0.872,0.461,4.670073904569e-25,"12","Kcnip1"
"Mmp161",3.00240000324787e-29,1.48687139261342,0.844,0.493,5.2653088856958e-25,"12","Mmp16"
"Cdk141",4.47803694199625e-29,1.65056566500391,0.702,0.306,7.85313338517882e-25,"12","Cdk14"
"Asic23",3.88268167033562e-28,1.09709560618494,0.993,0.925,6.80905884526758e-24,"12","Asic2"
"Ubash3b1",2.19437607091924e-27,1.75389254637252,0.553,0.193,3.84827731557107e-23,"12","Ubash3b"
"Mdga11",3.67544244245412e-27,2.3117644884845,0.418,0.116,6.44562341133178e-23,"12","Mdga1"
"Mitf",5.18707162493481e-26,2.66545962919051,0.277,0.056,9.09656750864818e-22,"12","Mitf"
"Srgap12",7.09474990799752e-26,1.85107103345584,0.681,0.336,1.24420629136553e-21,"12","Srgap1"
"Stxbp6",8.39478709690387e-26,2.39189455586455,0.319,0.072,1.47219381318403e-21,"12","Stxbp6"
"Gpr158",8.40476514623519e-26,0.922433636701647,0.972,0.894,1.47394366369526e-21,"12","Gpr158"
"Igsf212",1.35210434358462e-24,1.59749403464047,0.511,0.17,2.37118538734434e-20,"12","Igsf21"
"Sytl5",2.81413821484975e-24,2.31446349172058,0.305,0.071,4.93515418738201e-20,"12","Sytl5"
"Slc6a1",2.94319908498789e-24,1.47691894958085,0.667,0.288,5.16148823534325e-20,"12","Slc6a1"
"Rras2",4.62581979650211e-24,2.20755890549764,0.326,0.08,8.11230017712575e-20,"12","Rras2"
"Vwc2l5",4.98727651951961e-24,1.46992434318789,0.61,0.235,8.74618683228155e-20,"12","Vwc2l"
"Pitpnm31",5.38880448806191e-24,1.57266553351865,0.546,0.197,9.45034643071418e-20,"12","Pitpnm3"
"Vstm2a",6.10071670974448e-24,2.09291885808953,0.426,0.132,1.06988268938789e-19,"12","Vstm2a"
"Zfp804a3",8.76867372048415e-24,1.98582721009026,0.667,0.339,1.5377623103613e-19,"12","Zfp804a"
"Cdh132",1.28448250306305e-23,1.60155575673333,0.809,0.48,2.25259696562166e-19,"12","Cdh13"
"Man2a1",1.33656168790096e-23,1.80296315294045,0.383,0.105,2.34392823207191e-19,"12","Man2a1"
"Malat11",2.17120042295874e-23,0.602382176514925,1,1,3.80763418174274e-19,"12","Malat1"
"Fam222a",3.48837401774116e-23,2.58965860443196,0.262,0.057,6.11756151491267e-19,"12","Fam222a"
"Srcin1",1.08248454243213e-22,1.39960745870924,0.73,0.394,1.89835314206322e-18,"12","Srcin1"
"Pld52",1.53877221428688e-22,1.72134938738679,0.56,0.223,2.69854483219491e-18,"12","Pld5"
"Ralyl3",1.59743314575634e-22,0.968117538873277,0.979,0.867,2.8014185077129e-18,"12","Ralyl"
"Synpr",2.91239463230354e-21,2.01487409040857,0.426,0.143,5.10746646667072e-17,"12","Synpr"
"Cdh81",4.89271998389396e-21,1.484394070143,0.723,0.395,8.58036303575484e-17,"12","Cdh8"
"Trpc73",5.98835310815769e-21,1.28026209922729,0.645,0.283,1.05017748457761e-16,"12","Trpc7"
"Kcnd31",7.51645620358193e-21,1.27660660640696,0.809,0.51,1.31816092442216e-16,"12","Kcnd3"
"Mpped23",8.82885309981805e-21,1.66807636819246,0.56,0.234,1.54831596811509e-16,"12","Mpped2"
"Pex5l2",9.44410363252638e-21,2.05051657198523,0.667,0.392,1.65621245403615e-16,"12","Pex5l"
"Snph1",1.12336390350185e-20,1.39783261132769,0.667,0.32,1.97004327757119e-16,"12","Snph"
"Ddah1",1.70366773989381e-20,1.84643747944601,0.383,0.118,2.98772211545177e-16,"12","Ddah1"
"Asap11",1.73441231274509e-20,1.36439013920081,0.652,0.3,3.04163887286107e-16,"12","Asap1"
"Thy1",5.76442906140707e-20,1.7573765786365,0.433,0.152,1.01090792449896e-15,"12","Thy1"
"Rtn4rl11",7.42255845294892e-20,1.8405463357486,0.298,0.077,1.30169407589365e-15,"12","Rtn4rl1"
"Insyn2a",8.48658245824237e-20,2.04912374020984,0.291,0.075,1.48829196570196e-15,"12","Insyn2a"
"Pfkp1",1.06179321745973e-19,1.36656865610765,0.66,0.343,1.86206676545914e-15,"12","Pfkp"
"Luzp22",1.36542274013028e-19,1.20198833423066,0.709,0.343,2.39454185936647e-15,"12","Luzp2"
"Tox3",1.68070424846026e-19,1.85463328348526,0.433,0.155,2.94745104052476e-15,"12","Tox"
"Atp2b21",4.65631420947013e-19,0.982233945366248,0.887,0.651,8.16577822914777e-15,"12","Atp2b2"
"Rasgrp2",6.70279895135071e-19,1.73136435589266,0.39,0.129,1.17546985209837e-14,"12","Rasgrp2"
"Maml31",7.99839466972281e-19,1.41561416642754,0.589,0.269,1.40267847322929e-14,"12","Maml3"
"Lrrn2",9.72962895659917e-19,1.48073421454435,0.574,0.258,1.7062850301188e-14,"12","Lrrn2"
"Enox2",1.28701056322908e-18,1.60357124255747,0.404,0.139,2.25703042473484e-14,"12","Enox2"
"1110004F10Rik",1.59436009773882e-18,1.88921888629087,0.333,0.1,2.79602930340456e-14,"12","1110004F10Rik"
"Dab13",5.91353168616301e-18,1.05991375002282,0.943,0.767,1.03705605180241e-13,"12","Dab1"
"Alk2",6.41867951787497e-18,1.36569570627814,0.638,0.319,1.12564382704973e-13,"12","Alk"
"Nav22",9.23580769391704e-18,0.691546135401699,0.993,0.841,1.61968359528223e-13,"12","Nav2"
"Cabp11",2.33645110512008e-17,1.74125955291527,0.397,0.143,4.09743430304909e-13,"12","Cabp1"
"Nin1",4.27606213710872e-17,1.42196423668126,0.532,0.239,7.49893016984757e-13,"12","Nin"
"Iqsec3",5.04756737737034e-17,1.18064841147036,0.667,0.361,8.85191890969436e-13,"12","Iqsec3"
"Nfatc21",6.22175676907492e-17,1.61936321460106,0.411,0.153,1.09110948459267e-12,"12","Nfatc2"
"Cit",1.00546891343451e-16,0.978603996260061,0.872,0.673,1.76329083349009e-12,"12","Cit"
"Ftl1-ps13",1.23694684675281e-16,1.35430409684203,0.504,0.209,2.1692336851504e-12,"12","Ftl1-ps1"
"Ryr23",2.58437874152712e-16,0.653917333297951,0.95,0.77,4.53222499901611e-12,"12","Ryr2"
"Gpi12",3.75024570319692e-16,0.954033322457568,0.851,0.566,6.57680588969643e-12,"12","Gpi1"
"Camta11",4.06471202130247e-16,0.800026289465559,0.979,0.9,7.12828547175814e-12,"12","Camta1"
"Elavl21",4.48118820395288e-16,1.63986235061207,0.475,0.215,7.85865975327216e-12,"12","Elavl2"
"B3galt13",8.66534098714262e-16,1.37713840315009,0.745,0.485,1.5196408489152e-11,"12","B3galt1"
"Frmpd44",9.52224547758618e-16,0.926005229911268,0.787,0.467,1.66991618940429e-11,"12","Frmpd4"
"Epb41",1.65023706907692e-15,1.29580745167317,0.546,0.259,2.89402074804019e-11,"12","Epb41"
"Mroh12",2.04318719010273e-15,1.15489673007816,0.596,0.288,3.58313737528315e-11,"12","Mroh1"
"Kcnab2",5.02562205098828e-15,1.58306804058985,0.34,0.117,8.81343339081815e-11,"12","Kcnab2"
"C130071C03Rik",5.68184043573779e-15,1.58980105765754,0.426,0.179,9.96424357215337e-11,"12","C130071C03Rik"
"Cdh124",7.19674249704005e-15,1.26272509671734,0.56,0.269,1.26209273170591e-10,"12","Cdh12"
"Gad12",1.18000687477524e-14,1.17333160288556,0.518,0.233,2.06937805629333e-10,"12","Gad1"
"Whrn1",1.20082157862148e-14,1.42847975201224,0.362,0.131,2.10588080242849e-10,"12","Whrn"
"B3glct",1.21226965120079e-14,2.06127514853184,0.27,0.083,2.12595728731083e-10,"12","B3glct"
"Rbms32",3.00615571102171e-14,0.938688201148494,0.816,0.639,5.27189527041877e-10,"12","Rbms3"
"Etl41",3.68822197575003e-14,1.02932135933301,0.738,0.445,6.46803487887282e-10,"12","Etl4"
"Megf111",4.13088752334612e-14,1.44916328318347,0.319,0.11,7.24433744969209e-10,"12","Megf11"
"Ccbe1",4.78141758451406e-14,1.458724896328,0.262,0.078,8.3851720179623e-10,"12","Ccbe1"
"Serpine2",7.45672348129309e-14,1.75321011774335,0.277,0.088,1.30768559691437e-09,"12","Serpine2"
"Sorl11",7.96194783077992e-14,1.3732788776972,0.44,0.192,1.39628679108387e-09,"12","Sorl1"
"Ssbp21",8.93023189281357e-14,1.19922344518866,0.667,0.411,1.56609476704272e-09,"12","Ssbp2"
"Bcan1",1.01510661509486e-13,1.34799946924884,0.426,0.179,1.78019247089186e-09,"12","Bcan"
"Bach21",1.68541927989564e-13,1.11800041738892,0.582,0.301,2.95571979115299e-09,"12","Bach2"
"Dgkz1",2.89757479774186e-13,1.2122870010249,0.652,0.393,5.08147692279989e-09,"12","Dgkz"
"Adamts16",4.79877029020464e-13,1.68039651073419,0.305,0.108,8.41560345793189e-09,"12","Adamts16"
"Ano4",5.47982246186888e-13,1.3042876069909,0.532,0.274,9.60996465137945e-09,"12","Ano4"
"Smyd2",5.59776422199399e-13,1.53945174427841,0.369,0.15,9.81679911611087e-09,"12","Smyd2"
"Cntnap5c3",6.32983475113021e-13,1.41831313586705,0.596,0.329,1.1100631203057e-08,"12","Cntnap5c"
"Me33",6.59087256683303e-13,0.938470157505301,0.681,0.388,1.15584132204551e-08,"12","Me3"
"Slc4a32",6.94596724336922e-13,1.03350181297853,0.766,0.525,1.21811427546966e-08,"12","Slc4a3"
"Shisa6",7.16886968286924e-13,1.66969662207698,0.262,0.085,1.25720467628478e-08,"12","Shisa6"
"Rgs71",8.12070343422305e-13,0.839204258419999,0.801,0.592,1.4241277612597e-08,"12","Rgs7"
"Tmeff22",1.41070266732532e-12,1.0804769168534,0.709,0.472,2.47394926768842e-08,"12","Tmeff2"
"Galntl64",2.27951212121914e-12,1.2469539627217,0.844,0.748,3.99758040698201e-08,"12","Galntl6"
"Man1c1",3.32935048906144e-12,1.63024817762363,0.348,0.141,5.83868195266706e-08,"12","Man1c1"
"Kcnip44",3.81560867665782e-12,0.617106614264904,0.979,0.923,6.69143293625483e-08,"12","Kcnip4"
"Sema6d3",4.23612387949969e-12,1.09183380140532,0.723,0.472,7.4288904474786e-08,"12","Sema6d"
"Gtf2ird1",4.45813066411464e-12,0.804212780598384,0.716,0.425,7.81822374565784e-08,"12","Gtf2ird1"
"Neto22",4.96733005370743e-12,1.41793822272804,0.39,0.168,8.71120671518671e-08,"12","Neto2"
"Prkd1",5.9518809856807e-12,1.5990908195748,0.262,0.088,1.04378136845882e-07,"12","Prkd1"
"Cntn11",5.97658234605842e-12,0.808430959216809,0.801,0.621,1.04811324602826e-07,"12","Cntn1"
"Elavl42",6.816232296807e-12,1.34417775829643,0.482,0.244,1.19536265789104e-07,"12","Elavl4"
"Idh3g1",7.96888592259637e-12,1.14346421469906,0.56,0.305,1.39750352424573e-07,"12","Idh3g"
"Flt3",1.06604084688036e-11,1.54305484809337,0.298,0.111,1.86951583317409e-07,"12","Flt3"
"Pacsin11",1.07516041964336e-11,0.543213089428367,0.936,0.818,1.88550882792856e-07,"12","Pacsin1"
"Pde4b3",1.122102142176e-11,0.762629469553556,0.809,0.538,1.96783052673405e-07,"12","Pde4b"
"Las1l1",1.41660557110233e-11,1.1656361826974,0.56,0.304,2.48430119004215e-07,"12","Las1l"
"Sfmbt21",1.54163955420964e-11,1.64812010771043,0.284,0.106,2.70357328621745e-07,"12","Sfmbt2"
"Sorcs33",2.40271012473109e-11,1.20827501850957,0.638,0.424,4.21363274574092e-07,"12","Sorcs3"
"Scn8a1",2.86874356524543e-11,0.782316822890165,0.773,0.537,5.03091559037091e-07,"12","Scn8a"
"Sdk11",4.6184837286607e-11,1.05985842167683,0.631,0.381,8.09943491495226e-07,"12","Sdk1"
"Atp1b11",4.97365964625007e-11,0.955273660629338,0.574,0.317,8.72230692162874e-07,"12","Atp1b1"
"Atp1a32",5.82322653671197e-11,0.796245459673187,0.844,0.677,1.02121923774318e-06,"12","Atp1a3"
"Ntm3",6.1083423569299e-11,0.84407009797495,0.872,0.727,1.0712199991348e-06,"12","Ntm"
"Rap1gap",6.90732927803248e-11,0.917187269403559,0.603,0.345,1.21133833548856e-06,"12","Rap1gap"
"Ccdc187",7.39882563705836e-11,1.6418728088729,0.262,0.096,1.29753205197092e-06,"12","Ccdc187"
"Cpne42",7.74805858657701e-11,1.38457585892186,0.454,0.235,1.35877703432801e-06,"12","Cpne4"
"Atp11b",7.88030160240146e-11,0.975001374389845,0.574,0.325,1.38196849201314e-06,"12","Atp11b"
"Dpp10",1.02990468954456e-10,0.957262477231306,0.787,0.576,1.8061438540543e-06,"12","Dpp10"
"Gabrb22",1.20287752970852e-10,1.05925598089519,0.504,0.262,2.10948632384982e-06,"12","Gabrb2"
"Fmn1",1.30554866440592e-10,1.53268066360378,0.277,0.105,2.28954069276866e-06,"12","Fmn1"
"Chn22",1.5664875506853e-10,1.42912196122072,0.362,0.163,2.74714921763682e-06,"12","Chn2"
"Haghl1",1.67042487289942e-10,1.06482032897339,0.504,0.265,2.92942409960371e-06,"12","Haghl"
"Brinp35",1.72962329651369e-10,0.901571638217421,0.73,0.511,3.03324037509606e-06,"12","Brinp3"
"Stxbp11",1.75558191956374e-10,0.874965331800145,0.681,0.449,3.07876401233892e-06,"12","Stxbp1"
"Kif5a1",1.8532573980715e-10,0.767892539131074,0.766,0.501,3.25005749899799e-06,"12","Kif5a"
"Dlx6os11",2.46598390213501e-10,1.33504007340951,0.326,0.136,4.32459596917416e-06,"12","Dlx6os1"
"Tbc1d4",3.24457054791984e-10,1.57357752818303,0.298,0.121,5.69000336988703e-06,"12","Tbc1d4"
"Tenm43",3.54700463741679e-10,0.652374588034609,0.915,0.862,6.22038203263783e-06,"12","Tenm4"
"Col11a12",3.60290670806315e-10,0.983595928278342,0.539,0.299,6.31841749393035e-06,"12","Col11a1"
"Mirg",4.45923619124048e-10,0.627947969019842,0.816,0.574,7.82016250857844e-06,"12","Mirg"
"Mir9-3hg",5.15313238276419e-10,1.26032606169281,0.312,0.128,9.03704825965356e-06,"12","Mir9-3hg"
"Dlgap3",5.84440851957136e-10,1.24036846524774,0.355,0.159,1.02493392207723e-05,"12","Dlgap3"
"Cd47",6.85573116196433e-10,1.3282827072342,0.376,0.178,1.20228957387368e-05,"12","Cd47"
"Tmtc12",7.63392269969387e-10,1.20197522829321,0.397,0.19,1.33876102384531e-05,"12","Tmtc1"
"Mir124a-1hg",8.1956937492539e-10,1.08539315706273,0.461,0.242,1.43727881280666e-05,"12","Mir124a-1hg"
"Kctd8",1.01518740520553e-09,1.29925097274246,0.319,0.138,1.78033415250893e-05,"12","Kctd8"
"Limk1",1.48933439875099e-09,1.29087953213639,0.326,0.142,2.61184573508961e-05,"12","Limk1"
"Parm11",1.71581748069042e-09,1.34328173860676,0.326,0.145,3.00902911588679e-05,"12","Parm1"
"Sv2a",1.77679299401446e-09,0.891857949683918,0.617,0.382,3.11596187360315e-05,"12","Sv2a"
"Schip12",1.88964013215369e-09,0.70032156852171,0.709,0.475,3.31386189975792e-05,"12","Schip1"
"Ndrg4",2.00705189024763e-09,0.920190731293096,0.525,0.294,3.51976689992727e-05,"12","Ndrg4"
"Oxr13",2.14985811658327e-09,0.684056244877599,0.667,0.429,3.77020617905208e-05,"12","Oxr1"
"Fstl52",2.79402722244849e-09,0.58903336640552,0.638,0.352,4.89988554000791e-05,"12","Fstl5"
"Tspan5",2.89577524295459e-09,1.09357380312666,0.418,0.207,5.07832104356947e-05,"12","Tspan5"
"Vwa5b21",3.28257882395254e-09,0.985441204725843,0.496,0.274,5.75665848356557e-05,"12","Vwa5b2"
"Trnp1",4.71365004231254e-09,1.13458464403165,0.326,0.145,8.2663280792035e-05,"12","Trnp1"
"Arnt2",5.09994796652553e-09,1.11505837722513,0.447,0.238,8.94377874889582e-05,"12","Arnt2"
"Khdrbs24",7.10351793296696e-09,0.920614741594719,0.681,0.508,0.000124574393990442,"12","Khdrbs2"
"Cadm23",7.72254515150056e-09,0.827557395103159,0.823,0.669,0.000135430274321865,"12","Cadm2"
"Rab3b",8.14826600581572e-09,1.3680260962239,0.27,0.111,0.00014289614094399,"12","Rab3b"
"Plec1",9.3895018149363e-09,0.807422801131146,0.652,0.4,0.000164663693328538,"12","Plec"
"Gm326472",9.51103003546981e-09,0.132652628751255,0.702,0.421,0.000166794933732034,"12","Gm32647"
"Sgcz5",9.75480120907967e-09,0.709076643741116,0.936,0.781,0.00017106994880363,"12","Sgcz"
"Klhl32",1.30179481692972e-08,1.01968045300201,0.567,0.347,0.000228295757044965,"12","Klhl32"
"Rgs7bp",1.31559110364534e-08,0.784972478049733,0.603,0.366,0.000230715211846283,"12","Rgs7bp"
"Epha63",1.31984048136225e-08,0.813305097161905,0.738,0.503,0.000231460425216498,"12","Epha6"
"Cep831",1.63597866108578e-08,1.06054500273919,0.411,0.216,0.000286901577794614,"12","Cep83"
"Disp3",2.05276841467154e-08,1.43399530235759,0.262,0.111,0.000359993996880948,"12","Disp3"
"Ptprs3",2.73781350098388e-08,0.588937057521673,0.894,0.75,0.000480130353667544,"12","Ptprs"
"Cdh43",2.91637124918478e-08,0.598163214061481,0.695,0.438,0.000511444025969535,"12","Cdh4"
"Cntn62",3.05993968756045e-08,1.02722072649646,0.468,0.273,0.000536621623007477,"12","Cntn6"
"Elmo11",3.19939162436638e-08,0.897884386011321,0.504,0.298,0.000561077309165132,"12","Elmo1"
"Adarb22",3.25010446057578e-08,0.32896830599968,0.837,0.573,0.000569970819251174,"12","Adarb2"
"Sh3pxd2a",3.61516919918416e-08,1.06063104902442,0.369,0.185,0.000633992222460926,"12","Sh3pxd2a"
"Efr3b2",4.31369761016547e-08,0.87482537023072,0.567,0.36,0.000756493149894718,"12","Efr3b"
"Kif1a1",4.45733093449291e-08,0.571926944861226,0.887,0.74,0.000781682125982022,"12","Kif1a"
"Rnf1571",5.22538215084384e-08,0.658832903266686,0.723,0.483,0.000916375267793485,"12","Rnf157"
"Pik3cd",5.65784855920172e-08,1.13227077819341,0.27,0.115,0.000992216901827206,"12","Pik3cd"
"Ppip5k1",5.75728569085932e-08,0.797856262507358,0.603,0.388,0.001009655191606,"12","Ppip5k1"
"Map4k21",6.34901214427997e-08,0.872672124751851,0.511,0.299,0.00111342625974238,"12","Map4k2"
"Dner1",6.48860640086239e-08,0.655598954298917,0.688,0.46,0.00113790690451924,"12","Dner"
"Rian",7.48685958643913e-08,0.389783956313037,0.986,0.949,0.00131297056567383,"12","Rian"
"Snhg142",7.8431908283895e-08,0.316051599502761,1,0.984,0.00137546037557467,"12","Snhg14"
"Epb41l31",8.43586975886936e-08,0.759075508939446,0.716,0.569,0.00147939847961292,"12","Epb41l3"
"Slc9a1",9.58956021154737e-08,0.989545498336367,0.362,0.181,0.00168172117429906,"12","Slc9a1"
"Kifc22",1.02015595900177e-07,0.766315185344922,0.688,0.488,0.00178904750530141,"12","Kifc2"
"Kcnc12",1.1154342076429e-07,0.842912532988153,0.582,0.37,0.00195613696994335,"12","Kcnc1"
"Lncppara2",1.13633425134814e-07,0.969399168302879,0.34,0.165,0.00199278937658923,"12","Lncppara"
"Dnm31",1.36738038022699e-07,0.530140273780208,0.872,0.725,0.00239797497280407,"12","Dnm3"
"Hip1",1.41017703916558e-07,1.09445735630783,0.411,0.23,0.00247302747358467,"12","Hip1"
"Hdac5",1.49605215960696e-07,0.920320103578605,0.376,0.189,0.00262362667230273,"12","Hdac5"
"Myrip1",1.6163581257957e-07,1.0974105114057,0.348,0.177,0.00283460724520792,"12","Myrip"
"Gprin3",1.81926873695631e-07,1.17677798949278,0.277,0.125,0.00319045158400029,"12","Gprin3"
"Opcml4",2.03411365771037e-07,0.595962782020981,0.858,0.765,0.00356722512152668,"12","Opcml"
"Pnkd1",2.05063254401499e-07,1.00326180342628,0.404,0.222,0.00359619429243908,"12","Pnkd"
"Map1a1",2.36891716795874e-07,0.802963152940446,0.525,0.321,0.00415437003744924,"12","Map1a"
"Acsl6",2.72621427455542e-07,0.945185225592911,0.397,0.214,0.00478096197328783,"12","Acsl6"
"D430041D05Rik1",3.08565543187748e-07,0.881925663053982,0.596,0.405,0.00541131393088354,"12","D430041D05Rik"
"Abcb9",3.40475262740929e-07,1.26909864150193,0.284,0.135,0.00597091468268768,"12","Abcb9"
"Nwd21",3.75777247535337e-07,1.11168037410127,0.255,0.114,0.0065900055900272,"12","Nwd2"
"Ggt71",4.08364859855724e-07,0.823986403510865,0.447,0.252,0.00716149454728984,"12","Ggt7"
"Slc35f32",4.24905145511124e-07,0.721331353811493,0.61,0.42,0.00745156153682859,"12","Slc35f3"
"Asic11",4.604041752136e-07,1.08871763527432,0.34,0.177,0.0080741080207209,"12","Asic1"
"Grik24",5.06020088475719e-07,0.70866153705984,0.901,0.862,0.00887407429159868,"12","Grik2"
"Scn1a3",5.97363380968103e-07,0.580794648264527,0.78,0.602,0.0104759616120376,"12","Scn1a"
"Cerk",6.1309503051213e-07,1.09682732940993,0.291,0.141,0.0107518475500912,"12","Cerk"
"Nrp22",6.17188512206492e-07,0.762952406712147,0.518,0.325,0.0108236349385653,"12","Nrp2"
"Tango21",6.21872352109657e-07,0.650599791035318,0.624,0.405,0.010905775438947,"12","Tango2"
"Cntn43",6.36450804685964e-07,0.607075657509367,0.603,0.378,0.0111614377617777,"12","Cntn4"
"Pbx12",6.36590209087993e-07,1.0245489234083,0.645,0.487,0.0111638824967761,"12","Pbx1"
"Gas6",6.69040644941188e-07,0.938940822459421,0.319,0.159,0.0117329657903336,"12","Gas6"
"Atad3a",6.97949166009776e-07,0.862848044397065,0.376,0.2,0.0122399345243134,"12","Atad3a"
"Hcn2",7.03460821200472e-07,0.952106592246255,0.305,0.147,0.0123365924213927,"12","Hcn2"
"Setbp12",1.07883958921167e-06,0.760868407723892,0.638,0.46,0.0189196098760051,"12","Setbp1"
"Atp5b",1.42885003714509e-06,1.02762574790172,0.312,0.16,0.0250577431014135,"12","Atp5b"
"Kifap3",1.4574938941e-06,0.657532713418883,0.61,0.42,0.0255600704208317,"12","Kifap3"
"Cacng21",1.57999467261947e-06,0.747902108530137,0.511,0.323,0.0277083665737277,"12","Cacng2"
"Parp6",2.07538846123626e-06,0.926291446747791,0.383,0.212,0.0363960874447002,"12","Parp6"
"Kcnq54",2.08397732068063e-06,0.879376268459614,0.603,0.408,0.0365467102727762,"12","Kcnq5"
"Sh3d191",2.11684849157049e-06,0.938940822459421,0.312,0.159,0.0371231719966717,"12","Sh3d19"
"Mgll",2.42488877099535e-06,1.21925027987723,0.262,0.127,0.0425252743769455,"12","Mgll"
"Mpc1",2.63837532662361e-06,0.971049154718978,0.348,0.19,0.0462691881029982,"12","Mpc1"
"Htr2c4",2.7163640865792e-06,0.775377321268547,0.44,0.261,0.0476368769863394,"12","Htr2c"
"Pou6f1",2.75499206210258e-06,0.678475985837502,0.511,0.316,0.048314295793093,"12","Pou6f1"
"Clvs12",2.91460377574568e-06,0.748017630413603,0.468,0.282,0.051113406415252,"12","Clvs1"
"Cluh",3.03620379158317e-06,0.931620136011025,0.383,0.216,0.0532459058929941,"12","Cluh"
"Acss21",3.38129454295268e-06,0.85098466780339,0.39,0.225,0.0592977623997611,"12","Acss2"
"Cacng31",3.68290936722976e-06,1.19277806851604,0.262,0.128,0.0645871815731082,"12","Cacng3"
"Aff34",3.69970238150541e-06,0.905940407332124,0.582,0.435,0.0648816806644604,"12","Aff3"
"Gys11",4.0450041422799e-06,0.958241378418357,0.319,0.169,0.0709372376431627,"12","Gys1"
"Dus3l",4.33037124403513e-06,0.758319237885604,0.418,0.244,0.0759417205066441,"12","Dus3l"
"6330411D24Rik2",4.41146526974561e-06,0.78928821604337,0.376,0.212,0.0773638664355288,"12","6330411D24Rik"
"Afg3l2",4.95039049232747e-06,0.855430572834582,0.348,0.189,0.0868149980639468,"12","Afg3l2"
"Aatk",5.35845849624525e-06,0.79421951986847,0.461,0.285,0.0939712866486529,"12","Aatk"
"Drosha",5.51028035243624e-06,0.81968054788538,0.461,0.282,0.0966337865406743,"12","Drosha"
"Clstn3",5.63920865657886e-06,0.564335084288594,0.567,0.365,0.0988948022104235,"12","Clstn3"
"Ccdc1362",5.93035087117595e-06,1.02687820770677,0.376,0.224,0.104000563227813,"12","Ccdc136"
"Cdh101",6.00715833760133e-06,0.632842438950742,0.496,0.312,0.105347535766514,"12","Cdh10"
"Htr41",6.49169150499608e-06,0.971532874770748,0.298,0.157,0.113844793923116,"12","Htr4"
"Sptan11",6.6156915214919e-06,0.554857825354664,0.752,0.62,0.116019382212403,"12","Sptan1"
"Dzip1",6.71697690370871e-06,0.665797259672017,0.532,0.352,0.11779562396034,"12","Dzip1"
"Sntg2",7.16763806090294e-06,0.769015821017109,0.262,0.127,0.125698868674055,"12","Sntg2"
"Unc801",7.25425595445141e-06,0.362232049766041,0.936,0.89,0.127217886673214,"12","Unc80"
"Cacna1h",7.64951387271735e-06,0.934753025495988,0.305,0.159,0.134149524785844,"12","Cacna1h"
"Nav1",7.75635126568073e-06,0.394985862414367,0.943,0.852,0.136023132146243,"12","Nav1"
"Dscam4",8.08602181652893e-06,0.414964510799583,0.936,0.858,0.141804564596468,"12","Dscam"
"Agap3",8.56798083791012e-06,0.52994465853403,0.56,0.36,0.15025667995443,"12","Agap3"
"Snrpn1",8.59305813418198e-06,0.703427479389532,0.496,0.312,0.150696460499149,"12","Snrpn"
"Camk2g1",8.73539716092551e-06,0.591317113067995,0.61,0.417,0.153192660011151,"12","Camk2g"
"Gria43",9.04603789557645e-06,0.389739224033534,0.943,0.9,0.158640366574724,"12","Gria4"
"Klf122",9.39905149613319e-06,0.639420866942311,0.624,0.429,0.164831166087688,"12","Klf12"
"Gab22",9.72360294451018e-06,0.557355309162263,0.532,0.337,0.170522824837875,"12","Gab2"
"Bahcc1",1.0756730186729e-05,1.00197264683894,0.284,0.148,0.188640777284667,"12","Bahcc1"
"Ogdh1",1.07890496791504e-05,0.587263972394668,0.525,0.338,0.189207564223261,"12","Ogdh"
"Slc2a131",1.11426583222107e-05,0.790890320639871,0.532,0.366,0.195408798996608,"12","Slc2a13"
"Flrt1",1.12409898573304e-05,1.04327748227416,0.284,0.146,0.197133239128004,"12","Flrt1"
"Sdk23",1.13213087592949e-05,0.722792804256463,0.496,0.327,0.198541791711755,"12","Sdk2"
"Nfyc1",1.14910139590194e-05,0.920588836938959,0.305,0.164,0.201517911799323,"12","Nfyc"
"Adgra11",1.1586914257111e-05,0.870884225241095,0.369,0.216,0.203199715326955,"12","Adgra1"
"Habp4",1.21244641608765e-05,1.08961011599619,0.255,0.129,0.212626727989291,"12","Habp4"
"Sacs",1.24252796490483e-05,0.854816529394417,0.426,0.263,0.217902129205361,"12","Sacs"
"Fbh1",1.26585043049482e-05,0.813737624534622,0.312,0.166,0.221992189995877,"12","Fbh1"
"Cacna1a",1.3760345059362e-05,0.306659895534405,0.972,0.947,0.241315171306032,"12","Cacna1a"
"Hs3st52",1.38334903781761e-05,0.666180436120764,0.44,0.27,0.242597920762075,"12","Hs3st5"
"Cntnap12",1.505427059865e-05,0.818904696809468,0.404,0.244,0.264006743488526,"12","Cntnap1"
"Htr1f2",1.56667454869827e-05,0.707399113118434,0.348,0.194,0.274747715605216,"12","Htr1f"
"Sfxn5",1.57724887931971e-05,0.906998725080771,0.376,0.223,0.276602135966298,"12","Sfxn5"
"Clstn23",1.78157291735931e-05,0.636313283530995,0.546,0.366,0.312434442517303,"12","Clstn2"
"Cltb",1.87124525387455e-05,0.830502176538728,0.376,0.221,0.32816028017198,"12","Cltb"
"Asap2",2.04764935045639e-05,0.79112154029593,0.404,0.249,0.359096266589536,"12","Asap2"
"Spock14",2.14039472138219e-05,0.850491523023032,0.553,0.422,0.375361022288796,"12","Spock1"
"Stmn21",2.14866989807678e-05,0.75643981076309,0.426,0.265,0.376812240025724,"12","Stmn2"
"Agl",2.46309197042147e-05,0.865644385696581,0.27,0.139,0.431952438852814,"12","Agl"
"Slc22a231",2.61231654056823e-05,0.730310773540479,0.376,0.221,0.458121951719451,"12","Slc22a23"
"Atg2a",2.75347080529229e-05,0.737489315463165,0.348,0.199,0.482876175124108,"12","Atg2a"
"Hk12",2.82330410567928e-05,0.780806739288279,0.355,0.206,0.495122841012976,"12","Hk1"
"Amph",3.09784166593797e-05,0.75277739577223,0.489,0.339,0.543268492955543,"12","Amph"
"Dock92",3.1498064568258e-05,0.611809232795804,0.546,0.387,0.55238155833354,"12","Dock9"
"Tmem1892",3.19202376694443e-05,0.740132072669862,0.362,0.213,0.559785208009044,"12","Tmem189"
"Nsmaf",3.27680210442132e-05,0.779263317461526,0.376,0.227,0.574652785052368,"12","Nsmaf"
"Gm151551",3.3026764661534e-05,1.00150883232253,0.255,0.133,0.579190371869321,"12","Gm15155"
"Agbl42",3.31770737294374e-05,0.323055034207645,0.972,0.918,0.581826341993143,"12","Agbl4"
"Rab6b",3.38772762371465e-05,0.631577194369854,0.489,0.324,0.594105793370837,"12","Rab6b"
"Tmem184b",3.64120527444907e-05,0.874136767364282,0.284,0.152,0.638558168980133,"12","Tmem184b"
"Zbtb7a",3.64849899946796e-05,0.929892944317359,0.333,0.197,0.639837269536696,"12","Zbtb7a"
"Gramd1b1",3.76627296206325e-05,0.647016822036598,0.504,0.335,0.660491289357031,"12","Gramd1b"
"Creld1",3.89640944558711e-05,0.87571949537576,0.326,0.188,0.683313324472611,"12","Creld1"
"Cc2d2a",4.21141111550464e-05,0.787491744178006,0.319,0.18,0.738555167326048,"12","Cc2d2a"
"Utrn1",4.29128607581134e-05,0.892369707002217,0.298,0.166,0.752562839115034,"12","Utrn"
"Clip1",4.39122832095972e-05,0.602860002833109,0.709,0.544,0.770089710646706,"12","Clip1"
"Arid1b1",4.41711045198108e-05,0.740462979582186,0.511,0.356,0.774628659963922,"12","Arid1b"
"Stk392",4.60406362866443e-05,0.646843951023164,0.397,0.24,0.807414638558881,"12","Stk39"
"Pdss1",4.60544316732896e-05,0.867990719796399,0.291,0.16,0.80765656825448,"12","Pdss1"
"Ap3b2",4.61687159777417e-05,0.505098762943553,0.525,0.336,0.809660772101656,"12","Ap3b2"
"Mafg",4.81274117990515e-05,0.75770454037273,0.376,0.225,0.844010420719967,"12","Mafg"
"Grin2d1",4.89695552011168e-05,0.737411160852192,0.355,0.207,0.858779089561986,"12","Grin2d"
"Pcyt21",5.06598175076619e-05,0.705031365092122,0.511,0.357,0.888421219631866,"12","Pcyt2"
"Nell13",5.3442554503368e-05,0.527577643990114,0.525,0.36,0.937222078325565,"12","Nell1"
"Dgkq1",5.53779157920523e-05,0.687242051648594,0.376,0.224,0.971162509245221,"12","Dgkq"
"Ints101",5.68165818786322e-05,0.73240165546344,0.348,0.204,0.996392396405572,"12","Ints10"
"Lgi3",5.8391497751265e-05,1.11532527113781,0.255,0.138,1,"12","Lgi3"
"Cstf21",5.84696735967186e-05,0.70952767892595,0.418,0.267,1,"12","Cstf2"
"Gabra11",5.97617902449259e-05,1.04147523964017,0.284,0.158,1,"12","Gabra1"
"Ltbp31",6.12115152486361e-05,0.802963152940446,0.383,0.237,1,"12","Ltbp3"
"Nrcam",6.48574841902558e-05,0.546922993709541,0.61,0.465,1,"12","Nrcam"
"Pknox2",6.67608066523156e-05,0.724011811545624,0.397,0.247,1,"12","Pknox2"
"Nlk1",6.98024574152128e-05,0.812123152225922,0.39,0.246,1,"12","Nlk"
"Fcho1",6.9918518340836e-05,0.883061691811772,0.255,0.135,1,"12","Fcho1"
"Zdhhc18",7.24490470290233e-05,0.816467417290194,0.284,0.156,1,"12","Zdhhc18"
"Kcnc3",7.42533335167103e-05,0.714957571057627,0.369,0.222,1,"12","Kcnc3"
"Evi51",7.43352277655349e-05,0.763863333251506,0.319,0.183,1,"12","Evi5"
"Grin11",8.12277780130095e-05,0.395391887055616,0.759,0.657,1,"12","Grin1"
"Stmn3",8.31633680781819e-05,0.797403627598546,0.383,0.242,1,"12","Stmn3"
"Iqgap1",9.0275441887534e-05,0.648501268885939,0.39,0.239,1,"12","Iqgap1"
"Olfm21",9.08623889029354e-05,0.691070272869549,0.355,0.213,1,"12","Olfm2"
"Fdxr",9.18165189151227e-05,0.875931024933621,0.255,0.137,1,"12","Fdxr"
"Ube2o",9.38243537516292e-05,0.489055192255326,0.617,0.431,1,"12","Ube2o"
"Cntnap5a4",9.46475455425724e-05,0.759846755199152,0.695,0.587,1,"12","Cntnap5a"
"Anxa61",9.47357948288135e-05,0.713587345609754,0.333,0.194,1,"12","Anxa6"
"Pik3c2b",9.78502419161845e-05,0.919354220420006,0.27,0.15,1,"12","Pik3c2b"
"Syt3",9.95027402560175e-05,0.876759082275094,0.291,0.165,1,"12","Syt3"
"Dnajc111",0.000101875657599476,0.851326174501845,0.34,0.206,1,"12","Dnajc11"
"Acot7",0.000114200364125708,0.576515366907312,0.525,0.368,1,"12","Acot7"
"Grip21",0.000114774255036884,0.834056922042015,0.34,0.21,1,"12","Grip2"
"Phkg2",0.00011975414725242,0.582171769434375,0.475,0.318,1,"12","Phkg2"
"Elavl32",0.000123452720812257,0.306774514662154,0.965,0.888,1,"12","Elavl3"
"Dnmt3a1",0.000125064840461803,0.339045196474381,0.929,0.873,1,"12","Dnmt3a"
"Kcnc22",0.000125200920369209,0.502868374610755,0.674,0.499,1,"12","Kcnc2"
"Luzp13",0.000130786515051124,0.915731083102396,0.291,0.172,1,"12","Luzp1"
"Shank11",0.00013335197834168,0.533241851979409,0.638,0.47,1,"12","Shank1"
"5330434G04Rik1",0.000138595775335531,0.483940789228495,0.603,0.44,1,"12","5330434G04Rik"
"C78859",0.000144178418226748,0.997341198107298,0.27,0.155,1,"12","C78859"
"March14",0.000145253336549658,0.748794177507379,0.787,0.741,1,"12","March1"
"Ank11",0.000153176234626245,0.589759903058659,0.582,0.405,1,"12","Ank1"
"Myo163",0.000155150514061514,0.693159143935705,0.433,0.291,1,"12","Myo16"
"Grik41",0.000158448461071481,0.46265242031606,0.567,0.397,1,"12","Grik4"
"Prdm11",0.000160438115052308,0.798489676361138,0.27,0.151,1,"12","Prdm11"
"Fry",0.000161755302928185,0.403579732595024,0.773,0.618,1,"12","Fry"
"Ik",0.000166359406401061,0.881214598604815,0.262,0.146,1,"12","Ik"
"Ago4",0.000169400868006043,0.852888378272128,0.262,0.146,1,"12","Ago4"
"Arhgef1",0.000170626821286184,0.863335770919928,0.319,0.195,1,"12","Arhgef1"
"Coro7",0.000171966377041157,0.807009986003149,0.298,0.174,1,"12","Coro7"
"Cep135",0.000172412085874054,1.02535557427689,0.277,0.161,1,"12","Cep135"
"Magi26",0.000178899605439285,0.34113513511799,0.993,0.975,1,"12","Magi2"
"Caln13",0.000180676771881314,0.885425313132419,0.411,0.298,1,"12","Caln1"
"Ppm1l",0.0001852337802002,0.654480161884207,0.404,0.265,1,"12","Ppm1l"
"Csmd23",0.00018694770114008,0.307567856781307,0.894,0.763,1,"12","Csmd2"
"Smg9",0.000196542353964765,0.799079718453218,0.298,0.173,1,"12","Smg9"
"Ide1",0.00020071756938141,0.466013192628622,0.539,0.366,1,"12","Ide"
"Brsk2",0.000202042242332294,0.892905278253245,0.291,0.169,1,"12","Brsk2"
"Ahi12",0.000207566781989264,0.300545287474363,0.993,0.982,1,"12","Ahi1"
"Ncam11",0.00021845981572413,0.423927532571762,0.851,0.792,1,"12","Ncam1"
"Gpatch81",0.000220374399739387,0.498950868451056,0.645,0.515,1,"12","Gpatch8"
"Cadps1",0.000241073021760529,0.274527326728943,0.929,0.877,1,"12","Cadps"
"Slc1a1",0.000245176476759496,0.878806910923952,0.291,0.175,1,"12","Slc1a1"
"Cntnap44",0.00024926413331657,0.757875263411908,0.418,0.278,1,"12","Cntnap4"
"Pvt1",0.000266037718634592,0.596393832466436,0.333,0.199,1,"12","Pvt1"
"Nbr1",0.000266058442737133,0.765793360349905,0.305,0.183,1,"12","Nbr1"
"Cdc42bpb1",0.000267413192281716,0.586021524996647,0.475,0.325,1,"12","Cdc42bpb"
"Mcf2l",0.000272211184127301,0.487631437196579,0.553,0.397,1,"12","Mcf2l"
"Tenm33",0.000290727144743577,0.64762568772118,0.624,0.527,1,"12","Tenm3"
"Cdk16",0.000292512588594831,0.769015821017109,0.284,0.165,1,"12","Cdk16"
"5031439G07Rik1",0.000303050547857594,0.514337033203912,0.603,0.452,1,"12","5031439G07Rik"
"Hdac94",0.000318722142999868,0.65954778151661,0.447,0.307,1,"12","Hdac9"
"Stx1b",0.000321929970519519,0.710659048620608,0.262,0.148,1,"12","Stx1b"
"Mia3",0.00032923527458052,0.52381992454988,0.468,0.319,1,"12","Mia3"
"Sptbn41",0.000334613118385045,0.408203635862301,0.83,0.672,1,"12","Sptbn4"
"Arhgap231",0.000336467306558009,0.661028895331584,0.397,0.26,1,"12","Arhgap23"
"2610507B11Rik",0.0003367347249124,0.675644322875994,0.504,0.365,1,"12","2610507B11Rik"
"Kcnn31",0.000349523792624758,0.624935171070232,0.44,0.302,1,"12","Kcnn3"
"Calr",0.000349989182625783,0.628107388441579,0.319,0.192,1,"12","Calr"
"Rsrp1",0.000359620787550569,0.469271608737246,0.638,0.513,1,"12","Rsrp1"
"Rasa31",0.000363740292891021,0.839008691008438,0.291,0.174,1,"12","Rasa3"
"Adcy81",0.000367232701910762,0.38860377120212,0.475,0.315,1,"12","Adcy8"
"Slc2a3",0.000370831135541932,0.728804042290325,0.348,0.22,1,"12","Slc2a3"
"Mecr",0.000378540498039083,0.668421029561618,0.333,0.207,1,"12","Mecr"
"Kirrel32",0.000407675843802,0.512928245995016,0.809,0.728,1,"12","Kirrel3"
"Ttc13",0.000413206670178781,0.579291179377426,0.397,0.257,1,"12","Ttc13"
"Immt",0.000438330598511926,0.672400583768908,0.291,0.172,1,"12","Immt"
"Nrg32",0.000439127612663226,0.315530260500205,0.972,0.948,1,"12","Nrg3"
"Ncs1",0.000461792193242379,0.656121764611175,0.319,0.193,1,"12","Ncs1"
"Osbpl91",0.000464660620805988,0.572431386793982,0.496,0.354,1,"12","Osbpl9"
"Atxn7l12",0.000467220027963227,0.560194595572214,0.475,0.332,1,"12","Atxn7l1"
"Lin7a2",0.000475090617928893,0.546972024110772,0.475,0.325,1,"12","Lin7a"
"Nr3c21",0.000475476913306562,0.459901232444952,0.461,0.301,1,"12","Nr3c2"
"Lrrc4c3",0.000476430195681133,0.229965536480313,0.957,0.888,1,"12","Lrrc4c"
"Tmem63b",0.000476741206830218,0.45381358931806,0.638,0.495,1,"12","Tmem63b"
"Nkain24",0.000523580382671123,0.397961270537679,0.986,0.948,1,"12","Nkain2"
"Guf1",0.000555114845594025,0.650210802121563,0.326,0.203,1,"12","Guf1"
"Samm50",0.000559143519257178,0.683319905940957,0.333,0.211,1,"12","Samm50"
"Arfgef2",0.000561018154117162,0.634150226663727,0.454,0.335,1,"12","Arfgef2"
"Clip3",0.000562796460454923,0.568841439021891,0.305,0.182,1,"12","Clip3"
"Adam15",0.000570511711271333,0.620513842103939,0.376,0.246,1,"12","Adam15"
"Ppib",0.000571441877467852,0.810006429944566,0.262,0.154,1,"12","Ppib"
"Nvl1",0.000574210753495687,0.529470944840433,0.468,0.328,1,"12","Nvl"
"Sympk",0.000578610989672442,0.771457963015224,0.305,0.19,1,"12","Sympk"
"Sel1l",0.000581163145621501,0.662948410034461,0.404,0.281,1,"12","Sel1l"
"Syt131",0.000593995567671991,0.806857069044937,0.291,0.179,1,"12","Syt13"
"Ddx46",0.000614505610217419,0.444924764643803,0.567,0.411,1,"12","Ddx46"
"Madd",0.00061670095139404,0.54730827747225,0.426,0.29,1,"12","Madd"
"Strn4",0.000628786304700279,0.643646251064115,0.312,0.193,1,"12","Strn4"
"Tbc1d24",0.000643600405665113,0.772069144994663,0.333,0.22,1,"12","Tbc1d24"
"Slc25a23",0.000649547943693999,0.438586316850107,0.582,0.43,1,"12","Slc25a23"
"Usp48",0.000659284390724394,0.509485596828684,0.574,0.447,1,"12","Usp48"
"Phc3",0.000676568924017414,0.7623211684431,0.348,0.226,1,"12","Phc3"
"Blmh",0.000695658024718203,0.810006429944566,0.262,0.156,1,"12","Blmh"
"Nfic1",0.000696832627244371,0.674858327192761,0.291,0.177,1,"12","Nfic"
"Atcay",0.000705393621243263,0.543152647980939,0.433,0.297,1,"12","Atcay"
"Dnm2",0.000711234670993906,0.644394742093276,0.411,0.289,1,"12","Dnm2"
"Chga1",0.000741431736488697,0.704802129365749,0.348,0.228,1,"12","Chga"
"Cdkl11",0.000746684711625824,0.604693525804172,0.369,0.239,1,"12","Cdkl1"
"Ttc191",0.000779372118965484,0.449452412843204,0.426,0.281,1,"12","Ttc19"
"Wnk2",0.000835782765735639,0.350003170517849,0.716,0.555,1,"12","Wnk2"
"Pfkm",0.000839185697878308,0.60365434471704,0.326,0.205,1,"12","Pfkm"
"Dapk11",0.000958246415279295,0.465434280668611,0.525,0.383,1,"12","Dapk1"
"Nsmf",0.000972453172227166,0.716663306546226,0.362,0.244,1,"12","Nsmf"
"Prkag1",0.00097641902861158,0.537311216831518,0.34,0.214,1,"12","Prkag1"
"Ankrd13a",0.000977445244901893,0.647792780416713,0.255,0.15,1,"12","Ankrd13a"
"Fgfr21",0.00100101049266303,0.499396260923722,0.355,0.227,1,"12","Fgfr2"
"Crat",0.00100650914850259,0.754707984333225,0.255,0.152,1,"12","Crat"
"Fam49b1",0.00103430620038366,0.572665533518652,0.418,0.286,1,"12","Fam49b"
"Tmem259",0.00103442664333841,0.682389489618745,0.326,0.211,1,"12","Tmem259"
"Sash14",0.00105802384686028,0.509447190763317,0.369,0.238,1,"12","Sash1"
"Man2a21",0.00105832466845762,0.511197028563336,0.447,0.312,1,"12","Man2a2"
"Mat2a",0.00106568247251223,0.624817644693166,0.312,0.197,1,"12","Mat2a"
"Sec24a",0.00108021321645385,0.594426702228159,0.397,0.277,1,"12","Sec24a"
"Ccdc88a2",0.00108601049315253,0.309775365426075,0.872,0.821,1,"12","Ccdc88a"
"Pi4ka1",0.00108681281453041,0.352834989193241,0.738,0.589,1,"12","Pi4ka"
"Gm171671",0.00113278317788142,0.352115577721075,0.426,0.28,1,"12","Gm17167"
"Zfp608",0.00115479614200327,0.634470106991266,0.34,0.221,1,"12","Zfp608"
"Itpr11",0.0012263135133323,0.596922481629008,0.326,0.209,1,"12","Itpr1"
"Fkbp2",0.00123382416757793,0.672358821598987,0.291,0.181,1,"12","Fkbp2"
"Atxn2l1",0.00125490844640781,0.564381790831192,0.44,0.307,1,"12","Atxn2l"
"Tcf251",0.00129817017768097,0.446233952144799,0.738,0.605,1,"12","Tcf25"
"Tecr",0.00131507664830815,0.433175419274492,0.617,0.474,1,"12","Tecr"
"Sirt7",0.00131641795154605,0.574385534387793,0.333,0.215,1,"12","Sirt7"
"Ap2a1",0.00138235484017415,0.567746691246415,0.305,0.19,1,"12","Ap2a1"
"Atp2b3",0.0014196795384958,0.477292656367267,0.397,0.267,1,"12","Atp2b3"
"Mccc1",0.00145404560766809,0.737215792845815,0.348,0.237,1,"12","Mccc1"
"L3mbtl11",0.00146286549144515,0.65189717874945,0.262,0.159,1,"12","L3mbtl1"
"Zfyve281",0.00147897812853176,0.731681896092732,0.298,0.19,1,"12","Zfyve28"
"Anks1",0.00149735405543938,0.592805674537142,0.433,0.306,1,"12","Anks1"
"Rapgef42",0.00152392904981314,0.400299722073496,0.596,0.458,1,"12","Rapgef4"
"Slc25a3",0.0015242749825516,0.671006001697154,0.262,0.16,1,"12","Slc25a3"
"Trak2",0.00155756022992067,0.668870257353163,0.27,0.166,1,"12","Trak2"
"Caskin11",0.00156554849378363,0.343531534303149,0.652,0.492,1,"12","Caskin1"
"St6galnac3",0.00157129262097819,0.485933857465923,0.333,0.215,1,"12","St6galnac3"
"Washc2",0.00158624350970742,0.680826050452399,0.376,0.253,1,"12","Washc2"
"Dnm11",0.00159520637530383,0.351199344226283,0.738,0.586,1,"12","Dnm1"
"Rusc1",0.0016674442370758,0.696320592895272,0.298,0.193,1,"12","Rusc1"
"Adamts17",0.00170355893494268,0.753395938663616,0.255,0.157,1,"12","Adamts17"
"Slc4a82",0.001738918223442,0.654183960369683,0.284,0.178,1,"12","Slc4a8"
"Klc21",0.00175710572266063,0.711142444517537,0.362,0.253,1,"12","Klc2"
"Fars2",0.00178520975202062,0.57668729711677,0.319,0.204,1,"12","Fars2"
"Atxn12",0.00180181485836358,0.394516027011686,0.702,0.597,1,"12","Atxn1"
"Usp40",0.00180987190396326,0.485380528329048,0.418,0.291,1,"12","Usp40"
"Nfasc",0.00181161090886452,0.291529687641255,0.816,0.674,1,"12","Nfasc"
"Sorbs11",0.00181642024414571,0.501793618219881,0.603,0.495,1,"12","Sorbs1"
"Nipsnap21",0.0018616543066519,0.684984874436067,0.319,0.208,1,"12","Nipsnap2"
"Miga21",0.00186400286792306,0.50858278388252,0.39,0.268,1,"12","Miga2"
"Brsk1",0.00194215720251022,0.505981415183315,0.433,0.308,1,"12","Brsk1"
"Ablim22",0.00206129326292953,0.447087726129746,0.567,0.425,1,"12","Ablim2"
"Dip2a",0.00213214046035603,0.556392193466946,0.355,0.236,1,"12","Dip2a"
"Spred21",0.00214376247468176,0.481632571021198,0.376,0.254,1,"12","Spred2"
"Ubr2",0.00223357848960811,0.447578800636407,0.553,0.425,1,"12","Ubr2"
"Eea1",0.00223573195766076,0.510512259129918,0.447,0.322,1,"12","Eea1"
"Armc81",0.00234883847945352,0.514982389976422,0.291,0.182,1,"12","Armc8"
"Atp6v0a11",0.00236324181666084,0.319517754197419,0.709,0.558,1,"12","Atp6v0a1"
"Pygb",0.00237576900727594,0.616085018216937,0.284,0.18,1,"12","Pygb"
"Rab301",0.00241707508731523,0.648565544355013,0.262,0.163,1,"12","Rab30"
"Smg5",0.00243837576170943,0.487645356173911,0.326,0.211,1,"12","Smg5"
"Rnf1121",0.00245105459870441,0.561509790928599,0.418,0.307,1,"12","Rnf112"
"Snx291",0.00245930670113704,0.739025534602087,0.404,0.298,1,"12","Snx29"
"Ptprg4",0.00246907803276437,0.340644746425799,0.652,0.509,1,"12","Ptprg"
"Sh3kbp12",0.00247614378525079,0.550899864927656,0.319,0.208,1,"12","Sh3kbp1"
"Vsnl12",0.00250978966589653,0.288880776183082,0.617,0.454,1,"12","Vsnl1"
"Srrm23",0.00251496039120601,0.236188446811151,0.979,0.931,1,"12","Srrm2"
"Reep13",0.00254094845351114,0.63770013138664,0.468,0.369,1,"12","Reep1"
"Tmem132a2",0.00256180737210453,0.521367152088302,0.326,0.214,1,"12","Tmem132a"
"Fbxo413",0.00265342227770772,0.689752542492455,0.362,0.258,1,"12","Fbxo41"
"Ankzf1",0.00265934706275415,0.448567005001438,0.355,0.235,1,"12","Ankzf1"
"Dtna2",0.00266867917538126,0.497032848439233,0.496,0.381,1,"12","Dtna"
"Zbtb4",0.00272641241816328,0.588838347587599,0.298,0.192,1,"12","Zbtb4"
"Smarcd3",0.00275148305433408,0.460804533578698,0.44,0.32,1,"12","Smarcd3"
"Vps39",0.00276989658888544,0.662481929390616,0.262,0.166,1,"12","Vps39"
"Rmdn11",0.00284521108613601,0.440393073555738,0.418,0.293,1,"12","Rmdn1"
"Dlc11",0.00302351473908811,0.599090819574796,0.333,0.226,1,"12","Dlc1"
"Rprd1a",0.00305062865190238,0.54730827747225,0.312,0.204,1,"12","Rprd1a"
"Dock3",0.00306566510682395,0.241940007121991,0.879,0.748,1,"12","Dock3"
"Nars",0.00308364725297989,0.683931303763735,0.277,0.178,1,"12","Nars"
"Plcg1",0.0031069769720952,0.681520626178284,0.312,0.212,1,"12","Plcg1"
"Cspg51",0.00311655869740072,0.625711529121426,0.305,0.204,1,"12","Cspg5"
"Sugp1",0.00314206501259971,0.465139735891424,0.319,0.207,1,"12","Sugp1"
"Man1b1",0.00317840773879731,0.626318553691766,0.298,0.194,1,"12","Man1b1"
"Col4a2",0.00321624860867103,0.594753271645841,0.475,0.363,1,"12","Col4a2"
"Fam135a",0.00322248992906601,0.447482498342058,0.397,0.275,1,"12","Fam135a"
"Immp2l1",0.00323590570476952,0.698781114533167,0.298,0.199,1,"12","Immp2l"
"Sidt2",0.00323668841546349,0.725182032030053,0.27,0.175,1,"12","Sidt2"
"Fam193b1",0.0032583333683002,0.376422964372625,0.66,0.532,1,"12","Fam193b"
"Zfp641",0.0032619321957653,0.614518063527336,0.262,0.166,1,"12","Zfp64"
"Adgrb11",0.00334532889123625,0.469606872695765,0.468,0.347,1,"12","Adgrb1"
"Cdc14b1",0.00335892768036687,0.559692001928082,0.383,0.271,1,"12","Cdc14b"
"Myo62",0.00342138545631861,0.581569136516432,0.326,0.223,1,"12","Myo6"
"Ralgps1",0.00342965022945306,0.410008581787205,0.61,0.503,1,"12","Ralgps1"
"Mef2d",0.00345274094265812,0.517208670606569,0.348,0.237,1,"12","Mef2d"
"Igdcc42",0.00346788584408112,0.572182946111279,0.319,0.215,1,"12","Igdcc4"
"Lrp8",0.00370590777133133,0.419552730273877,0.447,0.324,1,"12","Lrp8"
"Msi24",0.00384285128481196,0.360872733912212,0.638,0.498,1,"12","Msi2"
"Vwa8",0.00384834885454753,0.407721637870638,0.532,0.407,1,"12","Vwa8"
"Psap",0.00398764355275087,0.374050578727042,0.454,0.321,1,"12","Psap"
"Bicral2",0.00400688041793613,0.359976585782408,0.723,0.61,1,"12","Bicral"
"Galnt21",0.00406144215370292,0.449853402804804,0.319,0.21,1,"12","Galnt2"
"Srgap3",0.00415003542020902,0.302733700714057,0.716,0.58,1,"12","Srgap3"
"Tln2",0.0041609630817721,0.491265403354287,0.44,0.327,1,"12","Tln2"
"Ints6l",0.00418896941881021,0.465928165662876,0.34,0.23,1,"12","Ints6l"
"Atp2a21",0.00424215411306236,0.555987473694407,0.326,0.222,1,"12","Atp2a2"
"Lhfpl33",0.0044232385625732,0.361759691327567,0.78,0.69,1,"12","Lhfpl3"
"Diaph21",0.00461244220907568,0.564451066240721,0.39,0.287,1,"12","Diaph2"
"Pnpla6",0.00465140688355039,0.588838347587599,0.284,0.187,1,"12","Pnpla6"
"Cdh184",0.00467397536655816,0.270880211822239,0.723,0.618,1,"12","Cdh18"
"Zfp5231",0.00473404795563844,0.53350247794722,0.326,0.221,1,"12","Zfp523"
"Zfp532",0.00474334633873174,0.554535080291855,0.355,0.25,1,"12","Zfp532"
"Brinp22",0.00475002094555602,0.65189717874945,0.34,0.247,1,"12","Brinp2"
"Magi31",0.00499425432591423,0.364143887726382,0.553,0.425,1,"12","Magi3"
"Abat1",0.0050218544553766,0.412282366798793,0.482,0.355,1,"12","Abat"
"Baz2a",0.00503050608672065,0.401644755368579,0.489,0.365,1,"12","Baz2a"
"Sod2",0.00503840544773122,0.473907916242387,0.397,0.287,1,"12","Sod2"
"Abcd41",0.00506700635993831,0.620188319022112,0.298,0.201,1,"12","Abcd4"
"Nek1",0.00508174033070859,0.429862406063569,0.454,0.347,1,"12","Nek1"
"Rasgrf11",0.00509440749969357,0.198777249337904,0.872,0.773,1,"12","Rasgrf1"
"Ktn11",0.00516210249604255,0.459282967526658,0.667,0.575,1,"12","Ktn1"
"Miga11",0.0054953189747535,0.472814551248116,0.348,0.241,1,"12","Miga1"
"Pde4a",0.0056655467383822,0.353757608046885,0.518,0.39,1,"12","Pde4a"
"Slc9a8",0.00572126587574138,0.692780235190024,0.262,0.173,1,"12","Slc9a8"
"Vps13d",0.0057471315705909,0.450363362310666,0.532,0.426,1,"12","Vps13d"
"Eno2",0.00586817849198257,0.411601416291589,0.511,0.392,1,"12","Eno2"
"Pex12",0.00592378126994703,0.627113317541029,0.298,0.203,1,"12","Pex1"
"Ttll71",0.00592824041729312,0.36122286012213,0.39,0.271,1,"12","Ttll7"
"Zc3h7b1",0.00597768980544177,0.492451102118838,0.333,0.231,1,"12","Zc3h7b"
"March33",0.0063146464788153,0.594585148733454,0.27,0.179,1,"12","March3"
"B3gat1",0.00631647213271404,0.648501268885939,0.326,0.234,1,"12","B3gat1"
"Rabgap11",0.00635343520811455,0.373175772816622,0.525,0.397,1,"12","Rabgap1"
"Peg32",0.00636335533118787,0.220451437136327,0.936,0.902,1,"12","Peg3"
"Abr2",0.00647474328217162,0.314229985045948,0.681,0.544,1,"12","Abr"
"Fbxw8",0.00663141185371707,0.544228884540278,0.319,0.222,1,"12","Fbxw8"
"Myh10",0.0066403942558577,0.379139008777282,0.525,0.408,1,"12","Myh10"
"Uri11",0.00675377726691462,0.541422993786983,0.284,0.189,1,"12","Uri1"
"Car104",0.00683005988161715,0.110660484237693,0.688,0.515,1,"12","Car10"
"E4f1",0.00688988335165881,0.570977183365883,0.291,0.195,1,"12","E4f1"
"Lrfn54",0.00689383502401388,0.298331821706141,0.865,0.803,1,"12","Lrfn5"
"Phf24",0.00698482997029798,0.474966222103164,0.34,0.241,1,"12","Phf24"
"Snx32",0.00720985250132263,0.430752116163444,0.348,0.242,1,"12","Snx32"
"Gpr162",0.00727665943167208,0.424451529686716,0.333,0.229,1,"12","Gpr162"
"Zfp398",0.00739980929615364,0.55322888279123,0.284,0.191,1,"12","Zfp398"
"Pcnx21",0.00799500007055327,0.444125792432068,0.433,0.327,1,"12","Pcnx2"
"Pacs2",0.00811506151255331,0.542033335431576,0.291,0.199,1,"12","Pacs2"
"Atp13a2",0.00814288020583367,0.600689373800274,0.305,0.212,1,"12","Atp13a2"
"Dnajc8",0.00815189229638778,0.535328179227875,0.262,0.172,1,"12","Dnajc8"
"Zfr2",0.00817989431817154,0.420255427984662,0.426,0.311,1,"12","Zfr2"
"Fhod33",0.00824194853459872,0.493265346838496,0.397,0.301,1,"12","Fhod3"
"Pakap2",0.00834431980519923,0.26209868229176,0.667,0.543,1,"12","Pakap"
"Dclk21",0.0083634052726139,0.334351436145413,0.376,0.262,1,"12","Dclk2"
"Zfp692",0.00836893042868983,0.414728190162391,0.376,0.269,1,"12","Zfp692"
"Pitpnm22",0.00846523142225629,0.419176587646042,0.397,0.289,1,"12","Pitpnm2"
"Scaf1",0.00875331554212362,0.538368233119035,0.27,0.178,1,"12","Scaf1"
"Smarcc2",0.00901945011862453,0.364117306273933,0.454,0.344,1,"12","Smarcc2"
"Tfdp2",0.00946490693069546,0.56272861647979,0.255,0.169,1,"12","Tfdp2"
"Inpp5b",0.00948894193344835,0.688206742450763,0.255,0.17,1,"12","Inpp5b"
"Gdi1",0.00957373290078837,0.421656510974152,0.319,0.22,1,"12","Gdi1"
"Rhot2",0.00999888629667341,0.517448500220767,0.284,0.191,1,"12","Rhot2"
"Pde11a",6.40820362563295e-130,4.26006876707272,0.745,0.097,1.12380666982725e-125,"13","Pde11a"
"Zfhx36",1.82028865211479e-35,1.28463619972958,0.971,0.688,3.19224020921371e-31,"13","Zfhx3"
"Rapgef51",6.31466399203414e-31,1.88644435017295,0.642,0.233,1.10740262428303e-26,"13","Rapgef5"
"Mast42",1.51130460108358e-29,2.30917122990283,0.723,0.349,2.65037487892027e-25,"13","Mast4"
"St8sia2",2.73221270487603e-29,2.96209853377677,0.299,0.059,4.79148142054109e-25,"13","St8sia2"
"Dgki3",2.4546120873452e-27,1.44935106046644,0.825,0.46,4.30465321757728e-23,"13","Dgki"
"Lhfp1",5.00439627651441e-27,2.55397630257766,0.336,0.077,8.77620975012332e-23,"13","Lhfp"
"Unc5d4",5.78339810369826e-25,1.29063833124229,0.912,0.687,1.01423452544556e-20,"13","Unc5d"
"Ncam24",6.20678741803165e-23,1.18943698354117,0.883,0.617,1.08848430950021e-18,"13","Ncam2"
"Stk32a",1.35823684910144e-22,2.70242157660952,0.277,0.063,2.3819399622692e-18,"13","Stk32a"
"Gm326473",2.55549730350155e-22,1.64806723313701,0.759,0.419,4.48157562115067e-18,"13","Gm32647"
"Lhx82",6.5191077142337e-21,1.92559152156537,0.328,0.087,1.14325591984516e-16,"13","Lhx8"
"Grik34",2.03927013980145e-20,1.15501079281268,0.774,0.397,3.5762680441698e-16,"13","Grik3"
"Adarb23",3.54880900911819e-20,1.14239199875368,0.876,0.572,6.22354635929057e-16,"13","Adarb2"
"Plxna22",2.55006148834699e-19,1.44457401212733,0.664,0.362,4.47204283211411e-15,"13","Plxna2"
"Tle44",2.05797670154878e-18,1.54555272799265,0.504,0.205,3.60907374150609e-14,"13","Tle4"
"Car105",2.71618158973191e-18,1.09029125456148,0.803,0.511,4.76336765391285e-14,"13","Car10"
"Tafa13",3.29848292434302e-18,1.43111955479212,0.511,0.206,5.78454950442036e-14,"13","Tafa1"
"Nxph12",4.55371830580183e-18,1.70575584367998,0.504,0.216,7.98585579288468e-14,"13","Nxph1"
"Spats2l1",3.54199221845848e-17,1.56017939979127,0.46,0.179,6.21159175351063e-13,"13","Spats2l"
"Slit22",1.27745565542901e-16,1.36073022690073,0.562,0.265,2.24027398292586e-12,"13","Slit2"
"Gm21642",1.32301494546251e-16,1.51088201934168,0.372,0.123,2.32017130985761e-12,"13","Gm2164"
"Lingo26",2.30951366063582e-16,0.652485106270833,1,0.948,4.05019410665704e-12,"13","Lingo2"
"Dpp101",2.90104306559787e-16,0.929988644874438,0.847,0.574,5.08755922413899e-12,"13","Dpp10"
"Grip12",8.56477598817559e-16,0.922249334520579,0.912,0.779,1.50200476504635e-11,"13","Grip1"
"Cntnap5c4",1.21160409690877e-15,1.40508826490163,0.613,0.329,2.12479010474891e-11,"13","Cntnap5c"
"Pcdh154",1.52974472931573e-15,0.793063328527365,0.891,0.704,2.682713331801e-11,"13","Pcdh15"
"Grid14",2.22227734675214e-15,0.992221595098396,0.854,0.679,3.89720778299923e-11,"13","Grid1"
"Ccdc85a3",2.7212481122255e-15,1.43138654749038,0.62,0.354,4.77225281440986e-11,"13","Ccdc85a"
"Spock33",3.9490031472463e-15,1.12324499619367,0.781,0.537,6.92536681932584e-11,"13","Spock3"
"Nrxn36",9.89641577271743e-15,0.653597083348659,1,0.946,1.73553443406146e-10,"13","Nrxn3"
"Gria32",1.62064132781005e-14,0.948099347905495,0.788,0.545,2.84211869658048e-10,"13","Gria3"
"Lrrc4c4",1.65119606730099e-14,0.976444007331989,0.971,0.887,2.89570254322575e-10,"13","Lrrc4c"
"Luzp23",1.71165252787551e-14,1.21407426303555,0.628,0.346,3.00172503813529e-10,"13","Luzp2"
"Ftl1-ps14",2.93545075197935e-14,1.30214010334873,0.482,0.21,5.14789998374619e-10,"13","Ftl1-ps1"
"Cers62",3.48949229518272e-14,0.977291730502345,0.635,0.323,6.11952263806194e-10,"13","Cers6"
"Trpc43",4.12524029937446e-14,1.28614091048004,0.46,0.198,7.23443391301298e-10,"13","Trpc4"
"Tmem1962",7.73483510555447e-14,1.65996699826587,0.38,0.152,1.35645803246109e-09,"13","Tmem196"
"Gnas4",7.77466071173907e-14,0.915472971592909,0.898,0.73,1.36344224901768e-09,"13","Gnas"
"Cdh125",3.54997887363493e-13,1.1082331768799,0.547,0.269,6.22559795069358e-09,"13","Cdh12"
"Sema6d4",5.83526991059698e-13,1.06220236864153,0.723,0.472,1.02333128422139e-08,"13","Sema6d"
"Rps6ka3",5.96305602303148e-13,1.75762037946931,0.343,0.135,1.04574113475903e-08,"13","Rps6ka3"
"Setbp13",1.27929229997181e-12,0.964003789941649,0.723,0.457,2.24349490646056e-08,"13","Setbp1"
"Ptprd3",3.18481199894247e-12,0.426817201741252,1,0.92,5.58520480254541e-08,"13","Ptprd"
"Schip13",3.67103552284044e-12,1.34264232897684,0.686,0.477,6.43789499640529e-08,"13","Schip1"
"Pde1c2",3.98586344459476e-12,1.25097712366833,0.431,0.191,6.99000872278583e-08,"13","Pde1c"
"Nnat3",4.60038294545089e-12,1.11538772586867,0.504,0.24,8.06769157143722e-08,"13","Nnat"
"2700069I18Rik2",5.62307529247915e-12,1.65082288860093,0.307,0.113,9.86118714042069e-08,"13","2700069I18Rik"
"Kif5c",8.28178897146737e-12,0.821542635282177,0.803,0.533,1.45237733192623e-07,"13","Kif5c"
"Esrrg1",1.37649191118014e-11,1.13379550002285,0.562,0.3,2.41395386463661e-07,"13","Esrrg"
"Sgip11",2.14740962440379e-11,0.598836696632801,0.905,0.82,3.76591225831693e-07,"13","Sgip1"
"Stac3",2.39023955855899e-11,1.2549625996383,0.394,0.171,4.1917631138449e-07,"13","Stac"
"Zfhx46",2.55114723388387e-11,1.08295254053439,0.569,0.307,4.47394690406214e-07,"13","Zfhx4"
"Bcl11b3",2.86342554866156e-11,1.49162429375168,0.336,0.137,5.02158938468778e-07,"13","Bcl11b"
"Mdga23",3.0744269884193e-11,0.506003618290094,0.971,0.938,5.39162260959092e-07,"13","Mdga2"
"Nrg33",3.37987687274807e-11,0.548759353085881,0.985,0.948,5.92729007173829e-07,"13","Nrg3"
"Gm13629",5.59165887503046e-11,1.59906419210619,0.299,0.117,9.80609216914091e-07,"13","Gm13629"
"Trpc3",9.30324122253411e-11,1.74487371823379,0.263,0.095,1.63150941319581e-06,"13","Trpc3"
"Robo14",1.60073029338181e-10,0.597690271371056,0.956,0.834,2.80720071550368e-06,"13","Robo1"
"Kcnh74",1.73236565165718e-10,0.937924509427534,0.81,0.598,3.03804964331119e-06,"13","Kcnh7"
"Grin3a3",1.86995567093689e-10,1.18464654033029,0.562,0.342,3.27934126012203e-06,"13","Grin3a"
"Meg32",2.87465668452778e-10,0.23687570570687,1,1,5.04128542765637e-06,"13","Meg3"
"Smarca23",5.58025397150197e-10,0.855850450274811,0.642,0.392,9.78609138982301e-06,"13","Smarca2"
"Msi25",7.4889730806998e-10,0.707732367126458,0.745,0.494,1.31334120916232e-05,"13","Msi2"
"Slc35f11",9.7410507486961e-10,0.80010447374026,0.701,0.451,1.70828806979883e-05,"13","Slc35f1"
"Sulf22",1.39819678519665e-09,0.902191088985295,0.445,0.222,2.45201770219936e-05,"13","Sulf2"
"Elmo12",2.15125295838425e-09,0.841905076218946,0.533,0.298,3.77265231311845e-05,"13","Elmo1"
"Il1rapl13",2.22130073193621e-09,0.5706306539846,0.891,0.849,3.89549509359653e-05,"13","Il1rapl1"
"Epha64",2.24917021943243e-09,0.658779214695324,0.752,0.503,3.94436981381865e-05,"13","Epha6"
"Tmem132c1",2.39945561316847e-09,1.65553965747555,0.277,0.114,4.20792530881355e-05,"13","Tmem132c"
"Plcb43",2.56551388677524e-09,0.964515108949656,0.635,0.406,4.49914170323774e-05,"13","Plcb4"
"Garnl34",2.60419993121533e-09,0.804668665887925,0.715,0.489,4.56698541937233e-05,"13","Garnl3"
"Cntnap24",2.80453484325677e-09,0.495513690546867,1,0.977,4.9183127546194e-05,"13","Cntnap2"
"Mir100hg",3.6893052096862e-09,0.671591937096933,0.847,0.608,6.46993454622668e-05,"13","Mir100hg"
"Neto12",6.61721331010024e-09,1.10392876282388,0.409,0.211,0.000116046069819228,"13","Neto1"
"Myo164",8.21424824560855e-09,0.954793851319328,0.504,0.289,0.000144053271483237,"13","Myo16"
"Ptpro4",9.30452801359705e-09,1.00385794181573,0.562,0.348,0.000163173507774452,"13","Ptpro"
"Zfp385b2",9.33495525291099e-09,0.764410693963581,0.686,0.477,0.0001637071102703,"13","Zfp385b"
"Syt171",1.7033035942792e-08,1.10702362322205,0.255,0.1,0.000298708351328744,"13","Syt17"
"Nkain25",2.04240284337634e-08,0.459187512485905,0.993,0.948,0.00035817618664291,"13","Nkain2"
"Sorcs34",2.18990863759755e-08,0.675195802922033,0.664,0.423,0.000384044277775483,"13","Sorcs3"
"Lsamp6",2.36043012960884e-08,0.452152027614928,1,0.99,0.000413948631829502,"13","Lsamp"
"Gpc63",3.35957776632814e-08,0.895764819825862,0.547,0.338,0.000589169152880965,"13","Gpc6"
"Tenm13",4.16972440215997e-08,0.572355811558642,0.891,0.738,0.000731244568406794,"13","Tenm1"
"Col25a14",4.34845462947202e-08,0.94048443661912,0.46,0.261,0.000762588488370509,"13","Col25a1"
"Macrod23",4.56751815874106e-08,0.489301237523979,0.942,0.859,0.000801005659498419,"13","Macrod2"
"Hipk2",9.80412921509153e-08,0.908005710259412,0.438,0.238,0.0017193501404506,"13","Hipk2"
"Kcnip45",1.00938045827553e-07,0.400466640047638,0.985,0.923,0.00177015050967779,"13","Kcnip4"
"Alk3",1.03826234902535e-07,0.624342057213266,0.54,0.323,0.00182080068148575,"13","Alk"
"Sod21",1.08409049236631e-07,0.779411315637722,0.496,0.283,0.0019011694964628,"13","Sod2"
"Kcnc23",1.16814069824067e-07,0.921804145074111,0.664,0.5,0.00204856834250466,"13","Kcnc2"
"Dpysl32",1.37783325404901e-07,0.831510278106566,0.431,0.229,0.00241630617762576,"13","Dpysl3"
"Nrp13",1.38134465872962e-07,0.736961269469483,0.555,0.334,0.00242246412801414,"13","Nrp1"
"Elavl22",1.84707624094793e-07,0.86027816231562,0.409,0.218,0.00323921760375039,"13","Elavl2"
"Cacnb42",1.89063041839947e-07,0.720012911599175,0.628,0.405,0.00331559856474716,"13","Cacnb4"
"A230006K03Rik3",2.63718784374871e-07,0.5313955613456,0.825,0.626,0.00462483632158212,"13","A230006K03Rik"
"Flrt2",2.67228299814403e-07,1.24188107829298,0.27,0.123,0.00468638269384518,"13","Flrt2"
"Gad23",3.09707415778596e-07,0.832172824635266,0.577,0.379,0.00543133895050923,"13","Gad2"
"Frmpd31",3.19114125848511e-07,0.828085481148949,0.438,0.244,0.00559630442500534,"13","Frmpd3"
"Thsd7a3",3.71340302196661e-07,0.88974632261865,0.431,0.242,0.00651219487962284,"13","Thsd7a"
"Coro61",3.75919695761927e-07,0.875620876772176,0.453,0.255,0.00659250370457692,"13","Coro6"
"Plcl13",4.75945865365019e-07,0.950411276524411,0.474,0.283,0.00834666264090633,"13","Plcl1"
"Galntl65",6.96039640223558e-07,0.526528598811178,0.869,0.747,0.0122064471706005,"13","Galntl6"
"Cdh185",7.88494925904209e-07,0.62129257071622,0.788,0.616,0.0138278355155821,"13","Cdh18"
"6330411D24Rik3",8.4748327758456e-07,0.802794102773193,0.394,0.211,0.0148623142390004,"13","6330411D24Rik"
"Cit1",9.67020441404962e-07,0.483045524110983,0.847,0.674,0.0169586374809188,"13","Cit"
"Rgs6",1.2086653516543e-06,0.988879107681785,0.314,0.16,0.0211963642719615,"13","Rgs6"
"Hs6st22",1.30307631666846e-06,0.968568594310647,0.365,0.197,0.0228520493654148,"13","Hs6st2"
"Igsf9b",1.30877898222328e-06,1.02828560519369,0.314,0.159,0.0229520570112496,"13","Igsf9b"
"Dscam5",1.64293307248259e-06,0.344745764200812,0.949,0.858,0.0288121172921272,"13","Dscam"
"Frmpd45",1.67716476010369e-06,0.658938648241101,0.65,0.473,0.0294124383979384,"13","Frmpd4"
"Fat31",1.95625705095883e-06,0.68400506840111,0.693,0.525,0.034306879902665,"13","Fat3"
"Snrpn2",2.13995426324767e-06,0.806469548629865,0.496,0.313,0.0375283779145743,"13","Snrpn"
"Reps22",2.46557242840692e-06,0.908372450516665,0.365,0.199,0.0432387436769721,"13","Reps2"
"Mirg1",2.52810173692661e-06,0.528448709879437,0.752,0.577,0.0443353201604819,"13","Mirg"
"Gas71",2.70059783670914e-06,0.964467012587591,0.401,0.234,0.0473603842623681,"13","Gas7"
"Bcl9",2.78137049714509e-06,0.929589419437964,0.394,0.225,0.0487768944084334,"13","Bcl9"
"Npas34",3.24324737348786e-06,0.885590636928717,0.474,0.284,0.0568768291888566,"13","Npas3"
"Cntn34",3.58560235753578e-06,0.667130786859371,0.533,0.338,0.062880708544105,"13","Cntn3"
"A230057D06Rik2",3.87474856864993e-06,0.284741772315644,0.985,0.973,0.0679514656484139,"13","A230057D06Rik"
"Kcnq35",3.90576876251336e-06,0.781363103465269,0.657,0.531,0.0684954667881968,"13","Kcnq3"
"Srgap13",3.96871284156279e-06,0.711574433420852,0.533,0.342,0.0695993171024867,"13","Srgap1"
"Amy12",4.1336645588261e-06,0.604190374406845,0.599,0.391,0.0724920753681334,"13","Amy1"
"Fam169a",4.32080767654195e-06,0.837595040567543,0.314,0.16,0.0757740042235161,"13","Fam169a"
"Greb1l5",4.36436386963559e-06,1.14517075701033,0.409,0.249,0.0765378491817994,"13","Greb1l"
"Mir124-2hg",4.63271108536688e-06,1.15350980945458,0.277,0.141,0.0812438543040789,"13","Mir124-2hg"
"Mast21",4.97975546513447e-06,0.615757054133153,0.679,0.48,0.0873299715920632,"13","Mast2"
"Ptprz14",5.26910266852544e-06,0.583122648237173,0.65,0.434,0.0924042534979307,"13","Ptprz1"
"Pfkp2",6.08863970380504e-06,0.833130373774728,0.511,0.35,0.106776474485629,"13","Pfkp"
"Plxna42",6.80439716328648e-06,0.576696379077741,0.723,0.529,0.119328713052555,"13","Plxna4"
"Fbn11",7.8830475237909e-06,0.896197736570563,0.285,0.143,0.138245004424721,"13","Fbn1"
"Hpcal1",1.02339715479694e-05,1.05036945934239,0.255,0.125,0.17947315903674,"13","Hpcal1"
"Lhfpl34",1.09036020085392e-05,0.421692440960317,0.839,0.688,0.191216468423752,"13","Lhfpl3"
"Las1l2",1.15032117400281e-05,0.742996516701299,0.482,0.307,0.201731824284872,"13","Las1l"
"Tmem255a2",1.18504013381195e-05,1.14449832864071,0.277,0.145,0.207820488266601,"13","Tmem255a"
"Gm151552",1.33027392141561e-05,0.986969736081454,0.263,0.133,0.233290137598655,"13","Gm15155"
"Apc1",1.47853568719743e-05,0.486517793451215,0.766,0.608,0.259290803463814,"13","Apc"
"Ddhd1",1.51607470584971e-05,0.783796388183065,0.423,0.26,0.265874021164863,"13","Ddhd1"
"Nell14",1.73481262279062e-05,0.685468742900233,0.533,0.36,0.304234089658792,"13","Nell1"
"Klhl292",1.76613762758014e-05,0.554637689384122,0.839,0.738,0.309727555748729,"13","Klhl29"
"Rgs72",1.84612822445114e-05,0.401234312808702,0.788,0.593,0.323755506721996,"13","Rgs7"
"Slc4a71",1.90073247535673e-05,0.822570233753351,0.416,0.256,0.333331454203309,"13","Slc4a7"
"Csmd24",1.91355559262094e-05,0.488475558936742,0.854,0.765,0.335580244277934,"13","Csmd2"
"Fut82",1.92551072384084e-05,0.771496049159082,0.409,0.248,0.337676815639969,"13","Fut8"
"Mctp12",2.03228318683508e-05,0.45851611850168,0.65,0.452,0.356401502475268,"13","Mctp1"
"Hdlbp1",2.26273405355293e-05,0.851497078826166,0.343,0.197,0.396815670971577,"13","Hdlbp"
"Tspan17",2.37505761190025e-05,0.825692951511252,0.285,0.148,0.416513853398946,"13","Tspan17"
"Klhl12",2.446273591334e-05,0.746621380520053,0.387,0.233,0.429002999712243,"13","Klhl1"
"Klf71",2.44907647205113e-05,0.802435676641649,0.372,0.22,0.429494540903606,"13","Klf7"
"Astn24",2.46976098179361e-05,0.483998057476015,0.788,0.669,0.433121983377146,"13","Astn2"
"Dus3l1",2.61458933443548e-05,0.759857207676747,0.401,0.245,0.45852053157995,"13","Dus3l"
"Gab23",2.75593516398018e-05,0.652022357988085,0.504,0.338,0.483308349707204,"13","Gab2"
"Atp2b12",2.86299615294757e-05,0.462955641914129,0.664,0.47,0.502083635342416,"13","Atp2b1"
"Tfrc1",3.11899119106358e-05,0.850125956273913,0.321,0.179,0.546977485176821,"13","Tfrc"
"Pde4d5",3.48351903188175e-05,0.470708183188168,0.905,0.86,0.610904732621102,"13","Pde4d"
"Meis21",4.24088482396775e-05,0.873827542499018,0.255,0.131,0.743723971579224,"13","Meis2"
"Enox12",4.33370113196222e-05,0.781558456131213,0.657,0.544,0.760001167512215,"13","Enox1"
"Dok61",4.54545316998609e-05,0.494313381279317,0.65,0.48,0.797136122420461,"13","Dok6"
"Slc24a23",4.74480028222588e-05,0.705572188635971,0.562,0.41,0.832095625493953,"13","Slc24a2"
"Sorcs16",5.07571303559234e-05,0.645007643893407,0.613,0.46,0.890127795051828,"13","Sorcs1"
"Zfp57",5.13210942745472e-05,0.935524056776632,0.263,0.138,0.900018030292735,"13","Zfp57"
"Cwc27",5.24007139891401e-05,0.764840344547256,0.423,0.274,0.918951321227551,"13","Cwc27"
"Cacna2d24",5.50331864170743e-05,0.311340661333825,0.745,0.568,0.965116990196232,"13","Cacna2d2"
"Epb411",6.25524667441963e-05,0.764543288517315,0.409,0.265,1,"13","Epb41"
"Magi11",6.2787531413061e-05,0.516997389952529,0.708,0.549,1,"13","Magi1"
"Slc4a101",6.54635284472249e-05,0.643416098393064,0.46,0.298,1,"13","Slc4a10"
"4930402H24Rik",7.46549105837268e-05,0.337009010001156,0.92,0.852,1,"13","4930402H24Rik"
"4932438A13Rik",7.81109884120965e-05,0.469319048937514,0.774,0.617,1,"13","4932438A13Rik"
"Gm207542",8.29704069041406e-05,0.51444793839102,0.292,0.159,1,"13","Gm20754"
"Ano6",8.91472732663102e-05,0.671890505443426,0.423,0.265,1,"13","Ano6"
"Cntnap5b3",9.04210090649748e-05,0.918337095471647,0.482,0.36,1,"13","Cntnap5b"
"A330102I10Rik2",9.04624667782844e-05,1.00485480009003,0.314,0.192,1,"13","A330102I10Rik"
"Arhgap182",0.000116659216912214,0.648511295070205,0.445,0.289,1,"13","Arhgap18"
"A830018L16Rik4",0.0001179773282911,0.640473976004787,0.526,0.368,1,"13","A830018L16Rik"
"Man1a2",0.000122610720126509,0.878218263303266,0.27,0.153,1,"13","Man1a"
"Gmcl1",0.000124521163985597,0.703712789050762,0.336,0.198,1,"13","Gmcl1"
"Amph1",0.000156227248439308,0.592870624788736,0.489,0.339,1,"13","Amph"
"Dlc12",0.000160194197467448,0.735350268185033,0.365,0.225,1,"13","Dlc1"
"Plcxd34",0.000162448774914791,0.472551683223671,0.518,0.348,1,"13","Plcxd3"
"Zfp4621",0.000165732061036214,0.493261411884105,0.584,0.414,1,"13","Zfp462"
"Tpp2",0.00017322946419552,0.734648738853977,0.343,0.208,1,"13","Tpp2"
"Mccc11",0.00017370279275163,0.780409693976336,0.372,0.236,1,"13","Mccc1"
"Tox4",0.000174831758801233,1.01040543305343,0.277,0.162,1,"13","Tox"
"Arl152",0.00019733333504402,0.456847126733838,0.482,0.32,1,"13","Arl15"
"Gabra32",0.000198515323705211,0.639988532028826,0.409,0.263,1,"13","Gabra3"
"Ccdc501",0.000199904122914598,0.670000098917141,0.416,0.267,1,"13","Ccdc50"
"Arhgap263",0.00020548785982884,0.630611574018493,0.54,0.389,1,"13","Arhgap26"
"Klhdc101",0.000208749766848819,0.467895118433106,0.606,0.441,1,"13","Klhdc10"
"Sh3gl23",0.000217068187374681,0.633092434889639,0.343,0.204,1,"13","Sh3gl2"
"Uggt21",0.0002250384386681,0.440064988459095,0.642,0.486,1,"13","Uggt2"
"Ank12",0.000227430404738831,0.490772701766928,0.569,0.406,1,"13","Ank1"
"Dmd5",0.000229920304761256,0.35105998240035,0.869,0.752,1,"13","Dmd"
"Tnr3",0.000229947903212568,0.577283676069726,0.613,0.463,1,"13","Tnr"
"Carmil1",0.000231392112981232,0.637322738029241,0.394,0.249,1,"13","Carmil1"
"Efna55",0.000238760978342453,0.43434345566641,0.569,0.41,1,"13","Efna5"
"Slc25a31",0.000242059360781831,0.815783405027449,0.277,0.16,1,"13","Slc25a3"
"Cdc14b2",0.000247233796543806,0.680479023728841,0.409,0.27,1,"13","Cdc14b"
"Tbc1d1",0.000262530335378301,0.726629905332587,0.27,0.151,1,"13","Tbc1d1"
"Gap43",0.000276266585370843,0.605344693668062,0.431,0.284,1,"13","Gap43"
"Grm12",0.000278580610556155,0.593165944206075,0.496,0.357,1,"13","Grm1"
"Tenm44",0.000292819981723834,0.361611705379641,0.883,0.864,1,"13","Tenm4"
"Scn3a1",0.000294027958886751,0.49198522317212,0.599,0.442,1,"13","Scn3a"
"Rap1gap22",0.000301486605780849,0.568662713565643,0.394,0.249,1,"13","Rap1gap2"
"Pde7a1",0.00030235107582203,0.670789967560407,0.365,0.233,1,"13","Pde7a"
"Dzank1",0.00030612620722164,0.604800561655339,0.467,0.318,1,"13","Dzank1"
"Rcan21",0.0003125101586788,0.531460528414681,0.438,0.284,1,"13","Rcan2"
"Epha41",0.000316789313721431,0.773806209846283,0.27,0.155,1,"13","Epha4"
"Ralgapa23",0.000332119720172234,0.507954390904414,0.577,0.428,1,"13","Ralgapa2"
"Cep290",0.000335288523875441,0.476634214044492,0.533,0.378,1,"13","Cep290"
"Pcdh73",0.000341220914527656,0.379802701224932,0.715,0.585,1,"13","Pcdh7"
"Slc2a31",0.000341944453310668,0.57052261145754,0.358,0.219,1,"13","Slc2a3"
"Chrm23",0.000348727187725184,1.06964284040169,0.321,0.204,1,"13","Chrm2"
"Gria44",0.000363175213401405,0.291955174108527,0.934,0.9,1,"13","Gria4"
"Atp2b22",0.000374441703488854,0.324501417135573,0.774,0.655,1,"13","Atp2b2"
"Kcnma11",0.000375204230527159,0.387260857611235,0.788,0.687,1,"13","Kcnma1"
"Large11",0.000400142046829355,0.351292139206049,0.759,0.568,1,"13","Large1"
"Fip1l1",0.000407887574596282,0.712547446425524,0.321,0.195,1,"13","Fip1l1"
"Robo23",0.000428934784796412,0.436893739238218,0.372,0.232,1,"13","Robo2"
"Cacna1e2",0.000432725593853407,0.41185765263149,0.766,0.663,1,"13","Cacna1e"
"Nceh1",0.000456777934319272,0.955486810920779,0.255,0.147,1,"13","Nceh1"
"Mpc11",0.000491066067381446,0.687501404109595,0.314,0.191,1,"13","Mpc1"
"Bckdhb1",0.000498894231004503,0.754494224291343,0.292,0.175,1,"13","Bckdhb"
"Lims11",0.000539783786495162,0.781519588504643,0.307,0.189,1,"13","Lims1"
"Sipa1l31",0.000548215409839859,0.587709917732825,0.409,0.276,1,"13","Sipa1l3"
"Rbm6",0.000562869067950072,0.460000154368643,0.693,0.562,1,"13","Rbm6"
"Farsb",0.000564387291819191,0.78947685948185,0.263,0.153,1,"13","Farsb"
"Plppr12",0.000584518969484967,0.745553113132562,0.387,0.265,1,"13","Plppr1"
"Iws11",0.000623456613289775,0.746621380520053,0.35,0.23,1,"13","Iws1"
"Osbpl1a",0.000653159588679656,0.757347787113111,0.27,0.157,1,"13","Osbpl1a"
"AU0403201",0.000655053279132075,0.800686537556792,0.314,0.199,1,"13","AU040320"
"Opcml5",0.000671978233033869,0.332431113353777,0.854,0.765,1,"13","Opcml"
"Acsl61",0.000683916127801093,0.749830936995943,0.336,0.217,1,"13","Acsl6"
"Rasal21",0.00069491959709114,0.594167515304146,0.533,0.402,1,"13","Rasal2"
"Nln",0.00070721171180208,0.805515069573621,0.27,0.161,1,"13","Nln"
"Upp22",0.000733210978940481,0.370433312352073,0.774,0.626,1,"13","Upp2"
"Map4",0.000739605453149658,0.68040169437761,0.431,0.301,1,"13","Map4"
"Kirrel33",0.000746763432237115,0.819939813598511,0.737,0.731,1,"13","Kirrel3"
"Ndufv2",0.000752088890514028,0.862276719434244,0.263,0.157,1,"13","Ndufv2"
"Polb1",0.000769559082892208,0.593656810837558,0.453,0.32,1,"13","Polb"
"Cbfa2t21",0.000771097306538756,0.620936372583701,0.328,0.204,1,"13","Cbfa2t2"
"Tmcc33",0.000774316101693185,0.266547787844018,0.591,0.416,1,"13","Tmcc3"
"9630014M24Rik3",0.000805015545752875,0.581705230365612,0.431,0.307,1,"13","9630014M24Rik"
"Prpf40a",0.000811630282290288,0.501197990528264,0.474,0.33,1,"13","Prpf40a"
"Clip11",0.000846459205154205,0.333745222530676,0.715,0.544,1,"13","Clip1"
"Elavl43",0.00086509522872297,0.533486927044701,0.38,0.249,1,"13","Elavl4"
"Ogt",0.00088733074011689,0.455066934676209,0.591,0.446,1,"13","Ogt"
"Gpr137c2",0.000899336092274421,0.501508882683522,0.387,0.253,1,"13","Gpr137c"
"Slc12a5",0.000907351559309615,0.359503966698646,0.606,0.435,1,"13","Slc12a5"
"Rnf1802",0.000929052047566555,0.679705916673799,0.358,0.234,1,"13","Rnf180"
"Rab302",0.000943117519438158,0.761660779984194,0.27,0.162,1,"13","Rab30"
"Epha101",0.000976528923998514,0.621544247469936,0.453,0.318,1,"13","Epha10"
"Srrm43",0.000989728483814259,0.182206257202982,0.642,0.451,1,"13","Srrm4"
"Wwp1",0.00100004431544285,0.797605309238858,0.277,0.171,1,"13","Wwp1"
"Ptprj1",0.00101226392203275,0.543515831942472,0.387,0.261,1,"13","Ptprj"
"Edil33",0.00108518844031878,0.449866356842258,0.562,0.409,1,"13","Edil3"
"Ift81",0.00111996633009815,0.57052261145754,0.409,0.282,1,"13","Ift81"
"Ppargc1b",0.00112792633082319,0.732266087542983,0.38,0.261,1,"13","Ppargc1b"
"Uvrag2",0.00113881828415702,0.681412291734335,0.343,0.228,1,"13","Uvrag"
"Cdh21",0.00114726212202424,0.563284467713004,0.438,0.309,1,"13","Cdh2"
"Aak1",0.00117342318392786,0.321563612682356,0.723,0.556,1,"13","Aak1"
"Ipo111",0.0012141277239366,0.619386192223945,0.307,0.191,1,"13","Ipo11"
"Scn1a4",0.00123149055569501,0.465105709437097,0.723,0.604,1,"13","Scn1a"
"5330434G04Rik2",0.00125717377408388,0.483586974686259,0.584,0.441,1,"13","5330434G04Rik"
"Ano41",0.00126358363890665,0.628252023726833,0.401,0.279,1,"13","Ano4"
"Acaca1",0.00126865667055627,0.401623344179225,0.606,0.463,1,"13","Acaca"
"Sdha",0.00127362357203114,0.830522638128998,0.314,0.211,1,"13","Sdha"
"Trpc52",0.00128530736638979,0.588703680500473,0.518,0.406,1,"13","Trpc5"
"Phf20l1",0.00129187226721097,0.369767075129097,0.62,0.466,1,"13","Phf20l1"
"Hcn13",0.00132047461167519,0.400115262912025,0.423,0.285,1,"13","Hcn1"
"Trappc81",0.00132508046116453,0.591735778541882,0.321,0.202,1,"13","Trappc8"
"Herc11",0.00132611853830866,0.287292631506735,0.927,0.838,1,"13","Herc1"
"Klf123",0.00133708817229688,0.340158616979219,0.591,0.431,1,"13","Klf12"
"Ide2",0.00134645423837736,0.539112603391485,0.496,0.367,1,"13","Ide"
"Bcas31",0.00137161501811199,0.538539285743289,0.504,0.372,1,"13","Bcas3"
"Spg7",0.00137370911937062,0.602333252203008,0.299,0.185,1,"13","Spg7"
"A330023F24Rik1",0.00139205483612827,0.428545611128297,0.635,0.503,1,"13","A330023F24Rik"
"Btbd1",0.00140193610068418,0.686079838585002,0.27,0.164,1,"13","Btbd1"
"Pcgf53",0.00146650426426111,0.616342183538031,0.416,0.292,1,"13","Pcgf5"
"Akap11",0.00147022702006844,0.509631582970647,0.372,0.246,1,"13","Akap11"
"Exoc6b1",0.00153054166058212,0.400455381490354,0.591,0.467,1,"13","Exoc6b"
"Adcy82",0.00161059087042549,0.377556811870528,0.453,0.316,1,"13","Adcy8"
"Me34",0.00167867169265699,0.464252183370814,0.504,0.395,1,"13","Me3"
"Mroh13",0.00173795683242136,0.510554022286529,0.423,0.295,1,"13","Mroh1"
"Airn3",0.00183541282186184,0.63069126871847,0.35,0.234,1,"13","Airn"
"Lin7a3",0.0018539916362402,0.533592075061058,0.445,0.326,1,"13","Lin7a"
"Abhd182",0.00185586693577683,0.604557516424634,0.365,0.247,1,"13","Abhd18"
"Sh3kbp13",0.0018805134111573,0.478879972008731,0.328,0.208,1,"13","Sh3kbp1"
"Lrp1b5",0.00188415102517275,0.319486395767432,0.927,0.932,1,"13","Lrp1b"
"Lyst",0.00190869340326536,0.46934505211048,0.46,0.325,1,"13","Lyst"
"Caprin2",0.00195661184033261,0.644741766500839,0.263,0.161,1,"13","Caprin2"
"Tango22",0.00200119773310916,0.425976251516164,0.555,0.408,1,"13","Tango2"
"Depdc5",0.00217955396338637,0.519971125180448,0.35,0.232,1,"13","Depdc5"
"Slc38a1",0.00224978549207908,0.388808749934159,0.54,0.41,1,"13","Slc38a1"
"Dgkz2",0.00225250378788099,0.433962304560949,0.533,0.398,1,"13","Dgkz"
"Kat6b1",0.00232390667676355,0.464369059142118,0.467,0.334,1,"13","Kat6b"
"Supt31",0.00238613238984688,0.639965444290624,0.307,0.2,1,"13","Supt3"
"Hspa4l",0.00244664087109964,0.455501461461798,0.387,0.259,1,"13","Hspa4l"
"Lrrc49",0.002482549837052,0.503215781435192,0.416,0.294,1,"13","Lrrc49"
"Plekha1",0.00254078417878342,0.561915335371219,0.277,0.172,1,"13","Plekha1"
"Pcca",0.00257029562264833,0.333302398467508,0.584,0.442,1,"13","Pcca"
"Ntm4",0.00262695686969255,0.67242683631168,0.766,0.731,1,"13","Ntm"
"A330076H08Rik",0.00275411368897625,0.180490691780767,0.912,0.843,1,"13","A330076H08Rik"
"Slc8a13",0.00279291895855237,0.159486963632745,0.774,0.618,1,"13","Slc8a1"
"9530036O11Rik2",0.00279754127175625,0.528223502688631,0.307,0.198,1,"13","9530036O11Rik"
"Gabra55",0.00285183738351304,0.595232330515168,0.263,0.163,1,"13","Gabra5"
"Magi27",0.00291032552197602,0.177170348957332,0.985,0.975,1,"13","Magi2"
"Ahcyl21",0.00294519631095482,0.508232176679911,0.431,0.31,1,"13","Ahcyl2"
"Brinp13",0.0030011060058606,0.548158975982343,0.431,0.307,1,"13","Brinp1"
"Arhgap21",0.00300853135267801,0.374088609755745,0.591,0.449,1,"13","Arhgap21"
"Ankrd553",0.00301167449813375,0.421073668655041,0.401,0.276,1,"13","Ankrd55"
"Reep14",0.00301649956680938,0.365153413934911,0.504,0.368,1,"13","Reep1"
"Myo9a1",0.00309752133259962,0.323555507485275,0.766,0.654,1,"13","Myo9a"
"Pip5k1b2",0.00314482898263127,0.494121137286643,0.409,0.291,1,"13","Pip5k1b"
"Spaca61",0.00318122094738488,0.490171628019553,0.365,0.247,1,"13","Spaca6"
"C530008M17Rik3",0.00321859242503789,0.327899879986145,0.672,0.55,1,"13","C530008M17Rik"
"Col11a13",0.00322653508429623,0.207952532072832,0.453,0.303,1,"13","Col11a1"
"Ndrg3",0.00323073745736752,0.780469151003726,0.263,0.171,1,"13","Ndrg3"
"Prkag22",0.00329707437032375,0.378504928628702,0.438,0.302,1,"13","Prkag2"
"Zfyve91",0.00338504026590001,0.408565238623226,0.518,0.383,1,"13","Zfyve9"
"Zranb1",0.00338707300318493,0.416817962473558,0.482,0.345,1,"13","Zranb1"
"Scaf8",0.00347953994045175,0.351975670072387,0.569,0.437,1,"13","Scaf8"
"Cdc37l1",0.0035950051057096,0.568071132463444,0.416,0.309,1,"13","Cdc37l1"
"Zkscan2",0.00361240158930186,0.55584306372777,0.343,0.231,1,"13","Zkscan2"
"Ubxn41",0.00362468010100067,0.307966776380981,0.547,0.404,1,"13","Ubxn4"
"Hecw12",0.00362653280524854,0.333075039038962,0.774,0.645,1,"13","Hecw1"
"Grik42",0.00363533700803521,0.457114763325068,0.518,0.399,1,"13","Grik4"
"Tmx3",0.00368322287429374,0.577939545928373,0.27,0.171,1,"13","Tmx3"
"Aftph1",0.00369013381305327,0.499137978220775,0.343,0.231,1,"13","Aftph"
"Cpne43",0.00371567809190984,0.361596450307649,0.358,0.239,1,"13","Cpne4"
"Apba21",0.00374694808222518,0.42693175782869,0.562,0.43,1,"13","Apba2"
"Dmxl1",0.00377282154046206,0.500161199221775,0.504,0.384,1,"13","Dmxl1"
"Trpm2",0.00409484401149976,0.675764782975699,0.277,0.18,1,"13","Trpm2"
"Gm98561",0.0041119881270086,0.708653530321032,0.277,0.183,1,"13","Gm9856"
"Srgap21",0.00411432216823259,0.384537138836817,0.62,0.503,1,"13","Srgap2"
"Patj1",0.00425669922184934,0.603940273522028,0.321,0.216,1,"13","Patj"
"Apbb2",0.00427764141968532,0.405584462684986,0.547,0.421,1,"13","Apbb2"
"Arfgef31",0.0044115737430577,0.457685111243502,0.474,0.349,1,"13","Arfgef3"
"Rerg3",0.00448625527048254,0.392324304621408,0.314,0.204,1,"13","Rerg"
"Slc6a11",0.00456211820351625,0.401695794452223,0.423,0.298,1,"13","Slc6a1"
"Stxbp5l3",0.00484341719232963,0.332729331909471,0.584,0.438,1,"13","Stxbp5l"
"Ank23",0.00485300971847107,0.172355830110174,0.985,0.984,1,"13","Ank2"
"Scamp1",0.00494638734640136,0.548395270314358,0.277,0.179,1,"13","Scamp1"
"Far1",0.00514560027569657,0.533660743106825,0.336,0.231,1,"13","Far1"
"Mysm1",0.0051685866816093,0.517375288142542,0.35,0.244,1,"13","Mysm1"
"Gabrb23",0.0052095373687835,0.698325823479272,0.365,0.268,1,"13","Gabrb2"
"Lrig2",0.00548160517556636,0.507834520932936,0.321,0.216,1,"13","Lrig2"
"Zdhhc20",0.00549618857510955,0.394777707728403,0.467,0.344,1,"13","Zdhhc20"
"Rmnd1",0.00558437814686794,0.753047649679486,0.255,0.168,1,"13","Rmnd1"
"Stmn22",0.00566318624900343,0.435355416756674,0.38,0.267,1,"13","Stmn2"
"Nr6a12",0.00583429229272701,0.40992993296095,0.394,0.281,1,"13","Nr6a1"
"Ago31",0.00587130376218526,0.432039934434751,0.453,0.335,1,"13","Ago3"
"Fbxw71",0.00595080981742939,0.684538871749196,0.27,0.178,1,"13","Fbxw7"
"Aff41",0.00601528849015529,0.363740959585116,0.496,0.372,1,"13","Aff4"
"Guf11",0.00605939539001983,0.636598593192225,0.299,0.204,1,"13","Guf1"
"Msantd2",0.00624563680155944,0.613647515250632,0.321,0.222,1,"13","Msantd2"
"Pdcd71",0.00636832557924501,0.46431164529935,0.453,0.325,1,"13","Pdcd7"
"Tmem132a3",0.00646696173245942,0.537539412766983,0.314,0.214,1,"13","Tmem132a"
"Gm458471",0.00656414104226571,0.428091862094555,0.328,0.221,1,"13","Gm45847"
"Pclo2",0.00657755194490906,0.167964768880585,0.956,0.939,1,"13","Pclo"
"Rian1",0.00658159212937819,0.161717706484093,0.985,0.949,1,"13","Rian"
"Hs3st53",0.00659371803243693,0.454018083273496,0.38,0.272,1,"13","Hs3st5"
"Snx14",0.00662946456869005,0.591227697874229,0.299,0.204,1,"13","Snx14"
"Rsrc11",0.00676179189239772,0.373050498536593,0.372,0.256,1,"13","Rsrc1"
"Zbtb204",0.00678479058799653,0.389896892065611,0.613,0.491,1,"13","Zbtb20"
"Hecw2",0.0067978709664196,0.461155928546932,0.416,0.304,1,"13","Hecw2"
"Iqgap11",0.00694166910480882,0.66861886851878,0.336,0.241,1,"13","Iqgap1"
"Synj2bp1",0.0069891547891565,0.498767232534079,0.372,0.271,1,"13","Synj2bp"
"Snx292",0.00710841345183556,0.473079316867866,0.409,0.298,1,"13","Snx29"
"Strbp2",0.00712964954346447,0.318272187092805,0.672,0.568,1,"13","Strbp"
"Eea11",0.00714828907605451,0.353012745300048,0.445,0.322,1,"13","Eea1"
"Aopep",0.00746430072002826,0.474432259543141,0.46,0.353,1,"13","Aopep"
"Map3k2",0.0074972295713771,0.571982090631973,0.27,0.177,1,"13","Map3k2"
"Spock2",0.00753823195181074,0.358296369577938,0.628,0.485,1,"13","Spock2"
"Hs2st12",0.00762274334049121,0.512499666601498,0.321,0.22,1,"13","Hs2st1"
"Dgkq2",0.00776233718986052,0.55584306372777,0.328,0.226,1,"13","Dgkq"
"Slf11",0.00793788542189977,0.520281774666942,0.387,0.281,1,"13","Slf1"
"Ap1b12",0.00800284652514291,0.454292667892221,0.38,0.271,1,"13","Ap1b1"
"Sfxn51",0.00810243274281723,0.591310977525644,0.321,0.226,1,"13","Sfxn5"
"Zc2hc1a",0.00818255130039051,0.41829551443454,0.35,0.244,1,"13","Zc2hc1a"
"Atxn71",0.00831614130341982,0.46934505211048,0.336,0.236,1,"13","Atxn7"
"Zfp6091",0.00839110546675422,0.407910765324298,0.489,0.368,1,"13","Zfp609"
"Usp33",0.00853477064565294,0.482518707298768,0.401,0.297,1,"13","Usp33"
"Fbxw41",0.00863463988736606,0.491902242898262,0.336,0.235,1,"13","Fbxw4"
"Oxct11",0.00881550976709586,0.323516599973094,0.526,0.399,1,"13","Oxct1"
"Cep70",0.00891872318575408,0.493928918907718,0.38,0.28,1,"13","Cep70"
"Ankrd261",0.00893621254429883,0.461608605590764,0.394,0.29,1,"13","Ankrd26"
"Ythdc2",0.0091473674850684,0.601534685351054,0.27,0.182,1,"13","Ythdc2"
"Xkr41",0.0092484615180945,0.217711018894391,0.949,0.91,1,"13","Xkr4"
"Ankrd102",0.00927357408870158,0.351181318576003,0.394,0.28,1,"13","Ankrd10"
"Nemf",0.00978272560578991,0.414253042659004,0.533,0.432,1,"13","Nemf"
"Pds5a",0.00998595891036957,0.531444089225295,0.343,0.252,1,"13","Pds5a"
"Trpc44",1.52348582370051e-38,2.22577121809029,0.627,0.192,2.67173708902359e-34,"14","Trpc4"
"Prdm162",2.79701023723205e-37,2.0644274736584,0.493,0.114,4.90511685303384e-33,"14","Prdm16"
"Zfp804b3",3.99053660576284e-34,1.88610892564801,0.851,0.45,6.99820404552629e-30,"14","Zfp804b"
"Six31",6.187751262977e-32,2.19403465730463,0.41,0.094,1.08514593898828e-27,"14","Six3"
"Gfra11",6.55523265320954e-32,2.15833059562295,0.507,0.139,1.14959115039336e-27,"14","Gfra1"
"Sox61",8.42567137046001e-29,2.20189263092053,0.425,0.113,1.47760998823757e-24,"14","Sox6"
"Arhgap63",5.98204480883388e-24,1.91843002523287,0.507,0.179,1.0490711981252e-19,"14","Arhgap6"
"Kcnmb21",9.60729682803785e-22,2.20558287824113,0.403,0.127,1.684831644733e-17,"14","Kcnmb2"
"Myo101",3.57672679565125e-21,1.89505333227813,0.373,0.108,6.2725057815336e-17,"14","Myo10"
"Six3os1",5.08467263136087e-20,2.04151196012322,0.276,0.065,8.91699039361756e-16,"14","Six3os1"
"Zfhx37",4.84689318567365e-19,0.887430289708597,0.933,0.689,8.49999657971587e-15,"14","Zfhx3"
"Vwa5b12",5.61703959003312e-19,1.67277037701987,0.478,0.179,9.85060232904109e-15,"14","Vwa5b1"
"Aff22",5.52880547256741e-18,1.48058220100408,0.649,0.335,9.69586615724146e-14,"14","Aff2"
"Grm53",1.26454076193701e-16,1.01976206765798,0.91,0.844,2.21762513420894e-12,"14","Grm5"
"Ryr32",4.2394472958522e-16,1.07724907486035,0.821,0.593,7.434718722736e-12,"14","Ryr3"
"Bicc1",1.95156370975013e-15,1.8122404500616,0.321,0.102,3.42245727778881e-11,"14","Bicc1"
"Adgrb34",5.30508789420498e-15,0.685418070316686,0.985,0.941,9.30353264006727e-11,"14","Adgrb3"
"Slc24a33",5.94594966690677e-15,1.12904381451341,0.754,0.48,1.04274119308544e-10,"14","Slc24a3"
"Ano12",6.15997664525356e-14,1.70207387762992,0.269,0.081,1.08027510427812e-09,"14","Ano1"
"Pcdh74",1.28960561412209e-13,0.953661149828937,0.821,0.581,2.26158136548592e-09,"14","Pcdh7"
"Atp2b41",1.00224976745486e-12,1.33578699806008,0.5,0.239,1.75764541718558e-08,"14","Atp2b4"
"Unc5d5",3.06851606969193e-12,0.730450523054797,0.903,0.688,5.38125663141875e-08,"14","Unc5d"
"Syt15",3.71949251159695e-12,0.642278803626568,0.955,0.912,6.52287401758757e-08,"14","Syt1"
"Zic11",4.15958406452544e-12,1.60113383627167,0.269,0.089,7.29466257395826e-08,"14","Zic1"
"Vldlr",8.483856870935e-12,1.67010760064061,0.299,0.109,1.48781397945587e-07,"14","Vldlr"
"Ntm5",3.09203977502396e-11,0.738803531465741,0.881,0.727,5.42251015345951e-07,"14","Ntm"
"Dscam6",3.92591851795484e-11,0.547979987366685,0.948,0.858,6.88488330493739e-07,"14","Dscam"
"Clstn24",5.47109558966508e-11,1.01600714104275,0.627,0.363,9.59466033559565e-07,"14","Clstn2"
"Kctd162",5.82171740116129e-11,1.1847397275615,0.619,0.363,1.02095458064166e-06,"14","Kctd16"
"Ptprk2",6.93478382951328e-11,1.46976794003394,0.44,0.223,1.21615304018174e-06,"14","Ptprk"
"Zfp5212",1.72650955261397e-10,1.57043987866703,0.313,0.128,3.02777980241912e-06,"14","Zfp521"
"Cacna1e3",5.66193124413379e-10,0.649321837392016,0.851,0.66,9.92932882283744e-06,"14","Cacna1e"
"Prr163",8.29760525682167e-10,0.919484673335857,0.537,0.289,1.45515103388882e-05,"14","Prr16"
"Gria33",8.74552126363836e-10,0.689972354986744,0.761,0.546,1.53370206400426e-05,"14","Gria3"
"Phactr12",1.64053679826777e-09,0.779539813111216,0.925,0.839,2.87700938312219e-05,"14","Phactr1"
"Ldb22",1.98222408712881e-09,1.0583942290988,0.47,0.247,3.4762263815978e-05,"14","Ldb2"
"Tenm22",2.31010983648779e-09,0.852922684957658,0.858,0.798,4.05123962024864e-05,"14","Tenm2"
"Rgs61",2.39708668505613e-09,1.76333084958066,0.343,0.159,4.20377091958293e-05,"14","Rgs6"
"Rasgrf22",2.7303401205232e-09,1.01044773264186,0.59,0.366,4.78819746936153e-05,"14","Rasgrf2"
"Pcdh94",8.67044593271545e-09,0.723267639471351,0.94,0.869,0.000152053610322031,"14","Pcdh9"
"Prkca3",9.47856572231183e-09,1.19208852087815,0.597,0.381,0.000166225607072183,"14","Prkca"
"Rps6ka23",1.17806450708864e-08,0.904614598321877,0.507,0.287,0.000206597172608135,"14","Rps6ka2"
"Ntrk21",1.20804320773155e-08,0.574599201656206,0.828,0.668,0.000211854537339882,"14","Ntrk2"
"4930598N05Rik",1.22273895187285e-08,1.214221796515,0.254,0.098,0.000214431729989941,"14","4930598N05Rik"
"Zbtb7c4",1.37413009715656e-08,1.23953021016446,0.388,0.195,0.000240981195138347,"14","Zbtb7c"
"Plekha72",1.6762370528313e-08,1.00756462819988,0.493,0.28,0.000293961691955025,"14","Plekha7"
"Vsnl13",2.09323103222068e-08,0.925785676083606,0.649,0.453,0.000367089926120541,"14","Vsnl1"
"Dgkg3",2.13002348020621e-08,1.08686526725633,0.597,0.386,0.000373542217723764,"14","Dgkg"
"Klf124",2.28867405779476e-08,0.904388835691162,0.627,0.429,0.000401364769515467,"14","Klf12"
"Pclo3",2.81223064124125e-08,0.472390447176977,0.978,0.939,0.000493180887554478,"14","Pclo"
"Zfp4234",3.59367432080218e-08,0.826791635829454,0.44,0.227,0.000630222665639079,"14","Zfp423"
"Htr7",3.86415909098102e-08,1.35890490675371,0.269,0.114,0.000677657579785341,"14","Htr7"
"Ripor23",3.89873224993133e-08,0.949743973811537,0.567,0.352,0.000683720674670457,"14","Ripor2"
"Astn25",4.97400864714382e-08,0.540455907297815,0.836,0.667,0.000872291896449612,"14","Astn2"
"Grm32",5.08998529278604e-08,1.61119293112351,0.328,0.165,0.000892630720795887,"14","Grm3"
"Hs6st23",5.89647225319386e-08,1.00176618615982,0.388,0.196,0.00103406433904261,"14","Hs6st2"
"Rgs201",6.19342531050781e-08,1.24430109718276,0.433,0.247,0.00108614099670375,"14","Rgs20"
"Lrrc4c5",9.0688435640708e-08,0.447432233196458,0.955,0.888,0.0015904030958311,"14","Lrrc4c"
"Ildr22",1.30356833914815e-07,1.00946261001856,0.41,0.219,0.0022860677963641,"14","Ildr2"
"Rasgrf12",1.35381105463493e-07,0.489799374132918,0.925,0.771,0.00237417844651327,"14","Rasgrf1"
"Fndc3b2",1.43673630863944e-07,1.04883553621814,0.418,0.235,0.00251960446446099,"14","Fndc3b"
"Rbfox22",1.43747366760919e-07,0.6452657462546,0.724,0.509,0.00252089757088624,"14","Rbfox2"
"Nrxn37",1.81748990916214e-07,0.395148106004864,0.993,0.946,0.00318733205369765,"14","Nrxn3"
"Gm1604a2",2.16581387966208e-07,0.923260052310851,0.485,0.291,0.00379818780076338,"14","Gm1604a"
"Ldlrad43",2.9534399060202e-07,0.865526792064852,0.463,0.267,0.00517944756318762,"14","Ldlrad4"
"Cpne73",3.34631521540773e-07,0.690877202192972,0.537,0.313,0.00586843299326054,"14","Cpne7"
"Enox13",4.44057890861421e-07,0.846667459822724,0.716,0.541,0.00778744323203673,"14","Enox1"
"Kcnma12",8.88314449310521e-07,0.51517171556713,0.843,0.685,0.0155783704975586,"14","Kcnma1"
"Tnr4",9.10266980830026e-07,0.785487722455917,0.649,0.462,0.0159633520428162,"14","Tnr"
"Cacna2d25",1.05412351831393e-06,0.588287514737537,0.776,0.567,0.0184861641406714,"14","Cacna2d2"
"Ecel12",1.07762487334681e-06,1.12095767122242,0.299,0.146,0.0188983074038831,"14","Ecel1"
"Gm289055",1.30995964715117e-06,0.903037224985037,0.619,0.432,0.02297276233209,"14","Gm28905"
"Gnal1",1.53888251870969e-06,0.830856128228949,0.507,0.322,0.0269873827306118,"14","Gnal"
"Rorb2",1.59666912067136e-06,1.29698692115185,0.291,0.149,0.0280007863692136,"14","Rorb"
"Tmem132b2",1.70176082082721e-06,0.728364002384246,0.515,0.318,0.0298437795148467,"14","Tmem132b"
"Cdh222",2.07473649898488e-06,0.947546418107291,0.388,0.217,0.0363846539826978,"14","Cdh22"
"Itpr12",2.08226226535119e-06,1.2957667951752,0.366,0.208,0.0365166333474638,"14","Itpr1"
"Dpp102",2.50546945811526e-06,0.677111924205098,0.776,0.577,0.0439384178869674,"14","Dpp10"
"Rfx31",2.85948138585286e-06,0.908916469473276,0.41,0.237,0.0501467250637016,"14","Rfx3"
"Sdk12",2.91543253465088e-06,0.683107331297548,0.575,0.384,0.0511279403601724,"14","Sdk1"
"Rars2",3.25754961061955e-06,0.905794513122311,0.358,0.193,0.0571276475214351,"14","Rars2"
"Rapgef3",4.20669844601285e-06,1.12428963590768,0.254,0.119,0.0737728706477273,"14","Rapgef3"
"Dip2c3",4.27034091902531e-06,0.574194764413669,0.739,0.589,0.0748889686969468,"14","Dip2c"
"Cx3cl1",4.49524684707295e-06,1.01791547645312,0.261,0.124,0.0788331439571183,"14","Cx3cl1"
"Nos1ap2",4.77702093039842e-06,0.731289078441566,0.425,0.246,0.0837746160563971,"14","Nos1ap"
"A230057D06Rik3",4.93449250579718e-06,0.384809611895961,0.985,0.973,0.0865361950741652,"14","A230057D06Rik"
"Ahdc11",9.32433309216797e-06,0.817887013202744,0.381,0.216,0.16352082943735,"14","Ahdc1"
"Stag11",9.95190869575664e-06,0.612362226517662,0.664,0.493,0.174526622797484,"14","Stag1"
"Syt163",1.915575921354e-05,0.687585255434607,0.493,0.325,0.33593454932785,"14","Syt16"
"Setbp14",2.05035109714237e-05,0.677926795751965,0.619,0.461,0.359570071905858,"14","Setbp1"
"Cacnb43",2.12987271285727e-05,0.840680867786573,0.552,0.408,0.373515777653779,"14","Cacnb4"
"Fam155a7",2.32052925384996e-05,0.269903567285069,0.993,0.973,0.406951215247668,"14","Fam155a"
"Sgce1",2.38505319155579e-05,1.04547884760984,0.269,0.139,0.418266778203139,"14","Sgce"
"Arhgap321",2.44403390562531e-05,0.673717547758424,0.448,0.276,0.428610226029511,"14","Arhgap32"
"Ptprm3",2.53398772049733e-05,0.393170299677156,0.545,0.345,0.444385426543617,"14","Ptprm"
"Zmat42",2.58892080423897e-05,0.945689111971349,0.455,0.307,0.454019041439388,"14","Zmat4"
"Cntn44",2.59686487989243e-05,0.969773347689933,0.522,0.382,0.455412193986735,"14","Cntn4"
"Ano3",2.67826209530564e-05,1.17213639514799,0.254,0.131,0.46968682365375,"14","Ano3"
"Plcb12",2.69039703823891e-05,0.616952232507984,0.687,0.551,0.471814928595958,"14","Plcb1"
"Rasal22",2.73831356138941e-05,0.66281769173249,0.575,0.4,0.480218049260861,"14","Rasal2"
"Gap431",2.94410027398783e-05,0.765680121526067,0.448,0.283,0.516306865049246,"14","Gap43"
"Efcab13",2.94809695358223e-05,0.919996630417485,0.313,0.171,0.517007762749716,"14","Efcab1"
"Tmem1633",3.2498039942463e-05,0.727351552475089,0.276,0.142,0.569918126470973,"14","Tmem163"
"Slc44a54",3.35186020211802e-05,0.848205947349475,0.358,0.21,0.587815723645437,"14","Slc44a5"
"Mbnl22",3.38300797606943e-05,0.535400244702778,0.59,0.415,0.593278108763295,"14","Mbnl2"
"Vapb",4.02762534554433e-05,0.941570042365837,0.276,0.146,0.706324656848109,"14","Vapb"
"Bbs92",4.09844728922873e-05,0.529537754915999,0.522,0.338,0.718744701112042,"14","Bbs9"
"Tpm1",4.30588980873074e-05,0.9462294896353,0.261,0.135,0.755123895757109,"14","Tpm1"
"Pde7b1",4.79743628535533e-05,0.581759299998563,0.381,0.227,0.841326401362764,"14","Pde7b"
"Igf1r2",4.99968528332863e-05,0.677080866779966,0.448,0.286,0.876794808137342,"14","Igf1r"
"Fam135b3",5.10212704678207e-05,0.772894814212434,0.448,0.288,0.894760020194172,"14","Fam135b"
"Slc8a14",5.29593637174597e-05,0.616210148511574,0.731,0.62,0.928748361513091,"14","Slc8a1"
"Dennd1a2",5.60489299540924e-05,0.40760976584399,0.776,0.593,0.982930084604919,"14","Dennd1a"
"Thsd41",6.31503301295832e-05,0.76071014942152,0.328,0.191,1,"14","Thsd4"
"Cttnbp21",6.60559591179653e-05,0.678535636532043,0.53,0.371,1,"14","Cttnbp2"
"Kcnh12",7.3532844961916e-05,0.710486951260869,0.351,0.201,1,"14","Kcnh1"
"Celf22",8.12207005963679e-05,0.841974101208412,0.716,0.637,1,"14","Celf2"
"Il1rapl14",8.93362080332238e-05,0.415568828697791,0.91,0.848,1,"14","Il1rapl1"
"Atxn13",9.3889699240087e-05,0.445258810825611,0.769,0.595,1,"14","Atxn1"
"Usp294",9.51183840433432e-05,0.323074061293385,0.955,0.908,1,"14","Usp29"
"Cdh73",9.73303833065742e-05,0.83942846150738,0.299,0.168,1,"14","Cdh7"
"Mdga24",9.89541878141003e-05,0.330454534523387,0.948,0.939,1,"14","Mdga2"
"Tmem178b3",0.000101165280523798,0.46385881355586,0.813,0.698,1,"14","Tmem178b"
"Cntn53",0.000102245994547023,0.593078341270047,0.806,0.775,1,"14","Cntn5"
"Itm2c",0.000106261366028724,0.692023367874211,0.299,0.165,1,"14","Itm2c"
"Tspan71",0.00010652849122593,0.691900991502869,0.44,0.291,1,"14","Tspan7"
"E130308A19Rik1",0.000122031807801364,0.877374281791898,0.306,0.176,1,"14","E130308A19Rik"
"Sik32",0.000123691092614015,0.446892166689834,0.687,0.505,1,"14","Sik3"
"Atp2b23",0.000126959528228914,0.387236323918077,0.806,0.654,1,"14","Atp2b2"
"Nsun71",0.000131290585807644,0.713049960156524,0.41,0.261,1,"14","Nsun7"
"Adam22",0.000134361764053975,0.445237076671457,0.784,0.626,1,"14","Adam22"
"Tle45",0.000137249704687017,0.980440771034453,0.343,0.212,1,"14","Tle4"
"Ubxn11",0.000140316867763921,0.99535772266461,0.269,0.149,1,"14","Ubxn11"
"Lncpint2",0.000145221320947323,0.379728518929997,0.776,0.62,1,"14","Lncpint"
"R3hdm11",0.00014741740150079,0.46138348347129,0.739,0.567,1,"14","R3hdm1"
"1600020E01Rik",0.000148814614562942,0.834266756391601,0.269,0.147,1,"14","1600020E01Rik"
"Casc41",0.000154627679697979,0.435373440920435,0.537,0.351,1,"14","Casc4"
"L3mbtl3",0.000158029765348564,1.03092573006689,0.276,0.16,1,"14","L3mbtl3"
"Tmem1963",0.000158131846794046,0.933878652108212,0.276,0.156,1,"14","Tmem196"
"Kalrn3",0.000158742251371415,0.316867539483079,0.955,0.881,1,"14","Kalrn"
"Katnal2",0.000159100768055177,0.981234259939353,0.254,0.14,1,"14","Katnal2"
"Atp2a22",0.00016093486173229,0.834096033352423,0.358,0.221,1,"14","Atp2a2"
"Nlgn15",0.000175803266276029,0.389082762004683,0.97,0.91,1,"14","Nlgn1"
"Rims23",0.000193106515584541,0.387209239784807,0.888,0.823,1,"14","Rims2"
"Sybu",0.000197742847413301,0.754154088975878,0.478,0.337,1,"14","Sybu"
"Samd122",0.000216126802994166,0.492361092596213,0.694,0.547,1,"14","Samd12"
"Zcchc71",0.000228484339716766,0.472930276946003,0.687,0.531,1,"14","Zcchc7"
"Tmem1081",0.000229471433193278,0.594024820616924,0.545,0.405,1,"14","Tmem108"
"Sobp3",0.000236874632436815,0.519994123011321,0.612,0.453,1,"14","Sobp"
"Luc7l21",0.000237693056968802,0.434116908865596,0.731,0.575,1,"14","Luc7l2"
"Plcl14",0.000242248924666731,0.684959786027784,0.433,0.285,1,"14","Plcl1"
"9930021J03Rik2",0.0002617217805294,0.66996249314059,0.463,0.312,1,"14","9930021J03Rik"
"Kcnip21",0.00026855439956298,0.880991282557246,0.313,0.191,1,"14","Kcnip2"
"Fndc3a3",0.000281275041624867,0.668115701402479,0.478,0.333,1,"14","Fndc3a"
"Xrn1",0.000285598846130567,0.495192036041072,0.612,0.47,1,"14","Xrn1"
"Mboat23",0.000297047104362204,0.939727263899621,0.313,0.193,1,"14","Mboat2"
"Pag1",0.00030742120061677,0.942090401268102,0.269,0.155,1,"14","Pag1"
"Chchd6",0.000311287366676769,0.708404639077062,0.381,0.244,1,"14","Chchd6"
"Nphp4",0.000325444632642507,0.79520200506861,0.269,0.153,1,"14","Nphp4"
"Kcnn23",0.000352535804031411,0.594938027534057,0.507,0.356,1,"14","Kcnn2"
"Ctdspl3",0.000357282866871885,0.626626517734893,0.47,0.325,1,"14","Ctdspl"
"Prkn4",0.000358278466865536,0.34983113162441,0.858,0.789,1,"14","Prkn"
"Mapk11",0.000383088104996449,0.60886015143381,0.388,0.245,1,"14","Mapk1"
"Sntg14",0.00038671611117937,0.603348140137824,0.873,0.932,1,"14","Sntg1"
"Cux12",0.000390633481977382,0.568009889890604,0.463,0.314,1,"14","Cux1"
"Map21",0.000392463068625828,0.343852383095742,0.866,0.753,1,"14","Map2"
"Cntn12",0.000397653091678369,0.374852683559276,0.784,0.622,1,"14","Cntn1"
"Sulf23",0.000400297902952206,0.791596140145578,0.351,0.226,1,"14","Sulf2"
"Rreb13",0.00040159940046886,0.656187623200847,0.306,0.185,1,"14","Rreb1"
"Sgms11",0.000414788490615618,0.625195178765039,0.396,0.252,1,"14","Sgms1"
"Ube2b1",0.000422123140788812,0.477749853351348,0.657,0.522,1,"14","Ube2b"
"Adgrl1",0.000424577019999297,0.379820872554522,0.649,0.478,1,"14","Adgrl1"
"Pip5k1b3",0.000437627854284395,0.47197071918473,0.448,0.29,1,"14","Pip5k1b"
"Eif2ak41",0.000476148448871866,0.6295141663962,0.388,0.252,1,"14","Eif2ak4"
"9330159F19Rik",0.000499996670463713,0.482732718000979,0.537,0.383,1,"14","9330159F19Rik"
"Dner2",0.000509680986366565,0.470513412605201,0.619,0.463,1,"14","Dner"
"Foxp14",0.000528954732378077,0.557751153360817,0.537,0.394,1,"14","Foxp1"
"Cntnap45",0.000529403441265858,0.638500474935123,0.41,0.279,1,"14","Cntnap4"
"Pou2f24",0.000552844893730601,0.534526148922698,0.545,0.38,1,"14","Pou2f2"
"Lpp2",0.000575601700331496,0.694571685750714,0.284,0.167,1,"14","Lpp"
"Cpe2",0.000575945850390034,0.602787084432652,0.507,0.381,1,"14","Cpe"
"Rnf10",0.000592517297763073,0.828728572850171,0.254,0.146,1,"14","Rnf10"
"Lrrfip11",0.000618220135620864,0.456411948555949,0.545,0.386,1,"14","Lrrfip1"
"Chga2",0.000634782142999526,0.803033685944975,0.351,0.228,1,"14","Chga"
"Rbm39",0.000634785311632946,0.325377390775841,0.799,0.722,1,"14","Rbm39"
"Fgf122",0.000636349071892816,0.325596689529537,0.933,0.876,1,"14","Fgf12"
"Syt71",0.000646520289911427,0.54165923517446,0.507,0.359,1,"14","Syt7"
"Shtn13",0.000651639344268842,0.638500474935123,0.485,0.348,1,"14","Shtn1"
"Pcdh155",0.000685309249525581,0.432526079726215,0.769,0.709,1,"14","Pcdh15"
"Sh3rf32",0.000713997281884765,0.502429273558361,0.485,0.334,1,"14","Sh3rf3"
"Wac1",0.000714223477720156,0.887153016480546,0.291,0.183,1,"14","Wac"
"Exoc42",0.000721055902661983,0.453500778876647,0.627,0.465,1,"14","Exoc4"
"Pafah1b11",0.000721354441032517,0.44289229959607,0.642,0.491,1,"14","Pafah1b1"
"Ubash3b2",0.00072292849179252,0.685255970836245,0.321,0.202,1,"14","Ubash3b"
"Dgki4",0.000733960934262928,0.537804336312068,0.612,0.469,1,"14","Dgki"
"Map2k43",0.000758177954224796,0.617814486766676,0.455,0.319,1,"14","Map2k4"
"Akap13",0.000763811411768248,0.799184297236156,0.276,0.166,1,"14","Akap13"
"1700025G04Rik1",0.000795731651999292,0.709132273552134,0.403,0.271,1,"14","1700025G04Rik"
"Pacrg3",0.000828327920158161,0.623533148630323,0.381,0.248,1,"14","Pacrg"
"Nrp23",0.000834783316889663,0.518341711900725,0.47,0.327,1,"14","Nrp2"
"Csmd15",0.000850226300156402,0.35424653348419,0.933,0.941,1,"14","Csmd1"
"Cfap69",0.000853017435429376,0.762116970635766,0.306,0.192,1,"14","Cfap69"
"Ptpn41",0.000878000153819018,0.570660419909727,0.47,0.334,1,"14","Ptpn4"
"Slc4a102",0.000879040601298706,0.64181303000342,0.425,0.3,1,"14","Slc4a10"
"Tshz26",0.000882486522779934,0.412347156342437,0.634,0.493,1,"14","Tshz2"
"Alms12",0.000898188317864892,0.726707635909662,0.343,0.223,1,"14","Alms1"
"Ncald3",0.000907465999919261,0.443332121511959,0.515,0.371,1,"14","Ncald"
"Tox22",0.000916993561134746,0.503301337171809,0.418,0.276,1,"14","Tox2"
"Grin2a1",0.000919919789998952,0.518191387749677,0.612,0.488,1,"14","Grin2a"
"Pced1b2",0.000981472328586075,0.68518209823115,0.328,0.213,1,"14","Pced1b"
"Auts22",0.000984056864567312,0.299156139756519,0.836,0.765,1,"14","Auts2"
"Gpatch2",0.00101538997481055,0.731750532201234,0.343,0.225,1,"14","Gpatch2"
"Pogz1",0.00102209045110608,0.653934531886123,0.381,0.252,1,"14","Pogz"
"Dexi",0.00102331902055813,0.75294326637783,0.254,0.148,1,"14","Dexi"
"Stxbp5l4",0.00102763561123894,0.547590613316606,0.575,0.439,1,"14","Stxbp5l"
"Sox2ot3",0.00104749373131059,0.0687619554396757,0.493,0.336,1,"14","Sox2ot"
"Cep1261",0.00107631894578907,0.704856914688003,0.306,0.192,1,"14","Cep126"
"Adcyap1r11",0.00111113721029751,0.683373855414487,0.321,0.203,1,"14","Adcyap1r1"
"Tusc3",0.00111989060436055,0.722103474512937,0.299,0.185,1,"14","Tusc3"
"Nr2c2",0.00114271690359423,0.842360438437938,0.269,0.162,1,"14","Nr2c2"
"Zfyve92",0.00116295175286747,0.456584172949726,0.53,0.383,1,"14","Zfyve9"
"Hivep21",0.00117583713544251,0.466661087109594,0.597,0.45,1,"14","Hivep2"
"Myt1l1",0.00126215096439909,0.303994144310282,0.881,0.87,1,"14","Myt1l"
"Naa35",0.00130204897483088,0.609893970926912,0.313,0.196,1,"14","Naa35"
"Zfr1",0.00132107537067673,0.440854396342568,0.56,0.413,1,"14","Zfr"
"Wwc11",0.0013469828374086,0.595639987246671,0.299,0.184,1,"14","Wwc1"
"Cyld1",0.00144557317100139,0.677720784750488,0.343,0.228,1,"14","Cyld"
"Plcxd35",0.00154310414420497,0.530312951380078,0.478,0.35,1,"14","Plcxd3"
"Wwox2",0.0015994797645393,0.399399337541783,0.769,0.669,1,"14","Wwox"
"Sfmbt11",0.0016380371003585,0.573877071813371,0.366,0.244,1,"14","Sfmbt1"
"Prnp",0.00169560935466148,0.720081025977086,0.254,0.153,1,"14","Prnp"
"Mmp162",0.00173300442605573,0.380382886714833,0.634,0.502,1,"14","Mmp16"
"Uhrf22",0.00179843559238134,0.790087307823052,0.276,0.174,1,"14","Uhrf2"
"Klhl33",0.0018370911465736,0.478633038821249,0.448,0.319,1,"14","Klhl3"
"Fgf143",0.00186204522490404,0.184990191397646,1,0.994,1,"14","Fgf14"
"Esrrg2",0.00191796833725893,0.616653772636875,0.425,0.305,1,"14","Esrrg"
"Akt32",0.00197457679502806,0.507566036506052,0.5,0.367,1,"14","Akt3"
"Camk2d",0.00197744337370186,0.479274428428768,0.507,0.376,1,"14","Camk2d"
"Rgs73",0.00202688759299606,0.277627262719577,0.746,0.595,1,"14","Rgs7"
"Grip13",0.00203294061401497,0.333463725421417,0.881,0.78,1,"14","Grip1"
"Cnksr21",0.00208494996098383,0.576181566529541,0.366,0.249,1,"14","Cnksr2"
"Aatk1",0.00219007473661141,0.503845510827933,0.41,0.287,1,"14","Aatk"
"Sh3kbp14",0.00221071020452841,0.786139661738579,0.313,0.209,1,"14","Sh3kbp1"
"Spred22",0.00225840888071838,0.745699594051206,0.366,0.255,1,"14","Spred2"
"Hs2st13",0.0022928959319819,0.625372702995846,0.336,0.219,1,"14","Hs2st1"
"Zim12",0.00229870937843318,0.749191998737498,0.381,0.267,1,"14","Zim1"
"Cep95",0.00230237447470501,0.718511628069524,0.269,0.168,1,"14","Cep95"
"Khdrbs32",0.00230252121505207,0.75382376383628,0.261,0.161,1,"14","Khdrbs3"
"Mrtfb1",0.00235311961831585,0.591290002899061,0.493,0.382,1,"14","Mrtfb"
"Grik35",0.0023584209148181,0.177954411737649,0.597,0.404,1,"14","Grik3"
"Tnrc6b2",0.00236860026868607,0.351298243726759,0.754,0.635,1,"14","Tnrc6b"
"Dync1i12",0.00237069031481709,0.496621527215725,0.567,0.456,1,"14","Dync1i1"
"Kirrel34",0.00239604773863929,0.225119081308956,0.828,0.728,1,"14","Kirrel3"
"Dmtf1",0.00239980094992502,0.669709215451541,0.328,0.222,1,"14","Dmtf1"
"Lingo11",0.00241315196161841,0.579794364061231,0.321,0.208,1,"14","Lingo1"
"Tnks21",0.00243484482157139,0.519331248645777,0.381,0.257,1,"14","Tnks2"
"Chka2",0.00244545900286807,0.560373835083114,0.433,0.315,1,"14","Chka"
"Atp6v0c1",0.00248734839500773,0.777816619458076,0.269,0.169,1,"14","Atp6v0c"
"Scn1a5",0.00250806169646983,0.446095270862333,0.716,0.605,1,"14","Scn1a"
"Cadm24",0.00251163560907546,0.395808368711005,0.761,0.672,1,"14","Cadm2"
"Clasp11",0.00257981009393571,0.378964280232705,0.53,0.376,1,"14","Clasp1"
"Dync2h12",0.00263657898293297,0.41108623126247,0.821,0.787,1,"14","Dync2h1"
"Gab24",0.00265121908017656,0.567027321315053,0.455,0.34,1,"14","Gab2"
"Phf21a1",0.00268248187618429,0.401980091044631,0.537,0.406,1,"14","Phf21a"
"Tia1",0.00268254576643589,0.375198089035719,0.627,0.497,1,"14","Tia1"
"Zfp4071",0.00277606355780308,0.601133836271669,0.291,0.183,1,"14","Zfp407"
"Camk2a4",0.00283666308569766,0.317955616969662,0.791,0.688,1,"14","Camk2a"
"9530052E02Rik1",0.00292383204607836,0.652846116111459,0.284,0.181,1,"14","9530052E02Rik"
"Mon2",0.00292701496436065,0.380090863205799,0.5,0.357,1,"14","Mon2"
"Eri3",0.0029796159915504,0.452367838039661,0.44,0.311,1,"14","Eri3"
"Rtn33",0.00302894095701693,0.355195424261183,0.724,0.571,1,"14","Rtn3"
"Rerg4",0.0030530616992077,0.717083217021262,0.306,0.205,1,"14","Rerg"
"Ubxn42",0.00332470057889751,0.413000293074104,0.537,0.404,1,"14","Ubxn4"
"Glyr1",0.00336108161711219,0.449114739997625,0.388,0.263,1,"14","Glyr1"
"Trpm33",0.00348440346941655,0.349519537481185,0.582,0.464,1,"14","Trpm3"
"Grk3",0.00348483898695056,0.562497540580199,0.336,0.223,1,"14","Grk3"
"Gm55771",0.0034863806656567,0.696992541239604,0.269,0.17,1,"14","Gm5577"
"Map61",0.00357359844215927,0.407850194982267,0.485,0.347,1,"14","Map6"
"Cnnm2",0.00358315399505246,0.695322698282451,0.261,0.166,1,"14","Cnnm2"
"Taok11",0.00385005392034941,0.508119705408303,0.433,0.318,1,"14","Taok1"
"Top2b",0.00391211873051939,0.579094468330777,0.291,0.188,1,"14","Top2b"
"Shisa93",0.00391584089213093,0.349602332156657,0.485,0.35,1,"14","Shisa9"
"Apex22",0.00399436559580912,0.630071852864542,0.351,0.247,1,"14","Apex2"
"Akap7",0.00401892230508608,0.586923448277274,0.299,0.196,1,"14","Akap7"
"Kmt5b1",0.00408370499035428,0.555554136700006,0.291,0.188,1,"14","Kmt5b"
"Tsga101",0.00408809381404538,0.533272689324,0.284,0.181,1,"14","Tsga10"
"Plekha62",0.00425414890208873,0.385997959000077,0.604,0.48,1,"14","Plekha6"
"Dgkh1",0.00441068824784203,0.555900696801817,0.396,0.285,1,"14","Dgkh"
"Nhs3",0.00449495594952092,0.63301244479799,0.388,0.286,1,"14","Nhs"
"Zmat12",0.00458162051176099,0.463978207360777,0.41,0.293,1,"14","Zmat1"
"Ap2b11",0.00460587711578534,0.491812038303968,0.396,0.285,1,"14","Ap2b1"
"Pspc11",0.00464819653206052,0.669222141248902,0.261,0.167,1,"14","Pspc1"
"Trim33",0.00473027172738466,0.575426234443998,0.321,0.218,1,"14","Trim33"
"Cap22",0.00476443068333744,0.632683686295233,0.425,0.307,1,"14","Cap2"
"Ddx6",0.00491838418719291,0.561638802319691,0.313,0.209,1,"14","Ddx6"
"D430041D05Rik2",0.00494144828932956,0.483718108397481,0.522,0.408,1,"14","D430041D05Rik"
"Hacd1",0.00495473739117381,0.371136968130204,0.448,0.314,1,"14","Hacd1"
"Otud4",0.00496788191898519,0.479207108718955,0.276,0.174,1,"14","Otud4"
"Hmg20a",0.00498925299504813,0.665057910357834,0.343,0.241,1,"14","Hmg20a"
"Rnf1501",0.00503735237817009,0.536698581066585,0.388,0.282,1,"14","Rnf150"
"Traf31",0.00510331394268344,0.425479658990697,0.56,0.436,1,"14","Traf3"
"Rgl13",0.00524602530296644,0.461628059113655,0.381,0.263,1,"14","Rgl1"
"Ralgapa11",0.00533709661976493,0.249177430911813,0.724,0.588,1,"14","Ralgapa1"
"Nsg21",0.00560525263267189,0.557426551032776,0.306,0.207,1,"14","Nsg2"
"Zfp280d3",0.00563193969298357,0.491158758859936,0.463,0.351,1,"14","Zfp280d"
"Shc31",0.00580090080561662,0.543196197366226,0.299,0.198,1,"14","Shc3"
"Slc25a122",0.00595105632037549,0.467080048936523,0.448,0.339,1,"14","Slc25a12"
"Ank32",0.00602703227459226,0.140259974794527,1,0.994,1,"14","Ank3"
"Srsf7",0.00603911371539713,0.55907628825187,0.306,0.207,1,"14","Srsf7"
"Arpp212",0.00606148779976896,0.749843912923735,0.448,0.363,1,"14","Arpp21"
"Arrb1",0.00617241751924477,0.571628749802199,0.381,0.274,1,"14","Arrb1"
"Lin28b3",0.00623985401523921,0.595561679919548,0.358,0.256,1,"14","Lin28b"
"Nrg15",0.00648349240516239,0.79667919093135,0.724,0.733,1,"14","Nrg1"
"Ppp2r5e1",0.00682319949443952,0.689486652648317,0.336,0.247,1,"14","Ppp2r5e"
"Csnk1g11",0.00684449420169976,0.583256100746996,0.44,0.343,1,"14","Csnk1g1"
"Slit13",0.00715979003840985,0.498341961581966,0.403,0.294,1,"14","Slit1"
"Armc91",0.0072711973199647,0.36150634105752,0.552,0.425,1,"14","Armc9"
"Prkcg2",0.0072865198620078,0.543393491993886,0.388,0.278,1,"14","Prkcg"
"Pdcd4",0.00733504817830519,0.571232350557807,0.254,0.162,1,"14","Pdcd4"
"Kat6b2",0.00747851917791429,0.370201748874634,0.455,0.335,1,"14","Kat6b"
"Reps23",0.00756697077880223,0.63263289522195,0.299,0.202,1,"14","Reps2"
"Cnot41",0.00756886149866958,0.426311355245389,0.493,0.378,1,"14","Cnot4"
"Zfp1481",0.0075825097049914,0.402281156132481,0.433,0.32,1,"14","Zfp148"
"Ndfip12",0.00777690609132955,0.557426551032777,0.351,0.251,1,"14","Ndfip1"
"Eif2s3y1",0.00779914417190558,0.496203689112979,0.351,0.248,1,"14","Eif2s3y"
"Tulp3",0.00780054871530809,0.48213842372854,0.306,0.205,1,"14","Tulp3"
"Slc35f42",0.00786735638197571,0.45493453415045,0.448,0.335,1,"14","Slc35f4"
"N4bp22",0.00797719104107785,0.465605842609868,0.418,0.309,1,"14","N4bp2"
"Rb1cc1",0.00801736112716251,0.406115865613836,0.567,0.456,1,"14","Rb1cc1"
"Pde2a2",0.00806960992114025,0.479424039031503,0.358,0.25,1,"14","Pde2a"
"Cask2",0.00819650083917945,0.475307930559272,0.425,0.316,1,"14","Cask"
"Dhx36",0.00820769624737423,0.522733832866617,0.328,0.227,1,"14","Dhx36"
"Sfxn11",0.00827936201848582,0.410585162703506,0.351,0.238,1,"14","Sfxn1"
"Aifm33",0.00841080899835156,0.456096639836327,0.396,0.285,1,"14","Aifm3"
"Arfgef32",0.00858542638516709,0.423333655445494,0.455,0.35,1,"14","Arfgef3"
"Gabrb15",0.00861794983631041,0.207635076369371,0.881,0.827,1,"14","Gabrb1"
"Pde8b2",0.00870330033258867,0.389584864090954,0.448,0.332,1,"14","Pde8b"
"Rufy31",0.00880684986218676,0.296609970448802,0.537,0.4,1,"14","Rufy3"
"Ly6h2",0.00892163011823676,0.398704615158822,0.575,0.47,1,"14","Ly6h"
"Etl42",0.00921663906427935,0.24848244132701,0.582,0.452,1,"14","Etl4"
"Rbfox15",0.00943507267258303,0.236121164308926,0.933,0.895,1,"14","Rbfox1"
"Cdh126",0.00944192946886367,0.585171541515681,0.381,0.276,1,"14","Cdh12"
"Sfxn52",0.00956046851549151,0.466661087109594,0.328,0.225,1,"14","Sfxn5"
"Slc7a6",0.00957090408126318,0.617996817893729,0.261,0.173,1,"14","Slc7a6"
"Ncor2",0.00968426915568407,0.329486457705297,0.545,0.413,1,"14","Ncor2"
"Tlk22",0.00983887129779613,0.485947162612838,0.336,0.237,1,"14","Tlk2"
"Pkia",0.0098527787960695,0.381129467177865,0.418,0.3,1,"14","Pkia"
"Csrnp32",0.00991850419300001,0.430997073441269,0.507,0.392,1,"14","Csrnp3"
"Adar",0.00993708069446456,0.432288292448657,0.515,0.401,1,"14","Adar"
"Sox62",3.09906574422198e-105,3.83776153500775,0.721,0.102,5.43483159564208e-101,"15","Sox6"
"Bcl11a1",1.89296258706131e-53,2.55505068203298,0.659,0.154,3.31968848892942e-49,"15","Bcl11a"
"Cntnap3",6.04106249972655e-50,3.12996602747574,0.457,0.08,1.05942113057705e-45,"15","Cntnap3"
"Lhx61",3.050843279393e-45,2.7606666720459,0.395,0.063,5.3502638590715e-41,"15","Lhx6"
"Stxbp61",6.84527802745314e-45,3.22340343540687,0.403,0.07,1.20045640767446e-40,"15","Stxbp6"
"Tcf44",1.83508032577816e-44,2.99344923178622,0.682,0.23,3.21818036731717e-40,"15","Tcf4"
"Bcl11b4",1.8768658449594e-38,2.22116183296571,0.535,0.13,3.2914596323053e-34,"15","Bcl11b"
"Sfta3-ps3",4.70577042749322e-37,2.42519185384872,0.543,0.149,8.25250959869486e-33,"15","Sfta3-ps"
"Galnt141",4.96966927305887e-37,2.52815421098901,0.504,0.126,8.71530900416334e-33,"15","Galnt14"
"Il1rapl22",5.68552845399544e-35,2.22428608764664,0.667,0.234,9.9707112497718e-31,"15","Il1rapl2"
"B3glct1",7.16236266857427e-31,2.5030322539547,0.372,0.08,1.25606354118787e-26,"15","B3glct"
"Mir9-3hg1",3.61069941618235e-30,1.92840012659726,0.473,0.122,6.33208356615899e-26,"15","Mir9-3hg"
"Kcnc24",2.05829878470251e-26,1.4905413097715,0.853,0.493,3.6096385787328e-22,"15","Kcnc2"
"Lmo3",2.69794920069913e-26,2.8439651525359,0.287,0.057,4.73139351326606e-22,"15","Lmo3"
"Stac22",4.21595676487355e-25,2.41736695929145,0.333,0.076,7.39352337855874e-21,"15","Stac2"
"Zfp5363",7.27254409981142e-24,2.25132872392932,0.527,0.196,1.27538605878393e-19,"15","Zfp536"
"Pde1a2",1.80436975041861e-22,1.77294580836441,0.729,0.374,3.16432323130912e-18,"15","Pde1a"
"Grip14",2.02937865274813e-22,1.28331303814968,0.961,0.777,3.55892134332439e-18,"15","Grip1"
"Dlgap13",2.42162641684725e-22,0.937716445999063,0.984,0.894,4.24680624722502e-18,"15","Dlgap1"
"Dlx6os12",3.91055445767223e-22,2.00747893910645,0.426,0.133,6.85793935241978e-18,"15","Dlx6os1"
"Kcnmb41",4.92390711051471e-22,2.34069557976195,0.279,0.061,8.63505589970965e-18,"15","Kcnmb4"
"Serpine21",1.14854036628305e-21,2.18007139681163,0.333,0.087,2.01419524035059e-17,"15","Serpine2"
"Robo15",3.25966328907281e-19,1.02646259541737,0.961,0.834,5.71647151004699e-15,"15","Robo1"
"Mcc",9.43782215454389e-19,2.06293876321363,0.302,0.079,1.65511087124236e-14,"15","Mcc"
"Elavl23",2.15639531089269e-18,1.43623172154797,0.527,0.214,3.78167045671251e-14,"15","Elavl2"
"Coro62",2.19429788706758e-18,1.3319911707541,0.589,0.25,3.84814020455042e-14,"15","Coro6"
"Klhl321",2.68719136495523e-18,1.48787061552366,0.674,0.343,4.71252749672199e-14,"15","Klhl32"
"C130071C03Rik1",3.48598952133806e-18,1.52734233981345,0.481,0.178,6.11337982357056e-14,"15","C130071C03Rik"
"Ccbe11",4.40059363315935e-18,1.98496113062673,0.295,0.077,7.71732105447156e-14,"15","Ccbe1"
"Gpc64",5.09793209599651e-18,1.43871950587342,0.659,0.334,8.94024351674908e-14,"15","Gpc6"
"Adarb24",8.58290987320915e-18,1.6219257996973,0.775,0.577,1.50518490446469e-13,"15","Adarb2"
"1110004F10Rik1",2.26249310508763e-16,2.02256105803303,0.326,0.101,3.96773415839218e-12,"15","1110004F10Rik"
"Nrxn38",2.66418486399164e-16,0.646115578656204,0.992,0.946,4.67218099598213e-12,"15","Nrxn3"
"Mkx",4.09515245517583e-16,1.94146702979839,0.256,0.066,7.18166886064185e-12,"15","Mkx"
"Klf125",6.01581884607919e-16,1.08620802269311,0.752,0.425,1.05499415103691e-11,"15","Klf12"
"Zmat43",6.55301559656415e-16,1.43557280624038,0.597,0.302,1.14920234516945e-11,"15","Zmat4"
"Nxph13",7.88861142636692e-16,1.97780769113685,0.488,0.217,1.38342578584197e-11,"15","Nxph1"
"Robo24",1.06868833030467e-15,1.65890262856058,0.512,0.227,1.8741587248553e-11,"15","Robo2"
"Qk",2.45536170878121e-15,1.80408103242552,0.357,0.124,4.30596782868961e-11,"15","Qk"
"Kcnmb22",2.55056589521348e-15,1.64339612326679,0.372,0.129,4.47292741043588e-11,"15","Kcnmb2"
"Satb11",4.70348316236676e-15,1.97466579838137,0.256,0.07,8.24849842184258e-11,"15","Satb1"
"Etl43",1.28520603105763e-14,1.22762232615442,0.76,0.445,2.25386581666577e-10,"15","Etl4"
"Chrm24",4.36009380242374e-14,1.44709160184697,0.465,0.198,7.64629650131052e-10,"15","Chrm2"
"Gm37641",4.72071705095736e-14,1.50688764743345,0.419,0.167,8.27872149226392e-10,"15","Gm3764"
"Adra1a1",1.03860630015176e-13,1.97427317488163,0.333,0.122,1.82140386857614e-09,"15","Adra1a"
"Runx1t11",1.31712262726975e-13,1.50746202587874,0.457,0.201,2.30983795144296e-09,"15","Runx1t1"
"Amph2",1.99976773143556e-13,1.17380463840927,0.62,0.334,3.50699267061854e-09,"15","Amph"
"Cpeb32",2.19456433691421e-13,0.860504299924056,0.713,0.391,3.84860747764646e-09,"15","Cpeb3"
"Cdh44",2.96394435796947e-13,1.11226588636225,0.729,0.437,5.19786922057107e-09,"15","Cdh4"
"Mir99ahg",3.1207074717913e-13,1.15001985494706,0.705,0.429,5.47278469328041e-09,"15","Mir99ahg"
"Kctd81",3.36540467376645e-13,1.80754712556716,0.364,0.137,5.90191017638423e-09,"15","Kctd8"
"Zfp6081",4.59268580629584e-13,1.44820436321404,0.465,0.216,8.05419309850102e-09,"15","Zfp608"
"Htr2c5",5.07257602948271e-13,1.12376395590967,0.535,0.258,8.89577658290382e-09,"15","Htr2c"
"Nfib1",6.68800257284401e-13,1.78870121096371,0.264,0.081,1.17287501119965e-08,"15","Nfib"
"Camk2d1",6.93297729370334e-13,1.2737464189413,0.643,0.371,1.21583622799675e-08,"15","Camk2d"
"Meg33",6.98266863343391e-13,0.267294378753266,1,1,1.2245505982453e-08,"15","Meg3"
"Alk4",7.74595624777968e-13,1.08889571511965,0.62,0.321,1.35840834717312e-08,"15","Alk"
"A330008L17Rik3",2.85692946317048e-12,1.63352833014016,0.465,0.229,5.01019719956208e-08,"15","A330008L17Rik"
"Tenm34",3.0253480473787e-12,1.09068616080167,0.783,0.522,5.30555287068803e-08,"15","Tenm3"
"Grik25",3.80700731319565e-12,0.791840308231252,0.922,0.862,6.67634872515122e-08,"15","Grik2"
"Dlc13",5.24669199557356e-12,1.26109875326436,0.481,0.221,9.20112375263735e-08,"15","Dlc1"
"Dock104",5.88860218609878e-12,0.967865006967887,0.76,0.499,1.03268416537614e-07,"15","Dock10"
"Vwc2",1.07174682572561e-11,1.70210775729571,0.333,0.133,1.87952240827501e-07,"15","Vwc2"
"Mpp61",1.24789320456062e-11,1.3781844361801,0.364,0.146,2.18843031283796e-07,"15","Mpp6"
"Gabrb24",1.32370341007425e-11,1.45415362954523,0.512,0.263,2.32137867024722e-07,"15","Gabrb2"
"Cdh82",2.05856978062947e-11,1.33474085662432,0.643,0.399,3.61011382428991e-07,"15","Cdh8"
"Ppargc1a1",2.16679016985378e-11,1.40244081324409,0.318,0.118,3.79989992087257e-07,"15","Ppargc1a"
"Lncppara3",2.87634641540624e-11,1.10274134004504,0.395,0.163,5.04424870869793e-07,"15","Lncppara"
"Scn1a6",4.21261520094666e-11,0.810222496520136,0.829,0.601,7.38766327790016e-07,"15","Scn1a"
"Neto23",5.30020019379925e-11,1.35225911172861,0.388,0.169,9.29496107986575e-07,"15","Neto2"
"Ebf41",6.01745641551697e-11,1.23372479142708,0.411,0.18,1.05528133158921e-06,"15","Ebf4"
"Adcy83",7.52404710539263e-11,1.07140846206708,0.574,0.312,1.31949214087271e-06,"15","Adcy8"
"Me35",9.26010222654364e-11,0.896235951838302,0.667,0.389,1.62394412746896e-06,"15","Me3"
"Kirrel35",1.12903647476044e-10,1.01194958696347,0.884,0.726,1.97999126578739e-06,"15","Kirrel3"
"C130073E24Rik4",1.24174524086509e-10,0.966348332600884,0.744,0.5,2.17764862890511e-06,"15","C130073E24Rik"
"Nrcam1",1.42037480056614e-10,1.05469005554582,0.682,0.462,2.49091128775284e-06,"15","Nrcam"
"Slc2a132",2.55551174211488e-10,0.700753902125232,0.651,0.362,4.48160094214687e-06,"15","Slc2a13"
"Pcdh11x3",3.6801034246166e-10,1.08329796797446,0.636,0.378,6.45379737575012e-06,"15","Pcdh11x"
"Dpp103",4.81728501758788e-10,0.677299888294709,0.806,0.576,8.44807273534386e-06,"15","Dpp10"
"Atp1b12",5.54190713263003e-10,1.00286279098298,0.566,0.319,9.71884253849328e-06,"15","Atp1b1"
"Spats2l2",1.18910471919491e-09,1.19879746588274,0.395,0.182,2.08533294605211e-05,"15","Spats2l"
"Pard3b2",1.23093191333293e-09,1.27618009932937,0.395,0.189,2.15868529641196e-05,"15","Pard3b"
"Mpped24",1.86666752488298e-09,1.00323079727044,0.473,0.238,3.27357483838728e-05,"15","Mpped2"
"Apba22",1.92763985262274e-09,0.807475344337658,0.667,0.426,3.3805020095445e-05,"15","Apba2"
"Cd471",2.40766779062108e-09,1.28803521353265,0.38,0.179,4.22232700441218e-05,"15","Cd47"
"Osbpl92",3.01375115945337e-09,0.89180164048333,0.605,0.35,5.28521540833337e-05,"15","Osbpl9"
"Gabra12",3.87904654998651e-09,1.30046165495927,0.349,0.156,6.80268393471134e-05,"15","Gabra1"
"Med12l1",4.87131418833986e-09,0.903674320442644,0.651,0.407,8.54282369209162e-05,"15","Med12l"
"Chrm34",4.87645290154999e-09,1.40096749408676,0.535,0.339,8.55183545344821e-05,"15","Chrm3"
"Adcy1",6.46331389340391e-09,1.27117247527747,0.271,0.105,0.000113347135748624,"15","Adcy1"
"Esrrg3",7.49134988144322e-09,1.11377187513754,0.527,0.302,0.00013137580287087,"15","Esrrg"
"Grin3a4",8.51801878913874e-09,0.983803070214081,0.581,0.341,0.000149380495505126,"15","Grin3a"
"Gpc52",9.80057051309682e-09,2.7928078960693,0.45,0.267,0.000171872605088179,"15","Gpc5"
"Pcdh10",1.10067426027131e-08,1.49144112366426,0.287,0.121,0.00019302524502378,"15","Pcdh10"
"Slc44a55",1.54331145541405e-08,1.00903859304231,0.419,0.208,0.000270650529935961,"15","Slc44a5"
"Zbtb205",1.7188478625694e-08,0.768030060459391,0.69,0.488,0.000301434349658795,"15","Zbtb20"
"Epb41l32",1.88609284029294e-08,0.676327477282155,0.775,0.568,0.000330764101402173,"15","Epb41l3"
"Cacng32",2.10005149251796e-08,1.3261202402582,0.295,0.127,0.000368286030242874,"15","Cacng3"
"Dlg23",2.29804571038987e-08,0.423493838122559,1,0.993,0.000403008276231072,"15","Dlg2"
"Zfp385b3",2.34554609051662e-08,1.51233470063376,0.628,0.479,0.000411338417893899,"15","Zfp385b"
"Rab3b1",2.85059195245129e-08,1.44128494927425,0.271,0.112,0.000499908310701382,"15","Rab3b"
"Scn8a2",3.15664726023835e-08,0.677683797660289,0.767,0.538,0.000553581230027999,"15","Scn8a"
"Zswim61",3.67778663947362e-08,1.11230484053461,0.326,0.144,0.000644973442964489,"15","Zswim6"
"E230016M11Rik",3.76627609251039e-08,1.23813221351346,0.287,0.122,0.000660491838343546,"15","E230016M11Rik"
"Frmd3",3.87513252421199e-08,0.904868665641574,0.535,0.308,0.000679581990771056,"15","Frmd3"
"Nwd22",4.09283805205588e-08,1.44695812814103,0.271,0.113,0.000717761009189039,"15","Nwd2"
"Trhde4",4.11132160513292e-08,1.23670025802033,0.372,0.184,0.000721002469892161,"15","Trhde"
"Tox5",4.2290850254347e-08,1.48031917812689,0.333,0.16,0.000741654640910483,"15","Tox"
"Dgkz3",5.59438316216527e-08,0.571289998880507,0.667,0.394,0.000981086975148924,"15","Dgkz"
"Lrrtm44",5.7875921088746e-08,0.568228215853269,0.922,0.892,0.00101497002813334,"15","Lrrtm4"
"Msi26",5.97991137396681e-08,0.75966072543393,0.698,0.497,0.00104869705765256,"15","Msi2"
"Fam189a13",6.10778681314294e-08,0.871428443887432,0.574,0.341,0.00107112257342088,"15","Fam189a1"
"Ano42",6.20946200515124e-08,0.891971841871014,0.496,0.276,0.00108895335184337,"15","Ano4"
"Ncoa11",6.53368644507437e-08,0.717901844510986,0.705,0.48,0.00114581259187269,"15","Ncoa1"
"Inpp4b1",7.23065204216776e-08,0.832538870853677,0.589,0.359,0.00126803944863496,"15","Inpp4b"
"Syt18",9.90672455389926e-08,0.573954050946443,0.938,0.913,0.00173734228501731,"15","Syt1"
"Vwa81",1.1125162199159e-07,0.764993116363333,0.628,0.404,0.00195101969486651,"15","Vwa8"
"Gad13",1.36659062248489e-07,1.05063800016161,0.426,0.238,0.00239658997465175,"15","Gad1"
"Nyap21",1.43237209339067e-07,0.973806358815144,0.481,0.282,0.00251195094017922,"15","Nyap2"
"Hmgn31",1.64731826353129e-07,1.09158355016052,0.326,0.152,0.00288890203875482,"15","Hmgn3"
"Tenm23",1.69751755637413e-07,0.95889264425698,0.876,0.797,0.00297693653861332,"15","Tenm2"
"Cit2",1.879952992563e-07,0.58855435537717,0.868,0.674,0.00329687356305774,"15","Cit"
"Epha42",2.20692563008316e-07,1.09384660166909,0.326,0.153,0.00387028547747683,"15","Epha4"
"Stac4",2.31094949501065e-07,1.54118655142971,0.341,0.174,0.00405271212940018,"15","Stac"
"B230334C09Rik",2.40341920589646e-07,1.09980405696549,0.302,0.138,0.00421487626138061,"15","B230334C09Rik"
"Epha65",2.53511112769024e-07,0.744451414865822,0.705,0.505,0.00444582438463037,"15","Epha6"
"Mapk8",3.04246171636183e-07,1.11838975736552,0.326,0.158,0.00533556511198374,"15","Mapk8"
"Pnkd2",3.55652201985746e-07,0.887843835725965,0.419,0.222,0.00623707266622403,"15","Pnkd"
"Kcnd32",4.20907249729422e-07,0.690475879070487,0.721,0.514,0.00738145043850488,"15","Kcnd3"
"Bcan2",4.62250375907827e-07,1.02919665106886,0.357,0.182,0.00810648484229556,"15","Bcan"
"Malat12",4.64826895614943e-07,0.251392978209115,1,1,0.00815166926839925,"15","Malat1"
"Abat2",5.70465040434512e-07,0.711163864707804,0.566,0.352,0.0100042454141,"15","Abat"
"Hdac81",5.75218710007289e-07,0.71644536158038,0.589,0.38,0.0100876105173978,"15","Hdac8"
"Rhbdl31",6.10773588455451e-07,1.00823025148523,0.279,0.124,0.0107111364207433,"15","Rhbdl3"
"Gm326474",7.11091272139893e-07,1.1247943297477,0.612,0.425,0.0124704076395173,"15","Gm32647"
"Iqsec31",7.23697600034646e-07,0.676876618222878,0.589,0.365,0.0126914848118076,"15","Iqsec3"
"Wwp11",7.51482312720001e-07,1.12684887997972,0.333,0.169,0.0131787453181707,"15","Wwp1"
"Dchs23",8.92814738925406e-07,1.09743445056216,0.349,0.179,0.0156572920765348,"15","Dchs2"
"Cntn45",9.81809565881459e-07,0.612944207535991,0.605,0.379,0.0172179943568631,"15","Cntn4"
"Ncam12",9.89775459024386e-07,0.493116785089617,0.907,0.791,0.0173576922249107,"15","Ncam1"
"Galntl66",1.17296066285526e-06,0.570919130718607,0.868,0.748,0.0205702111444926,"15","Galntl6"
"Cntnap5a5",1.17766835879938e-06,1.25928626450558,0.705,0.587,0.0206527700082647,"15","Cntnap5a"
"Hecw21",1.27689767933724e-06,0.820316785250982,0.496,0.301,0.0223929546025372,"15","Hecw2"
"Tspan51",1.39517926021227e-06,0.983514282474855,0.38,0.209,0.0244672586863426,"15","Tspan5"
"Tmeff23",1.57235419115645e-06,0.749578599252677,0.659,0.474,0.0275743754503106,"15","Tmeff2"
"Zfp804a4",1.72775541874008e-06,0.629725194128684,0.566,0.344,0.0302996467784448,"15","Zfp804a"
"Ptpn9",1.74583972571475e-06,0.703338663723068,0.504,0.298,0.0306167912698595,"15","Ptpn9"
"Nin2",1.76869179545748e-06,0.785695466537427,0.434,0.243,0.0310175480169378,"15","Nin"
"Aplp2",1.96066362487695e-06,0.702815194462832,0.574,0.368,0.0343841579894671,"15","Aplp2"
"Nhs4",1.979658639703e-06,0.7070592323051,0.481,0.283,0.0347172735644716,"15","Nhs"
"Slc6a12",2.01527289321939e-06,0.743660246740214,0.504,0.295,0.0353418407283885,"15","Slc6a1"
"Optn",2.23225212708977e-06,1.09278362928772,0.279,0.133,0.0391470055527733,"15","Optn"
"Adcy23",2.33411432285743e-06,0.491091351145761,0.636,0.418,0.0409333628799508,"15","Adcy2"
"Capn2",2.39344240901674e-06,0.986795095136303,0.333,0.17,0.0419737995269266,"15","Capn2"
"Oxr14",2.40137174452146e-06,0.722598631212385,0.605,0.433,0.0421128562836728,"15","Oxr1"
"Mia2",2.50499970153459e-06,0.986451432666625,0.31,0.153,0.0439301797658121,"15","Mia2"
"Gab25",2.54127403665749e-06,0.650995821031402,0.543,0.337,0.0445663227808624,"15","Gab2"
"Sema6a4",2.54968588279067e-06,1.18446084208414,0.411,0.241,0.0447138413264999,"15","Sema6a"
"Atp1a33",2.63717440487428e-06,0.489132625128915,0.829,0.678,0.0462481275382803,"15","Atp1a3"
"Diaph22",2.68554996835221e-06,0.892096725165072,0.465,0.285,0.0470964897949927,"15","Diaph2"
"Slc4a103",2.7436034548313e-06,0.645126792778677,0.504,0.297,0.0481145737873764,"15","Slc4a10"
"Tbc1d241",2.78937900147983e-06,1.04014113566715,0.388,0.218,0.0489173395489518,"15","Tbc1d24"
"Ubr31",2.86396342179503e-06,0.62665312987586,0.674,0.47,0.0502253265280194,"15","Ubr3"
"Snap911",2.86588556083352e-06,0.654840213441629,0.628,0.412,0.0502590350803374,"15","Snap91"
"Ryr24",2.89997471436285e-06,0.487412669632324,0.884,0.773,0.0508568565657814,"15","Ryr2"
"Magi28",3.35282372393261e-06,0.373493095305071,1,0.975,0.0587984696466062,"15","Magi2"
"Large12",3.46717291447701e-06,0.674974612520503,0.752,0.568,0.0608038114011833,"15","Large1"
"Ptprm4",3.59692736056924e-06,1.2184191110086,0.512,0.346,0.0630793151223028,"15","Ptprm"
"Rgs7bp1",3.68732579518157e-06,0.646647616212325,0.574,0.367,0.0646646324700993,"15","Rgs7bp"
"Nek11",3.72286140462464e-06,0.767261358407153,0.535,0.344,0.0652878204529024,"15","Nek1"
"Nkain33",3.9691478421728e-06,0.835672961576119,0.628,0.439,0.0696069457081843,"15","Nkain3"
"Gm136291",4.85938659496758e-06,1.07123490476872,0.256,0.12,0.0852190627159464,"15","Gm13629"
"Htr42",5.01709620263749e-06,0.932269811447454,0.31,0.157,0.0879848161056536,"15","Htr4"
"Fut92",5.05621344802545e-06,0.921118920867934,0.419,0.24,0.0886708152380223,"15","Fut9"
"Kat2b",5.39966450249307e-06,0.99495131950587,0.326,0.17,0.0946939163802209,"15","Kat2b"
"2610035D17Rik2",6.00451460253571e-06,0.87576378274756,0.372,0.205,0.105301172584669,"15","2610035D17Rik"
"Ssbp22",6.79446577398458e-06,0.570875591158661,0.612,0.414,0.119154546278368,"15","Ssbp2"
"Cep701",6.91296111950899e-06,0.729676017304513,0.465,0.277,0.121232599152829,"15","Cep70"
"Atp6v1h",7.16228330177546e-06,0.981938553488437,0.279,0.136,0.125604962263236,"15","Atp6v1h"
"Ppm1e1",7.43019899315136e-06,0.680898740246933,0.636,0.427,0.130303399742895,"15","Ppm1e"
"Pnpla8",8.20893092366672e-06,0.988772744576746,0.302,0.156,0.143960021608343,"15","Pnpla8"
"Sh3rf33",8.47077234390778e-06,0.838373536834286,0.512,0.334,0.148551934595111,"15","Sh3rf3"
"Nebl3",9.45759256838189e-06,0.555107548928327,0.682,0.498,0.165857800871713,"15","Nebl"
"Hivep3",1.01570390591539e-05,0.560619745507644,0.682,0.468,0.178123993980382,"15","Hivep3"
"Map3k13",1.05276967269417e-05,0.893800596168075,0.295,0.148,0.184624217500377,"15","Map3k13"
"Otud7a1",1.06554274678153e-05,0.424094859207972,0.86,0.695,0.186864231503076,"15","Otud7a"
"Neto13",1.16643286460859e-05,0.71251154816955,0.388,0.213,0.204557331466408,"15","Neto1"
"Nr3c22",1.297969182429e-05,0.737362222839845,0.481,0.301,0.227624855522573,"15","Nr3c2"
"Sv2a1",1.33264193761427e-05,0.625599027090809,0.566,0.384,0.233705416599415,"15","Sv2a"
"Myo165",1.33689984973647e-05,0.668009009813467,0.473,0.29,0.234452126648285,"15","Myo16"
"Thrb1",1.3977217296526e-05,1.01292660628552,0.442,0.275,0.245118459729177,"15","Thrb"
"Sod22",1.44708321173769e-05,0.724859048731953,0.473,0.284,0.253774982842439,"15","Sod2"
"Olfm22",1.47458262285629e-05,0.824412444611713,0.372,0.213,0.258597554570307,"15","Olfm2"
"B830012L14Rik",1.4889487332671e-05,0.594434237965738,0.574,0.387,0.261116939353052,"15","B830012L14Rik"
"Slc22a232",1.67210007854858e-05,0.863652945282643,0.38,0.221,0.293236190775065,"15","Slc22a23"
"Nipsnap22",1.73623784276202e-05,0.763468727820395,0.372,0.207,0.304484030485176,"15","Nipsnap2"
"Dab14",1.79522935514002e-05,0.539676080884226,0.853,0.771,0.314829372010905,"15","Dab1"
"Thy11",1.83040309725811e-05,0.910770232575473,0.302,0.158,0.320997791166155,"15","Thy1"
"Rian2",2.05482819311087e-05,0.306215651236201,0.961,0.95,0.360355220225854,"15","Rian"
"Ogt1",2.23947245799537e-05,0.580481121754495,0.628,0.445,0.392736284958649,"15","Ogt"
"Cep1125",2.6895671983443e-05,0.41552071622389,0.837,0.736,0.471669399573639,"15","Cep112"
"Mir100hg1",2.85429049715569e-05,0.524491726278053,0.767,0.611,0.500556924486194,"15","Mir100hg"
"Mgat4c5",2.97015854231167e-05,0.784972481263903,0.744,0.645,0.520876703565198,"15","Mgat4c"
"Ptprd4",3.05130125185319e-05,0.859905372729183,0.922,0.923,0.535106700537494,"15","Ptprd"
"Lmbr11",3.05740230905803e-05,0.731485532794112,0.38,0.219,0.536176642939506,"15","Lmbr1"
"Frmpd32",3.22815097384085e-05,0.746035053928118,0.411,0.246,0.56612083628247,"15","Frmpd3"
"Slc35f33",3.29174009417198e-05,0.384911878307915,0.636,0.42,0.57727246031494,"15","Slc35f3"
"Elmod1",3.29464021223659e-05,0.600702292898171,0.473,0.292,0.57778105401993,"15","Elmod1"
"Kifap31",3.32443791054051e-05,0.593212619797206,0.581,0.422,0.583006676371489,"15","Kifap3"
"Snx293",3.52133213018424e-05,0.716017491671086,0.465,0.296,0.617536015670409,"15","Snx29"
"Zfp4622",3.59052587475741e-05,0.617411289884881,0.581,0.415,0.629670522656207,"15","Zfp462"
"Wdr33",3.62573743431976e-05,0.554777087594018,0.581,0.388,0.635845573856656,"15","Wdr33"
"Srpk23",3.75299446473394e-05,0.552951051118597,0.643,0.453,0.658162639280391,"15","Srpk2"
"Eya3",3.9646103954885e-05,0.897369662135667,0.31,0.17,0.695273725056818,"15","Eya3"
"Osbpl1a1",4.20799775185674e-05,0.881359802155766,0.295,0.157,0.737956565743117,"15","Osbpl1a"
"Snrpn3",4.2935335734687e-05,0.642909330909761,0.488,0.313,0.752956982779205,"15","Snrpn"
"Bckdhb2",4.46629847922201e-05,0.994722010907932,0.31,0.174,0.783254764301163,"15","Bckdhb"
"Rgs172",4.47301089864168e-05,0.548200153190764,0.574,0.378,0.784431921294791,"15","Rgs17"
"Cog51",4.59161789646e-05,0.806555038084688,0.372,0.222,0.80523203050219,"15","Cog5"
"Clip4",4.61032957320137e-05,0.859730799575007,0.271,0.139,0.808513497252324,"15","Clip4"
"Snph2",4.7286583888774e-05,0.602774918249256,0.512,0.327,0.829264821657429,"15","Snph"
"Fry1",4.95561090023042e-05,0.420378144206877,0.822,0.617,0.869065483573409,"15","Fry"
"Depdc51",4.98316033287892e-05,0.760666672045904,0.388,0.231,0.873896827576977,"15","Depdc5"
"Phf241",5.03602734465153e-05,0.774485372877353,0.395,0.239,0.883168115431539,"15","Phf24"
"Igf1r3",5.04146263736509e-05,0.734031545542438,0.457,0.286,0.884121302714716,"15","Igf1r"
"Exoc43",5.21512054350454e-05,0.584681390683692,0.628,0.465,0.914575689714391,"15","Exoc4"
"Angel2",5.21845525528381e-05,0.967271675365823,0.256,0.13,0.915160498119122,"15","Angel2"
"St8sia11",5.2854455253379e-05,0.962858743723927,0.279,0.149,0.926908581778508,"15","St8sia1"
"Ndrg31",5.3889177006884e-05,0.802212429095327,0.31,0.169,0.945054497169725,"15","Ndrg3"
"Kcnc13",5.60285810142209e-05,0.607843099618166,0.543,0.372,0.982573225246392,"15","Kcnc1"
"Srcin11",5.64700828228225e-05,0.491634165083008,0.597,0.4,0.990315842463838,"15","Srcin1"
"Frmd54",5.67843063079413e-05,0.457975672452681,0.775,0.631,0.995826379722366,"15","Frmd5"
"Cntnap5c5",5.78759938955661e-05,0.440940260456249,0.527,0.333,1,"15","Cntnap5c"
"Sclt11",6.1033238973221e-05,0.599587123142647,0.574,0.407,1,"15","Sclt1"
"Srsf1",6.19891757154289e-05,0.709796794873931,0.349,0.197,1,"15","Srsf1"
"Med15",6.32159810024123e-05,0.96297327514469,0.264,0.138,1,"15","Med15"
"Far2",6.60423145789761e-05,0.996810063642164,0.256,0.133,1,"15","Far2"
"Opcml6",6.79651523450644e-05,0.556175136364252,0.806,0.767,1,"15","Opcml"
"Erbb43",6.87712320676048e-05,0.625550514695665,0.682,0.565,1,"15","Erbb4"
"Atp2c1",6.9100050881277e-05,0.979374046574496,0.395,0.253,1,"15","Atp2c1"
"Cdkl5",7.54683002441684e-05,1.01573979217702,0.264,0.14,1,"15","Cdkl5"
"Sacs1",7.74114586338433e-05,0.675449668380782,0.419,0.264,1,"15","Sacs"
"Dock93",8.75046986664038e-05,0.585548576736029,0.558,0.387,1,"15","Dock9"
"Bicd11",9.11711557313182e-05,0.453465484986087,0.643,0.459,1,"15","Bicd1"
"Auts23",9.41542083726468e-05,0.383009383866576,0.829,0.765,1,"15","Auts2"
"Kif16b",0.000100255759741201,0.681491425653785,0.318,0.176,1,"15","Kif16b"
"Grm13",0.000102982456153556,0.557546007198572,0.535,0.356,1,"15","Grm1"
"Ajap1",0.000105380935140044,0.902357992759273,0.287,0.162,1,"15","Ajap1"
"Gdpd1",0.00011256032457927,0.63446147583858,0.395,0.239,1,"15","Gdpd1"
"Cabp12",0.00011748768267222,0.900899988551412,0.271,0.148,1,"15","Cabp1"
"Pknox21",0.000124052821191064,0.674238845782735,0.403,0.247,1,"15","Pknox2"
"Retreg1",0.00013259725602028,0.699266127381761,0.295,0.161,1,"15","Retreg1"
"Fstl53",0.000133339172932422,0.414750922696315,0.543,0.356,1,"15","Fstl5"
"Gpm6a1",0.000135224514121917,0.616803967189788,0.527,0.351,1,"15","Gpm6a"
"Slc25a123",0.000140217202109495,0.524030727698994,0.512,0.337,1,"15","Slc25a12"
"Apc2",0.000149956336927981,0.384832569041323,0.767,0.609,1,"15","Apc"
"Cdkal1",0.000153406392090821,0.721633940410215,0.38,0.235,1,"15","Cdkal1"
"Gapvd11",0.000165068858888398,0.468311692541889,0.566,0.387,1,"15","Gapvd1"
"Ppp1r16b",0.00017132582915346,0.776397033152214,0.271,0.147,1,"15","Ppp1r16b"
"Focad1",0.000171436954207902,0.683577196497365,0.481,0.334,1,"15","Focad"
"Ankrd442",0.000179281585781027,0.877741432188002,0.302,0.174,1,"15","Ankrd44"
"Adgrl22",0.00018729124093643,0.633236257046564,0.411,0.258,1,"15","Adgrl2"
"Fam172a2",0.00018959826048129,0.511666940825082,0.566,0.404,1,"15","Fam172a"
"Nkain26",0.000192726908794079,0.489974946926407,0.992,0.948,1,"15","Nkain2"
"Pds5a1",0.000194645686832479,0.597194218121891,0.403,0.25,1,"15","Pds5a"
"Dlgap22",0.000198118585504305,0.461766813655105,0.853,0.752,1,"15","Dlgap2"
"Ddx50",0.000204635396086339,0.477354203981774,0.504,0.327,1,"15","Ddx50"
"Tmem131l",0.000208024962576166,0.903883846990233,0.271,0.151,1,"15","Tmem131l"
"Ank13",0.00021315094320266,0.42498512964794,0.581,0.406,1,"15","Ank1"
"Thsd42",0.00021411492461349,1.03878828228386,0.318,0.192,1,"15","Thsd4"
"Arhgap51",0.000217637447919551,0.7532554035214,0.372,0.235,1,"15","Arhgap5"
"Ube3a1",0.000218807108823829,0.665158273061497,0.419,0.273,1,"15","Ube3a"
"A330102I10Rik3",0.000220138981864445,0.93630532468261,0.318,0.192,1,"15","A330102I10Rik"
"Elavl44",0.000228800234262865,0.895663340185265,0.38,0.249,1,"15","Elavl4"
"Gys12",0.000229059201981432,0.915841222122895,0.295,0.171,1,"15","Gys1"
"Acsl62",0.000232452159314566,0.734031545542438,0.357,0.216,1,"15","Acsl6"
"Dnm1l",0.000241320264514822,0.474018453795474,0.605,0.427,1,"15","Dnm1l"
"Clasp23",0.000242655870377263,0.361292484369059,0.791,0.615,1,"15","Clasp2"
"Mafg1",0.000252827447069561,0.715944868528391,0.364,0.226,1,"15","Mafg"
"Srgap14",0.000256225077799521,0.51312848059375,0.504,0.343,1,"15","Srgap1"
"Rasgef1b4",0.000260380486840337,0.541417525025173,0.496,0.332,1,"15","Rasgef1b"
"Luc7l22",0.000267481329160961,0.427529996390965,0.752,0.574,1,"15","Luc7l2"
"Epb412",0.000276420552084014,0.65261603408294,0.411,0.265,1,"15","Epb41"
"Arrb11",0.000277413786736974,0.628579428564671,0.419,0.272,1,"15","Arrb1"
"Arnt21",0.000289385161651885,0.605099416207237,0.388,0.241,1,"15","Arnt2"
"Ppfia23",0.000307303908824823,0.342619750447716,0.791,0.609,1,"15","Ppfia2"
"Kcnip15",0.000307370469027968,0.413368678918225,0.651,0.47,1,"15","Kcnip1"
"Rsrp11",0.000308987693969751,0.472702858847512,0.651,0.513,1,"15","Rsrp1"
"Rnf1502",0.000312318654995265,0.613320697312372,0.426,0.28,1,"15","Rnf150"
"Arid5b2",0.00031314572817966,0.634857035243588,0.403,0.26,1,"15","Arid5b"
"Smarca24",0.000321548424342174,0.530376715036208,0.558,0.395,1,"15","Smarca2"
"Las1l3",0.000330251737466055,0.616170511618299,0.457,0.309,1,"15","Las1l"
"Gas61",0.00034161166149368,0.857379930806982,0.279,0.161,1,"15","Gas6"
"Psen1",0.000342412228220645,0.941467029798389,0.256,0.144,1,"15","Psen1"
"Nova15",0.000346469749209479,0.508253242215438,0.419,0.261,1,"15","Nova1"
"Syt4",0.000356767332179387,0.736318271399046,0.302,0.177,1,"15","Syt4"
"Phf20l11",0.000357672061820664,0.482394933759476,0.628,0.466,1,"15","Phf20l1"
"Elmo13",0.000371960436647589,0.478957020545802,0.457,0.301,1,"15","Elmo1"
"Tbc1d5",0.000386186326679075,0.566355714932304,0.419,0.268,1,"15","Tbc1d5"
"Negr13",0.000386523394967679,0.397561906658971,0.961,0.927,1,"15","Negr1"
"Tmlhe",0.00038996848335243,0.65042276786324,0.295,0.169,1,"15","Tmlhe"
"Kcnk10",0.00039059934103618,0.863863312013971,0.264,0.148,1,"15","Kcnk10"
"Pfkp3",0.000405824897297699,0.553636075955225,0.519,0.35,1,"15","Pfkp"
"Golga1",0.000410481513438296,0.640191547469591,0.372,0.234,1,"15","Golga1"
"Zfp8271",0.000413077180976385,0.670151577004638,0.341,0.207,1,"15","Zfp827"
"Cntn54",0.000421312090506055,0.897314844077417,0.783,0.776,1,"15","Cntn5"
"Dclk22",0.000421524326624188,0.728285020853299,0.395,0.262,1,"15","Dclk2"
"Asxl1",0.000422337669482057,0.566958835277631,0.395,0.25,1,"15","Asxl1"
"Kctd163",0.000441794062181884,0.643239755595856,0.504,0.368,1,"15","Kctd16"
"Adamts171",0.000450382795799342,0.853594273773055,0.271,0.157,1,"15","Adamts17"
"Rab3c2",0.000476456241664407,0.687598148469809,0.55,0.413,1,"15","Rab3c"
"Tmem1172",0.000480749784374947,0.545003526754586,0.388,0.238,1,"15","Tmem117"
"Trerf12",0.00048756280805583,0.369535940727423,0.721,0.542,1,"15","Trerf1"
"Gabbr21",0.000499415737475338,0.51703465781825,0.674,0.484,1,"15","Gabbr2"
"Eif2s3y2",0.000503285081956573,0.703370525714498,0.38,0.247,1,"15","Eif2s3y"
"Ints102",0.000522828391595078,0.570328643854653,0.341,0.205,1,"15","Ints10"
"Ank4",0.000536346315136406,0.623635197656344,0.395,0.258,1,"15","Ank"
"Setbp15",0.000542064825817242,0.425292479866798,0.628,0.461,1,"15","Setbp1"
"Cadm13",0.000576412184380994,0.330785940602267,0.891,0.782,1,"15","Cadm1"
"Ophn11",0.000576867089589193,0.643396123266786,0.395,0.26,1,"15","Ophn1"
"Epha102",0.000581007741013442,0.410993461829405,0.481,0.318,1,"15","Epha10"
"Dgki5",0.000596045870284309,0.330687939195577,0.667,0.467,1,"15","Dgki"
"Fbh11",0.000613263559883509,0.70460747017644,0.287,0.168,1,"15","Fbh1"
"Fchsd21",0.000617240337506742,0.360234655134582,0.574,0.388,1,"15","Fchsd2"
"Helq",0.000647172770217413,0.683986933219746,0.264,0.148,1,"15","Helq"
"Ica1",0.000672839721762029,0.452983085837292,0.527,0.367,1,"15","Ica1"
"Trim241",0.000678160095747333,0.652590666009142,0.31,0.187,1,"15","Trim24"
"Hdac41",0.000710341611678094,0.672964256069282,0.349,0.22,1,"15","Hdac4"
"Ppp6r31",0.00074966644778493,0.632002900477083,0.442,0.31,1,"15","Ppp6r3"
"Cc2d2a1",0.00075185179071215,0.669459304898797,0.302,0.181,1,"15","Cc2d2a"
"Syt111",0.000762116442547232,0.535492896683767,0.481,0.335,1,"15","Syt11"
"Gm9801",0.000768485243675599,0.56375115672528,0.45,0.311,1,"15","Gm9801"
"Taf15",0.000772306780860049,0.595880886177859,0.388,0.253,1,"15","Taf15"
"N4bp2l21",0.00078424134436532,0.535135555131674,0.481,0.329,1,"15","N4bp2l2"
"Mapk102",0.000796156056330398,0.433254021748072,0.783,0.697,1,"15","Mapk10"
"Lta4h",0.00079778886976317,0.702468559420105,0.279,0.163,1,"15","Lta4h"
"Dok62",0.000800413811962993,0.409029709121948,0.659,0.48,1,"15","Dok6"
"Prdm101",0.000806446185600964,0.466667383316501,0.45,0.299,1,"15","Prdm10"
"Srrm44",0.000807531998986002,0.863281094413726,0.558,0.455,1,"15","Srrm4"
"Ppm1l1",0.000811842193370927,0.55518994970834,0.411,0.265,1,"15","Ppm1l"
"Csmd32",0.000835328562274088,0.242036871189034,0.969,0.941,1,"15","Csmd3"
"Kcnma13",0.00084277122999916,0.299851247022266,0.853,0.685,1,"15","Kcnma1"
"Zfp638",0.0008432437741835,0.392075404398476,0.659,0.464,1,"15","Zfp638"
"Ndrg41",0.000845882189233918,0.410599409518229,0.45,0.297,1,"15","Ndrg4"
"Gabrg21",0.00085097445153759,0.716475417413984,0.38,0.251,1,"15","Gabrg2"
"Rap1gap23",0.000878340925440058,0.635135789962045,0.38,0.249,1,"15","Rap1gap2"
"Samm501",0.000879035567450238,0.705051792704549,0.333,0.212,1,"15","Samm50"
"Csrnp33",0.00091006214386964,0.415381319700463,0.55,0.391,1,"15","Csrnp3"
"Sh3d192",0.000913674764720064,1.07228299420159,0.264,0.161,1,"15","Sh3d19"
"A330023F24Rik2",0.000953904800802635,0.424804985902475,0.667,0.503,1,"15","A330023F24Rik"
"Atp2a23",0.000975840942947966,0.715944868528391,0.341,0.222,1,"15","Atp2a2"
"Dnajc18",0.000994655678613845,0.592844068245607,0.287,0.168,1,"15","Dnajc18"
"Stk38",0.00100494163223802,0.478262248059035,0.543,0.405,1,"15","Stk38"
"Atxn72",0.00101475201848947,0.612956555095621,0.364,0.235,1,"15","Atxn7"
"Pkia1",0.0010157410473543,0.675756182238411,0.426,0.3,1,"15","Pkia"
"Stard9",0.00102165991349769,0.848842483432271,0.264,0.158,1,"15","Stard9"
"Usp22",0.00106179744704691,0.775694074379928,0.256,0.149,1,"15","Usp22"
"Srgap31",0.00106331970365709,0.39502935831338,0.736,0.579,1,"15","Srgap3"
"Dexi1",0.00114080913608481,0.729111938171059,0.256,0.148,1,"15","Dexi"
"Tcp11l11",0.00114406870254895,0.567462648282372,0.341,0.214,1,"15","Tcp11l1"
"Grid15",0.00118807833428968,0.296993664848769,0.829,0.681,1,"15","Grid1"
"Cntn13",0.00120765143876646,0.508971452306697,0.713,0.625,1,"15","Cntn1"
"Polb2",0.00122536550162495,0.541835160831615,0.457,0.321,1,"15","Polb"
"Csnk1g3",0.00122874496201592,0.682364067471341,0.264,0.154,1,"15","Csnk1g3"
"Oxct12",0.00124150322277965,0.482908692939045,0.543,0.399,1,"15","Oxct1"
"Akap101",0.00124620273252428,0.844978464407228,0.279,0.172,1,"15","Akap10"
"Kdm3b",0.00126946776999725,0.626202665192038,0.295,0.179,1,"15","Kdm3b"
"Pcbp2",0.0013182100599889,0.556550802329057,0.349,0.221,1,"15","Pcbp2"
"Dlat1",0.00138032458942086,0.771434912841819,0.333,0.216,1,"15","Dlat"
"Cadps3",0.00141289123670506,0.254501717022835,0.953,0.876,1,"15","Cadps"
"Pde4a1",0.00142423071865123,0.318711819721487,0.558,0.389,1,"15","Pde4a"
"Nav33",0.00144896088389441,0.412201171923611,0.86,0.781,1,"15","Nav3"
"Evi52",0.00146087752428531,0.741743043745923,0.295,0.184,1,"15","Evi5"
"Tbc1d121",0.00151281312945527,0.625663037341763,0.295,0.181,1,"15","Tbc1d12"
"Evl",0.00151489872849415,0.372212016009053,0.636,0.476,1,"15","Evl"
"Slc24a24",0.00152960384139522,0.509758655951108,0.543,0.411,1,"15","Slc24a2"
"Cers63",0.00153047054524395,0.405244029064283,0.481,0.33,1,"15","Cers6"
"Arl153",0.00153151528372445,0.483666632511576,0.465,0.321,1,"15","Arl15"
"Galnt1",0.00155859069875729,0.632457684420604,0.271,0.161,1,"15","Galnt1"
"Dennd5a",0.00162353395058701,0.53200148698872,0.357,0.228,1,"15","Dennd5a"
"Thsd7a4",0.00162430218524521,1.11751813403754,0.357,0.245,1,"15","Thsd7a"
"Atp8a2",0.00162946597570771,0.367681560776202,0.659,0.508,1,"15","Atp8a2"
"Timm9",0.00165934992873935,0.72225777000799,0.295,0.183,1,"15","Timm9"
"Tmx31",0.00169766005847047,0.703245978294307,0.279,0.17,1,"15","Tmx3"
"Lnpep",0.00174847684880266,0.895663340185265,0.264,0.16,1,"15","Lnpep"
"Cntn63",0.0017952394380866,0.463681699832988,0.411,0.275,1,"15","Cntn6"
"Slc35f12",0.00180807585600716,0.315506529357926,0.612,0.455,1,"15","Slc35f1"
"Tbcd",0.00184109364403012,0.577959831159627,0.434,0.292,1,"15","Tbcd"
"Wwox3",0.00184364851471541,0.339661018913819,0.775,0.669,1,"15","Wwox"
"B3gat11",0.00184770863870842,0.587384306809753,0.357,0.234,1,"15","B3gat1"
"Hspa4l1",0.00185587344846467,0.614377229795248,0.38,0.26,1,"15","Hspa4l"
"Mapkap1",0.00186286694314493,0.532156141546503,0.372,0.245,1,"15","Mapkap1"
"Plcl15",0.00189852461837311,0.376151117543957,0.426,0.286,1,"15","Plcl1"
"Lrba1",0.00190922815733251,0.489565477928599,0.481,0.342,1,"15","Lrba"
"Trio",0.00191793791955373,0.364328465555934,0.736,0.599,1,"15","Trio"
"Ube2b2",0.00192988588832912,0.404424548757734,0.636,0.523,1,"15","Ube2b"
"Atad2b1",0.00193496612556946,0.488767384626567,0.488,0.344,1,"15","Atad2b"
"Hcn14",0.00194084943637964,0.474533567590797,0.419,0.286,1,"15","Hcn1"
"Pitpna",0.00197460573633602,0.437629778733061,0.45,0.307,1,"15","Pitpna"
"Fam49b2",0.00198468373687457,0.496849802683363,0.419,0.287,1,"15","Fam49b"
"Memo11",0.00198841734116781,0.826785562559074,0.287,0.183,1,"15","Memo1"
"Hook31",0.00199111880050845,0.536880024438373,0.434,0.297,1,"15","Hook3"
"Rmdn12",0.00201372789198868,0.470291456097796,0.434,0.293,1,"15","Rmdn1"
"Sorcs17",0.00202905592494213,0.644684868221707,0.574,0.462,1,"15","Sorcs1"
"C788591",0.00204685633122047,0.792873221218891,0.256,0.156,1,"15","C78859"
"Rims11",0.00204775890389015,0.374980573836019,0.783,0.68,1,"15","Rims1"
"Fnbp11",0.00204865405155845,0.424256553268399,0.628,0.491,1,"15","Fnbp1"
"Nell15",0.00205596717885665,0.860420919196341,0.473,0.363,1,"15","Nell1"
"Tpr1",0.00205795813229502,0.323700068892325,0.636,0.471,1,"15","Tpr"
"Wdr48",0.00209792099314244,0.77096759273595,0.256,0.154,1,"15","Wdr48"
"Atp2b24",0.00218589487175728,0.414649687747216,0.775,0.656,1,"15","Atp2b2"
"Rev3l3",0.0022302742872466,0.398315487421684,0.698,0.557,1,"15","Rev3l"
"Srgap22",0.00223896400151246,0.494273254122196,0.643,0.502,1,"15","Srgap2"
"Ralgapa24",0.00225000239052253,0.30368099076909,0.589,0.428,1,"15","Ralgapa2"
"Hnrnpdl1",0.00229112292822713,0.43704154196827,0.496,0.359,1,"15","Hnrnpdl"
"Ltbp32",0.00230283102325783,0.495732733296629,0.364,0.238,1,"15","Ltbp3"
"Tnrc6b3",0.00246878593491312,0.290232916708574,0.814,0.633,1,"15","Tnrc6b"
"Larp4",0.00248640647100886,0.575691442263228,0.287,0.178,1,"15","Larp4"
"Galnt71",0.00249104962664692,0.670759699692766,0.264,0.159,1,"15","Galnt7"
"Tln21",0.00249595646637748,0.414625265358592,0.465,0.327,1,"15","Tln2"
"Lrrc71",0.00251862141591145,0.245674772939553,0.907,0.872,1,"15","Lrrc7"
"Cbfa2t22",0.00253010011886481,0.58884213768811,0.318,0.204,1,"15","Cbfa2t2"
"Zfp3981",0.00254234213224667,0.588054916614969,0.302,0.191,1,"15","Zfp398"
"Rbm28",0.00257890728816135,0.450012793891499,0.488,0.347,1,"15","Rbm28"
"Cntnap46",0.00257964936317052,0.710237245202764,0.388,0.28,1,"15","Cntnap4"
"Ablim3",0.00261914314950199,0.519551352814745,0.473,0.343,1,"15","Ablim3"
"Zdhhc201",0.00264118532260562,0.391910271761675,0.488,0.343,1,"15","Zdhhc20"
"Atxn14",0.00264679785229032,0.33902310605239,0.729,0.596,1,"15","Atxn1"
"Slc2a32",0.00266046792651645,0.633643089320977,0.333,0.22,1,"15","Slc2a3"
"Tsc1",0.00267213939523624,0.511348346206237,0.481,0.352,1,"15","Tsc1"
"Msantd21",0.0026763387088508,0.537209369272788,0.341,0.222,1,"15","Msantd2"
"Cplx2",0.00272386863196037,0.751522364513185,0.264,0.164,1,"15","Cplx2"
"Trappc82",0.00272589059547476,0.681884049153524,0.31,0.203,1,"15","Trappc8"
"Asap12",0.00273225624001551,0.482338916557004,0.442,0.309,1,"15","Asap1"
"Usp471",0.00278837719050786,0.534206881111265,0.372,0.252,1,"15","Usp47"
"Strn31",0.00282301934134392,0.417859142705646,0.519,0.38,1,"15","Strn3"
"Ehbp11",0.00290340020592288,0.365520244586953,0.589,0.436,1,"15","Ehbp1"
"Ctnnd23",0.00297678423519772,0.319333632186493,0.961,0.921,1,"15","Ctnnd2"
"Frmpd46",0.00306527091867821,0.732752560493345,0.558,0.477,1,"15","Frmpd4"
"Dpysl22",0.00307493176757608,0.461237484693301,0.488,0.352,1,"15","Dpysl2"
"Cdk131",0.00307692848511668,0.398499845615135,0.457,0.324,1,"15","Cdk13"
"Cdh114",0.00323178322215425,1.05942064313662,0.264,0.174,1,"15","Cdh11"
"Rptor",0.00323804956627288,0.397885409898484,0.558,0.42,1,"15","Rptor"
"Erbin",0.00325499856189114,0.680974978524272,0.256,0.156,1,"15","Erbin"
"Vmp1",0.00326418666204712,0.577301860318094,0.302,0.193,1,"15","Vmp1"
"Atp11b1",0.00333209587876753,0.460108823565908,0.465,0.33,1,"15","Atp11b"
"Myo5a",0.00337833341709122,0.366449716351662,0.628,0.474,1,"15","Myo5a"
"Lrfn22",0.00339796607435143,0.465866193385725,0.434,0.301,1,"15","Lrfn2"
"Ptpru",0.00346877489538,0.891430867367035,0.271,0.174,1,"15","Ptpru"
"Dnm32",0.00349007326370281,0.315332288195754,0.791,0.728,1,"15","Dnm3"
"Tcf201",0.00351993478775573,0.386108242122131,0.612,0.468,1,"15","Tcf20"
"Arih13",0.00352372413491358,0.43727300274863,0.481,0.344,1,"15","Arih1"
"Pde4dip",0.0035407698095471,0.28242818478814,0.767,0.611,1,"15","Pde4dip"
"Zfyve93",0.00361408666638172,0.406781810386881,0.519,0.384,1,"15","Zfyve9"
"Nedd4l3",0.0036766523972669,0.415782885521666,0.55,0.431,1,"15","Nedd4l"
"2610037D02Rik1",0.00372957949509643,0.719637017533698,0.357,0.251,1,"15","2610037D02Rik"
"Pxk",0.00375767846516214,0.476576335119621,0.388,0.266,1,"15","Pxk"
"Calm22",0.00377048087611536,0.565742454544371,0.326,0.216,1,"15","Calm2"
"Nrg34",0.00377251002441918,0.346673216986468,0.969,0.948,1,"15","Nrg3"
"Plxna23",0.00385171039237577,0.397451516649833,0.519,0.368,1,"15","Plxna2"
"Ppp2r3a",0.00387459440392905,0.512594950483998,0.426,0.302,1,"15","Ppp2r3a"
"Ankrd28",0.0039266509608286,0.565410380646971,0.318,0.208,1,"15","Ankrd28"
"Glg12",0.00396391715257814,0.401674499511599,0.527,0.396,1,"15","Glg1"
"Rora2",0.00404307631658852,0.365148623486485,0.86,0.774,1,"15","Rora"
"Ndufs4",0.00417654267886883,0.578074181022239,0.271,0.17,1,"15","Ndufs4"
"Rapgef21",0.00424207662781147,0.419443975257582,0.411,0.282,1,"15","Rapgef2"
"Chn23",0.00424720231882289,0.502813459367285,0.271,0.168,1,"15","Chn2"
"Ube2e21",0.00427874041436726,0.250395033027042,0.837,0.748,1,"15","Ube2e2"
"Pld53",0.00431447090097776,0.448204363214043,0.349,0.232,1,"15","Pld5"
"Col11a14",0.00439427317838326,0.652665714519622,0.411,0.305,1,"15","Col11a1"
"Rcan22",0.00440412259992057,0.482273693787903,0.411,0.285,1,"15","Rcan2"
"Celf11",0.00443527937676095,0.443758458182851,0.411,0.29,1,"15","Celf1"
"Clasp12",0.00448018696191651,0.419356040899776,0.496,0.378,1,"15","Clasp1"
"Igsf213",0.00448277831207694,0.440998011378581,0.287,0.18,1,"15","Igsf21"
"Ghr4",0.0045290378884851,0.505528512438353,0.333,0.22,1,"15","Ghr"
"Immp2l2",0.00457662804488687,0.620496836175146,0.302,0.199,1,"15","Immp2l"
"Plekha11",0.00460718900179374,0.614377229795248,0.271,0.172,1,"15","Plekha1"
"Cacng7",0.00462077511770644,0.495732733296629,0.326,0.214,1,"15","Cacng7"
"Bbof1",0.00462439290692558,0.507086209862833,0.318,0.208,1,"15","Bbof1"
"Mecp21",0.00462728202125005,0.573735245297902,0.318,0.211,1,"15","Mecp2"
"Tcf123",0.00465320420224966,0.495732733296629,0.403,0.286,1,"15","Tcf12"
"Plcb13",0.00465465429558157,0.455261775418046,0.682,0.551,1,"15","Plcb1"
"Fhod34",0.00467512423272422,0.423606999473289,0.426,0.3,1,"15","Fhod3"
"Cd2ap1",0.00468589783878937,0.550764722648263,0.302,0.196,1,"15","Cd2ap"
"Abca51",0.00477119491881309,0.435191191361578,0.426,0.298,1,"15","Abca5"
"Gm207543",0.00477311685373991,0.69861376696328,0.256,0.161,1,"15","Gm20754"
"Pcmtd11",0.00478476299646284,0.524491726278053,0.349,0.236,1,"15","Pcmtd1"
"Foxk21",0.00486353955891517,0.619412819692547,0.279,0.18,1,"15","Foxk2"
"Usp331",0.00488903540386377,0.489330230003662,0.419,0.297,1,"15","Usp33"
"Sh3glb1",0.0049298095947759,0.519837289797326,0.349,0.232,1,"15","Sh3glb1"
"Fsd1l",0.00501974373710161,0.579337951527278,0.295,0.192,1,"15","Fsd1l"
"Ptprr1",0.00501995908732852,0.313740012782866,0.504,0.376,1,"15","Ptprr"
"Mef2a",0.00502196933795667,0.579471614847047,0.395,0.278,1,"15","Mef2a"
"Jakmip2",0.00502697515198007,0.383238633934083,0.543,0.401,1,"15","Jakmip2"
"Ptpn42",0.00514509305795305,0.496586146537066,0.45,0.335,1,"15","Ptpn4"
"Dzip32",0.00515817978227238,0.263749628517135,0.643,0.483,1,"15","Dzip3"
"Syngr1",0.00519459557349353,0.688894443309322,0.256,0.163,1,"15","Syngr1"
"Pde1c3",0.00524621036327153,0.362025905728584,0.302,0.197,1,"15","Pde1c"
"Ddhd11",0.00524698038366099,0.512279042176512,0.372,0.262,1,"15","Ddhd1"
"Tia11",0.00527233847659793,0.34245502064094,0.636,0.497,1,"15","Tia1"
"Cluh1",0.00528321667450619,0.564516715268524,0.326,0.219,1,"15","Cluh"
"Chl13",0.00530604142053533,0.318765572901664,0.504,0.371,1,"15","Chl1"
"Man2a22",0.00531408252505917,0.458738525814427,0.434,0.313,1,"15","Man2a2"
"Arhgef91",0.00537880182727241,0.617433788228587,0.326,0.223,1,"15","Arhgef9"
"Ogdh2",0.00539725553927093,0.388817529380117,0.473,0.34,1,"15","Ogdh"
"Pcnx22",0.00544570364343409,0.486388820835271,0.442,0.327,1,"15","Pcnx2"
"Fam120a",0.00555228043510785,0.433804984153427,0.411,0.291,1,"15","Fam120a"
"Samd123",0.00555557945326228,0.343687220744509,0.651,0.549,1,"15","Samd12"
"Cop11",0.0056026209610696,0.652345079994268,0.287,0.19,1,"15","Cop1"
"Ythdc21",0.00561725410220326,0.658084515034141,0.279,0.182,1,"15","Ythdc2"
"Ddi21",0.00571891686660965,0.543769823898615,0.295,0.192,1,"15","Ddi2"
"Iars",0.00578294492076705,0.618722700071212,0.256,0.161,1,"15","Iars"
"Sos1",0.00584360609601987,0.479123815741189,0.333,0.222,1,"15","Sos1"
"St6galnac31",0.00587605824944187,0.397885409898484,0.326,0.216,1,"15","St6galnac3"
"Rab6b1",0.00592868282203174,0.358996396504889,0.457,0.326,1,"15","Rab6b"
"Dync1li2",0.00595166704110607,0.570532813259558,0.318,0.214,1,"15","Dync1li2"
"Dpp65",0.00597149381792927,0.175456264280425,0.953,0.938,1,"15","Dpp6"
"Fat32",0.00603273997502271,0.314572903628077,0.659,0.527,1,"15","Fat3"
"Arhgap183",0.00611264123802073,0.63314586545223,0.403,0.291,1,"15","Arhgap18"
"Etnk11",0.0061339714809976,0.348075110127543,0.558,0.429,1,"15","Etnk1"
"Dtna3",0.00617258839008812,0.490631002652459,0.496,0.381,1,"15","Dtna"
"Ndufs1",0.00618860100439778,0.536929804299354,0.295,0.193,1,"15","Ndufs1"
"Tiam11",0.00619435410334235,0.293161752872925,0.481,0.337,1,"15","Tiam1"
"Rif1",0.00632623746921558,0.390276241199694,0.496,0.365,1,"15","Rif1"
"Rab14",0.00642987229990424,0.564149196468704,0.326,0.222,1,"15","Rab14"
"Slc25a362",0.00666353952179169,0.595157724041023,0.31,0.21,1,"15","Slc25a36"
"Rnf1572",0.00667910070415691,0.269137028948457,0.643,0.487,1,"15","Rnf157"
"Ppip5k2",0.00670048827319168,0.624488545762537,0.287,0.19,1,"15","Ppip5k2"
"Snhg143",0.00670595054994914,0.145254071137115,1,0.984,1,"15","Snhg14"
"Plxna43",0.00678810583397773,0.315160487654808,0.674,0.531,1,"15","Plxna4"
"Abhd12",0.00695990083017146,0.540568381362702,0.295,0.195,1,"15","Abhd12"
"Faf12",0.00701485244481218,0.463265651929866,0.426,0.312,1,"15","Faf1"
"Wdfy31",0.00704690996408764,0.267832023235204,0.736,0.601,1,"15","Wdfy3"
"Setd51",0.00704923095692176,0.332682791343398,0.659,0.524,1,"15","Setd5"
"Nbr11",0.00704929154391909,0.459206857271515,0.287,0.184,1,"15","Nbr1"
"Zfp207",0.00713462208812609,0.500803722844051,0.318,0.213,1,"15","Zfp207"
"Tmem135",0.00715181323158034,0.671999261612768,0.31,0.214,1,"15","Tmem135"
"Mtcl12",0.00715195332970417,0.438714312035199,0.31,0.203,1,"15","Mtcl1"
"Tbck1",0.00720636259879573,0.598337218530981,0.295,0.199,1,"15","Tbck"
"Psap1",0.00725720419983313,0.471241251632219,0.434,0.322,1,"15","Psap"
"Enah2",0.00725931291716833,0.411233904838237,0.488,0.359,1,"15","Enah"
"Ranbp2",0.0072907376039901,0.459315334661008,0.403,0.291,1,"15","Ranbp2"
"Thoc1",0.00730888534120037,0.299680704138961,0.442,0.308,1,"15","Thoc1"
"Dapk12",0.00733824979809186,0.443105802645419,0.496,0.385,1,"15","Dapk1"
"Mark1",0.00738762699008777,0.499957319158354,0.349,0.241,1,"15","Mark1"
"Hmg20a1",0.00739964078167335,0.482896014531248,0.349,0.241,1,"15","Hmg20a"
"Sec24a1",0.00742817021913086,0.430637705074744,0.388,0.277,1,"15","Sec24a"
"Ric1",0.0074481258681868,0.55818043110306,0.279,0.183,1,"15","Ric1"
"Gramd1b2",0.00751357064383878,0.411463816399025,0.465,0.337,1,"15","Gramd1b"
"Hsp90b1",0.00754445749914557,0.417544354889419,0.457,0.345,1,"15","Hsp90b1"
"Clvs13",0.00761709866213584,0.397179590392777,0.403,0.285,1,"15","Clvs1"
"Samd54",0.00763352420678916,0.357690790043938,0.566,0.443,1,"15","Samd5"
"Map2k5",0.00771855118047967,0.549739764228924,0.326,0.227,1,"15","Map2k5"
"Aak11",0.00772004190477984,0.346134532958693,0.667,0.558,1,"15","Aak1"
"Hnrnpa2b1",0.00772817279574259,0.287658368310923,0.659,0.513,1,"15","Hnrnpa2b1"
"2610507B11Rik1",0.00776678232843071,0.301874147697154,0.496,0.366,1,"15","2610507B11Rik"
"Eps15l1",0.00777891340906581,0.519606691033846,0.473,0.359,1,"15","Eps15l1"
"Taz",0.00779276257331158,0.48699792331902,0.341,0.234,1,"15","Taz"
"Tacc1",0.00779761080916148,0.462889476609612,0.318,0.214,1,"15","Tacc1"
"Gmds1",0.00783617006209338,0.522298690071342,0.395,0.287,1,"15","Gmds"
"Rbfox23",0.00787518906764451,0.282286911738627,0.651,0.512,1,"15","Rbfox2"
"Crtc31",0.00792089842378498,0.441910033790482,0.357,0.246,1,"15","Crtc3"
"Dlg12",0.00801739648898873,0.309140325476491,0.473,0.345,1,"15","Dlg1"
"Nsun2",0.00810294454381399,0.588724419517355,0.264,0.171,1,"15","Nsun2"
"Pdss21",0.00815495557799756,0.40138350646105,0.465,0.351,1,"15","Pdss2"
"Dmxl11",0.00819757192959148,0.344564291330392,0.512,0.384,1,"15","Dmxl1"
"Zcchc72",0.00824586392576353,0.321228551368019,0.674,0.532,1,"15","Zcchc7"
"Usp10",0.00824685165221548,0.549012815886671,0.295,0.197,1,"15","Usp10"
"Nmt2",0.00834195625562716,0.452026074166451,0.426,0.316,1,"15","Nmt2"
"Rapgef52",0.00838831352257213,0.523611765872066,0.349,0.245,1,"15","Rapgef5"
"Fam222b1",0.00843835592921154,0.468480411044331,0.411,0.297,1,"15","Fam222b"
"Pik3r31",0.00844706138382427,0.54239111696952,0.271,0.178,1,"15","Pik3r3"
"Smg61",0.00863091794369212,0.410065263084156,0.543,0.442,1,"15","Smg6"
"Vps13a1",0.00864272410200648,0.321250758805018,0.581,0.461,1,"15","Vps13a"
"Ccdc85a4",0.00879887328921425,0.373920671936664,0.481,0.36,1,"15","Ccdc85a"
"Fam126b1",0.00884737606300705,0.519753184801768,0.318,0.22,1,"15","Fam126b"
"Trim37",0.0089907482394796,0.439580153185777,0.38,0.271,1,"15","Trim37"
"Ppip5k11",0.00899943280853419,0.328385481604263,0.519,0.392,1,"15","Ppip5k1"
"Prkce3",0.00900760132537327,0.250205045814038,0.798,0.664,1,"15","Prkce"
"Ambra12",0.00903477009314322,0.433320126128064,0.504,0.396,1,"15","Ambra1"
"Gfod21",0.00908469029008583,0.580292961320064,0.295,0.201,1,"15","Gfod2"
"Klc1",0.00926482834038366,0.352223859128309,0.473,0.345,1,"15","Klc1"
"Slc1a11",0.00931298252480708,0.501739799744502,0.271,0.177,1,"15","Slc1a1"
"Hk13",0.00935232775241312,0.47396211062541,0.31,0.209,1,"15","Hk1"
"mt-Nd22",0.0094758038734824,0.461624878976365,0.465,0.35,1,"15","mt-Nd2"
"Arfgef21",0.00952890482133314,0.419973839580493,0.45,0.336,1,"15","Arfgef2"
"Cep832",0.00954816700375966,0.559235675602787,0.318,0.22,1,"15","Cep83"
"C2cd51",0.00968284017354188,0.287777695183988,0.597,0.455,1,"15","C2cd5"
"Stau22",0.00973183405204095,0.24223726795245,0.752,0.627,1,"15","Stau2"
"Aig12",0.00991506074409504,0.424509236523426,0.442,0.334,1,"15","Aig1"
"Atcay1",0.00997556437020146,0.473131304359496,0.411,0.299,1,"15","Atcay"
"Phkb1",0.00998230502564723,0.461396369426368,0.349,0.245,1,"15","Phkb"
"Zeb22",9.0990568220762e-75,3.07872862880413,0.696,0.119,1.5957015948875e-70,"16","Zeb2"
"Rorb3",1.50983756135315e-63,2.7431305238446,0.696,0.136,2.64780213134503e-59,"16","Rorb"
"Ppfibp2",7.43194691127656e-60,3.49376612808297,0.374,0.039,1.30334052983057e-55,"16","Ppfibp2"
"Penk",5.26387957568643e-59,3.16244759689227,0.47,0.064,9.23126561188129e-55,"16","Penk"
"Rftn12",8.13044368035281e-58,2.54599608685553,0.774,0.206,1.42583590822347e-53,"16","Rftn1"
"9530026P05Rik2",2.74784290915413e-52,2.63662923329799,0.6,0.122,4.81889210978359e-48,"16","9530026P05Rik"
"Hs3st2",1.88853790748537e-50,3.17245868067384,0.487,0.083,3.31192892835709e-46,"16","Hs3st2"
"Foxp22",1.09439307869351e-49,2.35055879979317,0.617,0.128,1.91923714210482e-45,"16","Foxp2"
"Rmst4",2.41826723266771e-48,2.19829816931928,0.939,0.45,4.24091524592936e-44,"16","Rmst"
"Cacna2d33",1.01558269478105e-43,1.90135557018098,0.878,0.329,1.78102737183753e-39,"16","Cacna2d3"
"Trpc74",3.69127876254611e-43,2.13713956896884,0.8,0.28,6.47339556587711e-39,"16","Trpc7"
"Astn26",8.66857724454371e-43,1.82198994527572,0.974,0.664,1.52020839137563e-38,"16","Astn2"
"Pard3b3",3.33934003621218e-41,2.2536848593474,0.67,0.18,5.8562006215053e-37,"16","Pard3b"
"Ccbe12",2.72444872205448e-39,2.74327721373195,0.417,0.074,4.77786572386694e-35,"16","Ccbe1"
"Prkg14",2.12275322978822e-36,1.78137414978646,0.965,0.526,3.7226723390796e-32,"16","Prkg1"
"Ndst43",1.59555203325201e-35,2.10974982208408,0.696,0.223,2.79811960071405e-31,"16","Ndst4"
"Pld54",1.44027709110248e-34,1.96461792348341,0.687,0.221,2.52581393466642e-30,"16","Pld5"
"Col15a11",1.21253355948394e-32,2.66409757974375,0.383,0.074,2.12642010326699e-28,"16","Col15a1"
"Spag16",2.14464001984709e-30,2.49020830866978,0.383,0.078,3.76105520280585e-26,"16","Spag16"
"Pcsk6",1.39953943431299e-29,2.71169650243612,0.261,0.038,2.45437230595469e-25,"16","Pcsk6"
"Erbb44",2.88461438701427e-29,1.58523752663493,0.93,0.557,5.05874825050693e-25,"16","Erbb4"
"Grik36",5.03629861015135e-28,1.46530453935621,0.843,0.397,8.83215687262242e-24,"16","Grik3"
"Tcerg1l2",7.79692955523937e-28,1.90279874697244,0.591,0.188,1.36734753610233e-23,"16","Tcerg1l"
"9530036O11Rik3",4.03717999526969e-27,1.96423443925756,0.574,0.189,7.08000255770446e-23,"16","9530036O11Rik"
"Zfp804b4",2.81389879921623e-26,1.93108207013825,0.791,0.454,4.93473432418551e-22,"16","Zfp804b"
"Tmcc34",3.09846114370732e-25,1.53607693294094,0.817,0.409,5.43377130771952e-21,"16","Tmcc3"
"Ldb23",6.70056265759845e-25,2.06217745254028,0.609,0.244,1.17507767326304e-20,"16","Ldb2"
"Ptprt4",1.1439663570403e-24,1.29588534258754,0.878,0.478,2.00617380034157e-20,"16","Ptprt"
"Gm48761",2.03279214501034e-24,2.1759392494088,0.47,0.14,3.56490758470464e-20,"16","Gm4876"
"Gm134811",6.17689641362966e-23,2.06207128485052,0.339,0.076,1.08324232405823e-18,"16","Gm13481"
"Spon1",9.77266966376471e-22,1.7617930178675,0.443,0.132,1.71383307893442e-17,"16","Spon1"
"Cpne44",1.33682940626017e-21,1.66091270778856,0.609,0.231,2.34439772975845e-17,"16","Cpne4"
"Gm207544",2.37949436159346e-21,2.16739025908703,0.47,0.154,4.17291926192645e-17,"16","Gm20754"
"Fgf133",1.85296656135251e-19,1.55148162593926,0.591,0.241,3.2495474586439e-15,"16","Fgf13"
"Grm14",1.8568887977655e-19,1.51743978711858,0.687,0.352,3.25642588464136e-15,"16","Grm1"
"March15",4.600266807714e-19,0.905074272957533,0.965,0.735,8.06748790068804e-15,"16","March1"
"Cfap97d2",1.23099147744458e-17,2.18016383527052,0.278,0.067,2.15878975399455e-13,"16","Cfap97d2"
"Sfta3-ps4",1.52855693831421e-17,1.43043155772552,0.461,0.154,2.68063030272163e-13,"16","Sfta3-ps"
"Kcnip46",5.70657534131254e-17,0.89316190119998,1,0.923,1.00076211760598e-12,"16","Kcnip4"
"Adcy84",6.10677333110711e-17,1.44946602906023,0.643,0.31,1.07094483907625e-12,"16","Adcy8"
"Hs3st41",6.13115410929038e-17,1.4818498171206,0.504,0.191,1.07522049614625e-12,"16","Hs3st4"
"Samd55",8.77787081996031e-17,1.19607660609099,0.748,0.438,1.53937520569644e-12,"16","Samd5"
"Cntn46",1.0144057258355e-16,1.15651778871465,0.713,0.376,1.77896332139771e-12,"16","Cntn4"
"Rasgrf23",4.84692773769644e-16,1.17037436289127,0.722,0.363,8.50005717359825e-12,"16","Rasgrf2"
"Slit32",8.12607391739809e-16,1.43606205982269,0.53,0.218,1.4250695828941e-11,"16","Slit3"
"Rgs74",1.43294461546475e-15,1.13015036488281,0.852,0.592,2.51295497214053e-11,"16","Rgs7"
"Clstn25",1.48161752799124e-14,1.16841651639869,0.687,0.363,2.59831265883823e-10,"16","Clstn2"
"Rgs62",1.76093214934289e-14,1.44438348834162,0.426,0.158,3.08814671030263e-10,"16","Rgs6"
"Xylt1",2.00069234065176e-14,1.48821975557633,0.487,0.203,3.50861415780099e-10,"16","Xylt1"
"4930483P17Rik",2.90630523125902e-14,1.86686687495985,0.296,0.087,5.09678748405894e-10,"16","4930483P17Rik"
"Ncald4",3.3354999812271e-14,1.09256595610024,0.687,0.366,5.84946631707797e-10,"16","Ncald"
"Trpm34",5.9156717310255e-14,0.684932277099454,0.783,0.458,1.03743135146994e-09,"16","Trpm3"
"Celf43",6.71801282584768e-14,0.621295403310666,0.974,0.934,1.17813790926891e-09,"16","Celf4"
"Gnas5",6.81206517455778e-14,1.10220325293694,0.887,0.731,1.1946318696622e-09,"16","Gnas"
"Tmem200a1",1.23110685536107e-13,1.4537179674429,0.409,0.152,2.15899209224671e-09,"16","Tmem200a"
"Ftl1-ps15",1.65368678947265e-13,1.37426839238735,0.487,0.212,2.90007052269819e-09,"16","Ftl1-ps1"
"Hdac95",1.76910790796536e-13,1.34624732606317,0.591,0.303,3.10248453819886e-09,"16","Hdac9"
"Sel1l3",2.04425581236743e-13,1.87420262826119,0.261,0.073,3.58501141814877e-09,"16","Sel1l3"
"Htr1f3",2.41954399550907e-13,1.02810255573416,0.478,0.191,4.24315430492426e-09,"16","Htr1f"
"Mgll1",3.48292273046592e-13,1.60830396497313,0.357,0.125,6.10800159241808e-09,"16","Mgll"
"Ntm6",1.65242900574792e-12,0.754424363123607,0.922,0.726,2.89786474738013e-08,"16","Ntm"
"Gria13",2.22333810241125e-12,0.515823048956169,0.991,0.882,3.89906803019862e-08,"16","Gria1"
"Dmd6",3.15048692314082e-12,0.837450729212872,0.896,0.752,5.52500891711206e-08,"16","Dmd"
"Plcb44",3.26082734439709e-12,1.03976147466483,0.687,0.406,5.71851291386918e-08,"16","Plcb4"
"Kcnh75",8.55372057449838e-12,0.844750650275189,0.843,0.599,1.50006597714978e-07,"16","Kcnh7"
"Vstm2l1",1.29941000256432e-11,1.67665754812937,0.348,0.131,2.27877532149704e-07,"16","Vstm2l"
"Grip15",1.60806978115206e-11,0.740337420773214,0.922,0.78,2.82007197520636e-07,"16","Grip1"
"Iqgap2",1.93386795629489e-11,1.64604326370586,0.261,0.081,3.39142423495435e-07,"16","Iqgap2"
"Khdrbs25",3.70802563544129e-11,0.807118712839059,0.783,0.506,6.50276455687339e-07,"16","Khdrbs2"
"Sdk13",4.70441710223658e-11,0.964409892474992,0.661,0.382,8.25013627219229e-07,"16","Sdk1"
"Zfhx38",5.19695431765616e-11,0.602530628106533,0.939,0.69,9.11389878687361e-07,"16","Zfhx3"
"Hpcal11",8.26136250949131e-11,1.50453394442763,0.33,0.124,1.44879514328949e-06,"16","Hpcal1"
"Ssbp23",1.63542749690162e-10,0.84770590232424,0.704,0.412,2.86804920131637e-06,"16","Ssbp2"
"Mdga25",1.91152405165867e-10,0.590515778803049,0.991,0.937,3.35223972939381e-06,"16","Mdga2"
"6330411D24Rik4",1.95074793800221e-10,1.24866917661297,0.452,0.21,3.42102665887448e-06,"16","6330411D24Rik"
"Spock15",1.9754821622479e-10,1.0287826901245,0.67,0.419,3.46440306793415e-06,"16","Spock1"
"Nav23",5.76493558611653e-10,0.622102481200968,0.939,0.844,1.01099675373726e-05,"16","Nav2"
"Adam19",7.23398083379332e-10,1.66730238307766,0.261,0.091,1.26862321882233e-05,"16","Adam19"
"Baiap36",7.65530602040238e-10,0.793239372142638,0.852,0.6,1.34251101679797e-05,"16","Baiap3"
"Unc5c5",1.31995898698032e-09,0.966258563438084,0.696,0.461,2.31481207546739e-05,"16","Unc5c"
"Agbl43",1.40098596980219e-09,0.489828846380865,0.965,0.918,2.4569090952421e-05,"16","Agbl4"
"Cntnap25",1.68562409151944e-09,0.490602128334664,0.983,0.978,2.95607896929765e-05,"16","Cntnap2"
"Srrm45",2.44653129325775e-09,0.575379893636623,0.757,0.448,4.29048192898611e-05,"16","Srrm4"
"Ncam25",3.1058808409352e-09,0.722712904435099,0.809,0.622,5.44678323074806e-05,"16","Ncam2"
"Ntrk33",3.85078361583593e-09,0.734026007696472,0.861,0.753,6.75311922709148e-05,"16","Ntrk3"
"Adarb25",6.80123497742141e-09,0.81289079113487,0.757,0.578,0.000119273257799039,"16","Adarb2"
"Magi29",8.15549918480128e-09,0.455440368968253,1,0.975,0.00014302298920386,"16","Magi2"
"Fstl44",8.22660728142361e-09,0.972933964781531,0.574,0.331,0.000144270011894326,"16","Fstl4"
"Dgkk1",8.27995526005387e-09,1.36903696596467,0.287,0.112,0.000145205575395565,"16","Dgkk"
"Siah3",9.501211860717e-09,1.47893477668189,0.261,0.097,0.000166622752401394,"16","Siah3"
"Mast43",1.00987362055353e-08,0.908849103099526,0.591,0.356,0.000177101536836473,"16","Mast4"
"Necab2",1.06927353318775e-08,1.48896514181915,0.27,0.103,0.000187518499515136,"16","Necab2"
"Oprm11",1.25312495048474e-08,1.39650109420018,0.365,0.171,0.000219760522566508,"16","Oprm1"
"Sdk24",1.30622195198867e-08,0.981426639222705,0.574,0.326,0.000229072143720253,"16","Sdk2"
"Catsperg1",1.67887404780507e-08,1.36313202970572,0.27,0.103,0.000294424141763574,"16","Catsperg1"
"Trps1",1.87935920336555e-08,1.56709192231104,0.322,0.138,0.000329583223494217,"16","Trps1"
"Rasa4",2.57779064062382e-08,1.39336423112513,0.261,0.099,0.000452067144646199,"16","Rasa4"
"Csmd33",3.59090440140979e-08,0.542645532761646,0.965,0.941,0.000629736904875235,"16","Csmd3"
"Dlgap23",6.12961598019943e-08,0.718832683717744,0.826,0.753,0.00107495075444757,"16","Dlgap2"
"Sash15",6.37448420079799e-08,1.14264039262432,0.443,0.237,0.00111789329429394,"16","Sash1"
"Prickle12",6.43140784954409e-08,0.848398388043039,0.626,0.404,0.00112787599457455,"16","Prickle1"
"Fgf144",6.88185110896488e-08,0.371994521409815,1,0.994,0.00120687022897917,"16","Fgf14"
"Fryl",7.30751817494494e-08,1.10475563261946,0.496,0.297,0.00128151946234009,"16","Fryl"
"Itpr13",1.05190626706528e-07,1.03359209284464,0.409,0.207,0.00184472802055237,"16","Itpr1"
"Ndst31",1.10128644152001e-07,0.948715318226311,0.435,0.222,0.00193132603249364,"16","Ndst3"
"Mei4",1.3105089732936e-07,1.54679869886003,0.261,0.107,0.00229823958646499,"16","Mei4"
"A330076H08Rik1",1.6084311982649e-07,0.52405792441075,0.904,0.843,0.00282070579239715,"16","A330076H08Rik"
"Zfp5364",1.77930166357974e-07,1.28839556707236,0.391,0.202,0.00312036132741978,"16","Zfp536"
"Unc5d6",1.9317993610872e-07,0.588488494068488,0.852,0.691,0.00338779653953862,"16","Unc5d"
"Gsg1l",2.37394312581104e-07,1.22008447804967,0.278,0.118,0.00416318405973483,"16","Gsg1l"
"Grm54",2.53686227778735e-07,0.398577412679298,0.957,0.842,0.00444889537655568,"16","Grm5"
"Pid11",4.32719866538566e-07,1.07473632812252,0.435,0.241,0.00758860829948683,"16","Pid1"
"Tafa14",4.51832791380039e-07,0.966685679713887,0.4,0.211,0.00792379166243175,"16","Tafa1"
"A230057D06Rik4",4.93759937898443e-07,0.425454115224182,0.974,0.973,0.00865906803092499,"16","A230057D06Rik"
"Dnah7b2",6.10514892970252e-07,1.11614259044724,0.313,0.146,0.0107065996780193,"16","Dnah7b"
"Atp11c",6.33995452057474e-07,1.25391650966998,0.304,0.141,0.0111183782427319,"16","Atp11c"
"Syt93",8.74051886361537e-07,1.04189186062376,0.365,0.185,0.0153282479311223,"16","Syt9"
"Rora3",1.46716697160953e-06,0.571103580704005,0.878,0.774,0.0257297071811163,"16","Rora"
"Cfap442",1.91386510353129e-06,1.02063257710416,0.348,0.175,0.0335634523206283,"16","Cfap44"
"Ankfn13",1.9393878771944e-06,0.479460955658318,0.487,0.263,0.0340110452023582,"16","Ankfn1"
"Sema6d5",1.94765572373682e-06,0.500702489897327,0.713,0.474,0.0341560384271727,"16","Sema6d"
"Efna56",2.18887499586054e-06,0.95858626571563,0.583,0.41,0.0383863008024063,"16","Efna5"
"Zfp4623",2.27746547973351e-06,0.754979332276782,0.617,0.414,0.0399399121180865,"16","Zfp462"
"Mmp163",3.68642424569125e-06,0.784025989379345,0.67,0.502,0.0646488219966875,"16","Mmp16"
"Hipk21",3.85553119310789e-06,0.941605311945546,0.417,0.24,0.0676144505335331,"16","Hipk2"
"Oxr15",3.92668248541298e-06,0.67763506854113,0.635,0.432,0.0688622307466874,"16","Oxr1"
"Susd44",4.62810944115539e-06,0.709946720486156,0.557,0.367,0.0811631552695421,"16","Susd4"
"Cacna1a1",5.00795949204659e-06,0.39677267971742,0.965,0.947,0.0878245856120211,"16","Cacna1a"
"Rbms33",5.26410362915569e-06,0.684078095828489,0.791,0.641,0.0923165853445033,"16","Rbms3"
"Cdh20",5.39553783071413e-06,1.11864944605782,0.27,0.123,0.0946215469372337,"16","Cdh20"
"Cdkl3",5.78370908951621e-06,1.04790638529263,0.383,0.215,0.101428906302846,"16","Cdkl3"
"Kdm7a",7.12693850813571e-06,0.985619224412646,0.304,0.149,0.124985120617176,"16","Kdm7a"
"Arntl",7.187349338266e-06,1.21952033029255,0.296,0.147,0.126044545345171,"16","Arntl"
"Slitrk3",8.96390753506771e-06,1.02861169593899,0.304,0.15,0.157200046442482,"16","Slitrk3"
"Wdr78",9.3418746215313e-06,1.11446765177407,0.313,0.157,0.163828455237794,"16","Wdr78"
"Kctd164",1.09350392825115e-05,0.767284376623845,0.557,0.367,0.191767783897403,"16","Kctd16"
"Ctnna25",1.15836785260464e-05,0.26692857709749,0.983,0.949,0.203142970311276,"16","Ctnna2"
"Acvr2a1",1.41455300578849e-05,0.950333697477164,0.391,0.224,0.248070160625128,"16","Acvr2a"
"Vwa5b13",1.86407807677471e-05,0.829399987013874,0.348,0.185,0.32690337232398,"16","Vwa5b1"
"Gpr1581",2.19162684710883e-05,0.440494352532825,0.922,0.897,0.384345600177475,"16","Gpr158"
"Kcnt22",2.42567664843308e-05,0.890019333723968,0.4,0.238,0.425390913835708,"16","Kcnt2"
"Cdh186",2.4467542563068e-05,0.583556930941843,0.739,0.618,0.429087293928524,"16","Cdh18"
"Lrrtm34",2.49547108109722e-05,0.785670262752332,0.565,0.389,0.437630763492019,"16","Lrrtm3"
"Cdh74",2.53063084977443e-05,0.953891516890353,0.322,0.168,0.443796732124942,"16","Cdh7"
"Synrg",2.56800740629169e-05,0.861054756370209,0.357,0.196,0.450351458841373,"16","Synrg"
"Samd14",2.62195847823046e-05,1.03503416757815,0.278,0.139,0.459812858327275,"16","Samd14"
"Klhl13",2.6693577184329e-05,0.716890967353454,0.409,0.233,0.468125263081577,"16","Klhl1"
"Pde4b4",2.90437566659781e-05,0.552832563953592,0.722,0.543,0.509340360651258,"16","Pde4b"
"Nxph14",2.93388759637117e-05,0.933524524640536,0.374,0.222,0.514515867775612,"16","Nxph1"
"Mir100hg2",3.03546561426537e-05,0.486310077732514,0.783,0.611,0.532329604773717,"16","Mir100hg"
"Sgip12",3.16421514917568e-05,0.352727859364511,0.904,0.82,0.554908410710938,"16","Sgip1"
"Npas21",3.30373676895215e-05,0.977312405292105,0.27,0.134,0.579376317171139,"16","Npas2"
"Nrp24",3.45466948557218e-05,0.732008072465478,0.496,0.327,0.605845387684793,"16","Nrp2"
"Grin2b1",3.92878346267617e-05,0.414136127825156,0.887,0.827,0.68899075584952,"16","Grin2b"
"Akap131",4.24376112174515e-05,0.996610008330622,0.313,0.165,0.744228387920446,"16","Akap13"
"Slc9a93",4.50523549345684e-05,0.837720529300332,0.409,0.249,0.790083148487527,"16","Slc9a9"
"Unc13b2",4.90757824687536e-05,0.881806894983798,0.383,0.228,0.860641997154533,"16","Unc13b"
"Tmem255a3",4.91168305684449e-05,0.879130555894516,0.287,0.146,0.861361857678819,"16","Tmem255a"
"Fhl1",5.28983764733916e-05,0.710747673042567,0.4,0.232,0.927678828213868,"16","Fhl1"
"Ltbp42",5.95792803980828e-05,0.839019329901129,0.357,0.201,1,"16","Ltbp4"
"Frmpd47",6.25345248462495e-05,0.56460636863342,0.652,0.474,1,"16","Frmpd4"
"Anxa62",7.79545445315707e-05,0.935407778458878,0.339,0.195,1,"16","Anxa6"
"Rasa32",9.69586698123526e-05,0.9968436620749,0.313,0.174,1,"16","Rasa3"
"Bach22",0.000112100572959312,0.657393105624914,0.478,0.306,1,"16","Bach2"
"Sorbs12",0.000117655540163346,0.680943796603547,0.609,0.496,1,"16","Sorbs1"
"Plcxd36",0.000120590732331228,0.770976302681132,0.504,0.35,1,"16","Plcxd3"
"Crppa",0.000124360098507126,0.852220098995447,0.304,0.166,1,"16","Crppa"
"Col4a21",0.0001297237875841,0.781537212238272,0.513,0.363,1,"16","Col4a2"
"C530008M17Rik4",0.000132929587715611,0.426627029763162,0.748,0.548,1,"16","C530008M17Rik"
"Ftx3",0.000139338449693228,0.562257563948471,0.704,0.57,1,"16","Ftx"
"Tanc2",0.000142593623965868,0.389858092995339,0.913,0.897,1,"16","Tanc2"
"Ptpre1",0.000143077006901087,0.873312507455007,0.339,0.196,1,"16","Ptpre"
"Cdh102",0.00014665560099291,0.587882495403077,0.487,0.314,1,"16","Cdh10"
"Nln1",0.000159430994624796,0.847485289885414,0.296,0.161,1,"16","Nln"
"March34",0.000159946903921427,0.788281967824211,0.322,0.178,1,"16","March3"
"Nxpe42",0.000164800455577333,0.732248742253489,0.357,0.207,1,"16","Nxpe4"
"Pdzrn43",0.0001785173321307,0.0139947179583658,0.704,0.48,1,"16","Pdzrn4"
"Ssbp41",0.000197803715069883,0.868266417550661,0.383,0.239,1,"16","Ssbp4"
"Cacna2d26",0.000198397814380696,0.316390773514639,0.765,0.569,1,"16","Cacna2d2"
"Nyap22",0.000200834699278143,0.757377727379511,0.435,0.284,1,"16","Nyap2"
"Pld3",0.000232049920455914,0.859376661787731,0.357,0.217,1,"16","Pld3"
"Clock",0.000237199900920963,0.831357339266228,0.409,0.27,1,"16","Clock"
"Zbtb206",0.000259394660211938,0.440217092463384,0.661,0.49,1,"16","Zbtb20"
"Snx4",0.000267424609840977,0.77304988556184,0.278,0.149,1,"16","Snx4"
"1700016P03Rik",0.000275073700067351,0.836278555126426,0.261,0.14,1,"16","1700016P03Rik"
"Cadps4",0.000280518028150599,0.367478474897164,0.896,0.878,1,"16","Cadps"
"Mical22",0.000299397188168514,0.906768317773052,0.4,0.263,1,"16","Mical2"
"Dok63",0.000315508643258564,0.429415716672914,0.652,0.481,1,"16","Dok6"
"Ppp1r12c",0.000316686070497848,0.83181388833361,0.374,0.238,1,"16","Ppp1r12c"
"Tmem1082",0.000460572035773017,0.486386597717374,0.565,0.405,1,"16","Tmem108"
"Cdc42bpb2",0.000519455293658436,0.696659186137209,0.47,0.327,1,"16","Cdc42bpb"
"Fam13c1",0.000523328209241281,0.782896783216332,0.348,0.214,1,"16","Fam13c"
"Mest1",0.000529384343451117,1.05119477987453,0.261,0.148,1,"16","Mest"
"Prkag23",0.000558488123869399,0.738308784876886,0.443,0.303,1,"16","Prkag2"
"Ddi22",0.000563036486103977,1.02239734190022,0.313,0.192,1,"16","Ddi2"
"Gck2",0.000689992450007551,0.719604384747586,0.252,0.136,1,"16","Gck"
"Pkp42",0.00070038531063581,0.475554410589123,0.626,0.465,1,"16","Pkp4"
"Slc24a34",0.000747282890981485,0.422356145716114,0.643,0.485,1,"16","Slc24a3"
"Brinp14",0.000795168608456746,0.664773556766924,0.443,0.307,1,"16","Brinp1"
"Cdh133",0.000804055476113842,0.341320295190821,0.652,0.488,1,"16","Cdh13"
"Atp11a",0.000833590432579679,0.630582817713345,0.365,0.226,1,"16","Atp11a"
"Mir99ahg1",0.0008913524908649,0.575903843176026,0.565,0.435,1,"16","Mir99ahg"
"Braf",0.000900389656394034,0.517963257770754,0.565,0.403,1,"16","Braf"
"Rhot21",0.000972689204478218,0.614570418387537,0.322,0.191,1,"16","Rhot2"
"Fbxl12",0.00106566028915271,0.811257968105469,0.313,0.193,1,"16","Fbxl12"
"Rev3l4",0.00109064167618001,0.475392311540341,0.704,0.557,1,"16","Rev3l"
"St6galnac54",0.0011270543251857,0.487532048385636,0.513,0.365,1,"16","St6galnac5"
"N4bp23",0.00115080406129593,0.636086668130682,0.443,0.309,1,"16","N4bp2"
"Ccdc303",0.00123870558979195,0.494272425698587,0.591,0.448,1,"16","Ccdc30"
"Ahi13",0.00128849456173837,0.248505948119174,0.991,0.982,1,"16","Ahi1"
"Nrf12",0.00131333993734913,0.581679881992362,0.435,0.294,1,"16","Nrf1"
"Gnb21",0.00134329672860016,0.615803800128734,0.322,0.194,1,"16","Gnb2"
"Prickle24",0.00135031121942493,0.436516894079526,0.609,0.462,1,"16","Prickle2"
"Ablim31",0.00140066670106215,0.568315715066787,0.478,0.343,1,"16","Ablim3"
"Tiam12",0.00143978559489105,0.590026669601025,0.478,0.338,1,"16","Tiam1"
"Ankrd443",0.00145595353140836,0.853061075434819,0.287,0.176,1,"16","Ankrd44"
"Slit14",0.00149024132252684,0.428317541461844,0.443,0.293,1,"16","Slit1"
"Zswim62",0.00169964594039498,0.946352414017029,0.252,0.148,1,"16","Zswim6"
"Pou6f11",0.00176432553914784,0.577553609643581,0.461,0.319,1,"16","Pou6f1"
"Cdkl2",0.0017903833062919,0.8830310741331,0.252,0.149,1,"16","Cdkl2"
"Grm75",0.00183397301654537,0.302540666932992,0.922,0.851,1,"16","Grm7"
"Gpm6a2",0.00183470272114716,0.546798698860035,0.496,0.353,1,"16","Gpm6a"
"Slit23",0.00184716952201959,0.585858818448324,0.409,0.271,1,"16","Slit2"
"Ino80",0.00187669931818961,0.503183003316556,0.504,0.362,1,"16","Ino80"
"Ints6l1",0.0019170593138515,0.631251155861202,0.357,0.231,1,"16","Ints6l"
"Fgfr22",0.00201125897784011,0.674097944586516,0.348,0.229,1,"16","Fgfr2"
"Scg22",0.00202892117237238,0.431521586577306,0.426,0.289,1,"16","Scg2"
"Mtus21",0.00219285791713037,0.514273555468615,0.539,0.41,1,"16","Mtus2"
"Dock41",0.00224410058201849,0.421983564891707,0.513,0.364,1,"16","Dock4"
"Ctnnd24",0.00227720834058113,0.251477601355877,0.965,0.921,1,"16","Ctnnd2"
"Pik3r32",0.00234248349124851,0.783201502837464,0.287,0.178,1,"16","Pik3r3"
"Runx1t12",0.00247119364108052,0.743899444367795,0.322,0.207,1,"16","Runx1t1"
"Rnpc3",0.0025366357450264,0.433305917435305,0.696,0.574,1,"16","Rnpc3"
"Mast22",0.00254670637257345,0.503341241797401,0.609,0.484,1,"16","Mast2"
"Pitpnm32",0.00254900818182653,0.732537599005058,0.322,0.207,1,"16","Pitpnm3"
"Cers41",0.00258439343868908,0.363491908734955,0.757,0.639,1,"16","Cers4"
"Plxnc1",0.00266419119399341,0.655486632830466,0.383,0.261,1,"16","Plxnc1"
"Adgra12",0.00271587715549533,0.626205544094548,0.339,0.218,1,"16","Adgra1"
"Sesn3",0.00278996603316656,0.573310326446419,0.322,0.2,1,"16","Sesn3"
"Acaca2",0.00287555735499392,0.392228101620909,0.6,0.464,1,"16","Acaca"
"Nkain27",0.00304774380576384,0.113428886058721,1,0.948,1,"16","Nkain2"
"Svop2",0.00317746026303236,0.354297924716269,0.704,0.563,1,"16","Svop"
"Celf23",0.00322510048743664,0.0111454715485734,0.791,0.635,1,"16","Celf2"
"Abat3",0.00323078755305643,0.496666018588766,0.487,0.356,1,"16","Abat"
"Tcte21",0.0033735754517324,0.590235498586102,0.33,0.21,1,"16","Tcte2"
"Igsf214",0.00347326969807943,0.731758363240988,0.287,0.18,1,"16","Igsf21"
"Unc802",0.00356040664465631,0.26525426676025,0.913,0.891,1,"16","Unc80"
"Nova21",0.00365732043517981,0.611971013077956,0.417,0.297,1,"16","Nova2"
"Gm12940",0.00368555708201519,0.617549347880563,0.357,0.241,1,"16","Gm12940"
"Nrp14",0.00370913700728438,0.532344257665708,0.461,0.339,1,"16","Nrp1"
"Rae1",0.00378214277039607,0.70807198887996,0.252,0.152,1,"16","Rae1"
"Jam3",0.00381679643962829,0.714980358222138,0.252,0.152,1,"16","Jam3"
"Banp1",0.00401573459986708,0.628348748733086,0.496,0.387,1,"16","Banp"
"Fmnl22",0.00411585040314992,0.507910310403241,0.478,0.344,1,"16","Fmnl2"
"Cntn64",0.00414299602624162,0.396155331456549,0.409,0.276,1,"16","Cntn6"
"Dgkb3",0.00425898571055313,0.229146975105186,0.852,0.768,1,"16","Dgkb"
"Ldlrad44",0.00426064140045359,0.517292306756187,0.4,0.271,1,"16","Ldlrad4"
"Epha43",0.00429599708380494,0.534408112580318,0.261,0.156,1,"16","Epha4"
"Tmem1641",0.00448561750556731,0.554664953026917,0.27,0.163,1,"16","Tmem164"
"Man2a23",0.00451140239064029,0.549506683754201,0.452,0.313,1,"16","Man2a2"
"Glra32",0.00451788443346645,0.405294441208115,0.278,0.166,1,"16","Glra3"
"Specc1l1",0.00461716105466575,0.522912473742488,0.374,0.252,1,"16","Specc1l"
"Cdc42bpa",0.00473015223796748,0.337462897204296,0.757,0.689,1,"16","Cdc42bpa"
"Acbd6",0.00476262152733896,0.660019707133966,0.339,0.232,1,"16","Acbd6"
"Efr3b3",0.00492667973107233,0.44717656871316,0.504,0.364,1,"16","Efr3b"
"Stxbp4",0.0049292461735338,0.685280124006718,0.252,0.154,1,"16","Stxbp4"
"Wdr171",0.00494309670176545,0.71924259849274,0.357,0.245,1,"16","Wdr17"
"Apba23",0.00511532166071101,0.43370816432847,0.565,0.431,1,"16","Apba2"
"Ptprm5",0.0053289826411665,0.143707080318673,0.496,0.348,1,"16","Ptprm"
"Akap17b",0.00539579521454051,0.759804464774051,0.313,0.21,1,"16","Akap17b"
"Kdm2a1",0.00560540612774124,0.561162196660793,0.496,0.378,1,"16","Kdm2a"
"Kcnj63",0.00561596485340554,0.376660301284543,0.478,0.341,1,"16","Kcnj6"
"Klhdc102",0.00565957312585967,0.412523589107442,0.574,0.443,1,"16","Klhdc10"
"Nrxn39",0.00628831202125393,0.129255949343443,0.991,0.946,1,"16","Nrxn3"
"Agap11",0.00661140899538411,0.408086929166978,0.652,0.54,1,"16","Agap1"
"Auts24",0.00666126587408647,0.192028419586484,0.87,0.764,1,"16","Auts2"
"Lrrc491",0.00679359907127932,0.568000363271026,0.409,0.295,1,"16","Lrrc49"
"Gm98011",0.00681526227318227,0.443924177595659,0.435,0.312,1,"16","Gm9801"
"Cfap542",0.00686850373786931,0.588277902044391,0.287,0.185,1,"16","Cfap54"
"Acadsb2",0.00693835507683994,0.661191848568335,0.374,0.272,1,"16","Acadsb"
"Fer",0.00694601570277675,0.581755047805851,0.365,0.252,1,"16","Fer"
"Prkcb1",0.00734968194569998,0.350038941996157,0.635,0.533,1,"16","Prkcb"
"Cadm3",0.0074283076787128,0.669356041845637,0.27,0.173,1,"16","Cadm3"
"Dnajb6",0.0075070453607527,0.611449148344145,0.252,0.156,1,"16","Dnajb6"
"Macf14",0.00754514758378886,0.20134108426945,1,0.995,1,"16","Macf1"
"Tenm45",0.00763162473337862,0.258748917369017,0.904,0.863,1,"16","Tenm4"
"Dlgap31",0.00773516206358786,0.829838405290603,0.252,0.164,1,"16","Dlgap3"
"E130307A14Rik1",0.00783431217757038,0.570401399523807,0.548,0.457,1,"16","E130307A14Rik"
"Ptpro5",0.00806403759616595,0.476578195332203,0.47,0.352,1,"16","Ptpro"
"Srgap15",0.00825286284990376,0.369653224327012,0.478,0.345,1,"16","Srgap1"
"Lrp1b6",0.00829673280572258,0.0560795561180938,0.983,0.93,1,"16","Lrp1b"
"Snap47",0.00855284491940899,0.555433616043443,0.33,0.222,1,"16","Snap47"
"Bicra",0.0085603037749514,0.587042811162203,0.322,0.218,1,"16","Bicra"
"Cfap361",0.00873070946216432,0.677462249297884,0.304,0.205,1,"16","Cfap36"
"Sh3rf34",0.00889810330667039,0.374304880286413,0.47,0.336,1,"16","Sh3rf3"
"Rims3",0.00893366412258724,0.611449148344145,0.252,0.158,1,"16","Rims3"
"Ptprz15",0.0090598853572215,0.340086456830538,0.565,0.438,1,"16","Ptprz1"
"Mpped25",0.00937044157015828,0.479843751850602,0.348,0.244,1,"16","Mpped2"
"Col6a1",4.2636345394741e-104,4.02454250194288,0.688,0.069,7.47713589187573e-100,"17","Col6a1"
"Rarb",4.94263480291683e-92,4.3906199453911,0.817,0.131,8.66789865387524e-88,"17","Rarb"
"Kcnh3",6.55843486657331e-91,4.25982537818092,0.409,0.024,1.15015272255096e-86,"17","Kcnh3"
"Ramp1",6.02132840808895e-78,4.70016431582263,0.269,0.011,1.05596036292656e-73,"17","Ramp1"
"Ptk2b",7.63771873889478e-76,3.60166135172232,0.559,0.061,1.33942673523998e-71,"17","Ptk2b"
"Gng71",1.30884867206315e-75,3.539336055481,0.849,0.168,2.29532791619715e-71,"17","Gng7"
"Lmo7",2.18426150182583e-72,3.83988907948924,0.505,0.052,3.83053939575195e-68,"17","Lmo7"
"Smad3",4.64068276754597e-69,3.87398551947337,0.376,0.028,8.13836536944537e-65,"17","Smad3"
"Itpka",7.3148419372432e-69,4.14914914702481,0.355,0.025,1.28280383053434e-64,"17","Itpka"
"Arhgap10",3.50468114855491e-63,3.89625999345085,0.376,0.032,6.14615933022075e-59,"17","Arhgap10"
"Icam5",1.92794387869314e-54,3.24385442126914,0.462,0.057,3.38103518006416e-50,"17","Icam5"
"Tyro3",1.27502152702186e-53,3.50424410584737,0.43,0.05,2.23600525193823e-49,"17","Tyro3"
"Pdzd2",7.20487036030488e-51,3.90490887133965,0.602,0.114,1.26351811508667e-46,"17","Pdzd2"
"Meis22",1.94832331470638e-50,2.40297884115162,0.656,0.122,3.41677459700058e-46,"17","Meis2"
"Adamts3",2.18155580676521e-50,3.19825755482903,0.441,0.056,3.82579441832415e-46,"17","Adamts3"
"Wfs1",5.94205935037419e-46,3.76833581846421,0.323,0.032,1.04205894827512e-41,"17","Wfs1"
"Strip2",9.32228102550975e-42,3.68393585403074,0.333,0.039,1.63484842344365e-37,"17","Strip2"
"G630016G05Rik1",1.13952979494925e-41,2.78744464141191,0.441,0.066,1.99839340140251e-37,"17","G630016G05Rik"
"Pde2a3",2.16310033241769e-38,2.27415766918829,0.774,0.241,3.7934290529609e-34,"17","Pde2a"
"Pde7b2",1.75186305731203e-36,2.77353015967823,0.699,0.221,3.07224224360811e-32,"17","Pde7b"
"Plce1",2.8480750927916e-36,2.91532359155753,0.333,0.044,4.99466929022864e-32,"17","Plce1"
"Sv2c4",1.21629700306546e-35,2.54297842621099,0.613,0.156,2.1330200542759e-31,"17","Sv2c"
"Kcnab12",1.51088963401351e-35,2.14847510975846,0.774,0.234,2.64964715116949e-31,"17","Kcnab1"
"Bcl11b5",1.2734491317674e-33,2.34726400684173,0.57,0.133,2.23324774238049e-29,"17","Bcl11b"
"Slc35f34",1.37795285193265e-33,2.02337244095002,0.903,0.415,2.41651591643428e-29,"17","Slc35f3"
"Phactr13",3.49290616619514e-33,1.87136692069723,0.989,0.838,6.12550954365642e-29,"17","Phactr1"
"Ryr11",3.7703975489998e-33,2.456490974399,0.538,0.123,6.61214618168095e-29,"17","Ryr1"
"Slc24a4",4.83634325968674e-33,3.08628912318623,0.376,0.062,8.48149517451264e-29,"17","Slc24a4"
"Sez61",6.76234720844944e-33,2.39718169566157,0.645,0.19,1.18591282994578e-28,"17","Sez6"
"Mctp13",5.54052899146388e-32,2.29521928471612,0.86,0.449,9.71642569233021e-28,"17","Mctp1"
"Gm10754",2.19172534150685e-31,3.740713045736,0.301,0.042,3.84362873140057e-27,"17","Gm10754"
"Tesc",4.7808562988673e-30,2.87816261780062,0.28,0.037,8.38418769132358e-26,"17","Tesc"
"Celf24",5.11954215475453e-30,2.0255646026168,0.914,0.633,8.97814107679302e-26,"17","Celf2"
"Baiap21",1.29862752133189e-29,2.29821219020687,0.71,0.249,2.27740308415974e-25,"17","Baiap2"
"Chrm1",1.53914889949574e-29,2.91808880221338,0.28,0.037,2.69920542504568e-25,"17","Chrm1"
"Fras1",6.48492799526101e-29,2.39689598518616,0.495,0.119,1.13726182252892e-24,"17","Fras1"
"Arpp213",6.90684121045228e-29,1.84583673030479,0.817,0.354,1.21125274307702e-24,"17","Arpp21"
"Gria14",3.61353622782076e-28,1.13125678285049,0.989,0.883,6.33705848272928e-24,"17","Gria1"
"Npas22",2.61410430555253e-27,2.44298263623427,0.505,0.129,4.58435472064746e-23,"17","Npas2"
"Ryr33",1.44247077321633e-26,1.57087436069231,0.914,0.593,2.52966099498948e-22,"17","Ryr3"
"Adcy5",2.40709602566824e-26,2.33759423643792,0.656,0.246,4.22132430021438e-22,"17","Adcy5"
"Gda1",4.15804221003516e-26,2.52285978401472,0.462,0.114,7.29195862373866e-22,"17","Gda"
"Ablim23",1.84356467552806e-24,1.68531270614605,0.806,0.421,3.23305937147356e-20,"17","Ablim2"
"Caln14",2.66827032853511e-24,2.06789610032312,0.71,0.292,4.67934567515202e-20,"17","Caln1"
"Kcnip22",4.79761654013239e-24,2.05394885317398,0.581,0.185,8.41358012643017e-20,"17","Kcnip2"
"Traip",1.39345194190793e-23,2.48605986581177,0.366,0.077,2.44369667052395e-19,"17","Traip"
"Cacna2d34",1.48446034424159e-23,1.81057664751175,0.763,0.335,2.60329810569648e-19,"17","Cacna2d3"
"Pde1a3",3.47854429252914e-23,1.75814919936561,0.785,0.377,6.10032312580835e-19,"17","Pde1a"
"Ngef",5.67003085044935e-23,2.50275857795821,0.366,0.08,9.94353310243302e-19,"17","Ngef"
"Kctd1",2.56510366072557e-22,2.48209151871368,0.419,0.109,4.49842228981443e-18,"17","Kctd1"
"Cpne51",7.51463526451746e-22,2.15763124915798,0.602,0.227,1.31784158633843e-17,"17","Cpne5"
"Penk1",9.0536331415765e-21,3.14802785234346,0.323,0.071,1.58773564403827e-16,"17","Penk"
"Camkv3",4.65543437433548e-20,1.88558008936311,0.602,0.23,8.16423526227214e-16,"17","Camkv"
"Ccdc88c",5.09860050007211e-20,2.40735315355202,0.441,0.125,8.94141569697647e-16,"17","Ccdc88c"
"Zfp831",9.19723825824777e-20,2.30133358608519,0.301,0.061,1.61291967334891e-15,"17","Zfp831"
"Cpne74",1.13422861789842e-19,1.90586842910092,0.667,0.312,1.98909672720846e-15,"17","Cpne7"
"Kcnq55",1.42230327605115e-19,1.47075945326156,0.796,0.405,2.4942932552109e-15,"17","Kcnq5"
"Atp2b13",2.3737919694939e-19,1.6651420303879,0.785,0.469,4.16291897690146e-15,"17","Atp2b1"
"Dlgap24",3.73521689926278e-19,1.21999381947324,0.957,0.75,6.55044987623714e-15,"17","Dlgap2"
"Fam126a",3.95312400301961e-19,2.46817834624806,0.323,0.073,6.93259356409548e-15,"17","Fam126a"
"Lzts3",1.3750346288354e-18,2.29424416129888,0.398,0.11,2.41139822858863e-14,"17","Lzts3"
"Rap1gap1",1.41714609388033e-18,1.64735316843736,0.688,0.346,2.48524910483793e-14,"17","Rap1gap"
"Fstl45",2.06209320892772e-18,1.87102331639918,0.688,0.329,3.61629286049655e-14,"17","Fstl4"
"Kalrn4",6.55702705813235e-18,0.85423300238553,0.978,0.881,1.14990583518467e-13,"17","Kalrn"
"Sipa1l12",6.87705928327017e-18,1.59005235668525,0.731,0.371,1.20602988650709e-13,"17","Sipa1l1"
"Malat13",8.08032858417345e-18,0.555231825451601,1,1,1.4170472238065e-13,"17","Malat1"
"Lrrk2",1.37993529428246e-17,2.38422429077486,0.333,0.083,2.41999252558316e-13,"17","Lrrk2"
"Slit33",1.5806270493598e-17,2.2377486058462,0.538,0.22,2.77194565646227e-13,"17","Slit3"
"Arhgap331",3.26424014372846e-17,1.76327229661097,0.538,0.202,5.7244979400566e-13,"17","Arhgap33"
"Mrtfb2",4.18381671747331e-17,1.46514428615843,0.731,0.377,7.33715937743295e-13,"17","Mrtfb"
"Gnal2",4.93024477247569e-17,1.67565791266349,0.656,0.32,8.64617025749063e-13,"17","Gnal"
"Me36",4.94797589141631e-17,1.43532996372396,0.753,0.39,8.67726532077678e-13,"17","Me3"
"Ano31",1.39307253848483e-16,1.87653631276888,0.419,0.128,2.44303131074085e-12,"17","Ano3"
"Unc13c3",2.81497577456745e-16,2.01986296249258,0.484,0.175,4.93662301585895e-12,"17","Unc13c"
"Bcl11a2",6.5621873832943e-16,1.79168921149812,0.473,0.164,1.15081080140832e-11,"17","Bcl11a"
"2010300C02Rik",1.17433406702612e-15,2.18398579707337,0.376,0.114,2.0594296533437e-11,"17","2010300C02Rik"
"Cacna1e4",1.28949388548351e-15,1.1445900558077,0.871,0.662,2.26138542697242e-11,"17","Cacna1e"
"Slc16a2",1.48691324804332e-15,2.01733175078797,0.333,0.089,2.60759976309357e-11,"17","Slc16a2"
"Sorl12",2.1242933399599e-15,1.92207846928104,0.495,0.194,3.72537323028768e-11,"17","Sorl1"
"Rbfox34",2.8391158530711e-15,1.02291422505343,0.935,0.781,4.97895747153078e-11,"17","Rbfox3"
"Rhbdl32",3.20039411123956e-15,2.05359423950623,0.387,0.123,5.61253115288081e-11,"17","Rhbdl3"
"Atp2b42",5.425283252897e-15,1.40244538078789,0.581,0.24,9.51431924060547e-11,"17","Atp2b4"
"Ajap11",9.51255586542935e-15,1.83836160974265,0.452,0.159,1.66821692212034e-10,"17","Ajap1"
"Kirrel36",1.46115673859847e-14,1.06433773245563,0.946,0.726,2.56243057248014e-10,"17","Kirrel3"
"Pde1b",1.78057833507658e-14,2.28314645241554,0.355,0.109,3.1226002262238e-10,"17","Pde1b"
"Anks1b4",4.2632836838857e-14,0.788744296793646,1,0.934,7.47652059643035e-10,"17","Anks1b"
"Ddx52",4.31237123410207e-14,1.12596116117297,0.796,0.56,7.56260543324479e-10,"17","Ddx5"
"Necab11",4.76077636014955e-14,2.08966672299433,0.376,0.125,8.34897350279426e-10,"17","Necab1"
"R3hdm12",9.08187313643458e-14,1.14842954941995,0.839,0.567,1.59268809193653e-09,"17","R3hdm1"
"Zdhhc142",1.16144376923085e-13,1.53284267455903,0.613,0.316,2.03682393810014e-09,"17","Zdhhc14"
"A830018L16Rik5",1.38855676668425e-13,1.4263433547626,0.688,0.366,2.43511200173417e-09,"17","A830018L16Rik"
"Ndrg42",2.56218741647595e-13,1.73096381841876,0.591,0.295,4.49330807227387e-09,"17","Ndrg4"
"Cacng33",2.5789126922815e-13,1.87061580874728,0.376,0.127,4.52263918845406e-09,"17","Cacng3"
"Klhl34",3.62360592882152e-13,1.45933564836586,0.624,0.316,6.3547177173743e-09,"17","Klhl3"
"Ulk42",5.11750473312485e-13,1.57126658264037,0.57,0.271,8.97456805048105e-09,"17","Ulk4"
"9530059O14Rik1",5.92146264095082e-13,1.32752115578922,0.624,0.304,1.03844690334355e-08,"17","9530059O14Rik"
"Ppp1r7",6.23085612006353e-13,1.87243723824596,0.376,0.129,1.09270523777554e-08,"17","Ppp1r7"
"Kcnip3",6.78706333363330e-13,1.70851165853615,0.355,0.113,1.19024729681927e-08,"17","Kcnip3"
"Cap23",8.30791540429379e-13,1.58775391411872,0.581,0.304,1.456959124451e-08,"17","Cap2"
"Tmem132b3",8.77387802794099e-13,1.41663721533656,0.624,0.317,1.53867498976001e-08,"17","Tmem132b"
"Rasgef1a1",9.17449387363327e-13,1.12972473863494,0.753,0.445,1.60893099061907e-08,"17","Rasgef1a"
"Lrrc72",1.14388854203938e-12,0.790760442364265,0.978,0.871,2.00603733617447e-08,"17","Lrrc7"
"Cdk17",1.53976665542236e-12,1.7435638551984,0.43,0.165,2.70028878361419e-08,"17","Cdk17"
"Pitpnm23",1.55113378731336e-12,1.44985474117431,0.581,0.286,2.72022332281143e-08,"17","Pitpnm2"
"Htr1f4",2.73385210988654e-12,2.03152331975534,0.452,0.194,4.79435644510803e-08,"17","Htr1f"
"Frmd61",3.2860231049125e-12,2.03428181971791,0.258,0.068,5.76269871908505e-08,"17","Frmd6"
"Camk2a5",4.12549040700389e-12,0.776503139335607,0.925,0.686,7.23487252676272e-08,"17","Camk2a"
"Wscd22",2.72262618398257e-11,1.29855114541387,0.591,0.295,4.77466953885023e-07,"17","Wscd2"
"Gpr155",4.14307793207495e-11,1.99227429319633,0.269,0.079,7.26571576947984e-07,"17","Gpr155"
"Cplx21",4.16045193683368e-11,1.56971359744533,0.409,0.162,7.29618456162522e-07,"17","Cplx2"
"Gm1604a3",4.37239538564882e-11,1.39660677208803,0.581,0.29,7.66786978781233e-07,"17","Gm1604a"
"Rasgrp11",5.29362344259357e-11,1.4453504167938,0.301,0.092,9.28342743127635e-07,"17","Rasgrp1"
"Ttyh1",5.81602277276868e-11,1.42676319443058,0.462,0.194,1.01995591366044e-06,"17","Ttyh1"
"Fam49a",1.10163788434559e-10,1.74022051826349,0.355,0.129,1.93194235777686e-06,"17","Fam49a"
"Rgs91",1.27940202429297e-10,1.72233781340316,0.473,0.22,2.24368733000259e-06,"17","Rgs9"
"Jph41",1.30599219451783e-10,1.15285561493299,0.634,0.351,2.29031851152593e-06,"17","Jph4"
"Wipf3",1.38506851930487e-10,2.00230775869554,0.301,0.099,2.42899466230495e-06,"17","Wipf3"
"Ppp1r2",1.38797561322082e-10,2.06994320253376,0.269,0.083,2.43409283290536e-06,"17","Ppp1r2"
"Prkcg3",1.60052226891983e-10,1.31181579524681,0.548,0.275,2.80683590300471e-06,"17","Prkcg"
"Grm33",1.69108227654506e-10,1.80675694957773,0.409,0.165,2.96565098837708e-06,"17","Grm3"
"Fam81a",2.36683827638632e-10,1.99171238664945,0.258,0.078,4.15072428529868e-06,"17","Fam81a"
"Grin12",2.43731878291547e-10,0.885910961275935,0.817,0.657,4.27432594959886e-06,"17","Grin1"
"Ypel2",2.57093959372631e-10,1.7680520747243,0.312,0.107,4.50865676551783e-06,"17","Ypel2"
"Mapk4",2.96090244755781e-10,2.26054956210355,0.312,0.11,5.19253462228213e-06,"17","Mapk4"
"Mgll2",3.31293461433258e-10,1.75120966064757,0.344,0.127,5.80989343315504e-06,"17","Mgll"
"Phf242",3.82072516804389e-10,1.32785810122194,0.505,0.238,6.70040572719857e-06,"17","Phf24"
"Smpd3",4.00690746360876e-10,1.60389635610563,0.473,0.223,7.02691361893069e-06,"17","Smpd3"
"Gm1604b",4.87182616215544e-10,1.71911460956399,0.323,0.113,8.543721540572e-06,"17","Gm1604b"
"Rps6ka24",4.93517860680605e-10,1.37465026372812,0.538,0.288,8.65482272275576e-06,"17","Rps6ka2"
"Dtnb",5.09334475720227e-10,1.13099214100055,0.71,0.488,8.93219870070563e-06,"17","Dtnb"
"Mbnl23",5.69829216127653e-10,1.0196668390359,0.677,0.414,9.99309496323065e-06,"17","Mbnl2"
"Son2",6.36892340800025e-10,0.735331010823104,0.892,0.814,1.116918098061e-05,"17","Son"
"Thbs3",6.98744321246548e-10,1.6863585162976,0.29,0.096,1.22538791617007e-05,"17","Thbs3"
"Adam121",7.22119835472055e-10,1.90875093763405,0.28,0.092,1.26638155546734e-05,"17","Adam12"
"Msra",8.2530368342996e-10,1.80519474580745,0.29,0.099,1.44733506963112e-05,"17","Msra"
"Dgkb4",1.01557014282418e-09,0.9282801027193,0.903,0.767,1.78100535947076e-05,"17","Dgkb"
"Sptbn42",1.2327681103218e-09,0.790191568442777,0.86,0.674,2.16190543507134e-05,"17","Sptbn4"
"Shkbp1",1.53589124188574e-09,1.53978308705119,0.441,0.203,2.69349247089502e-05,"17","Shkbp1"
"Unc791",1.55732499639031e-09,0.948326449487836,0.763,0.553,2.73108084616969e-05,"17","Unc79"
"Six32",1.59249884906935e-09,1.83988907948924,0.29,0.101,2.79276523161292e-05,"17","Six3"
"C2cd2l",1.90886818407687e-09,1.86746272914341,0.258,0.082,3.3475821344156e-05,"17","C2cd2l"
"Rasal11",2.16922495380624e-09,1.62505706123416,0.344,0.135,3.80416980149e-05,"17","Rasal1"
"Elmod11",2.26808466210365e-09,1.53023931438032,0.527,0.292,3.97754007193117e-05,"17","Elmod1"
"Prkar2b",2.85895766636035e-09,1.73730008196077,0.312,0.115,5.01375405949615e-05,"17","Prkar2b"
"Enox14",3.03033959740279e-09,0.924532933003766,0.753,0.542,5.31430655196528e-05,"17","Enox1"
"Trank1",3.33290762272441e-09,0.957410569295015,0.806,0.577,5.84492009797179e-05,"17","Trank1"
"Actn11",3.53959414431059e-09,1.40772725541279,0.527,0.271,6.20738625087749e-05,"17","Actn1"
"Gm10431",3.82158628409974e-09,1.06331427139766,0.591,0.337,6.70191586642572e-05,"17","Gm1043"
"Celf44",4.21168869631235e-09,0.552144251544846,0.989,0.934,7.38603846672297e-05,"17","Celf4"
"Ctdspl4",4.84579426073847e-09,1.13875654308037,0.57,0.324,8.49806939505705e-05,"17","Ctdspl"
"Gas72",6.58132779733477e-09,1.21050115058378,0.484,0.234,0.00011541674558186,"17","Gas7"
"Sox1ot2",7.03289231167901e-09,1.45123992505926,0.312,0.113,0.000123335832469915,"17","Sox1ot"
"Neto24",7.35439741527473e-09,1.41072407368417,0.398,0.171,0.000128974067471673,"17","Neto2"
"Tiam13",7.40416330541335e-09,1.17426065727077,0.591,0.336,0.000129846811887034,"17","Tiam1"
"Smc2",9.05782452223888e-09,1.5132662357766,0.258,0.084,0.000158847068646503,"17","Smc2"
"Ptms",9.16051752505884e-09,1.69540365590061,0.269,0.092,0.000160647995836957,"17","Ptms"
"Ripor24",9.4861218097961e-09,1.26594436234061,0.57,0.355,0.000166358118178394,"17","Ripor2"
"Dscaml15",1.06301199314278e-08,0.777566718954389,0.763,0.501,0.000186420413237449,"17","Dscaml1"
"Syngap11",1.07145770313778e-08,1.42160763787478,0.419,0.194,0.000187901537399273,"17","Syngap1"
"Exd21",1.08848116064051e-08,1.32729012562444,0.419,0.192,0.000190886941141526,"17","Exd2"
"Trerf13",1.1008298605443e-08,1.04800311521357,0.753,0.543,0.000193052532643653,"17","Trerf1"
"Slc8a2",1.17266200537814e-08,1.63121696210514,0.29,0.106,0.000205649735883165,"17","Slc8a2"
"Ncdn",1.21326569641193e-08,1.76079305624695,0.323,0.131,0.000212770405179759,"17","Ncdn"
"Mink11",1.25664041780829e-08,1.26163196085032,0.43,0.193,0.00022037703007104,"17","Mink1"
"Fam184b",1.49827073162451e-08,1.59954635036733,0.312,0.12,0.00026275173820499,"17","Fam184b"
"Cx3cl11",1.98307427937874e-08,1.71442928188427,0.312,0.124,0.00034777173637465,"17","Cx3cl1"
"C1qtnf4",2.04363147211954e-08,1.68104960491253,0.258,0.089,0.000358391651265603,"17","C1qtnf4"
"Rab40b",2.07886228034971e-08,1.65375385086567,0.258,0.088,0.000364570078104929,"17","Rab40b"
"Prex2",2.20166538855638e-08,1.70311884284517,0.301,0.114,0.000386106059191133,"17","Prex2"
"Man1c11",2.63075985714687e-08,1.4672674580514,0.344,0.144,0.000461356356147847,"17","Man1c1"
"Celf53",3.00664245357265e-08,0.780503967441604,0.796,0.606,0.000527274887083035,"17","Celf5"
"Epha44",3.05561884146744e-08,1.46986669640083,0.355,0.154,0.000535863876228145,"17","Epha4"
"Mast3",3.42618963409005e-08,1.37982247182722,0.376,0.165,0.000600850876130372,"17","Mast3"
"Neurl1a",3.60324714180318e-08,1.45029115806407,0.376,0.173,0.000631901451258023,"17","Neurl1a"
"Wdr172",4.07442269066067e-08,1.67577376565643,0.452,0.243,0.000714531507261162,"17","Wdr17"
"Rbfox16",4.16765832041735e-08,0.501372377279103,0.968,0.895,0.000730882239651592,"17","Rbfox1"
"Dlgap32",6.40059419947997e-08,1.45036893347803,0.366,0.162,0.0011224722047628,"17","Dlgap3"
"Zfp9502",7.63830390206196e-08,0.969093843324685,0.57,0.329,0.00133952935530461,"17","Zfp950"
"Necab21",7.81644780243128e-08,1.40679821337293,0.28,0.103,0.00137077045111237,"17","Necab2"
"Shisa71",8.04767446337434e-08,1.16899572924214,0.559,0.321,0.00141132067064196,"17","Shisa7"
"Osbpl81",8.53981892657417e-08,1.37109415169125,0.419,0.206,0.00149762804515331,"17","Osbpl8"
"Pde8b3",9.83537257753242e-08,0.984421305191181,0.581,0.33,0.00172482928892186,"17","Pde8b"
"Slc2a133",1.19874078833415e-07,1.13487344577041,0.591,0.367,0.0021022317205016,"17","Slc2a13"
"Rgl14",1.28165901365356e-07,1.23763179316318,0.484,0.261,0.00224764541224425,"17","Rgl1"
"Acvr2a2",1.67624631506852e-07,1.31234976417804,0.43,0.224,0.00293963316273566,"17","Acvr2a"
"Itm2c1",1.86993368311005e-07,1.61099515262189,0.355,0.166,0.0032793027000701,"17","Itm2c"
"Zfyve282",1.91592086144247e-07,1.40714418340837,0.387,0.19,0.00335995041471166,"17","Zfyve28"
"Wasf1",1.95334767516653e-07,1.61882130473719,0.258,0.096,0.00342558581793955,"17","Wasf1"
"Bcr",2.27330541160127e-07,1.29556856326543,0.484,0.272,0.00398669570032515,"17","Bcr"
"Spon11",3.22001237861934e-07,1.44798616469807,0.323,0.137,0.00564693570838473,"17","Spon1"
"Gnb4",3.64169959632436e-07,1.53023931438032,0.269,0.105,0.00638644858207404,"17","Gnb4"
"Lyst1",3.75198110095446e-07,0.874535222296133,0.57,0.324,0.00657984925674384,"17","Lyst"
"Xndc1",4.35236316915487e-07,1.39778901835667,0.258,0.097,0.00763273928974689,"17","Xndc1"
"Rfx11",4.35800370025739e-07,1.31333407927572,0.398,0.194,0.00764263108914139,"17","Rfx1"
"Aplp1",4.39222744764562e-07,1.06853138167082,0.462,0.242,0.00770264927493612,"17","Aplp1"
"Cacnb22",4.487626321545e-07,0.730693315533476,0.817,0.636,0.00786995028009346,"17","Cacnb2"
"Arhgap64",4.56875403030468e-07,1.39316213995355,0.387,0.186,0.00801222394294531,"17","Arhgap6"
"Sorbs23",6.98254918310472e-07,0.89413114836127,0.688,0.497,0.0122452965024107,"17","Sorbs2"
"Ptpn52",7.36173210118523e-07,1.05741831851584,0.645,0.451,0.0129102695858485,"17","Ptpn5"
"Trim461",7.49861246586426e-07,0.976106205435811,0.473,0.249,0.0131503166813861,"17","Trim46"
"Srsf9",7.79946692483216e-07,1.38397544298798,0.28,0.113,0.0136779251460782,"17","Srsf9"
"Arhgef2",8.2570486145597e-07,1.03778350842946,0.398,0.189,0.0144803861553533,"17","Arhgef2"
"Kcnh13",8.6096919036407e-07,1.05374042931804,0.409,0.201,0.0150988166914147,"17","Kcnh1"
"Adgrb2",9.17706496255223e-07,1.07381018390454,0.495,0.276,0.0160938188248278,"17","Adgrb2"
"Tln22",9.34786200501778e-07,0.920232501466965,0.559,0.326,0.0163933455981997,"17","Tln2"
"Galnt163",9.75886227410237e-07,0.990696624284501,0.581,0.385,0.0171141167700933,"17","Galnt16"
"Slc22a171",9.80259318108118e-07,1.07704615416069,0.548,0.336,0.0171908076616621,"17","Slc22a17"
"Thrb2",1.00806452407602e-06,1.04039494344452,0.495,0.276,0.0176784275587212,"17","Thrb"
"Dgkh2",1.03214557369078e-06,1.13709442095031,0.495,0.283,0.0181007369258152,"17","Dgkh"
"Dph6",1.06452869894462e-06,1.4312728635793,0.301,0.131,0.0186686397933918,"17","Dph6"
"Cdh75",1.08567053483605e-06,1.46406590436594,0.344,0.168,0.0190394041694198,"17","Cdh7"
"Rab3ip",1.09853895479222e-06,1.5390273316503,0.28,0.117,0.0192650776501911,"17","Rab3ip"
"Dchs24",1.23355447700808e-06,1.25534108675568,0.366,0.18,0.0216328448632907,"17","Dchs2"
"Matk2",1.29214686861984e-06,0.637702429196558,0.796,0.603,0.0226603796349861,"17","Matk"
"Ppp1r9a3",1.34421308732159e-06,0.674317744243047,0.828,0.669,0.0235734649123586,"17","Ppp1r9a"
"Fndc11",1.71024214258622e-06,1.36394556338487,0.269,0.11,0.0299925164545346,"17","Fndc1"
"Atp2b25",1.84876365727919e-06,0.691590417012023,0.817,0.656,0.0324217682577052,"17","Atp2b2"
"Dlgap14",1.94953519455789e-06,0.509665314061643,0.957,0.895,0.0341889987069617,"17","Dlgap1"
"Crocc2",2.03624368742074e-06,0.873505439719498,0.581,0.367,0.0357096055462974,"17","Crocc"
"Thra1",2.16197338544442e-06,0.922950071043009,0.591,0.381,0.0379145272605387,"17","Thra"
"Sh2d5",2.21347771985993e-06,1.26874707335493,0.355,0.171,0.0388177587731835,"17","Sh2d5"
"Gria21",2.68085596173194e-06,0.385365684993372,0.989,0.988,0.047014171000893,"17","Gria2"
"Stxbp2",2.71655620874683e-06,1.29613209401002,0.269,0.112,0.0476402462327932,"17","Stxbp2"
"Ppp3ca3",2.91133505374864e-06,0.89805633683781,0.699,0.518,0.05105608283759,"17","Ppp3ca"
"Slc16a11",2.95432100291384e-06,1.20898396142209,0.301,0.132,0.0518099274281001,"17","Slc16a11"
"Dlk11",3.25223392837048e-06,1.49159338648083,0.28,0.123,0.0570344264018332,"17","Dlk1"
"Cnksr22",3.30488839962005e-06,1.14092437976308,0.452,0.248,0.0579578278641368,"17","Cnksr2"
"Fyco11",3.45488776647639e-06,1.22876182952712,0.355,0.177,0.0605883667606965,"17","Fyco1"
"Nnat4",3.54747417622928e-06,1.08570614114389,0.441,0.245,0.0622120546285328,"17","Nnat"
"Klhl293",3.74357496019857e-06,0.675675434530468,0.828,0.74,0.0656510740770024,"17","Klhl29"
"Stox21",3.81396456376377e-06,1.21794554261362,0.581,0.435,0.0668854965547252,"17","Stox2"
"Pde4a2",4.09687753161724e-06,0.835062511481555,0.591,0.39,0.0718469412719715,"17","Pde4a"
"Sptbn1",4.13508006843674e-06,0.567355897657166,0.882,0.723,0.0725168991601752,"17","Sptbn1"
"Cfap74",4.29977036873907e-06,1.30133358608519,0.28,0.12,0.0754050729565771,"17","Cfap74"
"Sptb1",4.60308460063092e-06,1.25030783927034,0.312,0.142,0.0807242946412645,"17","Sptb"
"Nphp41",4.60932982495459e-06,1.03209757245603,0.333,0.152,0.0808338171402286,"17","Nphp4"
"Cfap443",5.56484516248145e-06,1.33608171310432,0.344,0.176,0.0975906896144371,"17","Cfap44"
"Man1a3",5.9929549665695e-06,1.11253657318164,0.323,0.153,0.105098451248729,"17","Man1a"
"Chd32",6.03533492171181e-06,0.801135837987081,0.742,0.552,0.10584166852206,"17","Chd3"
"Trrap1",6.30780456020728e-06,0.628586443274507,0.763,0.568,0.110619968572355,"17","Trrap"
"Pkig",6.85386497876142e-06,1.08258039353227,0.333,0.157,0.120196230132539,"17","Pkig"
"Sept11",7.3671697658109e-06,1.36226258472753,0.301,0.139,0.129198056183026,"17","Sept11"
"Wdr34",7.58070473636165e-06,1.24199434574924,0.323,0.155,0.132942818961574,"17","Wdr34"
"Prnp1",7.62152721090003e-06,1.10697704783974,0.323,0.152,0.133658722697554,"17","Prnp"
"Jak2",7.68887082748778e-06,1.26105268156493,0.312,0.148,0.134839727701653,"17","Jak2"
"Nell24",9.04189422845403e-06,0.983821370844232,0.43,0.244,0.158567699084398,"17","Nell2"
"Syt5",9.27723541070914e-06,1.37518758941953,0.29,0.137,0.162694877397606,"17","Syt5"
"Mir124a-1hg1",9.57070523536273e-06,0.994582341977076,0.441,0.245,0.167841457712556,"17","Mir124a-1hg"
"Sh3rf35",9.69590698779113e-06,0.952377870034304,0.516,0.335,0.170037120844893,"17","Sh3rf3"
"Rnf1122",9.70721852281151e-06,0.980805874762854,0.495,0.306,0.170235491234545,"17","Rnf112"
"Ldb1",1.02015367467021e-05,1.28984110498955,0.258,0.111,0.178904349926915,"17","Ldb1"
"Actr3b",1.03428126740956e-05,1.20683229056704,0.28,0.123,0.181381905865614,"17","Actr3b"
"Gpm6b",1.10905196058713e-05,1.30419295683765,0.301,0.143,0.194494442328165,"17","Gpm6b"
"Nsun21",1.19693171452367e-05,1.21162069670572,0.344,0.17,0.209905914776016,"17","Nsun2"
"Csmd16",1.20329671080756e-05,0.365324007713743,0.978,0.94,0.211022144174322,"17","Csmd1"
"Nsg22",1.23223358238173e-05,1.24179506471558,0.376,0.206,0.216096803342284,"17","Nsg2"
"Car111",1.24489874097034e-05,1.27487883643194,0.376,0.209,0.218317892203968,"17","Car11"
"Psip1",1.24805235032373e-05,0.887830286006948,0.548,0.359,0.218870940676272,"17","Psip1"
"Vat1l3",1.31199639219875e-05,1.16119393220012,0.527,0.355,0.230084807299894,"17","Vat1l"
"Camk42",1.32784918914488e-05,1.32055006284635,0.452,0.265,0.232864912300337,"17","Camk4"
"Spns1",1.37569078985142e-05,1.18790500883112,0.258,0.111,0.241254893816243,"17","Spns1"
"Dlgap4",1.40635941620319e-05,0.910555434480794,0.591,0.434,0.246633250819553,"17","Dlgap4"
"Svop3",1.48981643906174e-05,0.713620596302056,0.72,0.563,0.261269108918258,"17","Svop"
"Lrpap1",1.60320190789698e-05,1.2949335742407,0.28,0.13,0.281153518587893,"17","Lrpap1"
"Fcho11",1.95340830023844e-05,1.1691646433087,0.29,0.136,0.342569213612815,"17","Fcho1"
"Grin2b2",2.13530060038547e-05,0.516051899976487,0.892,0.827,0.374467666289599,"17","Grin2b"
"Plekhg5",2.46118467765212e-05,1.34567155481134,0.258,0.118,0.431617956919852,"17","Plekhg5"
"Trim91",2.55260485100802e-05,1.06976440652733,0.559,0.402,0.447650312721276,"17","Trim9"
"Gas51",2.61680975484e-05,1.03656456551203,0.376,0.204,0.45890992670629,"17","Gas5"
"Klhl21",3.05670496421075e-05,1.28625638041629,0.312,0.159,0.53605434957364,"17","Klhl2"
"Itpr14",3.24863140658383e-05,1.2399910660371,0.376,0.21,0.569712489772606,"17","Itpr1"
"Ppp2r2c",3.26992309658707e-05,1.00068311222468,0.527,0.364,0.573446413448475,"17","Ppp2r2c"
"Ttc32",3.28244423198237e-05,0.312835894581233,0.989,0.993,0.575642244962748,"17","Ttc3"
"Sptbn2",3.37009671643588e-05,0.916465902762052,0.495,0.309,0.591013861161361,"17","Sptbn2"
"Ly6h3",3.41968571965978e-05,0.773831500265262,0.634,0.47,0.599710284656736,"17","Ly6h"
"Ptch1",3.53494471071294e-05,1.36394556338487,0.258,0.121,0.619923253917728,"17","Ptch1"
"Prrt12",3.57079741386651e-05,1.26778302718415,0.376,0.214,0.626210742469771,"17","Prrt1"
"Srsf6",3.58180642676736e-05,1.2863884651077,0.269,0.127,0.628141393062192,"17","Srsf6"
"Prkcz",4.19736794067115e-05,0.786337673003734,0.57,0.375,0.7360924157555,"17","Prkcz"
"Dpyd4",4.3932190276308e-05,0.789704318591673,0.538,0.345,0.770438820875613,"17","Dpyd"
"Gm104191",4.73797387397156e-05,0.983920166400445,0.441,0.271,0.830898478278392,"17","Gm10419"
"Grin2a2",4.94246968894126e-05,0.573593403627006,0.71,0.487,0.866760909349629,"17","Grin2a"
"Tmem191c1",5.30458650947191e-05,1.01623536430045,0.462,0.303,0.930265336166088,"17","Tmem191c"
"Sorcs23",5.84401339281658e-05,1.05058905164787,0.355,0.191,1,"17","Sorcs2"
"Map71",6.15377346451289e-05,0.785664186652986,0.559,0.387,1,"17","Map7"
"R3hdm4",6.28320020857249e-05,1.12831731489173,0.29,0.144,1,"17","R3hdm4"
"Ak54",6.67098179352764e-05,0.730328759515194,0.495,0.308,1,"17","Ak5"
"Dgkg4",6.71693534284843e-05,0.856303183836884,0.57,0.389,1,"17","Dgkg"
"Cers64",6.73070223570593e-05,0.909570883686745,0.495,0.331,1,"17","Cers6"
"Nin3",7.1306169722855e-05,1.14321619127107,0.409,0.246,1,"17","Nin"
"Ttll72",7.27488564055418e-05,0.958049247545039,0.441,0.271,1,"17","Ttll7"
"Coro2b",7.29080045011152e-05,1.16851021143498,0.333,0.179,1,"17","Coro2b"
"Acap2",8.37820358663013e-05,1.19100070782937,0.387,0.247,1,"17","Acap2"
"Cttnbp22",8.58057508978077e-05,0.838361609742648,0.548,0.372,1,"17","Cttnbp2"
"Ppargc1b1",8.62530871223164e-05,0.968584187151229,0.43,0.261,1,"17","Ppargc1b"
"Plcb14",9.56615563574223e-05,0.74292751791479,0.699,0.552,1,"17","Plcb1"
"Gabbr11",9.62858252328582e-05,0.7768260482758,0.591,0.428,1,"17","Gabbr1"
"Foxp23",0.00010893103943021,0.719230456116497,0.29,0.14,1,"17","Foxp2"
"Camk2b1",0.000110831489785597,0.566546318366645,0.828,0.667,1,"17","Camk2b"
"Nsf",0.000117228413549662,0.700377748035591,0.645,0.503,1,"17","Nsf"
"Grm55",0.000119796372699406,0.349179074132045,0.946,0.843,1,"17","Grm5"
"Myt1l2",0.000129407316095961,0.447617023765749,0.903,0.869,1,"17","Myt1l"
"5330417C22Rik",0.000131314322037226,0.920066250861881,0.505,0.357,1,"17","5330417C22Rik"
"Kif171",0.000134284500052373,0.893644045243838,0.409,0.238,1,"17","Kif17"
"Ewsr1",0.000135694763986517,0.75937331359582,0.516,0.354,1,"17","Ewsr1"
"Prpf38b",0.00015954158203908,0.799740315715341,0.527,0.357,1,"17","Prpf38b"
"Man1a21",0.000192451163686735,1.23444095131761,0.323,0.18,1,"17","Man1a2"
"Micu11",0.000194305538932401,1.04039494344452,0.333,0.188,1,"17","Micu1"
"Tcaf1",0.00019566903815503,1.02122566689246,0.527,0.407,1,"17","Tcaf1"
"Zer11",0.000199255969515483,0.85122723651307,0.43,0.268,1,"17","Zer1"
"Atp8a11",0.000201917546890453,0.747653643180767,0.581,0.418,1,"17","Atp8a1"
"Zeb13",0.000209192588081663,0.514797039650082,0.785,0.646,1,"17","Zeb1"
"Top2b1",0.000210188325467657,1.05529960098699,0.333,0.188,1,"17","Top2b"
"Inha",0.000220713815844227,1.09317550877147,0.312,0.172,1,"17","Inha"
"Ptprn23",0.000237822493198632,0.399477368509437,0.978,0.953,1,"17","Ptprn2"
"Phc21",0.000252761518653531,0.655576194575778,0.602,0.445,1,"17","Phc2"
"Gnb5",0.00026013499665589,1.42583970838259,0.269,0.144,1,"17","Gnb5"
"Ift140",0.000261604416639596,0.996623693659381,0.29,0.151,1,"17","Ift140"
"Smchd1",0.000267752040319041,0.819138206861261,0.473,0.317,1,"17","Smchd1"
"Prkcb2",0.000269081750628915,0.624869746894648,0.688,0.532,1,"17","Prkcb"
"Scamp5",0.000277620506287538,0.996623693659381,0.29,0.153,1,"17","Scamp5"
"Slc27a1",0.000288567533165586,0.914310462975947,0.333,0.185,1,"17","Slc27a1"
"Sgk1",0.000312237662055383,1.34659831982098,0.301,0.17,1,"17","Sgk1"
"Csnk1a1",0.000334414565040641,0.831910195790736,0.516,0.367,1,"17","Csnk1a1"
"Cacna1d1",0.000345999382765706,0.549419449317996,0.742,0.609,1,"17","Cacna1d"
"Pgbd5",0.000354785410216085,1.18885885682678,0.258,0.135,1,"17","Pgbd5"
"Foxp15",0.000376191871067585,0.798619021033991,0.559,0.395,1,"17","Foxp1"
"5730522E02Rik3",0.000384115904146879,0.968937943709135,0.452,0.304,1,"17","5730522E02Rik"
"Angel21",0.000390944719670784,1.13194507893605,0.258,0.131,1,"17","Angel2"
"Gtf3c2",0.000396837760476573,0.855899055368311,0.441,0.294,1,"17","Gtf3c2"
"Ccdc572",0.000414025102565915,0.76663668755351,0.462,0.314,1,"17","Ccdc57"
"B230307C23Rik",0.000422564025265878,0.932387301901284,0.323,0.184,1,"17","B230307C23Rik"
"Dlg4",0.00043688245027683,0.790317376882698,0.527,0.386,1,"17","Dlg4"
"Actr1b1",0.000438208563470447,0.895134667147766,0.409,0.258,1,"17","Actr1b"
"Plppr4",0.000438729511456938,0.935107995940869,0.387,0.237,1,"17","Plppr4"
"Speg1",0.000469052406812303,0.918473367067289,0.43,0.279,1,"17","Speg"
"Cyfip12",0.000472840524052699,0.832647958548255,0.441,0.301,1,"17","Cyfip1"
"Shisa94",0.000475544832418369,0.772614249648017,0.495,0.351,1,"17","Shisa9"
"Tanc21",0.000478082365952809,0.322159193328232,0.957,0.896,1,"17","Tanc2"
"Xrcc41",0.000486047806857444,1.05889128706191,0.312,0.178,1,"17","Xrcc4"
"Chst12",0.000520398975741426,0.937320089830817,0.366,0.221,1,"17","Chst1"
"Tmtc13",0.000523131767797291,0.981136863015728,0.333,0.195,1,"17","Tmtc1"
"Cnnm12",0.000523777966759133,0.885418433803423,0.366,0.222,1,"17","Cnnm1"
"Grm76",0.000526882328580131,0.374846364872522,0.925,0.852,1,"17","Grm7"
"Smg91",0.000531917332774974,0.950027213212566,0.312,0.174,1,"17","Smg9"
"Dlg13",0.000537068270434569,0.715735352038827,0.505,0.346,1,"17","Dlg1"
"Mapk12",0.000539842409422884,0.914205367726154,0.387,0.247,1,"17","Mapk1"
"Ppt1",0.000540304481986018,0.929282248049899,0.355,0.211,1,"17","Ppt1"
"Ksr1",0.000582672447509375,1.17348363093987,0.258,0.137,1,"17","Ksr1"
"Syt72",0.000590209856549873,0.801304647740291,0.505,0.361,1,"17","Syt7"
"Tmem132a4",0.000599224985416617,0.911698221684383,0.355,0.214,1,"17","Tmem132a"
"Lrrn21",0.000623893630877792,0.820157014365058,0.409,0.267,1,"17","Lrrn2"
"Rgs63",0.000628056788942076,0.526625045164198,0.301,0.163,1,"17","Rgs6"
"Ric8b1",0.000629449192978819,1.02122566689246,0.312,0.181,1,"17","Ric8b"
"Cyfip2",0.000645353250943017,0.523319900440526,0.645,0.488,1,"17","Cyfip2"
"Agap21",0.000648624670220923,0.743548346434137,0.452,0.301,1,"17","Agap2"
"Gnptg",0.000656251924896934,0.950571113328673,0.301,0.168,1,"17","Gnptg"
"Cntn35",0.000699404279487028,0.553885854816105,0.495,0.342,1,"17","Cntn3"
"Lrrc4b",0.000709068747170888,0.656832563994426,0.366,0.21,1,"17","Lrrc4b"
"Gria34",0.000774187573130599,0.623682020157337,0.656,0.551,1,"17","Gria3"
"Ttc81",0.000775323070080875,0.829973824249929,0.387,0.242,1,"17","Ttc8"
"Atp1b13",0.000804189200408995,0.681648278282989,0.473,0.324,1,"17","Atp1b1"
"Sf3b1",0.000819099575687455,0.512004587212692,0.667,0.545,1,"17","Sf3b1"
"Tsga102",0.000848577424303795,0.932387301901284,0.312,0.181,1,"17","Tsga10"
"St6galnac55",0.000849207037298399,0.668365270745453,0.516,0.365,1,"17","St6galnac5"
"Rgs202",0.00089689518488954,1.07106640551523,0.376,0.25,1,"17","Rgs20"
"Utp14a",0.000950100589418062,1.02339350357517,0.28,0.157,1,"17","Utp14a"
"Clip41",0.00105823136173476,1.0351282234036,0.258,0.141,1,"17","Clip4"
"Sirpa1",0.00107076870049845,1.16028970463001,0.28,0.162,1,"17","Sirpa"
"Ghr5",0.00117225405881098,0.54417850533819,0.366,0.221,1,"17","Ghr"
"Dock42",0.00127194796274752,0.979941985490999,0.484,0.366,1,"17","Dock4"
"Numbl",0.00132051552820108,0.972662701454239,0.258,0.141,1,"17","Numbl"
"C788592",0.00132440190036296,0.948643664757559,0.28,0.156,1,"17","C78859"
"Slc6a13",0.00136008596686223,0.748909716920764,0.43,0.3,1,"17","Slc6a1"
"B4galnt4",0.00136049635497418,0.80665275001531,0.355,0.216,1,"17","B4galnt4"
"Rbbp6",0.00136108061564772,0.445657297010699,0.624,0.438,1,"17","Rbbp6"
"Camkk2",0.00137712416585939,0.97606720577261,0.28,0.16,1,"17","Camkk2"
"Maml22",0.00145048431191926,0.772705418091973,0.312,0.183,1,"17","Maml2"
"Epha53",0.00149456399625794,0.42774729749799,0.57,0.398,1,"17","Epha5"
"Pde9a",0.00149771416470191,0.984922618119451,0.269,0.153,1,"17","Pde9a"
"Dstyk",0.00150461768312333,1.02477473397353,0.269,0.15,1,"17","Dstyk"
"Rreb14",0.00152186929744898,0.815259514164233,0.312,0.186,1,"17","Rreb1"
"Adam151",0.00154873073387049,0.70837213965002,0.387,0.248,1,"17","Adam15"
"Hs3st54",0.00156734837884976,0.871350965828852,0.409,0.273,1,"17","Hs3st5"
"Neto14",0.00158579707560417,1.12494508926487,0.344,0.216,1,"17","Neto1"
"Scamp11",0.00159406977964333,0.724326366496619,0.312,0.18,1,"17","Scamp1"
"Add2",0.00161010325296576,0.550138871818021,0.538,0.369,1,"17","Add2"
"Zfp157",0.00164035545310441,0.932125446007855,0.258,0.142,1,"17","Zfp157"
"Hnrnpl",0.00170915420366777,0.80879715220051,0.452,0.32,1,"17","Hnrnpl"
"Kcnb12",0.00171114112953426,0.628099118325203,0.505,0.359,1,"17","Kcnb1"
"Kcnn32",0.00175841217488836,0.678009935007137,0.452,0.303,1,"17","Kcnn3"
"Gabra24",0.00176166481234457,0.628463738565237,0.613,0.499,1,"17","Gabra2"
"Wdr13",0.0017625433016377,0.895861425876171,0.301,0.178,1,"17","Wdr13"
"Hexdc",0.00180348364677438,0.826463026496079,0.355,0.225,1,"17","Hexdc"
"Klhl71",0.00181302226542071,0.761909549304775,0.441,0.306,1,"17","Klhl7"
"Igsf8",0.00191722507556283,0.709019113708771,0.312,0.181,1,"17","Igsf8"
"Gad24",0.00191987009061784,0.506927756258509,0.538,0.383,1,"17","Gad2"
"Sesn31",0.00192954037665524,0.88875946244658,0.323,0.201,1,"17","Sesn3"
"Atp1a1",0.00195727670292644,1.02011204658175,0.269,0.157,1,"17","Atp1a1"
"Ncoa21",0.00197661819902833,0.688212284674581,0.538,0.41,1,"17","Ncoa2"
"Slc6a6",0.00199385345263224,0.838361609742649,0.387,0.26,1,"17","Slc6a6"
"Nckap1",0.00203140413308922,0.595334342602202,0.495,0.356,1,"17","Nckap1"
"Nkain28",0.00210257381321513,0.420950805843607,0.946,0.95,1,"17","Nkain2"
"Myo166",0.00212931745346155,0.762864502204702,0.43,0.293,1,"17","Myo16"
"Chpf2",0.00213574803769149,0.794127638582271,0.258,0.141,1,"17","Chpf2"
"Sorbs13",0.00229144391136956,0.518683624551162,0.624,0.496,1,"17","Sorbs1"
"Tpp1",0.00229783143530142,0.892016921874245,0.269,0.154,1,"17","Tpp1"
"Dnajc1",0.00247164284863269,0.649299088994817,0.505,0.381,1,"17","Dnajc1"
"Mllt6",0.00247665537820885,0.614420401310714,0.355,0.216,1,"17","Mllt6"
"Arf3",0.00254459128443632,0.698183951694388,0.344,0.215,1,"17","Arf3"
"Rrnad1",0.00258644142714436,0.722884392322712,0.301,0.175,1,"17","Rrnad1"
"Slk",0.00264844222041746,0.683784572633772,0.344,0.211,1,"17","Slk"
"Eri31",0.00271179847330027,0.648829143667588,0.452,0.312,1,"17","Eri3"
"Rpl6",0.00276616384453501,0.707117076464396,0.355,0.221,1,"17","Rpl6"
"Cyld2",0.00280788184232432,0.680481949960929,0.366,0.229,1,"17","Cyld"
"Dync1li21",0.00281493200028369,0.828807303029399,0.333,0.214,1,"17","Dync1li2"
"Rapgef53",0.0028569532693699,0.707117076464396,0.376,0.246,1,"17","Rapgef5"
"B3galt14",0.0030180603042045,0.356325371773181,0.656,0.491,1,"17","B3galt1"
"Runx1t13",0.00302685518610687,0.919891495239247,0.323,0.208,1,"17","Runx1t1"
"Arntl1",0.00304530282237219,0.94527681365916,0.258,0.149,1,"17","Arntl"
"Ajm1",0.00307464023323016,0.819168044509338,0.28,0.163,1,"17","Ajm1"
"Sergef",0.00313697273935194,0.705245876408446,0.441,0.316,1,"17","Sergef"
"Cluap1",0.00334405123140155,0.800393759543628,0.366,0.243,1,"17","Cluap1"
"Mcu1",0.00337102271199601,0.940001871618486,0.301,0.186,1,"17","Mcu"
"Ski",0.00340902942940769,0.848703553964107,0.312,0.195,1,"17","Ski"
"Plxna24",0.00347958477686243,0.628827518095107,0.505,0.37,1,"17","Plxna2"
"Calm1",0.00348543010513562,0.625816974362548,0.462,0.343,1,"17","Calm1"
"Eml12",0.00355739900292332,0.710337379232038,0.323,0.199,1,"17","Eml1"
"Spock21",0.00358723490679615,0.484115794582558,0.634,0.487,1,"17","Spock2"
"Nos1ap3",0.00368220341774652,0.914774725261816,0.355,0.25,1,"17","Nos1ap"
"Mical3",0.00379229964701734,0.438085187368765,0.774,0.739,1,"17","Mical3"
"Gm129401",0.00403585862389762,0.723221746478555,0.366,0.241,1,"17","Gm12940"
"Dpf11",0.00405009382501685,0.806092806270308,0.312,0.196,1,"17","Dpf1"
"Hook1",0.00411078347813739,0.738825936191734,0.387,0.26,1,"17","Hook1"
"Lmtk32",0.00411485711152064,0.548692077405388,0.613,0.484,1,"17","Lmtk3"
"Plekha52",0.00420673317054384,0.507927297574903,0.667,0.573,1,"17","Plekha5"
"Cfap543",0.00423244422646772,1.00604813898896,0.29,0.186,1,"17","Cfap54"
"Cdk9",0.00432777363261265,0.726547606413297,0.323,0.202,1,"17","Cdk9"
"Fbxw72",0.00446542037879738,0.813067589578739,0.29,0.179,1,"17","Fbxw7"
"Dgkz4",0.0045447675474449,0.44120160119406,0.538,0.4,1,"17","Dgkz"
"Colgalt11",0.00456341099517283,0.865328657342918,0.29,0.18,1,"17","Colgalt1"
"Zfp6921",0.00459474459271977,0.608178915881595,0.398,0.269,1,"17","Zfp692"
"Med13l1",0.00460584586891184,0.618874919581611,0.495,0.355,1,"17","Med13l"
"Srsf71",0.00484976399770441,0.908750937634046,0.323,0.207,1,"17","Srsf7"
"Vti1a",0.00485736926494677,0.54417850533819,0.559,0.446,1,"17","Vti1a"
"Srsf5",0.00487934972558268,0.541932258338925,0.527,0.414,1,"17","Srsf5"
"Dido11",0.00494370184374619,0.487139208061248,0.441,0.294,1,"17","Dido1"
"Ppid",0.00498307767296673,0.838361609742648,0.269,0.16,1,"17","Ppid"
"Chn24",0.0050388113292037,0.721123934458275,0.28,0.168,1,"17","Chn2"
"Secisbp2l",0.00521440859627288,0.863774028915662,0.258,0.154,1,"17","Secisbp2l"
"Gpcpd11",0.0053065005234323,0.849545348235324,0.301,0.187,1,"17","Gpcpd1"
"Ptpn13",0.00531787358700601,0.778983062663717,0.366,0.25,1,"17","Ptpn1"
"Dmtn1",0.00536318068038177,0.79748932832712,0.387,0.273,1,"17","Dmtn"
"Syt164",0.00546038548419939,0.579948761649232,0.462,0.327,1,"17","Syt16"
"Lonp1",0.00548088818021786,0.778552214507345,0.29,0.178,1,"17","Lonp1"
"Szt2",0.00555156811201533,0.690607989298957,0.301,0.186,1,"17","Szt2"
"Lgi12",0.00555315026974425,0.944328607880111,0.28,0.174,1,"17","Lgi1"
"Nap1l1",0.00561506586545651,0.679636340042289,0.387,0.266,1,"17","Nap1l1"
"Naa40",0.00572349256072411,0.75375998715527,0.333,0.213,1,"17","Naa40"
"Osbpl101",0.00581822328004597,1.02867185137532,0.29,0.184,1,"17","Osbpl10"
"Arl31",0.00583717806152273,0.524087087398721,0.462,0.321,1,"17","Arl3"
"Dlg24",0.00614385386338462,0.24451546023842,1,0.993,1,"17","Dlg2"
"Dhdds",0.00633918198626309,0.780136505720381,0.301,0.193,1,"17","Dhdds"
"Atraid",0.00658374258503806,0.678009935007137,0.29,0.176,1,"17","Atraid"
"Zfp804a5",0.0068514734797143,0.531753425109696,0.484,0.348,1,"17","Zfp804a"
"Mef2d1",0.00704592588727395,0.667742838130251,0.355,0.238,1,"17","Mef2d"
"Abl2",0.00716024376856543,0.84180069370942,0.301,0.2,1,"17","Abl2"
"Tenm46",0.00725574157257706,0.270613432012227,0.946,0.862,1,"17","Tenm4"
"Clcn4",0.00756030755621553,0.788608574545549,0.301,0.195,1,"17","Clcn4"
"D430041D05Rik3",0.00760461130514563,0.47457765141305,0.548,0.409,1,"17","D430041D05Rik"
"Plppr13",0.00761473063548215,0.917138723126765,0.366,0.267,1,"17","Plppr1"
"Mrtfa",0.0077430887300787,0.779643335005168,0.344,0.231,1,"17","Mrtfa"
"Smarca11",0.00775520849830587,0.760930122898598,0.376,0.266,1,"17","Smarca1"
"C2cd3",0.00793975692839305,0.892356499383378,0.269,0.17,1,"17","C2cd3"
"Psap2",0.00796566793286511,0.58948874133259,0.441,0.323,1,"17","Psap"
"Zfp236",0.00800476524760509,0.724170407895214,0.312,0.203,1,"17","Zfp236"
"Gm130522",0.00809676322210552,0.712481685719437,0.452,0.344,1,"17","Gm13052"
"Fry2",0.00827596199768411,0.531911616689841,0.677,0.623,1,"17","Fry"
"Samd124",0.00871166762613552,0.339154343094502,0.677,0.55,1,"17","Samd12"
"Rerg5",0.00872483093901037,0.678050808607664,0.312,0.206,1,"17","Rerg"
"Fus1",0.00894704986423561,0.454951187076079,0.57,0.431,1,"17","Fus"
"Tacc11",0.00897579892684575,0.711714090574493,0.323,0.215,1,"17","Tacc1"
"Cul5",0.00918827013545097,0.497324691907581,0.441,0.313,1,"17","Cul5"
"Sfpq",0.00925173263160973,0.474667060276938,0.591,0.462,1,"17","Sfpq"
"Kcnq2",0.00927074320493388,0.588025589828341,0.527,0.453,1,"17","Kcnq2"
"Zfp810",0.00960047322616483,1.04679557348918,0.269,0.174,1,"17","Zfp810"
"Cpne62",0.00960191200624857,0.857572213708483,0.333,0.237,1,"17","Cpne6"
"Fbf1",0.00972971623021503,0.812010282795696,0.387,0.278,1,"17","Fbf1"
"Rtn13",0.00987396386962618,0.317152997820947,0.774,0.717,1,"17","Rtn1"
"Gm49906",3.68512244876663e-260,6.34227020871553,0.634,0.011,6.46259923840204e-256,"18","Gm49906"
"6530403H02Rik",3.77507490075178e-188,5.49704782049635,0.789,0.036,6.62034885344839e-184,"18","6530403H02Rik"
"Chst9",4.52913220127295e-187,6.46250148709424,0.535,0.013,7.94273914137238e-183,"18","Chst9"
"B020031H02Rik",1.94122925654014e-142,5.16283335228116,0.577,0.024,3.40433374719444e-138,"18","B020031H02Rik"
"Tshz1",5.70035588611561e-115,5.07555302669187,0.676,0.047,9.99671411748095e-111,"18","Tshz1"
"Meis23",4.35212404550076e-92,4.03723609514077,0.901,0.121,7.63231993859469e-88,"18","Meis2"
"Eya2",8.29986706919541e-85,5.0124799960552,0.352,0.015,1.4555476879248e-80,"18","Eya2"
"Ptk2b1",3.43078976191121e-69,3.61888302104987,0.606,0.063,6.01657600546368e-65,"18","Ptk2b"
"Msra1",4.79427603978486e-69,3.38467940169633,0.718,0.092,8.40772189097071e-65,"18","Msra"
"Foxp24",2.01263736541311e-66,3.42694995203763,0.817,0.13,3.52956214772498e-62,"18","Foxp2"
"Htr1f5",5.73694358101624e-58,3.45009534330925,0.873,0.187,1.00608779580282e-53,"18","Htr1f"
"C230057M02Rik",6.75644324171335e-57,3.82179643444609,0.423,0.036,1.18487745129927e-52,"18","C230057M02Rik"
"Kcnh31",1.76214099365571e-55,3.9917214358884,0.366,0.027,3.09026666057402e-51,"18","Kcnh3"
"Col6a11",5.34877612854036e-54,3.64336521572339,0.577,0.075,9.38014869662123e-50,"18","Col6a1"
"Sphkap1",1.30193730313578e-52,3.43588598688242,0.789,0.164,2.28320744850921e-48,"18","Sphkap"
"Lypd1",4.59710577472584e-50,3.91399013265584,0.451,0.048,8.06194439713671e-46,"18","Lypd1"
"Sox2ot4",1.72216208293582e-48,2.83271593354461,0.972,0.33,3.02015564484454e-44,"18","Sox2ot"
"Slc4a4",4.4995662553362e-48,3.42182638325619,0.479,0.056,7.89088934198309e-44,"18","Slc4a4"
"Smad31",1.14043447150931e-45,3.55386322919946,0.352,0.031,1.99997993268587e-41,"18","Smad3"
"Tmod1",1.05014711353702e-38,3.20992606026142,0.451,0.06,1.84164299300987e-34,"18","Tmod1"
"Adamts31",2.78232687497227e-36,3.42751749533404,0.423,0.058,4.87936664063888e-32,"18","Adamts3"
"Rarb1",2.92573876592463e-36,2.55590237447306,0.648,0.139,5.13086807380202e-32,"18","Rarb"
"Celf25",3.22005583419584e-36,2.65716573267329,0.986,0.633,5.64701191642924e-32,"18","Celf2"
"Sox1ot3",3.70849126946353e-36,2.5269464961768,0.592,0.109,6.50358113925819e-32,"18","Sox1ot"
"Csgalnact1",6.43580953611374e-36,2.79090242650031,0.549,0.097,1.12864791834827e-31,"18","Csgalnact1"
"G630016G05Rik2",1.07265623853017e-33,2.75319262044707,0.451,0.068,1.88111724551037e-29,"18","G630016G05Rik"
"Pbx32",5.89642276894225e-32,2.58360722110914,0.718,0.188,1.0340556609894e-27,"18","Pbx3"
"Grm84",1.5455007799461e-31,2.42976891321375,0.817,0.264,2.71034471779147e-27,"18","Grm8"
"Erbb45",3.31872884632421e-31,2.1719525186097,0.972,0.561,5.82005477779877e-27,"18","Erbb4"
"Atp2b43",6.07015431957471e-31,2.44843576593246,0.761,0.238,1.06452296302382e-26,"18","Atp2b4"
"Unc13c4",1.15459139386194e-30,2.36155042400569,0.676,0.173,2.02480692741569e-26,"18","Unc13c"
"Nfix",3.20936043868091e-30,3.10159116682746,0.38,0.055,5.62825540131471e-26,"18","Nfix"
"Kcnd26",4.64529775852198e-30,1.72714211285444,1,0.902,8.14645867912e-26,"18","Kcnd2"
"Gdpd5",7.25690161532607e-30,3.20030805769982,0.38,0.056,1.27264283627973e-25,"18","Gdpd5"
"Otof4",7.09364029252283e-29,2.13461186886117,0.746,0.225,1.24401169809973e-24,"18","Otof"
"Cacna2d35",5.33570875207263e-28,1.89856467490019,0.873,0.336,9.35723243850978e-24,"18","Cacna2d3"
"Cpne52",9.23362656530314e-28,2.16382395916302,0.732,0.226,1.61930109075721e-23,"18","Cpne5"
"Gria15",1.04928600370886e-27,1.45793898595845,1,0.883,1.84013286470423e-23,"18","Gria1"
"Arpp214",1.42969657097353e-27,2.03623133400362,0.873,0.355,2.50725887651628e-23,"18","Arpp21"
"Lmo71",1.94372613084754e-27,3.16448308950025,0.366,0.057,3.40871251566733e-23,"18","Lmo7"
"Olfm34",3.73661929672362e-25,1.97767751607789,0.775,0.268,6.55290926066421e-21,"18","Olfm3"
"Plcb15",6.7718804797661e-25,1.75661226568595,0.944,0.548,1.18758467973658e-20,"18","Plcb1"
"Pex5l3",1.0698102935601e-23,1.80356086299702,0.859,0.393,1.87612631181634e-19,"18","Pex5l"
"Inpp4b2",2.00869946565247e-23,1.61307895000672,0.873,0.357,3.52265625291474e-19,"18","Inpp4b"
"March35",5.49000735128229e-22,2.58723396743745,0.577,0.174,9.62782589194375e-18,"18","March3"
"Sipa1l13",1.43350896643012e-21,1.83669531082543,0.803,0.371,2.5139446744285e-17,"18","Sipa1l1"
"2010300C02Rik1",2.58208572586659e-21,2.27384712441129,0.479,0.114,4.52820373745223e-17,"18","2010300C02Rik"
"Synpr1",3.49637478704552e-21,2.39110052250135,0.535,0.146,6.13159246404173e-17,"18","Synpr"
"Pde1a4",6.64727124750949e-21,1.62257870258021,0.831,0.378,1.16573195867574e-16,"18","Pde1a"
"Kirrel",9.32530659186114e-21,2.56419591466292,0.38,0.076,1.63537901701469e-16,"18","Kirrel"
"Pde2a4",9.36611013598775e-21,2.00243410991812,0.69,0.246,1.64253473454817e-16,"18","Pde2a"
"Chrm11",1.11646830437341e-20,2.73985482090991,0.268,0.039,1.95795046537965e-16,"18","Chrm1"
"Nfib2",1.46410207372103e-20,2.38569731963942,0.394,0.082,2.56759580668458e-16,"18","Nfib"
"Meis11",1.07677984453294e-19,2.25328445450553,0.268,0.04,1.88834881335743e-15,"18","Meis1"
"Necab12",1.74245554749182e-19,2.67001261222889,0.465,0.125,3.05574429363641e-15,"18","Necab1"
"Cux23",1.83184750374436e-19,1.80055101854971,0.761,0.329,3.21251096731648e-15,"18","Cux2"
"Vwc2l6",6.22824868440166e-19,2.08764402617138,0.676,0.242,1.09224797178352e-14,"18","Vwc2l"
"Rgs64",1.4174392177433e-18,1.9124098260335,0.549,0.159,2.48576315615643e-14,"18","Rgs6"
"Lrrk21",2.32662628699738e-18,2.54735726534005,0.38,0.084,4.0802045195073e-14,"18","Lrrk2"
"Cap24",3.78018652431276e-18,1.52609166020234,0.746,0.303,6.6293131076873e-14,"18","Cap2"
"Tiam14",5.24963276019488e-18,1.77781873738549,0.746,0.334,9.20628097155375e-14,"18","Tiam1"
"Sv2c5",3.14901722862723e-17,1.78883623567169,0.535,0.16,5.52243151384357e-13,"18","Sv2c"
"Penk2",3.26021752210926e-17,2.86003523873378,0.338,0.072,5.71744346852301e-13,"18","Penk"
"Phactr14",3.87132372558734e-17,1.47667215395534,0.944,0.84,6.78914041756252e-13,"18","Phactr1"
"Grin2a3",5.29710813581413e-17,1.55784349707643,0.831,0.486,9.28953853777724e-13,"18","Grin2a"
"Pde7b3",9.79740900948319e-17,1.61471397327989,0.634,0.225,1.71817161799307e-12,"18","Pde7b"
"Kctd11",1.11242645635898e-16,2.21411385722485,0.423,0.111,1.95086227651675e-12,"18","Kctd1"
"Pde4b5",3.82270569205711e-16,1.47437130876465,0.901,0.542,6.70387897216055e-12,"18","Pde4b"
"Elmo14",4.58699233707233e-16,1.69841401894081,0.69,0.299,8.04420846152374e-12,"18","Elmo1"
"B3galt15",5.305798701033e-16,1.59025457601583,0.831,0.488,9.30477918200156e-12,"18","B3galt1"
"Etl44",1.14232120346593e-15,1.28730844329736,0.859,0.448,2.0032886945182e-11,"18","Etl4"
"Sdk25",1.36338714975702e-15,1.85195840495634,0.704,0.326,2.39097204452888e-11,"18","Sdk2"
"Schip14",2.70790871992221e-15,1.2182367148476,0.873,0.477,4.74885952212759e-11,"18","Schip1"
"Npas23",4.03702556265655e-15,2.12943614240105,0.451,0.132,7.07973172923078e-11,"18","Npas2"
"Tspan9",4.59177110695417e-15,2.68573488487006,0.268,0.053,8.05258899026553e-11,"18","Tspan9"
"Dlg25",7.49975213915149e-15,0.891920341484768,1,0.993,1.315231532643e-10,"18","Dlg2"
"Anks1b5",1.4482510586952e-14,0.912149335300942,0.986,0.935,2.53979788163377e-10,"18","Anks1b"
"Prkg15",1.55401017143481e-14,1.12733556879442,0.901,0.533,2.72526763764522e-10,"18","Prkg1"
"Gabrg36",2.56757237299188e-14,1.17460195924614,0.958,0.768,4.50275167051586e-10,"18","Gabrg3"
"9530026P05Rik3",3.5498500930154e-14,1.67650716572956,0.451,0.131,6.22537210812111e-10,"18","9530026P05Rik"
"Cnksr23",5.61024541249323e-14,1.82295476051465,0.606,0.246,9.83868737988938e-10,"18","Cnksr2"
"Syt19",6.27974402765635e-14,0.858852299669943,1,0.912,1.10127871013009e-09,"18","Syt1"
"Gm1604a4",1.92047025832919e-13,1.52948210626263,0.662,0.291,3.3679286920319e-09,"18","Gm1604a"
"Cttnbp23",3.75523416224486e-13,1.31526058068175,0.746,0.369,6.58555415032882e-09,"18","Cttnbp2"
"Dpyd5",3.85514023237602e-13,1.31117353409658,0.718,0.342,6.76075942551783e-09,"18","Dpyd"
"Epha66",3.87264847490492e-13,1.2360534657368,0.845,0.506,6.79146363044075e-09,"18","Epha6"
"5730522E02Rik4",4.89167404599925e-13,1.71815636256244,0.634,0.301,8.57852877446888e-09,"18","5730522E02Rik"
"Garem1",6.27611156374666e-13,2.19759877044183,0.437,0.143,1.10064168493425e-08,"18","Garem1"
"Baiap22",6.97619090016173e-13,1.62372972276165,0.606,0.254,1.22341459816136e-08,"18","Baiap2"
"Ankfn14",7.75994203582248e-13,1.84958939404143,0.592,0.263,1.36086103482219e-08,"18","Ankfn1"
"St6galnac32",7.91000975483766e-13,1.91437061529558,0.535,0.213,1.38717841070588e-08,"18","St6galnac3"
"Sntg21",8.0270056543528e-13,2.01217846087992,0.408,0.127,1.40769598160385e-08,"18","Sntg2"
"Ildr23",1.20494788071244e-12,1.66268831622293,0.549,0.219,2.11311709840541e-08,"18","Ildr2"
"Chn25",1.60024619535735e-12,1.84688741540892,0.465,0.165,2.80635175279819e-08,"18","Chn2"
"Kalrn5",1.66969606985975e-12,0.860215197304161,0.958,0.882,2.92814599771305e-08,"18","Kalrn"
"Grm4",2.23637560735613e-12,2.11257583076279,0.338,0.092,3.92193190262045e-08,"18","Grm4"
"Wipf31",2.57472746686684e-12,1.93566439900437,0.352,0.099,4.51529955864438e-08,"18","Wipf3"
"Sorcs24",2.68630230117364e-12,1.75126063261773,0.507,0.189,4.71096834556822e-08,"18","Sorcs2"
"Ntng13",3.02856139356459e-12,1.24527077087357,0.563,0.218,5.31118811589423e-08,"18","Ntng1"
"Thsd7b2",3.14115168256481e-12,1.09962784220796,0.69,0.313,5.50863770571391e-08,"18","Thsd7b"
"Kcnip31",3.16899012517583e-12,2.03582538284791,0.38,0.114,5.55745798252085e-08,"18","Kcnip3"
"Abl21",5.53565647161108e-12,1.75351169487962,0.507,0.196,9.70788075426434e-08,"18","Abl2"
"Icam51",1.2570940653168e-11,2.04418885578254,0.268,0.063,2.20456586234608e-07,"18","Icam5"
"Prkce4",2.05817177639784e-11,0.89897534294929,0.901,0.664,3.60941584426889e-07,"18","Prkce"
"Tnr5",2.21609292676153e-11,1.22844614823221,0.775,0.462,3.88636216566169e-07,"18","Tnr"
"Dlgap15",2.49513612262209e-11,1.04255815833792,0.958,0.896,4.37572021824236e-07,"18","Dlgap1"
"Cdk171",2.91424088972864e-11,1.52727174248448,0.465,0.166,5.11070424831712e-07,"18","Cdk17"
"Grm77",3.3343166035925e-11,0.801070408078095,0.986,0.851,5.84739102772017e-07,"18","Grm7"
"Plcl16",3.37225951014264e-11,1.43824132993205,0.634,0.284,5.91393150293715e-07,"18","Plcl1"
"Pbx13",3.48859692624596e-11,1.44422692814414,0.761,0.487,6.11795242955753e-07,"18","Pbx1"
"Peak1",3.54047358351864e-11,1.95609752615768,0.408,0.139,6.20892852341664e-07,"18","Peak1"
"Tmeff24",3.85490864703778e-11,1.33433510723357,0.775,0.475,6.76035329431016e-07,"18","Tmeff2"
"Cpne75",4.20254261111907e-11,1.52356746973764,0.634,0.315,7.36999897711951e-07,"18","Cpne7"
"Sez62",5.15218978746419e-11,1.52961568295278,0.507,0.196,9.03539523027595e-07,"18","Sez6"
"Kcnh5",7.66772146447142e-11,1.90772661323327,0.366,0.117,1.34468831322435e-06,"18","Kcnh5"
"Maml23",1.07369555617759e-10,1.8455450372187,0.451,0.181,1.88293989686863e-06,"18","Maml2"
"Bcl11a3",1.44585630317632e-10,1.32689324175647,0.465,0.166,2.53559819888031e-06,"18","Bcl11a"
"Enox15",1.61132797147569e-10,1.13713041711166,0.831,0.542,2.82578586357692e-06,"18","Enox1"
"Dchs25",1.86134832478824e-10,1.62759756524861,0.465,0.18,3.26424655718114e-06,"18","Dchs2"
"Csmd34",2.0889156424482e-10,0.888625360487612,1,0.941,3.6633313621614e-06,"18","Csmd3"
"Grm56",2.64428837323191e-10,0.751132608139577,0.986,0.843,4.6372885201368e-06,"18","Grm5"
"Mbnl24",2.77561463954656e-10,1.30473799822674,0.732,0.415,4.8675953933728e-06,"18","Mbnl2"
"Sema5b",3.06774482489613e-10,2.10791445339293,0.268,0.071,5.37990409942035e-06,"18","Sema5b"
"Mef2c1",3.18280980085981e-10,2.25759249389173,0.296,0.087,5.58169354776784e-06,"18","Mef2c"
"Plekha53",4.83354657749177e-10,1.00131538731944,0.845,0.57,8.47659063294732e-06,"18","Plekha5"
"Dlgap25",4.90677594187837e-10,0.77078625726286,0.972,0.751,8.6050129692721e-06,"18","Dlgap2"
"Ddx53",5.07934205695629e-10,0.994633031308306,0.789,0.562,8.90764216528425e-06,"18","Ddx5"
"Rapgef54",6.02048500184368e-10,1.70315193794747,0.521,0.244,1.05581245477333e-05,"18","Rapgef5"
"Slc24a41",8.16089642159358e-10,1.99284197578232,0.254,0.066,1.43117640545487e-05,"18","Slc24a4"
"Sorbs24",9.03724756847654e-10,0.995309387091626,0.775,0.497,1.58486210608373e-05,"18","Sorbs2"
"Dnah2",1.07025276032015e-09,1.92317345482117,0.254,0.066,1.87690226577344e-05,"18","Dnah2"
"Map72",1.08584216225367e-09,1.30514395060414,0.676,0.385,1.90424139994425e-05,"18","Map7"
"Gng4",1.34132125882425e-09,1.94222644483708,0.324,0.104,2.35227509160008e-05,"18","Gng4"
"Caln15",1.61533781606642e-09,1.40477857103901,0.592,0.297,2.83281792803569e-05,"18","Caln1"
"Stac23",2.14404107429189e-09,1.9090292725009,0.282,0.082,3.76000483198568e-05,"18","Stac2"
"Ccdc1871",2.17408047063966e-09,1.8910590968832,0.31,0.098,3.81268492136078e-05,"18","Ccdc187"
"Itm2c2",2.55122714030774e-09,1.8324963231033,0.408,0.166,4.47408703595769e-05,"18","Itm2c"
"Maml32",2.94285894614891e-09,1.07257065715236,0.606,0.275,5.16089173386134e-05,"18","Maml3"
"Ankrd63",3.13394961385627e-09,1.61473229659073,0.465,0.199,5.49600743781974e-05,"18","Ankrd6"
"Fry3",3.2529570672277e-09,0.948331396172072,0.831,0.62,5.70471080879722e-05,"18","Fry"
"Fndc12",3.29520762940726e-09,1.57025766745013,0.338,0.11,5.77880561969151e-05,"18","Fndc1"
"Dok64",3.58100747670215e-09,1.29452081888543,0.704,0.482,6.28001281189255e-05,"18","Dok6"
"Map3k53",4.46119130895298e-09,1.35435723720743,0.451,0.174,7.82359119851085e-05,"18","Map3k5"
"Kcnh14",6.18015637964421e-09,1.47870372956069,0.465,0.201,0.00010838140242982,"18","Kcnh1"
"Gm37642",7.44687335894866e-09,1.35435723720743,0.437,0.171,0.000130595818095883,"18","Gm3764"
"Cx3cl12",7.74400004347439e-09,1.65473676669817,0.352,0.124,0.00013580652876241,"18","Cx3cl1"
"Rgs8",9.5092362128248e-09,1.79856412820837,0.268,0.078,0.000166763475464308,"18","Rgs8"
"Tle1",1.18200568863249e-08,1.6401224743247,0.352,0.127,0.00020728833761548,"18","Tle1"
"Nell25",1.23077465053081e-08,1.20128981686727,0.535,0.243,0.000215840950463589,"18","Nell2"
"Cacnb44",1.319462717412e-08,1.15582141637373,0.69,0.408,0.000231394176752543,"18","Cacnb4"
"R3hdm41",1.90338970535358e-08,1.52678963887402,0.38,0.143,0.000333797452627857,"18","R3hdm4"
"Dennd2a",2.18666271610624e-08,1.70932170518768,0.352,0.128,0.000383475040523551,"18","Dennd2a"
"Kirrel37",2.40383859370089e-08,0.661235966992601,0.93,0.727,0.000421561174177326,"18","Kirrel3"
"Ak55",5.10446220198264e-08,1.22137779165746,0.577,0.308,0.000895169536361696,"18","Ak5"
"Slc16a21",5.20562362434092e-08,1.79907635794601,0.282,0.092,0.000912910215000666,"18","Slc16a2"
"Cdh45",5.25023431569586e-08,0.784802226963888,0.746,0.442,0.000920733591943584,"18","Cdh4"
"Ppp3ca4",5.56923923506138e-08,0.967030271878386,0.761,0.518,0.000976677484652715,"18","Ppp3ca"
"Cers51",6.23890082809546e-08,1.15553383162309,0.592,0.326,0.0010941160382231,"18","Cers5"
"Cpne45",6.63204246335846e-08,1.40704842950772,0.493,0.238,0.00116306128679917,"18","Cpne4"
"Cacna1e5",6.64080894273621e-08,0.769289227592564,0.887,0.662,0.00116459866428765,"18","Cacna1e"
"Plxdc23",6.71926934951591e-08,1.1534179255373,0.535,0.254,0.0011783582658246,"18","Plxdc2"
"Mctp14",7.48222849023679e-08,1.20421408993814,0.704,0.455,0.00131215841033283,"18","Mctp1"
"Lrp1b7",7.57169946015074e-08,0.674770868362886,1,0.93,0.00132784893432664,"18","Lrp1b"
"Ryr12",7.68209585196957e-08,1.31379591553982,0.352,0.129,0.0013472091495599,"18","Ryr1"
"Mpped26",7.86321094280057e-08,1.19376521183305,0.493,0.242,0.00137897130303894,"18","Mpped2"
"Trpm35",8.21444930646913e-08,0.806063508181494,0.746,0.463,0.00144056797487549,"18","Trpm3"
"Smg92",9.48304122230128e-08,1.46113594507001,0.408,0.173,0.00166304093915497,"18","Smg9"
"Shisa95",1.12512737948734e-07,1.13934608882288,0.648,0.349,0.00197313588540695,"18","Shisa9"
"Rps6ka5",1.27525115138741e-07,1.66336707184161,0.324,0.12,0.0022364079441881,"18","Rps6ka5"
"Cers65",1.30737717754463e-07,1.25554408372098,0.592,0.33,0.00229274735626002,"18","Cers6"
"Gpm6b1",1.41683891486438e-07,1.70266528081994,0.352,0.143,0.00248471040499766,"18","Gpm6b"
"Snap25",1.48554642976091e-07,0.99397740982877,0.69,0.427,0.0026052027738717,"18","Snap25"
"Kcnab13",1.52520180419571e-07,1.09489967611607,0.507,0.243,0.00267474640401802,"18","Kcnab1"
"Adarb26",1.61102426343982e-07,0.498933951546215,0.873,0.578,0.00282525325079441,"18","Adarb2"
"Rasgrp12",1.67174376678285e-07,1.59101622761692,0.282,0.094,0.00293173704380708,"18","Rasgrp1"
"Atp1a11",1.74151863840379e-07,1.54392351963666,0.38,0.155,0.00305410123616873,"18","Atp1a1"
"Oprm12",1.74558214530617e-07,1.48410102370041,0.408,0.173,0.00306122740822343,"18","Oprm1"
"Samd125",2.01166883390937e-07,1.17770199926732,0.732,0.549,0.00352786363402686,"18","Samd12"
"Dgki6",2.03377031622662e-07,0.859549613855206,0.718,0.469,0.00356662300356662,"18","Dgki"
"Grin2b3",2.03388270205526e-07,0.755885408009944,0.944,0.827,0.00356682009459431,"18","Grin2b"
"Zswim63",2.03655762100094e-07,1.4614544559535,0.366,0.147,0.00357151109994934,"18","Zswim6"
"R3hdm13",2.20959697935774e-07,0.919624387740101,0.761,0.57,0.00387497022269966,"18","R3hdm1"
"Kcnj64",2.7723810294191e-07,1.10951510366048,0.606,0.34,0.00486192461129227,"18","Kcnj6"
"Diaph23",2.95999564406079e-07,1.34277598749265,0.535,0.286,0.0051909443609894,"18","Diaph2"
"Lncppara4",2.99720271379408e-07,1.42828264785311,0.394,0.167,0.00525619439918068,"18","Lncppara"
"Slc35f13",3.0725379472767e-07,1.27372634962824,0.676,0.456,0.00538830979813915,"18","Slc35f1"
"Fam49a1",3.26746956731413e-07,1.47805022935304,0.338,0.131,0.00573016138019879,"18","Fam49a"
"C2cd2l1",3.42245238900098e-07,1.79956648706262,0.254,0.084,0.00600195475459102,"18","C2cd2l"
"Lrrc73",4.18830589218322e-07,0.682951058649627,0.944,0.872,0.00734503204312171,"18","Lrrc7"
"Atp2b14",4.2952530079615e-07,0.841308688555943,0.746,0.472,0.00753258520006208,"18","Atp2b1"
"Malat14",5.31933903175138e-07,0.369697589679081,1,1,0.00932852485998239,"18","Malat1"
"Cacna1c5",6.49128699822529e-07,0.738516651653095,0.944,0.788,0.0113837700087877,"18","Cacna1c"
"Ly6h4",6.5223796355024e-07,0.857758046372213,0.746,0.469,0.0114382971667806,"18","Ly6h"
"Shtn14",6.57374375009713e-07,1.35837046633163,0.563,0.349,0.0115283744145453,"18","Shtn1"
"Dlgap41",6.61453603694432e-07,1.01890944733418,0.676,0.433,0.0115999118479893,"18","Dlgap4"
"Fxyd5",7.16667618308607e-07,1.50971612551507,0.254,0.083,0.012568200022278,"18","Fxyd5"
"Ptprt5",7.44756863296609e-07,0.688209666577186,0.775,0.485,0.0130608011116326,"18","Ptprt"
"Hacd2",7.61107769679834e-07,1.59272794825382,0.268,0.093,0.0133475469568752,"18","Hacd2"
"Nsg23",8.6581932335021e-07,1.40939015063468,0.423,0.206,0.0151838734735926,"18","Nsg2"
"Dock43",9.53935611307545e-07,1.03443617230158,0.62,0.364,0.0167291688155004,"18","Dock4"
"Rgl15",1.0261059641568e-06,1.23683393372493,0.507,0.262,0.0179948202934177,"18","Rgl1"
"Rps6ka25",1.14419879153178e-06,1.01634229664354,0.549,0.29,0.0200658142070929,"18","Rps6ka2"
"Olfm11",1.14492477758076e-06,1.32959107464479,0.394,0.174,0.0200785458244339,"18","Olfm1"
"Prelid3a",1.18281490161288e-06,1.54168851525335,0.282,0.103,0.0207430249295851,"18","Prelid3a"
"Sema6a5",1.51575273551922e-06,0.996675394579905,0.493,0.242,0.0265817557228006,"18","Sema6a"
"Sept111",1.55216119063758e-06,1.44892134666964,0.338,0.14,0.0272202508002113,"18","Sept11"
"Rreb15",1.57078878544848e-06,1.28872691799894,0.408,0.185,0.02754692293041,"18","Rreb1"
"Osbpl82",1.92386361423865e-06,1.58555232949983,0.408,0.207,0.0337387962029031,"18","Osbpl8"
"Xylt11",1.95289301877195e-06,1.35517648483926,0.437,0.208,0.0342478848702037,"18","Xylt1"
"Syt51",2.0135256850299e-06,1.33391812828175,0.338,0.137,0.0353111999383694,"18","Syt5"
"Arhgef282",2.01782455650894e-06,1.66955371056433,0.352,0.157,0.0353865892474973,"18","Arhgef28"
"Slc2a33",2.66299396287377e-06,1.37676419486941,0.437,0.22,0.0467009251269172,"18","Slc2a3"
"Frmpd48",3.22502821100299e-06,0.605697468757472,0.803,0.473,0.0565573197363595,"18","Frmpd4"
"Gm268715",3.84257561000933e-06,0.827480072949673,0.817,0.673,0.0673872484727336,"18","Gm26871"
"Prnp2",4.22022027699109e-06,1.37676419486941,0.352,0.153,0.0740100029975927,"18","Prnp"
"Mdga12",4.28568504828687e-06,1.32765516152115,0.31,0.125,0.0751580586918069,"18","Mdga1"
"Gnal3",4.40097834947478e-06,0.99273388579756,0.563,0.324,0.0771799573147393,"18","Gnal"
"Fgfr1",4.80200958694271e-06,1.48766554058621,0.338,0.151,0.0842128421262142,"18","Fgfr1"
"Pgbd51",4.97912189388982e-06,1.34502529432872,0.324,0.135,0.0873188606531458,"18","Pgbd5"
"Neto15",5.27555415020208e-06,1.44523308298188,0.423,0.215,0.092517393132094,"18","Neto1"
"Sorcs35",5.57964946855027e-06,0.624028923891106,0.704,0.427,0.0978503127299661,"18","Sorcs3"
"Cdh6",6.38576153578234e-06,1.49986833955873,0.254,0.095,0.111987100053015,"18","Cdh6"
"B230307C23Rik1",7.76958932859977e-06,1.08543714205006,0.394,0.183,0.136255288055654,"18","B230307C23Rik"
"Itpr15",1.03425460986006e-05,1.34242859288939,0.408,0.21,0.181377230931159,"18","Itpr1"
"Myt1l3",1.06511375787848e-05,0.505262228457622,0.915,0.869,0.18678899971915,"18","Myt1l"
"Pde8b4",1.0899672091958e-05,1.07042039735572,0.549,0.332,0.191147549476668,"18","Pde8b"
"Cacng42",1.18146253859872e-05,1.18195002665181,0.507,0.286,0.207193085394057,"18","Cacng4"
"Bcl11b6",1.28159531799754e-05,0.851543777840142,0.338,0.141,0.224753370917229,"18","Bcl11b"
"5330417C22Rik1",1.32132623042185e-05,1.1168341576143,0.563,0.357,0.231720981029079,"18","5330417C22Rik"
"Tspan52",1.36877671701323e-05,1.39148174842555,0.408,0.211,0.240042372862611,"18","Tspan5"
"Ppp1r12b3",1.39798594813888e-05,0.925674384523147,0.592,0.376,0.245164795725116,"18","Ppp1r12b"
"Pak73",1.75527135337996e-05,1.11089994033585,0.521,0.324,0.307821937242243,"18","Pak7"
"Epb41l4b3",1.76668028917331e-05,0.927080552783674,0.563,0.334,0.309822722312323,"18","Epb41l4b"
"Ssbp24",1.80886643639845e-05,0.917993620043484,0.634,0.417,0.317220906951196,"18","Ssbp2"
"Vgll4",2.11857454167298e-05,1.69841401894081,0.254,0.102,0.37153441737319,"18","Vgll4"
"Dnm33",2.64190812818973e-05,0.698668350372209,0.859,0.728,0.463311428440634,"18","Dnm3"
"Runx1t14",2.6960949428068e-05,1.13312258420283,0.408,0.207,0.472814170120029,"18","Runx1t1"
"Rtn14",2.75136653642455e-05,0.683580292731116,0.873,0.715,0.482507149492773,"18","Rtn1"
"Mrtfb3",2.90540691428092e-05,0.842131233399417,0.606,0.382,0.509521210557445,"18","Mrtfb"
"Fam184b1",3.0782739813885e-05,1.41136671628279,0.282,0.122,0.539836908116101,"18","Fam184b"
"Six33",3.47916343734167e-05,1.44740091966459,0.254,0.102,0.610140892006609,"18","Six3"
"Khdrbs33",4.09180676971139e-05,1.25780370757206,0.338,0.162,0.717580153204287,"18","Khdrbs3"
"Camk2a6",4.095146116023e-05,0.605603424766582,0.887,0.688,0.718165774366954,"18","Camk2a"
"Kcnj33",5.43629118662382e-05,1.14229399372701,0.408,0.215,0.953362385398219,"18","Kcnj3"
"Tef1",5.43957214401386e-05,1.1697197378664,0.423,0.224,0.95393776689571,"18","Tef"
"Spock22",5.48497629056983e-05,0.792873203209405,0.676,0.487,0.961900292077231,"18","Spock2"
"Grin13",5.82551802948909e-05,0.788941413925022,0.817,0.658,1,"18","Grin1"
"Galnt183",6.05310457928162e-05,0.71610853391358,0.423,0.21,1,"18","Galnt18"
"Fam126b2",6.05611357671337e-05,1.07531137327832,0.408,0.22,1,"18","Fam126b"
"Robo16",6.23619376550277e-05,0.43321848069837,0.944,0.836,1,"18","Robo1"
"Fras11",6.50603990142568e-05,1.31160170212691,0.282,0.125,1,"18","Fras1"
"Atxn3",6.98287018436368e-05,1.32604713590799,0.296,0.136,1,"18","Atxn3"
"Thrb3",7.68677749421683e-05,1.0158010492011,0.479,0.277,1,"18","Thrb"
"Csnk1a11",7.7777871930075e-05,0.894840215783466,0.563,0.367,1,"18","Csnk1a1"
"Nrxn310",8.9380828448001e-05,0.37541689553146,1,0.947,1,"18","Nrxn3"
"Sema6d6",8.99989669500427e-05,0.785022267388457,0.676,0.478,1,"18","Sema6d"
"Cacng81",9.42198206232399e-05,1.14482121888903,0.423,0.237,1,"18","Cacng8"
"Psap3",9.98516770252342e-05,0.964704071955723,0.521,0.322,1,"18","Psap"
"Ndrg43",0.000103702214502748,0.991277324744095,0.493,0.299,1,"18","Ndrg4"
"Cacna2d14",0.000106603206558851,0.5011570355273,0.493,0.262,1,"18","Cacna2d1"
"Adcy24",0.000109273228499882,0.576417936232511,0.662,0.421,1,"18","Adcy2"
"Rbfox35",0.000112685115512393,0.54585113908147,0.845,0.783,1,"18","Rbfox3"
"Lrfn23",0.000130797965601916,1.00497497552976,0.493,0.302,1,"18","Lrfn2"
"Wwc12",0.000131789141235306,0.956726014532199,0.366,0.184,1,"18","Wwc1"
"Ckb1",0.000142736614260867,0.98647335792625,0.451,0.258,1,"18","Ckb"
"Sesn11",0.000143428319336035,1.28389075778571,0.38,0.213,1,"18","Sesn1"
"Actn4",0.000148443229125365,1.05371162990104,0.394,0.209,1,"18","Actn4"
"Cdh134",0.000148717034422654,0.659128987142066,0.69,0.489,1,"18","Cdh13"
"Camkv4",0.000151233767233848,0.949031622742198,0.423,0.236,1,"18","Camkv"
"Ptpra1",0.000151383943580075,0.848221720502234,0.521,0.339,1,"18","Ptpra"
"Ubr5",0.000168291310076548,0.686208840646915,0.761,0.631,1,"18","Ubr5"
"Clstn1",0.000169959848619925,1.00271221980638,0.493,0.307,1,"18","Clstn1"
"Crtac11",0.000180404292360105,1.2746185961844,0.31,0.149,1,"18","Crtac1"
"Kcnip47",0.000181873823018265,0.240941253341567,0.986,0.924,1,"18","Kcnip4"
"Nap1l11",0.000194742548341618,1.16258355658477,0.437,0.266,1,"18","Nap1l1"
"Mef2a1",0.000195257757070425,0.895571047522126,0.479,0.279,1,"18","Mef2a"
"Wdr131",0.000198251617058835,1.21472323211919,0.338,0.178,1,"18","Wdr13"
"Rnf1691",0.000202310867911655,0.802602869212779,0.451,0.249,1,"18","Rnf169"
"Mir9-3hg2",0.000205089820004539,1.26313067743316,0.282,0.132,1,"18","Mir9-3hg"
"A630089N07Rik1",0.000214384322448182,1.05892539903944,0.366,0.192,1,"18","A630089N07Rik"
"Opcml7",0.000223250864052947,0.459917466471431,0.901,0.766,1,"18","Opcml"
"Gng72",0.000225128291966995,1.02751011463591,0.352,0.183,1,"18","Gng7"
"Man1a22",0.000258300850393046,1.10928388400442,0.352,0.181,1,"18","Man1a2"
"Jph42",0.000258523226045072,0.766440209463725,0.563,0.354,1,"18","Jph4"
"Pcdh156",0.000271055046733326,0.329487101869249,0.915,0.707,1,"18","Pcdh15"
"Pcbp31",0.000285403231642104,1.10898397857961,0.366,0.202,1,"18","Pcbp3"
"App1",0.00028775546611012,0.532987614140592,0.817,0.649,1,"18","App"
"Phc22",0.000299475967920899,0.716478408301169,0.634,0.445,1,"18","Phc2"
"Cdh83",0.000306510990149222,0.578081172289419,0.62,0.403,1,"18","Cdh8"
"Nrcam2",0.000312119589733027,0.681768877322991,0.648,0.467,1,"18","Nrcam"
"Arhgef21",0.00031805225398582,0.874263854340226,0.366,0.191,1,"18","Arhgef2"
"Ski1",0.000319821457303709,0.957583485607003,0.366,0.195,1,"18","Ski"
"Aplp11",0.00032233441023247,1.04803092207693,0.423,0.244,1,"18","Aplp1"
"Dpp66",0.0003454432517208,0.467893819046197,0.972,0.938,1,"18","Dpp6"
"Cpne63",0.000349272331820976,1.07840457112045,0.408,0.236,1,"18","Cpne6"
"Unc792",0.000401174724533605,0.719686817231349,0.662,0.557,1,"18","Unc79"
"Pdcd41",0.000422331059726085,1.25991754683797,0.31,0.162,1,"18","Pdcd4"
"Trank11",0.00042849760283465,0.596830069445816,0.718,0.581,1,"18","Trank1"
"Stxbp5l5",0.000432025735465239,0.717177860601949,0.606,0.441,1,"18","Stxbp5l"
"Tasor",0.000474303902524008,0.661628980020868,0.606,0.413,1,"18","Tasor"
"Enox21",0.000484709377597392,1.04834049905301,0.296,0.146,1,"18","Enox2"
"Gad14",0.000484819826178223,0.978099665324765,0.408,0.241,1,"18","Gad1"
"Igsf81",0.000532355065981736,1.01349205855962,0.338,0.181,1,"18","Igsf8"
"Trerf14",0.000559561572878482,0.633947023105343,0.69,0.546,1,"18","Trerf1"
"Gprin31",0.000577733027311467,1.13034549953225,0.268,0.129,1,"18","Gprin3"
"Lrpap11",0.000590629756222105,1.20848930803097,0.268,0.131,1,"18","Lrpap1"
"Fam214a2",0.000599981969251878,1.01271062430937,0.352,0.194,1,"18","Fam214a"
"Fam171b",0.000656471836215492,1.28198597011731,0.31,0.168,1,"18","Fam171b"
"Galnt10",0.000751019598795962,1.03957222771217,0.282,0.141,1,"18","Galnt10"
"Akap111",0.000843176862520562,0.971620229831893,0.408,0.247,1,"18","Akap11"
"Zbtb207",0.000847774664478664,0.535284433039472,0.676,0.492,1,"18","Zbtb20"
"Zdhhc143",0.000854379734244094,0.755238083341448,0.507,0.32,1,"18","Zdhhc14"
"St6galnac56",0.000869318813754591,0.575137348316959,0.563,0.365,1,"18","St6galnac5"
"Rbfox17",0.000875112740556978,0.207113381076389,0.986,0.895,1,"18","Rbfox1"
"Unc5a",0.000877881208462495,1.19516475442386,0.268,0.134,1,"18","Unc5a"
"Ppm1e2",0.000886818058377633,0.788603255723872,0.606,0.431,1,"18","Ppm1e"
"Metap1d3",0.000904672192391149,0.895057614639776,0.423,0.256,1,"18","Metap1d"
"Dgkb5",0.000928297363049482,0.432854264803731,0.831,0.769,1,"18","Dgkb"
"Coro2b1",0.000964552394219405,0.829450006989525,0.338,0.18,1,"18","Coro2b"
"Fam189a14",0.000977681870779727,0.70848271911752,0.521,0.346,1,"18","Fam189a1"
"Plppr14",0.000988650115253756,0.770134314623597,0.437,0.266,1,"18","Plppr1"
"Mrtfa1",0.00105137590594064,0.897745287679388,0.394,0.231,1,"18","Mrtfa"
"Ptpru1",0.00106518852980247,0.990890629622489,0.324,0.174,1,"18","Ptpru"
"Celf54",0.00110000088986689,0.495621753104957,0.775,0.608,1,"18","Celf5"
"Gnb51",0.00117535842507316,1.07088372244796,0.282,0.145,1,"18","Gnb5"
"Caly",0.00118521795936536,0.976874743753669,0.38,0.229,1,"18","Caly"
"Slc35f35",0.00118789192210622,0.518983337779321,0.606,0.424,1,"18","Slc35f3"
"Pitpnm24",0.00126449439440576,0.734591562805895,0.465,0.29,1,"18","Pitpnm2"
"Dlx6os13",0.00141810767811347,1.23468866189338,0.268,0.141,1,"18","Dlx6os1"
"Ttc14",0.00144912993734252,0.606783543475239,0.69,0.571,1,"18","Ttc14"
"A830018L16Rik6",0.00152184110831492,0.691845798152225,0.549,0.371,1,"18","A830018L16Rik"
"Neto25",0.00152539730660221,0.784959666265718,0.324,0.174,1,"18","Neto2"
"Syt73",0.00153208439000504,0.710628819441071,0.521,0.361,1,"18","Syt7"
"Cacna1h1",0.00160810945848335,0.783159585839121,0.31,0.162,1,"18","Cacna1h"
"Rbfox24",0.00165052587959882,0.561149411319744,0.704,0.513,1,"18","Rbfox2"
"Astn11",0.00169676834379686,0.620660483562966,0.648,0.488,1,"18","Astn1"
"Ppp1r13b",0.0017018773093008,0.741399407304434,0.451,0.286,1,"18","Ppp1r13b"
"Tenm35",0.00176739042652036,0.599824685234182,0.676,0.528,1,"18","Tenm3"
"B230334C09Rik1",0.00182226033949887,1.1798439551401,0.268,0.141,1,"18","B230334C09Rik"
"Airn4",0.00184401945165996,1.17950075865898,0.38,0.236,1,"18","Airn"
"Epha31",0.00191523598626852,0.700565689795857,0.254,0.124,1,"18","Epha3"
"Apba24",0.00192909282128714,0.684292910696155,0.577,0.432,1,"18","Apba2"
"Fyco12",0.00195633702109352,0.844049241293218,0.324,0.179,1,"18","Fyco1"
"Thy12",0.00205920759350962,1.02975147255873,0.296,0.161,1,"18","Thy1"
"Ppfia24",0.00214109785119979,0.50775624898904,0.746,0.612,1,"18","Ppfia2"
"Ext12",0.00214978100351823,1.02056525125664,0.394,0.262,1,"18","Ext1"
"Auts25",0.00216175618681143,0.317046344101974,0.873,0.766,1,"18","Auts2"
"Gm408411",0.00220122148879252,0.86665067023035,0.324,0.179,1,"18","Gm40841"
"Pknox22",0.00229357802034282,0.657165732673291,0.423,0.249,1,"18","Pknox2"
"Dgkd2",0.00231613329567745,0.795612502642435,0.408,0.252,1,"18","Dgkd"
"Rasa21",0.00231795158382165,0.820135300076169,0.352,0.202,1,"18","Rasa2"
"Cacng34",0.00232682468818042,1.08879974248283,0.254,0.131,1,"18","Cacng3"
"Adss",0.0023653067315117,1.08295842594711,0.254,0.131,1,"18","Adss"
"Ypel4",0.00238221031146662,0.941573789299652,0.296,0.16,1,"18","Ypel4"
"Clint11",0.00240104219392807,0.810908118303354,0.366,0.215,1,"18","Clint1"
"Zfyve283",0.00240738295594129,0.832138378667549,0.338,0.192,1,"18","Zfyve28"
"Ano32",0.00242836517824225,1.15666358504095,0.254,0.133,1,"18","Ano3"
"Slc12a61",0.0024639005172274,0.872894423728728,0.394,0.246,1,"18","Slc12a6"
"Mink12",0.00246554737175406,0.942226444837084,0.338,0.197,1,"18","Mink1"
"Cyfip13",0.002501637050964,0.826488129770812,0.451,0.302,1,"18","Cyfip1"
"Zfp942",0.00263049103144124,1.164870338205,0.254,0.134,1,"18","Zfp942"
"Plcl21",0.00264635918766131,0.778294795809503,0.38,0.226,1,"18","Plcl2"
"Ociad1",0.00268070874695201,1.01828699233978,0.268,0.142,1,"18","Ociad1"
"Cep85l",0.00273708422965825,0.884477667202225,0.268,0.139,1,"18","Cep85l"
"Ptpro6",0.00281630440850322,0.672740625051377,0.507,0.353,1,"18","Ptpro"
"Sergef1",0.00296245105088572,0.573638145181667,0.493,0.316,1,"18","Sergef"
"Mid1",0.00301387969407909,0.806846092980118,0.296,0.16,1,"18","Mid1"
"Cux13",0.00312234601970048,0.693691608698405,0.465,0.317,1,"18","Cux1"
"Tcf45",0.00315313453356165,0.53091280555843,0.394,0.243,1,"18","Tcf4"
"Prickle13",0.00319269903355096,0.570257667450125,0.592,0.408,1,"18","Prickle1"
"Odf2l",0.00324999427542973,0.871594667564241,0.254,0.13,1,"18","Odf2l"
"Smc3",0.00325193718254209,0.717895568333773,0.437,0.282,1,"18","Smc3"
"Cluap11",0.00331355592155795,1.00643393378712,0.38,0.243,1,"18","Cluap1"
"Eml51",0.00337742025856927,0.614963942099864,0.676,0.584,1,"18","Eml5"
"Cacna1d2",0.00357388751955231,0.51289125094592,0.732,0.61,1,"18","Cacna1d"
"Hspa5",0.00368784526021331,0.877505867032377,0.338,0.202,1,"18","Hspa5"
"Ric8b2",0.00375708427757082,1.03452575843182,0.31,0.182,1,"18","Ric8b"
"Lgi13",0.00379525394574155,1.09046270835921,0.296,0.174,1,"18","Lgi1"
"Ank5",0.00398498312673919,0.940825018014703,0.394,0.26,1,"18","Ank"
"Chgb",0.00403261483017762,0.77584180110002,0.352,0.205,1,"18","Chgb"
"Gpr1582",0.00415525951419972,0.501586856785027,0.901,0.897,1,"18","Gpr158"
"C788593",0.0044740507167872,0.928711638362602,0.282,0.157,1,"18","C78859"
"Fars21",0.00453655831533047,0.879129609512042,0.338,0.206,1,"18","Fars2"
"Sf3b11",0.00461502346385904,0.462213744173855,0.704,0.545,1,"18","Sf3b1"
"Ppp2r5c",0.00482035050992167,0.628387419477165,0.521,0.374,1,"18","Ppp2r5c"
"mt-Nd32",0.00487365706089368,0.530952130515594,0.465,0.309,1,"18","mt-Nd3"
"March4",0.00498680059250667,1.00954271297565,0.254,0.138,1,"18","March4"
"Kcnq56",0.00525451231167403,0.729975726023181,0.535,0.413,1,"18","Kcnq5"
"Cd472",0.00528459452855432,0.899417331568564,0.31,0.184,1,"18","Cd47"
"Atxn15",0.00530359652125556,0.5225289369699,0.69,0.599,1,"18","Atxn1"
"Araf1",0.00537145651794038,0.726273823401799,0.493,0.344,1,"18","Araf"
"Ptk2",0.00541366873741052,1.05222617484796,0.423,0.313,1,"18","Ptk2"
"Mgat5b1",0.00559395468461417,0.834735490153588,0.296,0.172,1,"18","Mgat5b"
"Exd22",0.00571693829450666,0.85712950755837,0.324,0.195,1,"18","Exd2"
"9330182L06Rik1",0.00577138849510158,0.773541265838869,0.394,0.26,1,"18","9330182L06Rik"
"Aig13",0.00597593089668244,0.642740421251649,0.493,0.334,1,"18","Aig1"
"Sncaip",0.0060556664245399,1.12665101597451,0.268,0.157,1,"18","Sncaip"
"Sesn32",0.00606094760391977,0.695969463076248,0.338,0.201,1,"18","Sesn3"
"Smpd31",0.00629491294771095,0.737942383127445,0.366,0.227,1,"18","Smpd3"
"Commd101",0.00630811380328732,0.784626641855549,0.296,0.169,1,"18","Commd10"
"Clpb",0.00635010632570936,0.790557372589505,0.338,0.205,1,"18","Clpb"
"Pde4a3",0.00649283620825712,0.702631954146243,0.535,0.392,1,"18","Pde4a"
"Kcnb13",0.00674657519346306,0.531871656893147,0.507,0.36,1,"18","Kcnb1"
"Ptpdc1",0.00675865186258046,0.901230901940495,0.268,0.15,1,"18","Ptpdc1"
"Hdac82",0.00689082962756609,0.733660223269459,0.535,0.384,1,"18","Hdac8"
"Dock105",0.00718257677142355,0.346370433008758,0.704,0.505,1,"18","Dock10"
"Snx294",0.00721447147769076,0.817680325973858,0.423,0.3,1,"18","Snx29"
"1500004A13Rik1",0.00730636274786751,0.570062721832521,0.577,0.422,1,"18","1500004A13Rik"
"Clstn26",0.00738172751638365,0.43509808416849,0.521,0.37,1,"18","Clstn2"
"Dnajc12",0.00743144496924915,0.753257354480725,0.507,0.382,1,"18","Dnajc1"
"Pde9a1",0.00745460652667472,0.87640276509656,0.268,0.153,1,"18","Pde9a"
"Vipas39",0.00751873488975407,0.949031622742198,0.254,0.142,1,"18","Vipas39"
"Adgrl11",0.00752450079496006,0.556431512583109,0.606,0.482,1,"18","Adgrl1"
"Exosc10",0.00754261734514559,0.662025653761805,0.423,0.282,1,"18","Exosc10"
"Adgrb35",0.00754551114043714,0.234610914022725,1,0.941,1,"18","Adgrb3"
"Akap132",0.00757181725979146,0.632913275299893,0.296,0.168,1,"18","Akap13"
"Lyst2",0.00758730823626421,0.634682462476923,0.465,0.327,1,"18","Lyst"
"Ints2",0.00761776601242755,1.04920693054916,0.254,0.143,1,"18","Ints2"
"Sfpq1",0.0079755524811365,0.579163220672018,0.592,0.462,1,"18","Sfpq"
"Taf31",0.00822719223925226,0.864581300942886,0.324,0.197,1,"18","Taf3"
"Casc32",0.00852205107950092,0.674955046116819,0.352,0.22,1,"18","Casc3"
"Ncs11",0.00878511104671317,0.739538752327011,0.324,0.195,1,"18","Ncs1"
"Ecpas",0.00880106613696693,0.485537632177229,0.676,0.518,1,"18","Ecpas"
"Bclaf11",0.00910714797953454,0.512207646747553,0.69,0.571,1,"18","Bclaf1"
"Cdadc1",0.00918997551089546,0.68161877639783,0.38,0.242,1,"18","Cdadc1"
"Wdpcp",0.0093355702678316,0.54332144699632,0.31,0.18,1,"18","Wdpcp"
"Dtnb1",0.00939908659232448,0.497294395894901,0.62,0.491,1,"18","Dtnb"
"Scn3b",0.00943655330208834,0.844049241293218,0.254,0.143,1,"18","Scn3b"
"Gm41361",0.00949377989138557,0.901230901940495,0.282,0.167,1,"18","Gm41361"
"Syt41",0.00958064118135807,0.879617088834432,0.296,0.18,1,"18","Syt4"
"Kcnip23",0.0096301893262758,0.796261342338952,0.31,0.193,1,"18","Kcnip2"
"Hdgfl3",0.00984043754798962,1.03770482221234,0.324,0.209,1,"18","Hdgfl3"
"1700016P03Rik1",1.19937385840255e-60,4.10161662698944,0.868,0.133,2.10334193548055e-56,"19","1700016P03Rik"
"Per1",1.02124423072381e-24,3.01309809199037,0.509,0.097,1.79095600742035e-20,"19","Per1"
"Pde10a2",4.78532493644864e-24,2.52029884842508,0.981,0.736,8.39202434104998e-20,"19","Pde10a"
"Ptprn1",3.75520256083154e-23,2.1881170480556,0.943,0.56,6.58549873093027e-19,"19","Ptprn"
"Scg23",3.02769167426646e-20,2.93089931399926,0.755,0.287,5.30966288916109e-16,"19","Scg2"
"Cbarp1",2.06510362311722e-18,2.25990530493506,0.755,0.32,3.62157222386066e-14,"19","Cbarp"
"Hdac51",4.26286428252655e-17,2.16180052169821,0.623,0.19,7.47578509226681e-13,"19","Hdac5"
"Sik2",1.95536163687148e-16,2.47156623673974,0.736,0.309,3.42911770258151e-12,"19","Sik2"
"Nop53",2.71499095631696e-13,3.12247951050498,0.264,0.047,4.76127964009306e-09,"19","Nop53"
"Slc6a171",1.17010884056729e-12,2.09983017769401,0.642,0.277,2.05201987370285e-08,"19","Slc6a17"
"Kdm6b1",2.96716160761353e-11,2.50376032140763,0.585,0.266,5.20351131127184e-07,"19","Kdm6b"
"Usp36",2.97524829551493e-11,2.56725359582833,0.642,0.291,5.21769293584454e-07,"19","Usp36"
"Peg33",1.01337534100851e-10,1.00373648135957,0.981,0.903,1.77715633552663e-06,"19","Peg3"
"Sipa1l2",1.56209784554886e-10,3.04167043193864,0.321,0.084,2.73945099173904e-06,"19","Sipa1l2"
"Stk40",3.01031919175396e-10,2.04100192952137,0.396,0.117,5.27919676657892e-06,"19","Stk40"
"Cdk11b",3.28431470043509e-10,2.38958930148832,0.566,0.236,5.75970269015302e-06,"19","Cdk11b"
"Ntrk22",4.04097991840226e-10,1.55871123205295,0.83,0.671,7.08666648290205e-06,"19","Ntrk2"
"Cmip1",4.32890978913123e-10,1.29605942255919,0.868,0.737,7.59160909719944e-06,"19","Cmip"
"Rtl5",2.67087570569467e-09,2.41006073699528,0.302,0.08,4.68391472507674e-05,"19","Rtl5"
"Syt42",1.71203530966073e-08,2.01943018379296,0.453,0.178,0.000300239632255203,"19","Syt4"
"Mir670hg2",1.88226398241773e-08,2.68966297968761,0.396,0.151,0.000330092634596597,"19","Mir670hg"
"Gnas6",2.0892735668248e-08,1.30090207950494,0.868,0.734,0.000366395905414065,"19","Gnas"
"Igsf9b1",5.32738399533789e-08,2.40343779480155,0.415,0.161,0.000934263331262406,"19","Igsf9b"
"Slc2a134",5.61343989672784e-08,2.19285020867368,0.623,0.369,0.00098442895468916,"19","Slc2a13"
"Zhx2",1.36711026815524e-07,1.96352562688367,0.302,0.092,0.00239750127726384,"19","Zhx2"
"Homer1",5.06367440352667e-07,2.58979616447942,0.321,0.114,0.00888016580146471,"19","Homer1"
"Lncpint3",5.54614182339021e-07,1.22813416821558,0.755,0.624,0.00972626891567942,"19","Lncpint"
"Slc38a11",1.57894842432169e-06,1.86964977333823,0.623,0.411,0.0276900185173295,"19","Slc38a1"
"Nefm1",2.21842324966877e-06,1.93319404176298,0.34,0.13,0.0389044885294413,"19","Nefm"
"Nmnat2",2.49107757408377e-06,1.99198036346955,0.623,0.443,0.043686027416707,"19","Nmnat2"
"Nktr2",3.86734565980932e-06,0.705224518166783,0.906,0.865,0.067821640836076,"19","Nktr"
"Gm424182",6.20066744913238e-06,0.355029241110844,1,1,0.108741105055435,"19","Gm42418"
"Cltc",8.34629873453387e-06,1.55430666774768,0.509,0.279,0.14636904090752,"19","Cltc"
"Cmss12",1.02147669156279e-05,0.490005398598941,1,0.983,0.179136367399366,"19","Cmss1"
"Gphn1",1.53587757532045e-05,0.421357684722348,1,0.987,0.269346850383948,"19","Gphn"
"Kpna1",1.9852851470033e-05,1.55372878068171,0.377,0.166,0.348159456229969,"19","Kpna1"
"Ttc33",2.55657978280674e-05,0.552998628599218,0.981,0.993,0.448347396510818,"19","Ttc3"
"Ralgapa12",2.58376120962952e-05,0.871510788706608,0.755,0.59,0.453114203332728,"19","Ralgapa1"
"EGFP3",2.72805984453991e-05,0.69532068294389,0.981,0.803,0.478419854936964,"19","EGFP"
"Ccnl1",3.30982489414371e-05,1.47651277335083,0.566,0.365,0.580443991685982,"19","Ccnl1"
"Eprs",3.74275052044746e-05,1.81771005873423,0.566,0.347,0.656366158770872,"19","Eprs"
"Usp295",5.04425491595692e-05,0.93073678820469,0.943,0.909,0.884610984611364,"19","Usp29"
"Bdp1",6.60861890047714e-05,1.23326808213129,0.585,0.411,1,"19","Bdp1"
"Vgf",7.43810216135331e-05,1.82025266900137,0.283,0.113,1,"19","Vgf"
"Hid1",7.76126166779031e-05,1.44481752016734,0.34,0.148,1,"19","Hid1"
"Gpr1583",9.17437273979156e-05,1.28427363124659,0.906,0.897,1,"19","Gpr158"
"Malat15",0.000106005412437793,0.359612995857465,1,1,1,"19","Malat1"
"Atp5d",0.000107043528509348,1.95401251327053,0.321,0.141,1,"19","Atp5d"
"Acsl4",0.000172761829836065,1.44900251373715,0.302,0.131,1,"19","Acsl4"
"Cdk132",0.000175656867806549,1.84518707780236,0.491,0.326,1,"19","Cdk13"
"Hnrnpa2b11",0.00018638740264699,0.921810340137501,0.679,0.516,1,"19","Hnrnpa2b1"
"Stk19",0.000198763336303948,1.74445839726332,0.34,0.172,1,"19","Stk19"
"Lonp11",0.000207212650095382,1.47520940797093,0.358,0.178,1,"19","Lonp1"
"Ppme1",0.000218937963915097,1.47338667236411,0.358,0.179,1,"19","Ppme1"
"Zdbf21",0.000238560481551507,1.86085942328075,0.434,0.253,1,"19","Zdbf2"
"Mia31",0.000248031203444087,1.08997624969754,0.509,0.322,1,"19","Mia3"
"AY0361181",0.000272617712638582,0.573281251124463,0.981,0.892,1,"19","AY036118"
"Ago21",0.00027881435645608,1.24897508339101,0.491,0.301,1,"19","Ago2"
"Rbm251",0.000288654411038727,0.445937152634259,0.962,0.9,1,"19","Rbm25"
"Prrc2c3",0.00030705686204554,0.620151388887189,0.925,0.805,1,"19","Prrc2c"
"Rrp1",0.000313109649639785,1.10289561203853,0.453,0.246,1,"19","Rrp1"
"Map1b",0.000314086942382415,0.720925197892813,0.811,0.792,1,"19","Map1b"
"Zfhx2",0.00031552422447072,1.23213522377635,0.509,0.313,1,"19","Zfhx2"
"Srrm24",0.000323630680442278,0.566002931975234,0.981,0.932,1,"19","Srrm2"
"Maged13",0.000356677513180909,1.13222649466816,0.566,0.418,1,"19","Maged1"
"Gm269173",0.000366601658332953,0.432577359110471,0.981,0.97,1,"19","Gm26917"
"Zfp948",0.000396006743699678,1.57937736805232,0.264,0.111,1,"19","Zfp948"
"Tro5",0.000454503066614024,0.66065357057994,0.736,0.606,1,"19","Tro"
"Tcf252",0.000458295288964845,0.742799990760609,0.736,0.609,1,"19","Tcf25"
"Huwe12",0.000487518807076454,0.600123518775392,0.887,0.766,1,"19","Huwe1"
"AC149090.12",0.000492092341093886,0.39947396389031,0.981,0.962,1,"19","AC149090.1"
"Senp2",0.000523629338007446,1.23428976057414,0.453,0.283,1,"19","Senp2"
"Nrd1",0.000535960234090148,1.68271049145314,0.623,0.506,1,"19","Nrd1"
"Fam13c2",0.000569187330753378,1.31388904237214,0.396,0.215,1,"19","Fam13c"
"Atp2b15",0.000583947776594266,0.810421659641681,0.642,0.475,1,"19","Atp2b1"
"Brwd11",0.000598764785273233,0.750728914881788,0.736,0.646,1,"19","Brwd1"
"Sh2d51",0.000753734035543923,1.43322954589213,0.34,0.174,1,"19","Sh2d5"
"Med14",0.000803033180547705,1.91850551088082,0.302,0.153,1,"19","Med14"
"Sf11",0.00093474351483805,1.26653510192344,0.415,0.251,1,"19","Sf1"
"Map9",0.00101131053327994,1.51986499142179,0.396,0.229,1,"19","Map9"
"Fndc3a4",0.0010531516057191,1.18060492313626,0.509,0.336,1,"19","Fndc3a"
"Ints11",0.00129322923895674,0.873302884618292,0.415,0.227,1,"19","Ints1"
"Btaf1",0.00141581724605914,1.29172283446503,0.509,0.367,1,"19","Btaf1"
"Ppfia1",0.00181496291094102,1.46156123696732,0.509,0.381,1,"19","Ppfia1"
"Stk161",0.00196897695768776,1.13551703360773,0.302,0.149,1,"19","Stk16"
"Rnf2171",0.00203903923976831,1.45066659586403,0.377,0.224,1,"19","Rnf217"
"Tpm3",0.00211089187845074,1.03154911374155,0.434,0.253,1,"19","Tpm3"
"Taf1",0.00216150260473881,1.1473889131677,0.491,0.35,1,"19","Taf1"
"Top1",0.00222313775146728,0.835461405807167,0.547,0.372,1,"19","Top1"
"Camk1d1",0.00236156916512717,0.834566072486685,0.962,0.781,1,"19","Camk1d"
"Baiap23",0.00262226685886269,1.56009830555744,0.396,0.259,1,"19","Baiap2"
"Agap31",0.00297085544846325,1.06754810993173,0.528,0.366,1,"19","Agap3"
"Pam4",0.00312509669934,0.982147880936581,0.585,0.442,1,"19","Pam"
"Hap14",0.00336539356969729,0.734543790957234,0.66,0.546,1,"19","Hap1"
"Arih2",0.00366989442105034,1.48142399142953,0.302,0.171,1,"19","Arih2"
"Tet31",0.00404621768642939,2.07988932391159,0.434,0.323,1,"19","Tet3"
"Celf45",0.00409072729882405,0.448613091257553,0.943,0.935,1,"19","Celf4"
"Npr2",0.00415181026432787,1.01719706641897,0.358,0.203,1,"19","Npr2"
"Akap8l2",0.00422418420555915,0.406784888175279,0.925,0.842,1,"19","Akap8l"
"Man1b11",0.00437749378156844,1.11453200847839,0.34,0.196,1,"19","Man1b1"
"Clip2",0.00443000312814627,0.828157141180692,0.396,0.232,1,"19","Clip2"
"Prmt21",0.00480100553840608,1.08701851591654,0.34,0.193,1,"19","Prmt2"
"Tulp41",0.0052692045587893,1.39721499187871,0.509,0.414,1,"19","Tulp4"
"Rangap1",0.00527506889553766,1.18952661831027,0.358,0.212,1,"19","Rangap1"
"Hsp90aa11",0.00623779346732201,1.14665759121293,0.509,0.388,1,"19","Hsp90aa1"
"Gnl2",0.00633513159632449,0.757038370796326,0.472,0.299,1,"19","Gnl2"
"Spaca62",0.00635467013245766,1.10156970168439,0.396,0.249,1,"19","Spaca6"
"Chkb",0.00645004179358145,1.37002283459628,0.264,0.142,1,"19","Chkb"
"Usp341",0.0076918167613833,0.45451680238778,0.849,0.826,1,"19","Usp34"
"Lars22",0.00776877448360083,0.129600254920315,1,0.902,1,"19","Lars2"
"Ttbk1",0.00799087116626528,1.07434965177898,0.472,0.326,1,"19","Ttbk1"
"Slc25a32",0.00847082987261459,1.43316219475461,0.283,0.162,1,"19","Slc25a3"
"Dnajc13",0.00877001067745772,1.1385964265397,0.509,0.382,1,"19","Dnajc1"
"Nphp42",0.00940482262374515,1.04978715958184,0.283,0.155,1,"19","Nphp4"
"Hnrnpu1",0.00949084878032125,0.666031750306507,0.642,0.576,1,"19","Hnrnpu"
"Lgr5",6.17135636299182e-70,4.9994554840317,0.453,0.026,1.08227076537788e-65,"20","Lgr5"
"Lama3",3.51379604760846e-54,4.19820683666823,0.491,0.041,6.16214412869095e-50,"20","Lama3"
"Gm44593",8.57059092332889e-51,3.83992565395176,0.396,0.027,1.50302453022419e-46,"20","Gm44593"
"Gpr149",2.87128855850522e-43,3.89847783630688,0.396,0.033,5.0353787450506e-39,"20","Gpr149"
"Pbx33",1.75125315951901e-41,3.02341538297588,0.868,0.189,3.07117266584848e-37,"20","Pbx3"
"Ccbe13",8.39583711009305e-38,3.04712191766201,0.566,0.078,1.47237795399702e-33,"20","Ccbe1"
"Ndst44",2.69097034155294e-36,3.03885926853337,0.849,0.229,4.7191546879814e-32,"20","Ndst4"
"Inpp4b3",5.27440775914444e-34,3.12660338879047,0.981,0.358,9.2497288872116e-30,"20","Inpp4b"
"Mpped27",7.86041034033568e-34,2.85156895078343,0.887,0.237,1.37848016138467e-29,"20","Mpped2"
"Tcerg1l3",3.67839741798364e-32,2.65797198051256,0.811,0.191,6.45080555191792e-28,"20","Tcerg1l"
"4932435O22Rik",1.05577609278554e-27,3.68911536341955,0.264,0.023,1.851514533918e-23,"20","4932435O22Rik"
"Ptprr2",1.14958927078618e-27,2.59319887029506,0.943,0.372,2.01603470417773e-23,"20","Ptprr"
"Lhx83",1.32086980820611e-26,2.48069147298734,0.528,0.089,2.31640938265106e-22,"20","Lhx8"
"Adcy25",2.49248108284439e-26,2.31954189629708,0.925,0.419,4.3710640749842e-22,"20","Adcy2"
"Alk5",3.39887290372631e-26,3.01624177958342,0.849,0.324,5.96060341126482e-22,"20","Alk"
"Pde3a",6.48213051856598e-24,3.47338667236411,0.264,0.027,1.13677122904092e-19,"20","Pde3a"
"Gm21643",1.50479445366657e-23,2.52804788859945,0.585,0.126,2.63895803339506e-19,"20","Gm2164"
"9530059O14Rik2",3.46788586922581e-23,1.88323861263971,0.906,0.303,6.08163144886131e-19,"20","9530059O14Rik"
"Gabrb25",3.64783118146579e-23,2.25894300414315,0.792,0.264,6.39720154293656e-19,"20","Gabrb2"
"Grm15",9.88913212670345e-23,1.97585044870131,0.943,0.354,1.73425710105998e-18,"20","Grm1"
"Pou6f2",2.88556890137139e-22,3.14484069871224,0.396,0.064,5.06042218233501e-18,"20","Pou6f2"
"Ccdc141",3.58345483938901e-22,3.82130997578442,0.283,0.033,6.28430475183651e-18,"20","Ccdc141"
"Sema3c",2.22485003557379e-20,2.83890403579916,0.396,0.067,3.90171950738576e-16,"20","Sema3c"
"Gabra13",3.14141691189492e-20,2.40943975558426,0.604,0.156,5.50910283839013e-16,"20","Gabra1"
"Ptn",1.90084555103851e-19,2.52376019487923,0.472,0.098,3.33351284285624e-15,"20","Ptn"
"Lhx62",2.34936112973949e-19,2.69077841264219,0.396,0.07,4.12007461322415e-15,"20","Lhx6"
"Galnt184",3.5677982445169e-19,2.48365500781794,0.66,0.207,6.25684778140929e-15,"20","Galnt18"
"Cacna2d27",6.36877747024421e-19,1.49775710051886,0.981,0.569,1.11689250495673e-14,"20","Cacna2d2"
"Cdh46",8.2604891304674e-19,1.66294741980862,1,0.439,1.44864197881007e-14,"20","Cdh4"
"Gpc65",5.85913890664269e-18,2.11027696512913,0.811,0.339,1.02751719005793e-13,"20","Gpc6"
"Igdcc3",6.16599605012701e-18,3.040427265088,0.283,0.04,1.08133072731077e-13,"20","Igdcc3"
"Zfp385b4",1.53660193191404e-17,1.8237800424967,0.887,0.478,2.69473880799764e-13,"20","Zfp385b"
"Ralyl4",1.94084500560701e-17,1.39664580892675,1,0.87,3.40365988633302e-13,"20","Ralyl"
"Tmeff25",4.95159789914972e-17,1.79547131817571,0.887,0.475,8.68361723573887e-13,"20","Tmeff2"
"Sema5a",5.06089216635231e-17,2.53078898340903,0.472,0.111,8.87528659213204e-13,"20","Sema5a"
"Syt110",6.33749478855186e-17,1.1459505995368,1,0.912,1.11140646106834e-12,"20","Syt1"
"Ptprg5",8.35182640296475e-17,1.79620780042198,0.925,0.509,1.46465979628793e-12,"20","Ptprg"
"Stac5",9.56934630594664e-17,1.98287002359725,0.604,0.174,1.67817626167386e-12,"20","Stac"
"Nrg35",2.24639525014877e-16,1.27740873448047,1,0.948,3.9395033501859e-12,"20","Nrg3"
"Oxr16",2.2519756654563e-16,1.82931436468907,0.887,0.432,3.94928972451072e-12,"20","Oxr1"
"Lhfpl35",3.34835734014302e-16,1.22028189419235,0.981,0.689,5.87201426740882e-12,"20","Lhfpl3"
"Camk2d2",5.84920132724893e-16,1.81109377474393,0.83,0.374,1.02577443675964e-11,"20","Camk2d"
"Pkp43",7.9955678530995e-16,1.86072016594137,0.887,0.463,1.40218273439806e-11,"20","Pkp4"
"Rgs75",2.77606511158846e-15,1.53540230765402,0.925,0.595,4.86838538619268e-11,"20","Rgs7"
"Srrm46",3.17999883116198e-15,1.70946202959431,0.849,0.452,5.57676395020876e-11,"20","Srrm4"
"B3glct2",5.6761646147815e-15,2.20221187794138,0.396,0.086,9.95428988494231e-11,"20","B3glct"
"Maml33",5.95575204308731e-15,2.0976358779706,0.698,0.276,1.04446023579622e-10,"20","Maml3"
"Auts26",9.12117396694256e-15,1.28144074395848,0.981,0.764,1.59958027858272e-10,"20","Auts2"
"Hs3st55",4.02677541102661e-14,2.10235016967253,0.679,0.27,7.06175603831736e-10,"20","Hs3st5"
"Cdh24",5.572755540479e-14,1.75548181211239,0.736,0.307,9.77294139133802e-10,"20","Cdh2"
"Gm136292",8.64186077617659e-14,2.27634982530456,0.453,0.119,1.51552312431809e-09,"20","Gm13629"
"Carmil11",2.66090304919885e-13,1.88596013169147,0.66,0.248,4.66642567738002e-09,"20","Carmil1"
"Nav24",3.09707177720431e-13,0.97173240460332,1,0.844,5.43133477568319e-09,"20","Nav2"
"Chrm35",6.35864187124294e-13,1.19361825077052,0.83,0.339,1.11511502495987e-08,"20","Chrm3"
"Cnih3",8.51581136619272e-13,2.49476032315668,0.264,0.047,1.49341783928922e-08,"20","Cnih3"
"Vstm2a1",1.0715300054986e-12,2.0448869132787,0.472,0.139,1.87914217064289e-08,"20","Vstm2a"
"Esrrg4",1.31217931449702e-12,1.73145482530456,0.698,0.304,2.30116886383342e-08,"20","Esrrg"
"Igsf215",1.67915973499984e-12,1.81638938290132,0.547,0.178,2.94474242726921e-08,"20","Igsf21"
"Thsd7b3",2.03141163905888e-12,2.2402678444346,0.698,0.315,3.56248659141756e-08,"20","Thsd7b"
"Stxbp62",3.10127775660929e-12,2.2822451850121,0.34,0.078,5.43871080176572e-08,"20","Stxbp6"
"Rgma",3.78310621182544e-12,2.56009830555744,0.283,0.057,6.63443336367827e-08,"20","Rgma"
"Hdac96",8.18157273578861e-12,1.90331838694265,0.698,0.307,1.43480241067525e-07,"20","Hdac9"
"Gm326475",9.08832375945319e-12,1.35421497138643,0.83,0.426,1.59381933769531e-07,"20","Gm32647"
"Klhl5",1.63443080115879e-11,2.12465851813303,0.396,0.109,2.86630129599217e-07,"20","Klhl5"
"Klhl14",2.28790835603776e-11,1.82200188268027,0.604,0.233,4.01230488398341e-07,"20","Klhl1"
"Adcy85",2.41518360631227e-11,1.4111417738109,0.736,0.315,4.23550749038983e-07,"20","Adcy8"
"Vcl",2.86421593546293e-11,1.92084564933533,0.358,0.088,5.02297548602134e-07,"20","Vcl"
"Tshz27",3.70045082858303e-11,1.30941093725298,0.868,0.493,6.48948061808606e-07,"20","Tshz2"
"Lactb2",3.7776782217908e-11,2.02440184116193,0.358,0.09,6.62491429755453e-07,"20","Lactb2"
"Robo25",3.89947332333258e-11,1.38088120088073,0.623,0.232,6.83850636712834e-07,"20","Robo2"
"Chrm25",5.88978110330402e-11,1.49531731243361,0.566,0.203,1.03289091208643e-06,"20","Chrm2"
"Unc13b3",7.83132387802342e-11,2.02492617154782,0.566,0.228,1.37337926848897e-06,"20","Unc13b"
"Meg34",8.14801082199939e-11,0.410130390311297,1,1,1.42891665785403e-06,"20","Meg3"
"Sytl51",8.85669005132093e-11,2.10415286269839,0.321,0.076,1.55319773430015e-06,"20","Sytl5"
"Dock106",9.13438402802062e-11,1.17636715239061,0.925,0.503,1.60189692699398e-06,"20","Dock10"
"Me37",9.33922446943688e-11,1.20368853624931,0.83,0.393,1.63781979520515e-06,"20","Me3"
"Rapgef55",1.05957398541526e-10,1.41911700983599,0.623,0.243,1.85817489822274e-06,"20","Rapgef5"
"Samd56",1.06110516012486e-10,1.2990964783604,0.868,0.441,1.86086011931097e-06,"20","Samd5"
"Rorb4",1.07795996785256e-10,2.10919285049974,0.453,0.149,1.89041839562304e-06,"20","Rorb"
"Csmd25",1.13107354059634e-10,1.02110665484678,0.981,0.765,1.98356366814381e-06,"20","Csmd2"
"C130071C03Rik2",2.11984955972344e-10,1.55699610501487,0.528,0.184,3.71758017288699e-06,"20","C130071C03Rik"
"Tmem1782",2.12103948303587e-10,1.6528803826552,0.396,0.11,3.71966694140001e-06,"20","Tmem178"
"Pvt11",2.19869725122053e-10,1.624479260862,0.547,0.2,3.85585536946544e-06,"20","Pvt1"
"Fut93",4.22149510679694e-10,1.69894637277924,0.585,0.241,7.4032359687898e-06,"20","Fut9"
"Dchs26",4.59949149301321e-10,1.70386021641374,0.509,0.18,8.06612823129726e-06,"20","Dchs2"
"Cadm14",6.05718576488236e-10,0.960818635424729,1,0.783,1.06224866758742e-05,"20","Cadm1"
"Elfn11",6.47164089068091e-10,1.86648161876228,0.358,0.1,1.13493166299871e-05,"20","Elfn1"
"Scn1a7",6.90195228956418e-10,0.933617248371487,0.906,0.604,1.21039537302087e-05,"20","Scn1a"
"Dnm34",7.94560504918197e-10,1.07074375392466,0.925,0.728,1.39342075747504e-05,"20","Dnm3"
"Prr164",8.13745443384166e-10,1.3233612283595,0.679,0.292,1.42706538406281e-05,"20","Prr16"
"Syndig13",8.4908487838122e-10,1.39938609092033,0.528,0.186,1.48904015121715e-05,"20","Syndig1"
"Gabrg1",8.55923843791345e-10,1.84889580745632,0.434,0.139,1.50103364485688e-05,"20","Gabrg1"
"Tafa15",1.02970599627583e-09,1.52783445638649,0.547,0.212,1.80579540566892e-05,"20","Tafa1"
"Msi27",1.30125222872794e-09,1.00427250032947,0.906,0.498,2.28200603352018e-05,"20","Msi2"
"Serpine22",1.42435711498963e-09,1.96437302487625,0.34,0.092,2.49789507255731e-05,"20","Serpine2"
"Cntn14",1.44007861311293e-09,1.02322094968166,0.925,0.624,2.52546586381614e-05,"20","Cntn1"
"Fgfr23",2.00551235861642e-09,1.64556764774679,0.547,0.228,3.51706702330561e-05,"20","Fgfr2"
"Grik26",2.2956405508865e-09,0.986786164575211,0.962,0.862,4.02586483408966e-05,"20","Grik2"
"Mitf1",2.44995811567758e-09,2.13551703360773,0.264,0.062,4.29649154746378e-05,"20","Mitf"
"Gm32442",2.5485512931264e-09,2.01122526097124,0.396,0.126,4.46939440275576e-05,"20","Gm32442"
"Snph3",2.80796732952552e-09,1.22197228099139,0.698,0.328,4.9243323057889e-05,"20","Snph"
"Hipk22",3.71393971144945e-09,1.26003939063067,0.604,0.24,6.5131360719689e-05,"20","Hipk2"
"Ube2d1",3.76555544161095e-09,1.71494135078745,0.358,0.103,6.60365457795313e-05,"20","Ube2d1"
"C788594",5.62444559591723e-09,1.52808219315036,0.453,0.155,9.86359024156004e-05,"20","C78859"
"Grid25",5.77447371603126e-09,0.871017895039339,0.981,0.932,0.00010126694555804,"20","Grid2"
"Tlk1",7.19707100222917e-09,1.60517654491965,0.377,0.114,0.000126215034166093,"20","Tlk1"
"Elavl45",8.72722612464639e-09,1.33709804977303,0.585,0.249,0.000153049364547924,"20","Elavl4"
"Mir99ahg2",1.00958274240655e-08,1.14835933881786,0.792,0.434,0.000177050525535836,"20","Mir99ahg"
"Ttc39c",1.11168046173525e-08,1.71439477186791,0.396,0.13,0.00019495540257451,"20","Ttc39c"
"Atxn16",1.13608427307837e-08,0.951726753551472,0.925,0.596,0.000199235098969754,"20","Atxn1"
"Mdga13",1.37310247130331e-08,1.93595254172554,0.377,0.125,0.000240800980392462,"20","Mdga1"
"Pitpnc12",1.95686601779067e-08,1.19525611728809,0.679,0.331,0.00034317559353995,"20","Pitpnc1"
"Pitpnm33",2.19196705916134e-08,1.29406297291955,0.528,0.206,0.000384405263165124,"20","Pitpnm3"
"Clvs14",2.71356525465181e-08,1.30136777354278,0.623,0.284,0.000475877938708289,"20","Clvs1"
"Ryk",2.76787578744831e-08,1.72743229497065,0.377,0.122,0.000485402376844809,"20","Ryk"
"Zfp286",2.77839938046225e-08,2.08106924958535,0.264,0.068,0.000487247899351665,"20","Zfp286"
"Atp2c11",3.10572505736469e-08,1.68300482891022,0.566,0.253,0.000544651003310045,"20","Atp2c1"
"Coro63",3.61587293060542e-08,1.41449298331054,0.566,0.258,0.000634115635840272,"20","Coro6"
"Depdc52",6.0137371604637e-08,1.16387783673082,0.566,0.232,0.00105462908583052,"20","Depdc5"
"Grip16",6.58776774656577e-08,0.905233791606129,0.925,0.782,0.00115529682971524,"20","Grip1"
"Immp2l3",6.91541679194695e-08,1.44288458396677,0.491,0.199,0.00121275664280374,"20","Immp2l"
"2810049E08Rik",8.66881385866654e-08,1.81042165964168,0.302,0.088,0.00152024988639435,"20","2810049E08Rik"
"Frmd4a4",9.26875308688465e-08,0.524205862853689,1,0.972,0.00162546122884696,"20","Frmd4a"
"Jmjd1c1",9.42737086268544e-08,0.981401648363832,0.849,0.479,0.00165327802818914,"20","Jmjd1c"
"Ctsa",1.288857037878e-07,1.67328148938589,0.321,0.098,0.00226026858732665,"20","Ctsa"
"Nrxn311",1.40995794160596e-07,0.598057112342441,0.981,0.947,0.00247264324219437,"20","Nrxn3"
"Rgs7bp2",1.46001458842534e-07,1.162701272784,0.698,0.37,0.00256042758372152,"20","Rgs7bp"
"Ano43",1.75044788354947e-07,1.20036817795769,0.604,0.279,0.0030697604533807,"20","Ano4"
"9530036O11Rik4",1.81750635960751e-07,1.07258853986852,0.509,0.197,0.0031873609028437,"20","9530036O11Rik"
"Prkcb3",1.83250129141064e-07,0.858076080773685,0.868,0.531,0.00321365751474684,"20","Prkcb"
"Adgra13",1.94613492998155e-07,1.40299734447271,0.509,0.218,0.00341293682670864,"20","Adgra1"
"Spock16",2.15643010642677e-07,0.958070729844885,0.792,0.422,0.00378173147764063,"20","Spock1"
"Ralgapa25",2.22097874505401e-07,1.20447090885031,0.698,0.43,0.00389493042520122,"20","Ralgapa2"
"Adam122",2.62557424883677e-07,1.73042233757646,0.302,0.093,0.00460446956018505,"20","Adam12"
"Iqsec32",2.82422253172618e-07,1.10820537952286,0.698,0.369,0.00495283905388821,"20","Iqsec3"
"Lrp81",2.84202058803414e-07,1.08749551874478,0.642,0.324,0.00498405150523547,"20","Lrp8"
"Epb41l33",3.17723646528756e-07,0.803366902107731,0.887,0.57,0.0055719195891748,"20","Epb41l3"
"9330159M07Rik",3.43252589025503e-07,1.84660399594833,0.264,0.075,0.00601962065374025,"20","9330159M07Rik"
"Farp11",4.06506367699257e-07,0.860943435220847,0.755,0.369,0.00712890217034187,"20","Farp1"
"Cntn65",4.1301732855699e-07,1.17793078883794,0.585,0.276,0.00724308489090393,"20","Cntn6"
"Phka12",4.20465200924313e-07,1.20036817795769,0.472,0.185,0.00737369822860969,"20","Phka1"
"Nlgn16",4.52066462918426e-07,0.797454237761341,0.962,0.911,0.00792788956020044,"20","Nlgn1"
"Grm57",4.70458977091048e-07,0.634798164851591,0.981,0.844,0.00825043908124572,"20","Grm5"
"Sdhc",5.00787298729483e-07,1.88842417164295,0.283,0.086,0.00878230685781894,"20","Sdhc"
"Klhdc103",5.11977193018953e-07,0.978178824401283,0.792,0.442,0.00897854403397339,"20","Klhdc10"
"Kcnip48",5.80668979859641e-07,0.885582948730243,0.943,0.925,0.0101831918997985,"20","Kcnip4"
"Grin3a5",6.18151914048478e-07,1.01649166104559,0.66,0.345,0.0108405301166682,"20","Grin3a"
"Fhod35",6.73188237279024e-07,1.25929888244509,0.585,0.3,0.0118057021171622,"20","Fhod3"
"Prune21",7.94368609829157e-07,1.13948593581067,0.434,0.164,0.0139308423105739,"20","Prune2"
"Ncoa12",8.04862712054434e-07,0.861447609624332,0.811,0.483,0.0141148773812986,"20","Ncoa1"
"Dgkz5",8.33897387565678e-07,0.986886810528643,0.736,0.398,0.0146240584857393,"20","Dgkz"
"Frmpd49",8.73471246219173e-07,1.02446091111673,0.792,0.475,0.0153180652449456,"20","Frmpd4"
"Ptprk3",8.93314648018847e-07,1.29803799896678,0.509,0.227,0.0156660589823065,"20","Ptprk"
"Vstm5",8.96303677812383e-07,1.67587953626285,0.321,0.108,0.0157184775977958,"20","Vstm5"
"Man1c12",1.02681686073208e-06,1.70494284672474,0.377,0.146,0.0180072872866585,"20","Man1c1"
"Ccser21",1.03071497922118e-06,1.30941093725298,0.509,0.225,0.0180756485906019,"20","Ccser2"
"Grk5",1.18521343190772e-06,1.64094076934368,0.302,0.099,0.0207850879553657,"20","Grk5"
"Ccdc1481",1.23298038074702e-06,1.23250702364978,0.642,0.369,0.0216227769371604,"20","Ccdc148"
"Txndc11",1.4650791639411e-06,1.20535158547195,0.472,0.199,0.0256930932980351,"20","Txndc11"
"Mapk103",1.5419459335314e-06,0.723193919025919,0.925,0.696,0.0270411058363402,"20","Mapk10"
"Mmp164",1.59794762784144e-06,0.939408100361759,0.792,0.503,0.0280232075494554,"20","Mmp16"
"Uri12",1.93385387268212e-06,1.29244867819938,0.453,0.189,0.0339139953652263,"20","Uri1"
"Reep15",1.94202266631489e-06,0.953434162875578,0.698,0.368,0.0340572514991643,"20","Reep1"
"Stk32b1",1.98947270895111e-06,1.55452343508952,0.264,0.08,0.0348893828968756,"20","Stk32b"
"A330008L17Rik4",2.13062469248295e-06,1.27026011055339,0.509,0.234,0.0373647652320735,"20","A330008L17Rik"
"Mir124a-1hg2",2.24281448166085e-06,1.29955721646588,0.509,0.246,0.0393322375648864,"20","Mir124a-1hg"
"Pcca1",2.28712867633087e-06,0.960738376458844,0.736,0.443,0.0401093755968145,"20","Pcca"
"Klc4",2.42857231702773e-06,1.66174439190341,0.264,0.081,0.0425898727237153,"20","Klc4"
"Abca7",2.56635984025907e-06,1.44884448810132,0.302,0.1,0.0450062525186232,"20","Abca7"
"Grik37",2.60419109957473e-06,0.820770347934143,0.755,0.406,0.0456696993132421,"20","Grik3"
"Coq5",2.6253385342319e-06,1.57614624678931,0.321,0.113,0.0460405618748248,"20","Coq5"
"Gm37643",2.91045987829689e-06,1.4645736025578,0.415,0.173,0.0510407348856926,"20","Gm3764"
"Stard91",3.0464180025823e-06,1.34606784229966,0.396,0.158,0.0534250325112857,"20","Stard9"
"Lima11",3.14930540026724e-06,1.49153401907437,0.302,0.102,0.0552293688044866,"20","Lima1"
"Cadm31",3.66723427535985e-06,1.33750324428234,0.415,0.173,0.0643122874869857,"20","Cadm3"
"Med27",3.69296533002494e-06,1.20244250619555,0.415,0.166,0.0647635329926474,"20","Med27"
"Dync1i13",3.74491844262712e-06,0.789254524997692,0.792,0.455,0.0656746347283518,"20","Dync1i1"
"Srp68",4.14789277668393e-06,1.61833500827521,0.283,0.094,0.072741595624706,"20","Srp68"
"Dlc14",4.34889998843386e-06,1.21931566472188,0.491,0.226,0.0762666590971647,"20","Dlc1"
"Map73",4.36746975209783e-06,0.781717163850751,0.755,0.386,0.0765923170425396,"20","Map7"
"2700054A10Rik1",4.41510640637363e-06,1.24385571572644,0.472,0.217,0.0774277210485743,"20","2700054A10Rik"
"Pakap3",5.45788070995401e-06,0.805235690962927,0.811,0.544,0.0957148540104635,"20","Pakap"
"Gria22",5.67118505454123e-06,0.469895997927356,1,0.988,0.0994555723014895,"20","Gria2"
"A830018L16Rik7",5.68682512392772e-06,1.36229677218511,0.66,0.37,0.0997298521983204,"20","A830018L16Rik"
"Slc44a56",5.99540823299822e-06,1.12828772920581,0.472,0.212,0.10514147418209,"20","Slc44a5"
"Thy13",6.04413579974323e-06,1.29526451795518,0.396,0.16,0.105996009520097,"20","Thy1"
"Zfp6082",6.15549403755425e-06,1.12761183552238,0.491,0.221,0.107948898936589,"20","Zfp608"
"Ampd3",6.49894291904744e-06,1.6120929431957,0.264,0.086,0.113971961971335,"20","Ampd3"
"Lrba2",6.57983825325667e-06,0.960532016760652,0.642,0.343,0.115390623447362,"20","Lrba"
"Frmd55",6.86827357697092e-06,0.802407434227623,0.868,0.633,0.120448913719339,"20","Frmd5"
"Bcl11a4",7.01823776995343e-06,1.14695718524181,0.415,0.169,0.123078835771673,"20","Bcl11a"
"Agbl44",7.03434852333773e-06,0.53887860615705,1,0.918,0.123361370053774,"20","Agbl4"
"Luzp24",7.15697717665824e-06,1.48647014921802,0.623,0.353,0.125511908747056,"20","Luzp2"
"Kcnc14",7.51871564095329e-06,1.0019450360574,0.66,0.374,0.131855716195398,"20","Kcnc1"
"Asap13",8.01214784938003e-06,1.25193137028172,0.585,0.309,0.140509036834578,"20","Asap1"
"A330074K22Rik",8.85777355235497e-06,1.47714859116031,0.283,0.096,0.155338774787649,"20","A330074K22Rik"
"Nlk2",9.66078701095332e-06,1.50120461650387,0.491,0.248,0.169421221811088,"20","Nlk"
"Prickle14",9.88902639945824e-06,0.809846537034548,0.717,0.407,0.173423855967299,"20","Prickle1"
"Rora4",9.94398107270433e-06,0.648958236947565,0.925,0.775,0.174387596072016,"20","Rora"
"Slc10a7",1.02063386923357e-05,1.30079248414581,0.34,0.128,0.178988561647492,"20","Slc10a7"
"Focad2",1.05272659017384e-05,0.844569882053527,0.642,0.334,0.184616662118786,"20","Focad"
"Cabp13",1.07211245216271e-05,1.16616936085219,0.377,0.149,0.188016360735774,"20","Cabp1"
"Nhs5",1.16480122484067e-05,1.04308241643196,0.566,0.286,0.204271190800308,"20","Nhs"
"Osbpl63",1.17204560372768e-05,0.629689903242786,0.906,0.589,0.205541637525723,"20","Osbpl6"
"4930447C04Rik2",1.26880094920231e-05,1.18324964439183,0.396,0.163,0.222509622461609,"20","4930447C04Rik"
"Las1l4",1.31712078279155e-05,0.92206701547059,0.604,0.31,0.230983471678154,"20","Las1l"
"Slc6a14",1.41892281111923e-05,1.04593265451587,0.566,0.299,0.248836493385979,"20","Slc6a1"
"Arhgap184",1.49448877461203e-05,1.105122741754,0.547,0.291,0.262088496403713,"20","Arhgap18"
"Naaladl23",1.58777060950858e-05,0.902638030862655,0.623,0.316,0.278447331789519,"20","Naaladl2"
"Epha54",1.66961965705717e-05,0.813345054848447,0.698,0.398,0.292801199258116,"20","Epha5"
"Gm14204",1.69081309896133e-05,1.24609545161482,0.358,0.143,0.296517893164849,"20","Gm14204"
"Large13",1.70569886558776e-05,0.651640658000885,0.868,0.57,0.299128410058125,"20","Large1"
"Phf243",1.72931072246027e-05,0.953750419520898,0.509,0.241,0.303269221397857,"20","Phf24"
"Zfp6182",1.77594013226705e-05,1.28256433002853,0.434,0.201,0.311446620995672,"20","Zfp618"
"Atp8a21",1.8592748795833e-05,0.725824835148764,0.774,0.509,0.326061035632524,"20","Atp8a2"
"Sash16",1.88424545569779e-05,1.07258853986852,0.491,0.24,0.330440125565721,"20","Sash1"
"Nectin1",2.03950506690924e-05,1.38907038643064,0.302,0.111,0.357668003583874,"20","Nectin1"
"Atp11b2",2.06523879124121e-05,1.00850062363471,0.604,0.331,0.362180926819971,"20","Atp11b"
"Sh3rf11",2.08027521264119e-05,1.21171910229422,0.358,0.145,0.364817864040885,"20","Sh3rf1"
"Ubash3b3",2.1129374908482e-05,1.46624813706289,0.434,0.203,0.370545847770049,"20","Ubash3b"
"Nup93",2.14352009347351e-05,1.33953092562932,0.34,0.135,0.375909118792449,"20","Nup93"
"Dlg26",2.1446490023961e-05,0.534836222447538,0.981,0.993,0.376107095550204,"20","Dlg2"
"Bicd12",2.23719698240945e-05,0.650601709736901,0.792,0.461,0.392337234805145,"20","Bicd1"
"Sh3gl24",2.27643050950035e-05,1.21247901542261,0.434,0.206,0.399217618451076,"20","Sh3gl2"
"Ipo112",2.29232868929216e-05,1.07284874278038,0.434,0.192,0.402005682241166,"20","Ipo11"
"Krit1",2.45345636468421e-05,1.09834724101719,0.472,0.228,0.43026264267467,"20","Krit1"
"Atp1b3",2.49227203570505e-05,1.21704691910433,0.358,0.146,0.437069746901595,"20","Atp1b3"
"Spred23",2.53903585628172e-05,0.910344789899877,0.528,0.255,0.445270718116126,"20","Spred2"
"Rcan23",2.55166677411099e-05,1.03699059062675,0.547,0.286,0.447485802175844,"20","Rcan2"
"Tsc22d11",2.66717326271596e-05,0.979847199406549,0.547,0.284,0.467742175082497,"20","Tsc22d1"
"Pnkd3",2.67681097931533e-05,1.08732824005703,0.472,0.225,0.46943234144253,"20","Pnkd"
"Mapk81",2.69926048983637e-05,1.25099425102766,0.377,0.161,0.473369312102605,"20","Mapk8"
"Ndufv21",2.71297991384094e-05,1.18239043702864,0.377,0.158,0.475775287490286,"20","Ndufv2"
"Tmem178b4",2.85710738378319e-05,0.823489880432086,0.83,0.701,0.501050921894057,"20","Tmem178b"
"Ocrl1",2.86747036622726e-05,1.03396501445831,0.491,0.242,0.502868278125274,"20","Ocrl"
"Pfkp4",3.36143544396244e-05,0.985619706739352,0.604,0.352,0.589494933807693,"20","Pfkp"
"Gnb11",3.36403991866666e-05,0.917463844594308,0.623,0.338,0.589951680536573,"20","Gnb1"
"Enox22",3.57486807056649e-05,1.06451015771194,0.358,0.146,0.626924613535245,"20","Enox2"
"Cadps5",3.67098094857594e-05,0.585413290098222,0.943,0.878,0.643779928951762,"20","Cadps"
"Opcml8",3.75698035173635e-05,0.805027883853648,0.887,0.766,0.658861644284004,"20","Opcml"
"Zfp952",3.81978356125298e-05,1.32363955285943,0.283,0.103,0.669875443136934,"20","Zfp952"
"Eogt",3.83804708393244e-05,1.40299734447271,0.264,0.093,0.673078317109231,"20","Eogt"
"Klhl322",3.85086230768852e-05,0.854257568491763,0.642,0.351,0.675325722899336,"20","Klhl32"
"Kif2a1",3.98731063693712e-05,0.961634018596731,0.509,0.253,0.699254666399663,"20","Kif2a"
"Pcdh11x4",4.00668782450564e-05,1.30045448892442,0.585,0.385,0.702652843783554,"20","Pcdh11x"
"Resf1",4.09868199445121e-05,1.14695718524181,0.434,0.206,0.718785861366909,"20","Resf1"
"Napb",4.30808755927919e-05,1.20036817795769,0.377,0.164,0.755509315270792,"20","Napb"
"Sv2a2",4.35062714335089e-05,0.924265169876479,0.66,0.387,0.762969482129446,"20","Sv2a"
"Map41",4.39047662646732e-05,0.822460909264596,0.585,0.302,0.769957885983575,"20","Map4"
"Olfm35",4.40440429854252e-05,1.00668705326277,0.528,0.274,0.772400381835402,"20","Olfm3"
"Rictor1",4.5503955236167e-05,0.850154154715237,0.528,0.257,0.79800286297666,"20","Rictor"
"Nfatc3",4.59494418896636e-05,1.1319183910811,0.377,0.162,0.805815362419031,"20","Nfatc3"
"Sdk14",4.97845519237894e-05,1.42502365080271,0.604,0.388,0.873071687087494,"20","Sdk1"
"Trpm21",5.23839025487793e-05,1.28697354813323,0.396,0.181,0.918656498997942,"20","Trpm2"
"Nfatc22",5.2505393689889e-05,1.49216387939474,0.358,0.16,0.920787089139584,"20","Nfatc2"
"Pcdh75",5.26951331679103e-05,0.895606240194975,0.811,0.587,0.924114550365643,"20","Pcdh7"
"Tln23",5.28178613706336e-05,1.06443100400491,0.566,0.328,0.926266834856802,"20","Tln2"
"Raph11",5.45251227311163e-05,1.08033073150376,0.453,0.218,0.956207077335587,"20","Raph1"
"Fmn21",5.76451008657204e-05,0.755121923875586,0.566,0.279,1,"20","Fmn2"
"Tmf1",5.78390833951952e-05,1.26461753489164,0.321,0.129,1,"20","Tmf1"
"Nav34",6.22929011367545e-05,0.617316465273479,0.943,0.781,1,"20","Nav3"
"Fbh12",6.46525440109381e-05,1.21076977341816,0.377,0.169,1,"20","Fbh1"
"Miga12",6.81684331490968e-05,0.9290661561403,0.491,0.242,1,"20","Miga1"
"Fry4",6.85197861412836e-05,0.59164955398393,0.887,0.621,1,"20","Fry"
"Eefsec",6.86073697681386e-05,1.18015888973006,0.358,0.155,1,"20","Eefsec"
"Rab3gap1",7.02296880590396e-05,0.938142911259463,0.547,0.305,1,"20","Rab3gap1"
"Kiz",7.14241865481372e-05,1.50522275948612,0.302,0.122,1,"20","Kiz"
"Nucb1",7.35041286168521e-05,1.2455807548413,0.321,0.131,1,"20","Nucb1"
"Cit3",7.67877800517468e-05,0.776624620193505,0.887,0.678,1,"20","Cit"
"Psen11",8.08706362105926e-05,1.27823908721854,0.34,0.145,1,"20","Psen1"
"Inpp5a2",8.87931559404594e-05,0.986120845530088,0.434,0.205,1,"20","Inpp5a"
"Tmem1351",8.95235365257588e-05,1.10105362403951,0.434,0.214,1,"20","Tmem135"
"Ripor25",9.27972707867242e-05,0.606969826742703,0.66,0.356,1,"20","Ripor2"
"Atp2b26",9.35904599302494e-05,0.585365828809192,0.868,0.657,1,"20","Atp2b2"
"Luzp14",9.77148639272972e-05,1.17194910326453,0.377,0.174,1,"20","Luzp1"
"Snta1",9.98883747858896e-05,1.25673062057681,0.377,0.176,1,"20","Snta1"
"Adck1",9.99802223953936e-05,1.41161047477742,0.302,0.125,1,"20","Adck1"
"Kcnc25",0.000101476138825131,0.880045753843633,0.736,0.503,1,"20","Kcnc2"
"Egfem13",0.000104634839813309,1.27866473945571,0.642,0.47,1,"20","Egfem1"
"Osbpl93",0.000106598204066075,0.83875973502978,0.623,0.356,1,"20","Osbpl9"
"Hecw22",0.000110274736860975,0.93693899991159,0.547,0.305,1,"20","Hecw2"
"Dscam7",0.000112149623786138,0.493179399112671,0.962,0.86,1,"20","Dscam"
"Parm12",0.00011343692353963,1.22452203966647,0.34,0.149,1,"20","Parm1"
"Hace1",0.000114136413930176,1.56649607675559,0.264,0.103,1,"20","Hace1"
"Dpp67",0.000116272374599645,0.394629358948989,1,0.938,1,"20","Dpp6"
"Slc38a12",0.000116883207060607,0.610720077012276,0.698,0.41,1,"20","Slc38a1"
"Osbpl1a2",0.000117344363918053,1.14728290150556,0.358,0.159,1,"20","Osbpl1a"
"Snx295",0.000121834678278558,0.838671136445855,0.547,0.299,1,"20","Snx29"
"Zswim5",0.000125703256875103,1.11974971774941,0.321,0.132,1,"20","Zswim5"
"Tm9sf3",0.000138563663181552,1.53130664829329,0.264,0.104,1,"20","Tm9sf3"
"Thoc5",0.000138975465597631,1.47022633147078,0.283,0.116,1,"20","Thoc5"
"Gm101252",0.000139291758363312,0.832987224029624,0.547,0.289,1,"20","Gm10125"
"Sept31",0.000139296064282687,0.95255450906267,0.415,0.194,1,"20","Sept3"
"Afg3l21",0.000146537782592331,1.19859255306784,0.396,0.192,1,"20","Afg3l2"
"Pakap.11",0.000149234111639382,0.718499170200642,0.623,0.348,1,"20","Pakap.1"
"Sema6d7",0.000153291465561474,1.00246423390404,0.679,0.479,1,"20","Sema6d"
"Nr3c23",0.000153499663826273,1.27961492896743,0.509,0.305,1,"20","Nr3c2"
"Ttll73",0.000154938395511692,0.881570500601892,0.509,0.272,1,"20","Ttll7"
"Macrod24",0.000156108058788528,0.627427894348167,0.943,0.861,1,"20","Macrod2"
"Pdss11",0.000156816951456271,1.16463396622448,0.358,0.162,1,"20","Pdss1"
"Npepps",0.000158383957633452,0.79077117491003,0.717,0.491,1,"20","Npepps"
"Lonp21",0.00015963276598435,1.07555224461778,0.434,0.213,1,"20","Lonp2"
"5330434G04Rik3",0.000160243544684487,0.783071171496726,0.698,0.443,1,"20","5330434G04Rik"
"Trpc45",0.000164428828922308,1.13024209156705,0.415,0.205,1,"20","Trpc4"
"Ppp4r2",0.000166136819726386,1.20036817795769,0.321,0.137,1,"20","Ppp4r2"
"Nos1ap4",0.000167025952410018,0.976791763907367,0.472,0.249,1,"20","Nos1ap"
"Ebf42",0.000167942118508807,0.959507269704437,0.396,0.185,1,"20","Ebf4"
"Pde1a5",0.000167970896411002,0.561359816221175,0.66,0.383,1,"20","Pde1a"
"Tmem147",0.000171784823656463,1.05192290392583,0.358,0.159,1,"20","Tmem147"
"Ptprt6",0.000181690346893996,0.964113103239501,0.698,0.488,1,"20","Ptprt"
"Dscaml16",0.000184845897247715,0.500044427425755,0.83,0.503,1,"20","Dscaml1"
"9630014M24Rik4",0.00018674797335996,0.78660032149677,0.566,0.308,1,"20","9630014M24Rik"
"Tmem131l1",0.000192064510913018,1.29901576589061,0.34,0.152,1,"20","Tmem131l"
"Tspan53",0.000192479408900898,0.944786614262067,0.434,0.212,1,"20","Tspan5"
"Vmp11",0.000194864322735844,1.32955089979046,0.377,0.195,1,"20","Vmp1"
"Arrb12",0.000197119047141043,0.859254252727649,0.509,0.274,1,"20","Arrb1"
"Zfp451",0.000199870685073195,0.933830150697836,0.434,0.212,1,"20","Zfp451"
"Flt31",0.000206630901842555,1.2682722424595,0.283,0.116,1,"20","Flt3"
"Adamts161",0.000206824740131286,1.13948593581067,0.283,0.113,1,"20","Adamts16"
"Trim371",0.000213915573968469,0.922017143545776,0.509,0.272,1,"20","Trim37"
"Fhit",0.00021477731650808,1.14776409391901,0.358,0.164,1,"20","Fhit"
"Bend62",0.000218506259527873,0.709771041735923,0.679,0.416,1,"20","Bend6"
"Prxl2a",0.000226240775439807,1.30702828594199,0.264,0.104,1,"20","Prxl2a"
"Unc5c6",0.000227305732875141,0.687177559178055,0.717,0.465,1,"20","Unc5c"
"Spast1",0.000230594621884833,0.935185762520199,0.434,0.216,1,"20","Spast"
"Xpo41",0.000233245719039799,1.01177080646494,0.358,0.161,1,"20","Xpo4"
"Amph3",0.000235826163082043,0.711729914187888,0.604,0.341,1,"20","Amph"
"Slc35f14",0.000240223325718595,0.773409430598477,0.679,0.457,1,"20","Slc35f1"
"Adnp1",0.000241314621482897,0.916330168212839,0.453,0.231,1,"20","Adnp"
"Rasa22",0.000243512418182683,1.20036817795769,0.396,0.202,1,"20","Rasa2"
"Mgll3",0.000247249801212739,1.26511535927232,0.302,0.13,1,"20","Mgll"
"Chl14",0.000247722503769097,0.995628405920223,0.604,0.373,1,"20","Chl1"
"Oxct13",0.000247999369259618,0.812386738321282,0.642,0.401,1,"20","Oxct1"
"Elavl24",0.000259297182128389,0.956054223709258,0.434,0.222,1,"20","Elavl2"
"Casc42",0.000263928486707167,0.881760441361944,0.585,0.355,1,"20","Casc4"
"Gm45323",0.000266171564422583,1.34475808729287,0.283,0.12,1,"20","Gm45323"
"Ttll51",0.000267457976675869,0.863451643411492,0.509,0.28,1,"20","Ttll5"
"Srsf2",0.00027330404732411,0.90280808980561,0.453,0.227,1,"20","Srsf2"
"Polb3",0.000283558207845005,0.888424171642955,0.547,0.322,1,"20","Polb"
"Lrfn55",0.00030786076916759,0.556927058814429,0.906,0.804,1,"20","Lrfn5"
"Pxk1",0.000311407479139536,0.777578402954664,0.509,0.267,1,"20","Pxk"
"Slc24a25",0.000315674632559886,0.650053677426079,0.679,0.412,1,"20","Slc24a2"
"Ntng14",0.000318098686148756,1.10415286269839,0.415,0.222,1,"20","Ntng1"
"Cpeb33",0.000322696697418757,0.79057684824481,0.642,0.399,1,"20","Cpeb3"
"Gad15",0.000324317503600419,0.893146581885357,0.453,0.241,1,"20","Gad1"
"Dok65",0.000332348287160399,0.59512098635989,0.792,0.482,1,"20","Dok6"
"Csnk1g31",0.00033898248193087,1.11115058882321,0.34,0.155,1,"20","Csnk1g3"
"Ercc4",0.000339730356866373,1.31688218668412,0.264,0.108,1,"20","Ercc4"
"Prkca4",0.00034443802965821,0.452499305890287,0.642,0.385,1,"20","Prkca"
"Sacs2",0.000344482998890319,0.883717168965427,0.491,0.266,1,"20","Sacs"
"Cnbd2",0.000348388115423308,1.22316004283094,0.321,0.146,1,"20","Cnbd2"
"Dcun1d5",0.000362949610312458,1.41449298331054,0.264,0.11,1,"20","Dcun1d5"
"Chpt11",0.000372556806215726,1.0122745700879,0.396,0.198,1,"20","Chpt1"
"Dennd1b2",0.00037409222667641,1.06169261615964,0.396,0.2,1,"20","Dennd1b"
"Rmdn13",0.000378863101800081,0.924950047668069,0.509,0.295,1,"20","Rmdn1"
"Mccc2",0.000384090400463145,1.13635168508654,0.321,0.144,1,"20","Mccc2"
"Rabgap1l",0.000386893007226901,0.740670551199262,0.698,0.473,1,"20","Rabgap1l"
"Hk14",0.00039089505793323,0.965998596925295,0.415,0.209,1,"20","Hk1"
"Dcun1d4",0.000393575624321374,1.22993263549983,0.283,0.12,1,"20","Dcun1d4"
"Clstn11",0.000402841151645304,0.751687834851215,0.547,0.307,1,"20","Clstn1"
"Nol41",0.000405194762207388,0.937086290342543,0.642,0.413,1,"20","Nol4"
"Pak12",0.000408119294339155,0.968958883263813,0.377,0.18,1,"20","Pak1"
"Ncbp3",0.000417375719924251,1.26393330673516,0.264,0.109,1,"20","Ncbp3"
"Klhl294",0.000418083829200397,0.642225715877174,0.849,0.741,1,"20","Klhl29"
"Sncaip1",0.000423581992814176,1.09151603702047,0.34,0.156,1,"20","Sncaip"
"Cd99l2",0.000425315035658987,1.23481432397223,0.302,0.134,1,"20","Cd99l2"
"Nln2",0.000437622465492614,1.19389384379715,0.34,0.163,1,"20","Nln"
"Pnpt1",0.000441148738839856,1.33203082311857,0.264,0.11,1,"20","Pnpt1"
"Fnbp4",0.000456904878762272,0.766794727241423,0.547,0.306,1,"20","Fnbp4"
"Scn3a2",0.000465933769836304,0.857066432277765,0.642,0.445,1,"20","Scn3a"
"Mef2a2",0.000468754913589954,0.936885660599599,0.491,0.279,1,"20","Mef2a"
"Pbx14",0.000470779235121506,0.804680724724704,0.698,0.49,1,"20","Pbx1"
"Snapc3",0.000476324946123715,0.944607007036079,0.396,0.196,1,"20","Snapc3"
"Cd2ap2",0.000500477818474904,0.982816541917909,0.396,0.197,1,"20","Cd2ap"
"Ogt2",0.000502123812617276,0.700797168467183,0.66,0.448,1,"20","Ogt"
"Snca",0.000510695516416045,1.13869128140287,0.264,0.108,1,"20","Snca"
"Babam2",0.000517515339884994,1.15724093007075,0.358,0.176,1,"20","Babam2"
"Eps15l11",0.000528214489599663,1.01800870922006,0.547,0.36,1,"20","Eps15l1"
"Lingo27",0.000529312607041615,0.60067319207368,0.962,0.95,1,"20","Lingo2"
"A230006K03Rik4",0.000537272536180868,0.587043454159678,0.83,0.631,1,"20","A230006K03Rik"
"Fam120b",0.000537539103680587,0.735390949599415,0.547,0.307,1,"20","Fam120b"
"Nf2",0.000551514944118658,1.24777753834412,0.264,0.111,1,"20","Nf2"
"Lin7a4",0.000557284378306364,0.655384506106998,0.585,0.327,1,"20","Lin7a"
"Atf21",0.000562803366372847,0.924317841242137,0.415,0.213,1,"20","Atf2"
"Eya31",0.000563772969807599,0.995339375559466,0.358,0.172,1,"20","Eya3"
"Kcnma14",0.000567174407620025,0.515154848742079,0.906,0.688,1,"20","Kcnma1"
"Ablim12",0.000571737987258064,0.632084418383169,0.66,0.398,1,"20","Ablim1"
"Gnas7",0.000573919110514928,0.781953694931225,0.868,0.734,1,"20","Gnas"
"Trerf15",0.000577191755839178,0.514425056105849,0.849,0.544,1,"20","Trerf1"
"Vwc2l7",0.000595639822426464,0.917463844594308,0.453,0.247,1,"20","Vwc2l"
"Nars1",0.00060239014315442,1.11536557489817,0.358,0.179,1,"20","Nars"
"Eml61",0.00061661709775465,0.450145292829469,0.981,0.754,1,"20","Eml6"
"Lrrc4c6",0.000628995188759803,0.492375155399255,0.943,0.89,1,"20","Lrrc4c"
"Mapk41",0.00064027845525867,1.20313461224907,0.264,0.113,1,"20","Mapk4"
"Gfod1",0.000647751159030877,1.17265279974587,0.264,0.111,1,"20","Gfod1"
"Aig14",0.000667839127011531,0.740936559320398,0.566,0.334,1,"20","Aig1"
"Pcmt12",0.000677497125666796,0.800961330392615,0.491,0.272,1,"20","Pcmt1"
"Scfd1",0.000686297003030112,0.854683959817724,0.434,0.228,1,"20","Scfd1"
"Glra33",0.000686616037863913,1.23392073766872,0.34,0.167,1,"20","Glra3"
"Grm34",0.000691427506682009,1.07885482851991,0.34,0.169,1,"20","Grm3"
"Gm26782",0.000723674502009483,1.11583466774603,0.283,0.124,1,"20","Gm26782"
"Stk393",0.000729426547380315,0.880156555659354,0.453,0.243,1,"20","Stk39"
"Far21",0.000733018816224641,1.01652899739064,0.302,0.135,1,"20","Far2"
"Sestd11",0.000733704228542822,1.00056567649963,0.396,0.203,1,"20","Sestd1"
"mt-Nd33",0.000734885314643286,0.936397955449637,0.547,0.309,1,"20","mt-Nd3"
"Uba6",0.000740047806076437,1.04552513272768,0.34,0.163,1,"20","Uba6"
"Amy13",0.000740171991252784,0.761348019343358,0.623,0.395,1,"20","Amy1"
"Clec16a",0.000749566306392405,0.845899554996397,0.528,0.306,1,"20","Clec16a"
"Gm160831",0.000760061487521173,1.15330937316469,0.34,0.166,1,"20","Gm16083"
"Ndrg44",0.000772987434004996,0.710604786393767,0.528,0.3,1,"20","Ndrg4"
"Wasf3",0.000788322691404953,0.819944433760188,0.472,0.261,1,"20","Wasf3"
"Cep702",0.000807457780562441,0.816015676114904,0.491,0.281,1,"20","Cep70"
"Atxn10",0.000817300706714967,0.738999622299681,0.472,0.252,1,"20","Atxn10"
"Aopep1",0.000843336732415861,0.642506822995652,0.604,0.353,1,"20","Aopep"
"Mast23",0.00086073415512414,0.456386319837908,0.774,0.484,1,"20","Mast2"
"Myrip2",0.000884321971047946,1.03044317651538,0.358,0.181,1,"20","Myrip"
"Pkm",0.000888106492410213,0.958563053384798,0.377,0.192,1,"20","Pkm"
"Atp6v1d",0.000901315236387051,1.24456798186823,0.264,0.116,1,"20","Atp6v1d"
"Tmem241",0.000915868673021324,1.28162586968133,0.264,0.117,1,"20","Tmem241"
"Tln1",0.000920506715253894,1.09868810222158,0.283,0.126,1,"20","Tln1"
"Clasp13",0.000956441599032813,0.580301876280623,0.642,0.378,1,"20","Clasp1"
"Mgat51",0.00096421022138414,1.26260766569648,0.453,0.289,1,"20","Mgat5"
"Cacng35",0.000977177279741228,1.26748237381623,0.283,0.131,1,"20","Cacng3"
"Dgki7",0.000977740794921568,0.611906536445538,0.698,0.471,1,"20","Dgki"
"Sdha1",0.000984034541071964,0.997237658781879,0.396,0.212,1,"20","Sdha"
"Unc5d7",0.00099788374458437,0.453487114926406,0.887,0.693,1,"20","Unc5d"
"Tango23",0.00104957994832851,0.552732186191941,0.679,0.41,1,"20","Tango2"
"Hdx",0.00105154692680925,1.31538483829762,0.264,0.119,1,"20","Hdx"
"Nkain29",0.00105808878970524,0.418081778795207,1,0.949,1,"20","Nkain2"
"Mdm44",0.00107648394141018,0.793536223725354,0.528,0.32,1,"20","Mdm4"
"Mafg2",0.00107798539022692,0.767040313256297,0.434,0.228,1,"20","Mafg"
"Baz2b2",0.00108490040303522,0.586434923808923,0.755,0.493,1,"20","Baz2b"
"Arhgef12",0.00109404596487655,0.526584238050889,0.792,0.496,1,"20","Arhgef12"
"Cnot42",0.00110129326203747,0.616913983741816,0.623,0.379,1,"20","Cnot4"
"Plxna25",0.00111419545694574,0.579123685083341,0.604,0.37,1,"20","Plxna2"
"Rexo4",0.00112279151986402,1.18388005516913,0.283,0.13,1,"20","Rexo4"
"Elovl62",0.00112337563471488,1.00306673758408,0.396,0.213,1,"20","Elovl6"
"Acbd61",0.00112774250622216,0.82171482917304,0.434,0.232,1,"20","Acbd6"
"Diaph24",0.00112859242743803,0.696049895210671,0.509,0.288,1,"20","Diaph2"
"Dclk23",0.00114387126884277,0.770482914271537,0.472,0.264,1,"20","Dclk2"
"Acsl63",0.00115227923435193,0.836472092008233,0.415,0.218,1,"20","Acsl6"
"Ddhd12",0.00115717377392227,0.633327585233801,0.491,0.263,1,"20","Ddhd1"
"Uggt1",0.00116376996608951,0.905954096200531,0.377,0.194,1,"20","Uggt1"
"Kcmf11",0.00116688993537686,0.837798098572986,0.434,0.233,1,"20","Kcmf1"
"Gtpbp2",0.00118556675687838,0.864577429688587,0.358,0.177,1,"20","Gtpbp2"
"Ndrg32",0.00121182747356712,1.13689628327386,0.34,0.172,1,"20","Ndrg3"
"Slc12a62",0.00126640348210809,0.91131388716268,0.434,0.246,1,"20","Slc12a6"
"Cep1126",0.00130579817744388,0.468592776364429,0.887,0.738,1,"20","Cep112"
"Smg7",0.00131611487859324,0.952149769253342,0.396,0.215,1,"20","Smg7"
"Ptpn91",0.00134578899608158,0.669962801896421,0.528,0.302,1,"20","Ptpn9"
"Fam222b2",0.00136418170001198,0.72479915855638,0.509,0.298,1,"20","Fam222b"
"Plppr41",0.0013905920300371,0.776650922986437,0.434,0.238,1,"20","Plppr4"
"Acbd5",0.00139870033173695,1.0433988316193,0.302,0.143,1,"20","Acbd5"
"Tom1l2",0.00141819880309631,0.579048448711867,0.679,0.447,1,"20","Tom1l2"
"Zfp642",0.00141908392322764,0.910635450733113,0.34,0.167,1,"20","Zfp64"
"Smc6",0.00142774023445333,0.675153140275055,0.509,0.293,1,"20","Smc6"
"Lekr1",0.00144335255422349,1.08468956526405,0.302,0.144,1,"20","Lekr1"
"Gmds2",0.00147384158195686,0.856916370384465,0.491,0.288,1,"20","Gmds"
"Ktn12",0.00148152264123865,0.501076950025237,0.849,0.575,1,"20","Ktn1"
"Ascc31",0.00148204083796499,0.932997207730216,0.509,0.316,1,"20","Ascc3"
"Ppib1",0.00150472649059703,0.988864072763983,0.321,0.156,1,"20","Ppib"
"Dgkb6",0.00151105338254235,0.506743562836408,0.887,0.769,1,"20","Dgkb"
"Slc4a33",0.00151853210119729,0.526678913640778,0.755,0.531,1,"20","Slc4a3"
"Ppp3cc",0.00152634102603133,0.886603736018586,0.358,0.182,1,"20","Ppp3cc"
"Nyap23",0.00153085837026963,0.897248022029961,0.472,0.287,1,"20","Nyap2"
"Chga3",0.00155465952347133,0.972212948057958,0.415,0.23,1,"20","Chga"
"Gm14827",0.00156131388769241,0.663817329241065,0.491,0.277,1,"20","Gm14827"
"Frmd4b",0.00157244264980964,0.919285135347715,0.321,0.156,1,"20","Frmd4b"
"B230307C23Rik2",0.00158729125436489,0.930859437963351,0.358,0.185,1,"20","B230307C23Rik"
"Kif1bp",0.00161737667477046,1.16050371707976,0.264,0.12,1,"20","Kif1bp"
"Lgi14",0.00162692550209765,1.10415286269839,0.34,0.174,1,"20","Lgi1"
"Pkia2",0.00162715074174961,0.652957394160859,0.528,0.301,1,"20","Pkia"
"Dzip11",0.00166456015071604,0.756598960135535,0.566,0.356,1,"20","Dzip1"
"Atp1b14",0.00169183789191115,1.0241921623532,0.528,0.324,1,"20","Atp1b1"
"Mark4",0.00169608615685934,1.04587982112305,0.302,0.145,1,"20","Mark4"
"Uhrf1bp1l2",0.00169647071743682,0.659178079265444,0.491,0.275,1,"20","Uhrf1bp1l"
"Dlat2",0.00172129834161647,0.909354829512555,0.396,0.217,1,"20","Dlat"
"Cntn36",0.00175594456354263,1.18407294173147,0.528,0.343,1,"20","Cntn3"
"Shtn15",0.0017734076084078,0.665214127705485,0.585,0.349,1,"20","Shtn1"
"Asic12",0.00181491637713378,1.10601560671558,0.34,0.181,1,"20","Asic1"
"Sik21",0.00182987390145753,0.59203116886273,0.528,0.312,1,"20","Sik2"
"Rev3l5",0.0018455729731331,0.497466745740336,0.774,0.559,1,"20","Rev3l"
"Tmx41",0.0018509933022714,0.738677052138272,0.491,0.277,1,"20","Tmx4"
"Dlgap16",0.00188446010158837,0.40370264638893,0.981,0.896,1,"20","Dlgap1"
"Rsrp12",0.00190662451508452,0.516645721623829,0.717,0.515,1,"20","Rsrp1"
"Slc7a61",0.00191870093089813,0.98306104578103,0.34,0.174,1,"20","Slc7a6"
"Ubac2",0.00192615836041326,1.06530193372703,0.358,0.197,1,"20","Ubac2"
"Magi32",0.00195717678674528,0.986815303252928,0.585,0.428,1,"20","Magi3"
"Plekha12",0.0019654917212651,0.960818635424729,0.34,0.173,1,"20","Plekha1"
"Fer1",0.0019791663787209,0.580124040219887,0.472,0.253,1,"20","Fer"
"Nbeal11",0.00198145666539421,0.617987517446556,0.604,0.376,1,"20","Nbeal1"
"Phyhipl",0.00199529417243434,1.09834724101719,0.264,0.121,1,"20","Phyhipl"
"Dip2a1",0.00203046770645171,0.914513400511615,0.415,0.238,1,"20","Dip2a"
"Ccser16",0.00204327291739985,0.455464764366848,0.925,0.886,1,"20","Ccser1"
"Kat2b1",0.00204714906158457,0.938913942096647,0.34,0.174,1,"20","Kat2b"
"Bmerb1",0.00210403890218261,0.558718726163873,0.566,0.334,1,"20","Bmerb1"
"Rnf38",0.00210799870936879,1.00668705326277,0.302,0.147,1,"20","Rnf38"
"Fat33",0.00211161818158461,0.466493706356728,0.774,0.528,1,"20","Fat3"
"Nr6a13",0.00213223465135553,0.690173445638511,0.491,0.282,1,"20","Nr6a1"
"Kcnq36",0.00214113691440287,0.705878204019488,0.755,0.532,1,"20","Kcnq3"
"Aco21",0.00216217736981863,0.496800852818352,0.66,0.394,1,"20","Aco2"
"Elmo15",0.00216533195595842,0.654626987034257,0.509,0.304,1,"20","Elmo1"
"Psma3",0.00218025280369687,0.782629507620358,0.396,0.211,1,"20","Psma3"
"Uqcc1",0.00219869312265963,1.06100362653124,0.283,0.135,1,"20","Uqcc1"
"Arih14",0.00221204643895879,0.606504048919777,0.566,0.346,1,"20","Arih1"
"Nyap1",0.00223168134580332,1.10626980371049,0.321,0.167,1,"20","Nyap1"
"Arhgap264",0.00229981362217324,0.569910741168357,0.623,0.391,1,"20","Arhgap26"
"Rbm281",0.00232233536308124,0.710885986090767,0.547,0.349,1,"20","Rbm28"
"Nkain34",0.0023539700810751,0.524953814512408,0.679,0.442,1,"20","Nkain3"
"Gas62",0.00237287422022263,0.956811146623205,0.321,0.163,1,"20","Gas6"
"Mras",0.00239118575867931,0.996572975498577,0.264,0.121,1,"20","Mras"
"Mgat4c6",0.00239964692947226,0.8138772182779,0.717,0.648,1,"20","Mgat4c"
"mt-Co32",0.00240949860577653,0.785278423212561,0.83,0.64,1,"20","mt-Co3"
"Slf2",0.00241182146993259,0.394706361411733,0.698,0.41,1,"20","Slf2"
"Ndufaf5",0.00241944569488032,1.15413271177507,0.283,0.138,1,"20","Ndufaf5"
"Lcorl3",0.00242669128240722,0.911684077912064,0.415,0.238,1,"20","Lcorl"
"Nckap11",0.00244872250738512,0.558083836939392,0.585,0.356,1,"20","Nckap1"
"Nrg21",0.0024518856048097,0.678970806014005,0.547,0.332,1,"20","Nrg2"
"Crtc32",0.00245270715394861,0.774268708819264,0.434,0.247,1,"20","Crtc3"
"Chordc1",0.00247143877124941,1.07725763563533,0.34,0.184,1,"20","Chordc1"
"Mapk1ip1",0.00248955378063622,1.04252420592358,0.283,0.136,1,"20","Mapk1ip1"
"Snap912",0.00249526273846087,0.567805237499592,0.642,0.416,1,"20","Snap91"
"Ptbp21",0.00254756246327833,0.691703157908704,0.453,0.255,1,"20","Ptbp2"
"Slc35f43",0.00254894064840745,0.700797168467183,0.528,0.336,1,"20","Slc35f4"
"Miga22",0.00261854094072281,0.666031750306507,0.472,0.27,1,"20","Miga2"
"Flrt21",0.00264730894699759,1.36759200834151,0.264,0.127,1,"20","Flrt2"
"Lars",0.00264831992541421,0.990108311772446,0.321,0.164,1,"20","Lars"
"Rab6b2",0.0026810539111021,0.719436898567026,0.528,0.328,1,"20","Rab6b"
"Lsamp7",0.00268607657389174,0.516689545832032,0.981,0.991,1,"20","Lsamp"
"Stmn23",0.00268851506275952,0.638810281571482,0.472,0.269,1,"20","Stmn2"
"Exoc1",0.00270557064403535,0.9290661561403,0.321,0.163,1,"20","Exoc1"
"Rnf1302",0.00270599585263777,0.617152281615594,0.566,0.333,1,"20","Rnf130"
"Clvs21",0.00271545953970542,0.640496658199369,0.472,0.269,1,"20","Clvs2"
"Lrch2",0.0027398409939619,0.97560874207733,0.302,0.149,1,"20","Lrch2"
"Nrcam3",0.00274432478287891,0.477018706393993,0.717,0.467,1,"20","Nrcam"
"Myh101",0.0027505973032415,0.595642422415109,0.642,0.409,1,"20","Myh10"
"Rock2",0.0027561312710341,0.483669645625972,0.66,0.402,1,"20","Rock2"
"Dennd6a",0.00276105008713255,0.827023626978812,0.377,0.203,1,"20","Dennd6a"
"Cdh84",0.00281796765970364,0.53037665094894,0.604,0.405,1,"20","Cdh8"
"Alkbh81",0.0028274923160719,0.977975756621247,0.358,0.194,1,"20","Alkbh8"
"Arl6ip1",0.00288004148493762,1.04712191766201,0.264,0.124,1,"20","Arl6ip1"
"Plppr5",0.00292284880746515,1.14018746514173,0.264,0.127,1,"20","Plppr5"
"Nat10",0.00292488133984416,0.993527172029024,0.283,0.136,1,"20","Nat10"
"Stmn31",0.00294335222661137,0.727100450221426,0.434,0.245,1,"20","Stmn3"
"Ica11",0.00296519911719835,0.541073479875686,0.604,0.369,1,"20","Ica1"
"mt-Nd12",0.00299429749846509,1.01093370175158,0.642,0.473,1,"20","mt-Nd1"
"Vwa82",0.00299997452679801,0.563160364192336,0.642,0.409,1,"20","Vwa8"
"2210408F21Rik3",0.00308406300111313,0.545279590845896,0.547,0.326,1,"20","2210408F21Rik"
"Ap1b13",0.00320250896475982,0.651887567986237,0.472,0.273,1,"20","Ap1b1"
"Exoc6b2",0.00328010739644834,0.487665460814493,0.717,0.468,1,"20","Exoc6b"
"Hspa4l2",0.00329448449347411,0.751625949809237,0.453,0.261,1,"20","Hspa4l"
"Ccm2",0.00331007036927352,0.828614776407651,0.34,0.178,1,"20","Ccm2"
"Arhgap12",0.00335343795883114,0.918259401183718,0.321,0.165,1,"20","Arhgap12"
"Kctd82",0.00337032382845828,1.19352263704329,0.283,0.143,1,"20","Kctd8"
"Kcnip16",0.00337957185254277,0.540943589262391,0.66,0.474,1,"20","Kcnip1"
"Phactr31",0.00340020500672979,0.591131809481374,0.585,0.366,1,"20","Phactr3"
"Chchd31",0.00342298955499674,0.768725458772334,0.472,0.287,1,"20","Chchd3"
"Gabrg37",0.00346460647654402,0.758487019551488,0.849,0.771,1,"20","Gabrg3"
"Gpr1584",0.00353646957144649,0.265026948006147,0.981,0.896,1,"20","Gpr158"
"Csnk2a1",0.00358491966428415,0.959507269704437,0.377,0.214,1,"20","Csnk2a1"
"Rsf11",0.00359854604550656,0.498353587880686,0.566,0.33,1,"20","Rsf1"
"Cdk142",0.00363746793858251,0.533179757206368,0.528,0.318,1,"20","Cdk14"
"Zfp3982",0.00364480474362556,0.829530482589386,0.358,0.192,1,"20","Zfp398"
"Fbxo34",0.00364738477511935,1.04587982112305,0.283,0.141,1,"20","Fbxo34"
"Helz",0.00369692247800071,0.508372030313442,0.604,0.376,1,"20","Helz"
"Med151",0.00371173531990737,1.02169070250642,0.283,0.141,1,"20","Med15"
"Aplp21",0.00371310517393734,0.49001299095152,0.623,0.371,1,"20","Aplp2"
"Neto16",0.00376650590216873,0.641509431172438,0.396,0.216,1,"20","Neto1"
"Clip42",0.00377874146556039,1.12636759651392,0.283,0.142,1,"20","Clip4"
"Psme4",0.00381053356249417,0.493800848633756,0.623,0.394,1,"20","Psme4"
"Tpm11",0.00392849991977239,0.895957844328362,0.283,0.138,1,"20","Tpm1"
"Plekhm2",0.00392956977914346,0.809367443269679,0.472,0.295,1,"20","Plekhm2"
"Csmd35",0.00395035277622593,0.30243447611807,0.962,0.941,1,"20","Csmd3"
"Htr43",0.00402317036612093,0.679452266068828,0.321,0.16,1,"20","Htr4"
"Rhot11",0.00408640357643593,0.899919810480784,0.34,0.18,1,"20","Rhot1"
"Tmem1311",0.00409175451764875,0.543175002520973,0.509,0.296,1,"20","Tmem131"
"Uvrag3",0.00418004708624146,0.835956751748819,0.396,0.23,1,"20","Uvrag"
"Epha67",0.00421607140809284,0.620096960230673,0.717,0.51,1,"20","Epha6"
"Nptn1",0.00426701512617317,0.426379312470674,0.642,0.386,1,"20","Nptn"
"Apc3",0.00427490184324659,0.528741154760174,0.83,0.611,1,"20","Apc"
"Rian3",0.00429199300693464,0.26605335860953,0.981,0.95,1,"20","Rian"
"Sec16a",0.00430161239563438,0.596069192138939,0.415,0.227,1,"20","Sec16a"
"Fam49b3",0.00433408784360718,0.589114379417611,0.491,0.289,1,"20","Fam49b"
"Zdhhc17",0.00433682183373876,0.681973294175528,0.434,0.25,1,"20","Zdhhc17"
"Cdkal11",0.00437092379362884,0.717839652456179,0.415,0.238,1,"20","Cdkal1"
"Erc12",0.00438609881536582,0.651506418429966,0.528,0.342,1,"20","Erc1"
"Ube4a2",0.00440220346346614,0.612338070210291,0.453,0.26,1,"20","Ube4a"
"Zfand31",0.00441448077165944,0.848895807456317,0.415,0.242,1,"20","Zfand3"
"Ric8b3",0.00444896127484597,1.14187252864755,0.321,0.183,1,"20","Ric8b"
"Nfs1",0.00445030080314043,0.924493426350476,0.302,0.155,1,"20","Nfs1"
"Abca3",0.00445495519930164,0.67434701851851,0.453,0.266,1,"20","Abca3"
"Cacna1d3",0.00455682398836791,0.652957394160859,0.811,0.61,1,"20","Cacna1d"
"Opa11",0.00465478277420644,0.823132711391235,0.377,0.213,1,"20","Opa1"
"Dclk12",0.00465636675934193,0.311792512098698,0.925,0.758,1,"20","Dclk1"
"Pias11",0.00469476292785317,0.629601293775517,0.453,0.262,1,"20","Pias1"
"Nsf1",0.00470586058956415,0.648015607027791,0.679,0.505,1,"20","Nsf"
"Zfp7041",0.00475471610917553,0.526306986639893,0.698,0.459,1,"20","Zfp704"
"Specc11",0.00477323041608282,0.556606749590005,0.585,0.366,1,"20","Specc1"
"Gabra25",0.00478892160842034,0.526967712568955,0.717,0.498,1,"20","Gabra2"
"Cdc14b3",0.00483069796610581,0.545642761405621,0.472,0.272,1,"20","Cdc14b"
"Chm1",0.00483661897543172,0.842752313257672,0.321,0.168,1,"20","Chm"
"0610010F05Rik",0.00484891329744553,0.660318099112113,0.509,0.314,1,"20","0610010F05Rik"
"Cnot10",0.00485577483960751,0.501843118413339,0.66,0.42,1,"20","Cnot10"
"Fbxl172",0.00486597162665441,0.421166989233851,0.755,0.526,1,"20","Fbxl17"
"Yme1l11",0.00490306047237566,0.796818357841861,0.396,0.229,1,"20","Yme1l1"
"Copa",0.00492377257831262,0.719869901934057,0.415,0.24,1,"20","Copa"
"Smad1",0.00503938375926689,0.875954819680738,0.283,0.142,1,"20","Smad1"
"Cux14",0.00504683786447416,0.635817137259499,0.509,0.317,1,"20","Cux1"
"mt-Atp62",0.00505842837902153,0.774457629796537,0.698,0.485,1,"20","mt-Atp6"
"Gmcl11",0.00507200176692421,0.852290385589241,0.358,0.2,1,"20","Gmcl1"
"Mbnl11",0.00509255702178972,0.793502173405172,0.415,0.251,1,"20","Mbnl1"
"Msl1",0.00509262849639738,0.875127349029497,0.302,0.155,1,"20","Msl1"
"Atp5d1",0.00509848334302787,0.869687609061369,0.283,0.142,1,"20","Atp5d"
"Washc5",0.00515228339383863,0.923580617056571,0.264,0.129,1,"20","Washc5"
"Tnr6",0.0051699139547154,0.37320477481991,0.717,0.465,1,"20","Tnr"
"Catspere21",0.00517458544863976,0.655224995349924,0.509,0.311,1,"20","Catspere2"
"Pitpna1",0.00519092695519082,0.567467915822917,0.509,0.309,1,"20","Pitpna"
"Efr3a",0.00520622696310454,1.0631027030559,0.283,0.145,1,"20","Efr3a"
"Sphkap2",0.0052126941681129,0.803092117843192,0.321,0.174,1,"20","Sphkap"
"Dennd6b",0.00524119558586975,0.596490817053429,0.453,0.262,1,"20","Dennd6b"
"Wdr20",0.00533062768037341,0.697740610033845,0.377,0.209,1,"20","Wdr20"
"Cpne83",0.00535305036865184,1.37839998073196,0.283,0.152,1,"20","Cpne8"
"Exoc44",0.00539055090093226,0.559566436411919,0.679,0.468,1,"20","Exoc4"
"Lgi31",0.00539108330599025,0.805683740635018,0.283,0.14,1,"20","Lgi3"
"Tra2a1",0.00541487911526614,0.572336955344652,0.717,0.497,1,"20","Tra2a"
"Snap251",0.00545239700756817,0.687590315665604,0.623,0.43,1,"20","Snap25"
"Tfdp21",0.0055212559169126,0.855065574696524,0.321,0.17,1,"20","Tfdp2"
"Sfxn4",0.00554383986136806,0.912671717889632,0.264,0.129,1,"20","Sfxn4"
"Sorbs14",0.00556004813764009,0.58753626203497,0.698,0.496,1,"20","Sorbs1"
"Memo12",0.00561506481779887,0.823771213300701,0.34,0.185,1,"20","Memo1"
"Htr1f6",0.00565383533689325,0.445540113225108,0.377,0.198,1,"20","Htr1f"
"Gpatch82",0.00567178971167288,0.540500868222648,0.698,0.518,1,"20","Gpatch8"
"Lrrc1",0.00568011977352039,0.968236753420978,0.264,0.131,1,"20","Lrrc1"
"Camta12",0.00573735588403979,0.303608472757681,0.981,0.902,1,"20","Camta1"
"Sema6c",0.00577417744818325,0.664124684541848,0.321,0.166,1,"20","Sema6c"
"Afg1l",0.0058796844876833,1.20036817795769,0.264,0.136,1,"20","Afg1l"
"Klhl72",0.00591806537910114,0.533775863996379,0.509,0.307,1,"20","Klhl7"
"Msh3",0.00595829192056907,0.968530910836798,0.283,0.146,1,"20","Msh3"
"Snx30",0.00601000503135495,0.918259401183718,0.302,0.16,1,"20","Snx30"
"Fgf123",0.00606433345068633,0.296084450881021,0.962,0.877,1,"20","Fgf12"
"Frmd31",0.00607557471947765,0.879344877732092,0.472,0.314,1,"20","Frmd3"
"Runx1t15",0.00611399628086958,1.01943018379296,0.358,0.208,1,"20","Runx1t1"
"Brinp36",0.00611402036989119,0.803637814661402,0.642,0.518,1,"20","Brinp3"
"Lrrtm35",0.00619002946896273,0.492495495311815,0.604,0.392,1,"20","Lrrtm3"
"Kansl3",0.00644616589654806,0.729994809038471,0.415,0.248,1,"20","Kansl3"
"Rufy32",0.00651619965150212,0.412330562159922,0.642,0.401,1,"20","Rufy3"
"Immt1",0.00656455481031209,0.866549672020192,0.321,0.174,1,"20","Immt"
"Lhfpl4",0.00662591205952963,0.769252470665277,0.34,0.185,1,"20","Lhfpl4"
"Madd1",0.00664836735144039,0.533706141637923,0.491,0.292,1,"20","Madd"
"Acss22",0.00665294706449316,0.924808322137144,0.377,0.229,1,"20","Acss2"
"Patz1",0.00677371541682079,0.9290661561403,0.264,0.133,1,"20","Patz1"
"Zc3h6",0.00686182804575798,0.822552500226814,0.34,0.189,1,"20","Zc3h6"
"Fam49a2",0.00687508314996396,0.96295215029271,0.264,0.133,1,"20","Fam49a"
"Ccdc1363",0.00693481702062566,0.674644880611215,0.396,0.228,1,"20","Ccdc136"
"Adamts10",0.0069658009967901,0.712574336243537,0.321,0.17,1,"20","Adamts10"
"Tbce",0.00699367394820453,0.656900738554378,0.453,0.278,1,"20","Tbce"
"Ssh22",0.00702352388364266,0.638291792782114,0.698,0.497,1,"20","Ssh2"
"Slc4a83",0.00708682338619088,0.993196493560016,0.321,0.18,1,"20","Slc4a8"
"Kif5b1",0.00713839278543162,0.673591741619352,0.528,0.345,1,"20","Kif5b"
"Dner3",0.00714424562189501,0.474388891953487,0.679,0.466,1,"20","Dner"
"Gpm6a3",0.00718987849799494,0.531654327543291,0.547,0.354,1,"20","Gpm6a"
"Spg71",0.00720085242562991,0.789690218057595,0.34,0.187,1,"20","Spg7"
"Dpysl23",0.00720528979735345,0.539747777929988,0.566,0.354,1,"20","Dpysl2"
"Ogdh3",0.00724266576919835,0.778241253892532,0.509,0.343,1,"20","Ogdh"
"Mpc12",0.00724709295869083,0.893660820009102,0.34,0.194,1,"20","Mpc1"
"Ncoa5",0.00735532525604426,0.828518420084964,0.321,0.174,1,"20","Ncoa5"
"Vps13c1",0.00746664670596234,0.347277903214288,0.66,0.4,1,"20","Vps13c"
"Gnaq1",0.00752283556012547,0.456784705026981,0.566,0.352,1,"20","Gnaq"
"Strbp3",0.00753996662758364,0.375354589403584,0.83,0.568,1,"20","Strbp"
"Ankrd554",0.00757448958247393,0.531546418119486,0.472,0.278,1,"20","Ankrd55"
"Rims24",0.00760702712474467,0.319430201482445,0.925,0.824,1,"20","Rims2"
"Shank21",0.00761579079538685,0.289978441558176,0.83,0.563,1,"20","Shank2"
"Gys13",0.00762386920892478,0.772946954223018,0.321,0.173,1,"20","Gys1"
"Epha103",0.00771677964238429,0.529168926041239,0.509,0.321,1,"20","Epha10"
"Ptprd5",0.00772349055029984,0.409060329911706,0.962,0.922,1,"20","Ptprd"
"Socs7",0.00774243308879665,0.67385974043353,0.377,0.213,1,"20","Socs7"
"Aak12",0.00782206100076709,0.469581760160681,0.792,0.559,1,"20","Aak1"
"Ppp1r16b1",0.00782799141140636,0.92677797954503,0.283,0.149,1,"20","Ppp1r16b"
"Btbd71",0.00791795595139,0.778437712671468,0.396,0.241,1,"20","Btbd7"
"Iqgap12",0.00797670642501863,0.935729886421311,0.396,0.243,1,"20","Iqgap1"
"Exoc31",0.00802605472494373,1.00259519156227,0.321,0.186,1,"20","Exoc3"
"Fbxo3",0.00808767390751746,0.835956751748819,0.34,0.192,1,"20","Fbxo3"
"Hacd31",0.00814717304084441,0.585861401622523,0.472,0.29,1,"20","Hacd3"
"Hnrnpa3",0.00817809467571417,0.72743229497065,0.34,0.187,1,"20","Hnrnpa3"
"Elp4",0.00817892921171528,0.73745194286548,0.453,0.285,1,"20","Elp4"
"Scmh11",0.00827285301287024,0.559228076291553,0.566,0.388,1,"20","Scmh1"
"Phf20l12",0.0083118390542953,0.392342952008049,0.717,0.468,1,"20","Phf20l1"
"Gnal4",0.00840439339083885,0.552588503392497,0.509,0.326,1,"20","Gnal"
"Zfyve284",0.00841328571284702,0.800104368656168,0.34,0.193,1,"20","Zfyve28"
"Mgrn1",0.00842119524507708,0.746763022419363,0.415,0.248,1,"20","Mgrn1"
"Atxn7l13",0.00849304418281096,0.534787217028254,0.528,0.335,1,"20","Atxn7l1"
"Ppargc1b2",0.0085274130491663,0.613691244425287,0.434,0.263,1,"20","Ppargc1b"
"Hdac3",0.00861565471998322,0.817341073581472,0.34,0.191,1,"20","Hdac3"
"Pdss22",0.00872741119009152,0.576697389606407,0.528,0.352,1,"20","Pdss2"
"Ankrd13a1",0.0088534122305324,0.93135796764829,0.283,0.152,1,"20","Ankrd13a"
"Snx24",0.00889565751625302,0.899599247199632,0.283,0.15,1,"20","Snx24"
"Uty2",0.00896159154665083,0.706220840422205,0.396,0.237,1,"20","Uty"
"Agtpbp1",0.00899493577878752,0.707851926001134,0.396,0.235,1,"20","Agtpbp1"
"Tbc1d122",0.00901071631036553,0.899395289463957,0.321,0.183,1,"20","Tbc1d12"
"Nin4",0.00902823997773149,0.839180652623105,0.396,0.248,1,"20","Nin"
"Zfp5321",0.00905889765244976,0.685242354272341,0.415,0.251,1,"20","Zfp532"
"Adar1",0.00910913897263697,0.571383023255795,0.585,0.403,1,"20","Adar"
"Sec63",0.00912510806609541,0.961487633832678,0.283,0.153,1,"20","Sec63"
"Gab26",0.00917149636403269,0.472671227251066,0.528,0.341,1,"20","Gab2"
"Kansl11",0.00925291616908106,0.397096743033028,0.736,0.513,1,"20","Kansl1"
"Nucks1",0.0092872339809952,0.793906572858665,0.283,0.148,1,"20","Nucks1"
"Fam173a",0.009311423883562,0.834601472136808,0.302,0.164,1,"20","Fam173a"
"Zfp2361",0.00936639666627314,0.707515201751528,0.358,0.204,1,"20","Zfp236"
"Trappc91",0.00951817111646756,0.720375236838081,0.491,0.322,1,"20","Trappc9"
"Apba25",0.0096744971844845,0.447107347565262,0.642,0.432,1,"20","Apba2"
"Abat4",0.00976964416744827,0.514821564296029,0.547,0.357,1,"20","Abat"
"Srcin12",0.00977547073098614,0.523487543646997,0.604,0.404,1,"20","Srcin1"
"Ehbp12",0.00979890505911692,0.478806948148364,0.623,0.439,1,"20","Ehbp1"
"Rap1gap24",0.00980623108488207,0.657153598960054,0.415,0.252,1,"20","Rap1gap2"
"Sucla2",0.00990476577987668,1.06336724785189,0.264,0.14,1,"20","Sucla2"
"Xrn2",0.00993050219548029,0.958368291988499,0.358,0.218,1,"20","Xrn2"
"Slc25a27",0.00994267184407722,0.645875554063377,0.377,0.217,1,"20","Slc25a27"
"Zmym2",0.00997536373525938,0.601318711797075,0.528,0.365,1,"20","Zmym2"
"Pmfbp1",8.95464881130456e-88,4.49803240558349,0.49,0.021,1.57037676203848e-83,"21","Pmfbp1"
"Otx2os11",1.04666875546152e-82,4.3426054869809,0.694,0.05,1.83554299645287e-78,"21","Otx2os1"
"Onecut3",2.88847241669511e-73,4.88631156748806,0.388,0.016,5.06551407715822e-69,"21","Onecut3"
"Onecut2",1.38001908608952e-66,4.08176968751263,0.796,0.09,2.42013947127518e-62,"21","Onecut2"
"St8sia3os",8.79467379112306e-50,4.89308479608349,0.286,0.013,1.54232194274925e-45,"21","St8sia3os"
"Onecut1",4.00573868678061e-44,4.18896003113454,0.347,0.023,7.02486393500715e-40,"21","Onecut1"
"Ttn1",1.58066375009794e-36,4.02776227575466,0.429,0.044,2.77201001854675e-32,"21","Ttn"
"Nrn1",9.33869747052301e-36,3.78713428296915,0.347,0.028,1.63772737540562e-31,"21","Nrn1"
"Reln3",5.34505147890962e-35,3.1410918721092,0.776,0.17,9.3736167785638e-31,"21","Reln"
"Dach1",2.26315588139818e-28,3.15627933233988,0.49,0.073,3.96889646920798e-24,"21","Dach1"
"Ntng15",5.89492220526431e-28,3.30330601002438,0.776,0.217,1.0337925071372e-23,"21","Ntng1"
"Ptprk4",3.27319084233594e-25,2.6538816234398,0.776,0.224,5.74019478020453e-21,"21","Ptprk"
"Gm12082",1.00770518048186e-23,3.4333446125769,0.327,0.038,1.76721257501103e-19,"21","Gm12082"
"Slc17a61",2.97993399486518e-23,2.88779049641397,0.388,0.053,5.22591024679507e-19,"21","Slc17a6"
"Nfib3",6.70471816625275e-21,3.07968082935308,0.449,0.083,1.17580642481575e-16,"21","Nfib"
"Cacna2d15",2.03324115008359e-20,2.0508513077501,0.796,0.26,3.5656950049016e-16,"21","Cacna2d1"
"Car106",4.60233924892051e-20,2.26630211966771,0.898,0.517,8.0711223408319e-16,"21","Car10"
"Vcan",5.32467148341953e-17,3.00326771383391,0.388,0.075,9.33787638047283e-13,"21","Vcan"
"Sv2b",1.40904655184385e-16,3.21383469977357,0.327,0.055,2.47104493796857e-12,"21","Sv2b"
"Pcsk23",1.68905065627832e-15,1.8415349054531,0.796,0.349,2.9620881359153e-11,"21","Pcsk2"
"Vgll41",3.42691440408379e-15,2.18661323103855,0.449,0.1,6.00977979044174e-11,"21","Vgll4"
"Pacrg4",4.14895940299604e-15,2.02518833209083,0.673,0.247,7.27603010503416e-11,"21","Pacrg"
"Htr2c6",6.07606851151966e-15,2.02933518538577,0.714,0.262,1.0655601348652e-10,"21","Htr2c"
"Igsf216",7.11572027440679e-15,2.60506822579414,0.571,0.178,1.24788386452272e-10,"21","Igsf21"
"Sgcz6",4.92132800219563e-14,1.64473860451143,0.959,0.785,8.63053291745047e-10,"21","Sgcz"
"Sned1",1.55277236112224e-13,2.56566245764979,0.408,0.098,2.72309688970008e-09,"21","Sned1"
"Epha68",9.85697682663633e-13,1.62377204050606,0.837,0.508,1.72861802608721e-08,"21","Epha6"
"Nfia1",2.20805791446226e-12,2.54460328215481,0.367,0.087,3.87227116459247e-08,"21","Nfia"
"Megf112",1.06168504251367e-11,1.98788255062774,0.429,0.114,1.86187705905623e-07,"21","Megf11"
"Hs3st42",2.32641294258368e-11,2.44242338707392,0.531,0.197,4.079830377409e-07,"21","Hs3st4"
"Shisa61",3.78843393185908e-11,3.23257126235516,0.347,0.089,6.64377658630127e-07,"21","Shisa6"
"Zfp5365",4.33271634668685e-11,1.40816320269214,0.592,0.203,7.59828465718473e-07,"21","Zfp536"
"Zic4",9.92541147494386e-10,2.34722211505127,0.306,0.075,1.7406194103609e-05,"21","Zic4"
"Zfp5213",2.78816149651764e-09,1.52711870025168,0.429,0.131,4.88959881644299e-05,"21","Zfp521"
"Pcsk51",4.22834630871131e-09,1.80801142243498,0.347,0.094,7.41525092158703e-05,"21","Pcsk5"
"Col19a1",4.29483344043712e-09,2.28389617968244,0.286,0.07,7.53184940449458e-05,"21","Col19a1"
"Dlk12",1.35229294623065e-08,2.13505758638945,0.388,0.123,0.000237151613980469,"21","Dlk1"
"Galntl67",1.36891889709215e-08,1.08280017119726,0.959,0.749,0.00024006730698305,"21","Galntl6"
"Sidt12",1.3934350198667e-08,1.42171987752552,0.592,0.254,0.000244366699434023,"21","Sidt1"
"Chrm26",1.79304878205344e-08,1.68607753795321,0.531,0.204,0.000314446964908712,"21","Chrm2"
"Six34",1.92542347984804e-08,1.87453439971171,0.347,0.102,0.000337661515660951,"21","Six3"
"Zic12",2.05410603364095e-08,1.97084623614153,0.327,0.092,0.000360228575119613,"21","Zic1"
"Pou6f21",3.12084038185404e-08,2.26940803053553,0.265,0.066,0.000547301777765743,"21","Pou6f2"
"Gse12",3.14682435290815e-08,1.01874644590284,0.959,0.707,0.000551858586769502,"21","Gse1"
"Cacna1g1",3.29329308744018e-08,1.37828336677973,0.735,0.388,0.000577544808744384,"21","Cacna1g"
"Opcml9",3.4218000722566e-08,0.79608549650223,1,0.765,0.00060008107867164,"21","Opcml"
"Gm16070",6.32911801254449e-08,1.8039589056105,0.286,0.075,0.00110993742585993,"21","Gm16070"
"Rbfox18",1.54525697227371e-07,0.790600522755486,1,0.895,0.00270991715227641,"21","Rbfox1"
"Sdk15",1.72270238026146e-07,1.43402956540577,0.673,0.387,0.00302110316426452,"21","Sdk1"
"Plcb16",2.80326180325606e-07,1.20775821726657,0.816,0.552,0.00491608022437015,"21","Plcb1"
"Ptpn3",3.05317727758927e-07,1.89308479608349,0.265,0.071,0.0053543569917083,"21","Ptpn3"
"Aifm34",3.50125681216217e-07,1.27132019443433,0.592,0.285,0.0061401540714888,"21","Aifm3"
"Fgf134",4.24345510648264e-07,1.47275299713513,0.551,0.248,0.0074417472202386,"21","Fgf13"
"Ppp3ca5",4.5667666646687e-07,0.90723913940867,0.796,0.519,0.00800873869982949,"21","Ppp3ca"
"Rora5",5.2058965314756e-07,0.881066091333633,0.939,0.775,0.00912958074724876,"21","Rora"
"Aff23",5.42895610718584e-07,1.08181836225549,0.673,0.342,0.00952076032517181,"21","Aff2"
"Unc13c5",7.6341410192095e-07,2.16795986572027,0.429,0.18,0.0133879931053877,"21","Unc13c"
"Dmd7",1.04961154803037e-06,0.925914333470536,0.918,0.754,0.0184070377178087,"21","Dmd"
"Glra2",1.09167877320002e-06,1.8812771894553,0.265,0.076,0.0191447706456087,"21","Glra2"
"4930447C04Rik3",1.30724597777255e-06,1.74405501895253,0.408,0.163,0.0229251727121972,"21","4930447C04Rik"
"Cdk143",1.98784277584328e-06,1.23594574437512,0.592,0.318,0.0348607987599636,"21","Cdk14"
"Sox54",2.02582190814743e-06,1.763173290764,0.408,0.165,0.0355268388031814,"21","Sox5"
"Flrt22",2.13858438502539e-06,1.72350907319049,0.347,0.126,0.0375043543601902,"21","Flrt2"
"Galnt173",2.62810681455138e-06,1.19558094702708,0.633,0.361,0.0460891092067875,"21","Galnt17"
"Sncaip2",3.14725904384032e-06,1.27258838251514,0.408,0.156,0.0551934818518277,"21","Sncaip"
"Pld55",3.66200989234591e-06,1.53263788859175,0.49,0.233,0.0642206674820702,"21","Pld5"
"Caln16",4.92060885928208e-06,1.19217039009049,0.592,0.298,0.0862927175652298,"21","Caln1"
"Ccdc88c1",5.12956238298862e-06,1.65446391295515,0.347,0.13,0.0899571355104714,"21","Ccdc88c"
"Ppm1l2",5.7305859032288e-06,1.08149288113941,0.551,0.267,0.100497284984924,"21","Ppm1l"
"Plxdc24",6.41533585909494e-06,1.41427814827637,0.51,0.257,0.112505744960948,"21","Plxdc2"
"Ntrk34",1.09741853468451e-05,0.669340303926353,0.939,0.754,0.192454288427622,"21","Ntrk3"
"Kcnh82",1.50283168025896e-05,1.50904176328365,0.388,0.167,0.263551591767013,"21","Kcnh8"
"Nkain210",1.56951570647546e-05,0.647289452228657,1,0.949,0.275245969444602,"21","Nkain2"
"Khdrbs26",1.88044757144744e-05,0.569287245752844,0.857,0.51,0.329774090604738,"21","Khdrbs2"
"Ptprd6",2.11652025665249e-05,0.688459859767662,0.959,0.922,0.371174157409147,"21","Ptprd"
"Dpp68",2.55422747849466e-05,0.712463125304511,0.98,0.938,0.447934872903609,"21","Dpp6"
"Grid26",2.76453664229705e-05,0.652935903942882,0.98,0.932,0.484816790959633,"21","Grid2"
"Tmtc25",2.81210213577018e-05,1.1253512942993,0.469,0.215,0.493158351550017,"21","Tmtc2"
"Sema6d8",2.91913779501835e-05,0.942571782146357,0.735,0.478,0.511929195112368,"21","Sema6d"
"Nfat51",3.51688244436491e-05,1.03751192713311,0.571,0.32,0.616755674268274,"21","Nfat5"
"Maml34",3.53003312862279e-05,1.21820783146666,0.51,0.279,0.619061909766578,"21","Maml3"
"Kcnh15",4.20965850811069e-05,1.17455955104013,0.449,0.203,0.738247812567371,"21","Kcnh1"
"Tmtc14",4.21179803549216e-05,1.19828369623905,0.429,0.195,0.738623021484261,"21","Tmtc1"
"Man1a4",4.70497340059153e-05,1.22677375548107,0.367,0.155,0.825111185261736,"21","Man1a"
"Pcdh11x5",5.69343267337159e-05,0.802227127080306,0.653,0.384,0.998457287929175,"21","Pcdh11x"
"Mib1",5.95211301576364e-05,1.342835967857,0.347,0.141,1,"21","Mib1"
"Kcnh51",6.22943952443281e-05,1.39809199222325,0.306,0.119,1,"21","Kcnh5"
"Nsrp1",7.93665982012542e-05,1.486692188093,0.265,0.096,1,"21","Nsrp1"
"Nrg36",7.98763144863487e-05,0.543128284540498,1,0.949,1,"21","Nrg3"
"Ppp2r2b3",8.26675530289859e-05,0.639912066751661,0.878,0.692,1,"21","Ppp2r2b"
"Chd73",8.81525009210008e-05,1.40335487164678,0.367,0.161,1,"21","Chd7"
"Cntnap5b4",9.64184011006578e-05,0.997723449373276,0.592,0.361,1,"21","Cntnap5b"
"Lrrtm36",0.000111433135071512,1.25054074377155,0.612,0.392,1,"21","Lrrtm3"
"Tenm36",0.000124899235676963,0.81312949150209,0.755,0.528,1,"21","Tenm3"
"Stx18",0.00012896634756313,1.26897625396603,0.327,0.135,1,"21","Stx18"
"Epb41l4b4",0.000129670245612439,1.35686932949673,0.551,0.336,1,"21","Epb41l4b"
"Ralyl5",0.00015594525729029,0.755340200390326,0.959,0.87,1,"21","Ralyl"
"Mgat4c7",0.000174679530150143,0.781032149800242,0.878,0.646,1,"21","Mgat4c"
"Ptn1",0.000195480621005944,1.3900853394653,0.265,0.101,1,"21","Ptn"
"Cntnap5a6",0.00021520804142263,0.689054584074554,0.776,0.589,1,"21","Cntnap5a"
"Kcnd27",0.000238453638727048,0.615397964635723,1,0.902,1,"21","Kcnd2"
"Mllt32",0.000241077985318869,0.931606728706465,0.551,0.318,1,"21","Mllt3"
"Sdk26",0.000319634006988539,1.22665736686894,0.531,0.331,1,"21","Sdk2"
"Slc35f36",0.000345958234909863,0.867540160101691,0.653,0.425,1,"21","Slc35f3"
"Prune22",0.00041677550295954,1.25432947800163,0.347,0.166,1,"21","Prune2"
"Itpr16",0.000448954526604395,1.04777924479291,0.408,0.211,1,"21","Itpr1"
"Lrrtm45",0.000449886852849943,0.73933555125622,0.939,0.893,1,"21","Lrrtm4"
"Dgkz6",0.000454094509477178,0.806722311924336,0.633,0.4,1,"21","Dgkz"
"Dab15",0.000521307763777655,0.470329317369995,0.939,0.772,1,"21","Dab1"
"Rims12",0.00052734156433791,0.596303515090749,0.878,0.681,1,"21","Rims1"
"Sorbs25",0.000559461199683524,0.889942809271606,0.673,0.5,1,"21","Sorbs2"
"5730522E02Rik5",0.000562469510493595,0.723945790324408,0.531,0.305,1,"21","5730522E02Rik"
"Syt112",0.000572212411029002,0.400392100722496,1,0.912,1,"21","Syt1"
"Rnf41",0.0006014057130423,1.1523053488024,0.286,0.12,1,"21","Rnf41"
"Ext13",0.000612357632924163,0.987766620293723,0.469,0.262,1,"21","Ext1"
"Fer2",0.000622738334604346,0.906406174581322,0.469,0.253,1,"21","Fer"
"Prr165",0.000629872866004673,0.686449093189962,0.551,0.295,1,"21","Prr16"
"Scn9a4",0.000682498673561152,1.05831875734276,0.571,0.385,1,"21","Scn9a"
"Whrn2",0.000687190245577706,1.34802651710216,0.306,0.138,1,"21","Whrn"
"Kctd165",0.000694101985014151,1.1111151924458,0.571,0.37,1,"21","Kctd16"
"Pde7b4",0.00075866842531575,0.705834180867297,0.449,0.23,1,"21","Pde7b"
"Cntn37",0.000825769250599986,0.782020743165725,0.571,0.342,1,"21","Cntn3"
"Pcdh1",0.000828069945275623,1.24403295582667,0.265,0.111,1,"21","Pcdh1"
"Cacna1i3",0.000874456669935769,1.065769132295,0.469,0.269,1,"21","Cacna1i"
"Stxbp5l6",0.00101625638788146,0.81675821268217,0.612,0.441,1,"21","Stxbp5l"
"Etl45",0.00124111496079212,0.72017308515316,0.653,0.454,1,"21","Etl4"
"Zfp6183",0.00125699178425429,0.984158890886206,0.388,0.202,1,"21","Zfp618"
"Zfp385b5",0.00143333613512487,0.6730897320432,0.673,0.482,1,"21","Zfp385b"
"Slc27a4",0.00148998363783962,1.05364123634903,0.306,0.141,1,"21","Slc27a4"
"Rit22",0.00158531353779455,0.751792224323905,0.653,0.498,1,"21","Rit2"
"Scfd2",0.00172355039412845,1.16454862086697,0.367,0.191,1,"21","Scfd2"
"Atp8a22",0.00172436798146197,0.68088169320365,0.673,0.511,1,"21","Atp8a2"
"C130073E24Rik5",0.00172855054117867,0.626790782861099,0.714,0.506,1,"21","C130073E24Rik"
"Mkln12",0.00183270623911265,1.08822804788108,0.449,0.265,1,"21","Mkln1"
"Grk31",0.00215429636994594,1.03399422946617,0.408,0.225,1,"21","Grk3"
"Tmem151a",0.00225593460700215,1.13171607930006,0.265,0.119,1,"21","Tmem151a"
"Ubr32",0.00236072774719276,0.633479980167957,0.673,0.475,1,"21","Ubr3"
"Ndst32",0.00240622250312302,0.938727461639201,0.408,0.226,1,"21","Ndst3"
"Thsd7b4",0.00251562315795997,1.3559630452835,0.449,0.319,1,"21","Thsd7b"
"Ocrl2",0.00293542740784832,0.90506848784581,0.429,0.243,1,"21","Ocrl"
"Osbpl94",0.00310930254712291,0.783390890416246,0.551,0.357,1,"21","Osbpl9"
"Grm85",0.00311813839832975,0.421952990127899,0.49,0.272,1,"21","Grm8"
"Dscam8",0.00313988806539764,0.414555328859917,0.918,0.861,1,"21","Dscam"
"Iqsec1",0.00324166599662604,0.662997982957039,0.694,0.508,1,"21","Iqsec1"
"Usp5",0.00326923263402056,1.06466825849805,0.306,0.153,1,"21","Usp5"
"Hspa12a3",0.00337101385292051,0.918251600071583,0.408,0.227,1,"21","Hspa12a"
"Fndc3b3",0.00354974975973572,1.02090787296964,0.408,0.24,1,"21","Fndc3b"
"Apba26",0.00355283603972737,0.826061506662269,0.592,0.433,1,"21","Apba2"
"St3gal5",0.00355291149982944,1.18829960766643,0.286,0.142,1,"21","St3gal5"
"Gmds3",0.00374098229300656,0.724732214459929,0.49,0.288,1,"21","Gmds"
"Atf22",0.00375321812565801,0.920527282825975,0.388,0.213,1,"21","Atf2"
"Ociad11",0.00376858394386875,1.19591279177631,0.286,0.143,1,"21","Ociad1"
"Pcca2",0.00384891207508964,0.669576169630711,0.633,0.445,1,"21","Pcca"
"Ube2v2",0.00387383668557066,1.07578021361828,0.286,0.14,1,"21","Ube2v2"
"Zfp8272",0.00394899465872398,1.08421523342389,0.367,0.21,1,"21","Zfp827"
"Mpdz3",0.00425715074432953,1.12036175876913,0.388,0.233,1,"21","Mpdz"
"Qk1",0.00460175654161815,1.27433943873312,0.265,0.13,1,"21","Qk"
"Nol42",0.00463774019053637,0.648401364137667,0.592,0.414,1,"21","Nol4"
"Wwox4",0.00481174149791573,0.688507443013539,0.796,0.671,1,"21","Wwox"
"Akap133",0.00523394621033582,1.35254097060516,0.306,0.168,1,"21","Akap13"
"Hcn15",0.00568935921626613,0.927544941639472,0.449,0.288,1,"21","Hcn1"
"Fbxo36",0.00570545388375091,1.20829651623214,0.327,0.173,1,"21","Fbxo36"
"Npr21",0.00574959510545865,0.828493312730203,0.367,0.203,1,"21","Npr2"
"Rbms14",0.00660374664120715,1.0175583713843,0.347,0.208,1,"21","Rbms1"
"Gm148271",0.0066095621720166,0.730249219427495,0.449,0.278,1,"21","Gm14827"
"Atp11c1",0.00692257822346291,1.09045228426829,0.286,0.145,1,"21","Atp11c"
"Patj2",0.00714555718238208,1.00326771383391,0.367,0.218,1,"21","Patj"
"Nek12",0.00760310533923525,0.647936460679335,0.531,0.349,1,"21","Nek1"
"Lin28b4",0.00771535907008078,0.928828880155713,0.408,0.258,1,"21","Lin28b"
"Edil34",0.00776934118548207,0.783954685429435,0.592,0.412,1,"21","Edil3"
"Sez6l21",0.00778407152894769,0.619594385464402,0.49,0.305,1,"21","Sez6l2"
"Vps391",0.00782966071251669,1.03773993109105,0.306,0.167,1,"21","Vps39"
"Phc31",0.00795659121598933,0.628872199052413,0.408,0.229,1,"21","Phc3"
"Srgap32",0.00821555520924852,0.504544064050211,0.714,0.583,1,"21","Srgap3"
"Fam155a8",0.00841736764239423,0.287913321681536,1,0.973,1,"21","Fam155a"
"Mtus22",0.00842609790627236,0.613796878590315,0.592,0.411,1,"21","Mtus2"
"Ube2e22",0.00860442008053425,0.450980887800044,0.857,0.749,1,"21","Ube2e2"
"Wdr37",0.00863651579639488,0.985565712100452,0.306,0.166,1,"21","Wdr37"
"Zmiz12",0.00865030908488761,0.780875292497463,0.408,0.251,1,"21","Zmiz1"
"Nrp25",0.00914022530705797,0.353013752861036,0.551,0.329,1,"21","Nrp2"
"Shank31",0.00923568658683624,0.822171708868534,0.408,0.249,1,"21","Shank3"
"Adcy26",0.00930910171885008,0.883267937723281,0.551,0.424,1,"21","Adcy2"
"Magi33",0.00934970324343284,0.72112903075629,0.592,0.428,1,"21","Magi3"
"Rtn15",0.00944256554185598,0.453285862519674,0.857,0.717,1,"21","Rtn1"
"Naaladl24",0.00950367332242144,0.543442292808229,0.51,0.318,1,"21","Naaladl2"
"Ddx10",0.0096175696122682,0.788703282624486,0.367,0.208,1,"21","Ddx10"
"Dzip12",0.0098176009184193,0.621838607197887,0.531,0.357,1,"21","Dzip1"
"Ebf2",4.05600222298946e-148,7.91071875982544,0.481,0.006,7.11301109845662e-144,"22","Ebf2"
"Zfp114",1.87710662699092e-71,5.90445976935376,0.37,0.008,3.29188189175398e-67,"22","Zfp114"
"Tcf7l2",1.87863174864265e-68,6.41393207049065,0.481,0.016,3.29455649759462e-64,"22","Tcf7l2"
"B130024G19Rik2",4.46606570370288e-47,3.88276469825444,0.815,0.075,7.83213942458373e-43,"22","B130024G19Rik"
"Pgm5",6.44953146259411e-39,5.1544380223621,0.259,0.008,1.13105433259513e-34,"22","Pgm5"
"Il1rapl23",1.87289252539524e-30,4.32585630383515,1,0.244,3.28449162178564e-26,"22","Il1rapl2"
"Sema3a",4.60624770671711e-27,4.56803210477128,0.556,0.062,8.0779766032698e-23,"22","Sema3a"
"Ebf1",8.09432612227096e-27,3.71157361946813,0.333,0.021,1.41950197206266e-22,"22","Ebf1"
"Shisa62",1.12472123357627e-26,3.55302768015631,0.667,0.088,1.97242362732271e-22,"22","Shisa6"
"Cpne9",1.67968762442735e-25,4.35869871877073,0.444,0.041,2.94566818695824e-21,"22","Cpne9"
"Nr2f2",1.72222891073799e-23,4.06214117504132,0.407,0.037,3.02027284076121e-19,"22","Nr2f2"
"Grm86",5.87248696394619e-22,2.89521209858151,0.963,0.27,1.02985803886724e-17,"22","Grm8"
"Lhx1os",7.01899172959211e-20,3.68832633848899,0.296,0.022,1.23092057961857e-15,"22","Lhx1os"
"Cacna2d16",5.64678012532291e-19,3.42962435345123,0.889,0.262,9.90275830577879e-15,"22","Cacna2d1"
"Gm44812",3.80485159016085e-18,3.93343883632552,0.259,0.019,6.67256823366509e-14,"22","Gm44812"
"Kitl",7.72446707496764e-18,3.81314460260781,0.333,0.032,1.35463979093707e-13,"22","Kitl"
"Ptprd7",3.04847707810517e-15,1.81057770457465,1,0.922,5.34611425187303e-11,"22","Ptprd"
"Tmem1634",8.22305653660508e-15,2.3364879850653,0.667,0.143,1.44207742482443e-10,"22","Tmem163"
"Schip15",8.26475145229137e-15,2.5944489991316,1,0.481,1.44938946218834e-10,"22","Schip1"
"Daam2",2.21769485158967e-14,3.91858087759841,0.296,0.032,3.88917146123281e-10,"22","Daam2"
"Ntng16",3.08454787816755e-14,2.29542716037315,0.778,0.221,5.40937161394243e-10,"22","Ntng1"
"Asic24",3.79066598086256e-14,2.6927373622046,1,0.927,6.64769093063867e-10,"22","Asic2"
"Man2a11",7.22387483436588e-14,2.88353393049921,0.556,0.113,1.26685092970275e-09,"22","Man2a1"
"Pcsk1",9.13990142328542e-14,2.79988850590554,0.407,0.059,1.60286451260156e-09,"22","Pcsk1"
"Dach11",1.3845028578986e-13,3.57598882859962,0.444,0.076,2.42800266189677e-09,"22","Dach1"
"Car107",1.77764258198699e-12,2.13084301166908,0.963,0.519,3.11745179603058e-08,"22","Car10"
"Palld",3.9536696200395e-12,3.19396638654874,0.296,0.037,6.93355041266327e-08,"22","Palld"
"Galnt174",7.75714000850828e-12,2.35813318785995,0.815,0.361,1.3603696432921e-07,"22","Galnt17"
"Nrg37",1.05646126854311e-11,1.55665464697311,1,0.949,1.85271612664405e-07,"22","Nrg3"
"Inpp4b4",4.78052468170025e-11,1.8954709861265,0.889,0.363,8.38360613429773e-07,"22","Inpp4b"
"Rora6",1.45378938046473e-10,1.50544407975026,1,0.776,2.549510436521e-06,"22","Rora"
"Syt74",1.5912940243817e-10,1.84398405377897,0.852,0.361,2.79065233055819e-06,"22","Syt7"
"Grm16",2.08657546620688e-10,2.11061965377063,0.852,0.359,3.65922739508701e-06,"22","Grm1"
"Fam189a15",2.15633536881332e-10,1.85034322056206,0.889,0.346,3.78156533628793e-06,"22","Fam189a1"
"Chl15",2.31300124960669e-10,1.9558481353151,0.852,0.372,4.05631029143526e-06,"22","Chl1"
"Gm296831",2.64942381836743e-10,2.5575276683365,0.333,0.053,4.64629455027097e-06,"22","Gm29683"
"Pcdh95",2.85003165839472e-10,2.00820896684095,1,0.87,4.99810051932683e-06,"22","Pcdh9"
"Slc17a62",3.89179640929807e-10,3.02404138510643,0.333,0.056,6.82504336298602e-06,"22","Slc17a6"
"Mctp15",4.86516465840848e-10,1.60863286999916,0.926,0.456,8.53203926145096e-06,"22","Mctp1"
"Calb2",6.35236360865935e-10,3.29780219753328,0.259,0.035,1.11401400605059e-05,"22","Calb2"
"Nr2f1",1.0245729367024e-09,2.63720876708671,0.333,0.056,1.79679355909499e-05,"22","Nr2f1"
"Lrrc3b",2.04799341579832e-09,2.15389657178683,0.519,0.13,3.59156605328551e-05,"22","Lrrc3b"
"Ext14",2.15657210658604e-09,2.64514798658534,0.667,0.262,3.78198050331993e-05,"22","Ext1"
"Rbms15",2.73170538202367e-09,2.33888369308989,0.63,0.207,4.7905917284549e-05,"22","Rbms1"
"Kcnab14",2.42134496907499e-08,1.69323513887261,0.704,0.245,0.000424631267226681,"22","Kcnab1"
"Cntnap5a7",3.2698493056537e-08,1.31275739588858,0.963,0.589,0.000573433472732489,"22","Cntnap5a"
"Cdk144",3.34250250131332e-08,1.59055112280251,0.815,0.318,0.000586174663655317,"22","Cdk14"
"Grm78",3.7106189463215e-08,1.090976947261,1,0.852,0.000650731244616401,"22","Grm7"
"Csmd17",5.86447702150735e-08,1.18797066017339,1,0.94,0.00102845333526174,"22","Csmd1"
"Epb413",9.80415456211892e-08,1.75540553149573,0.704,0.267,0.00171935458555879,"22","Epb41"
"A830018L16Rik8",9.89906658547295e-08,1.59974096449862,0.815,0.371,0.00173599930709439,"22","A830018L16Rik"
"Ghr6",1.17264286728633e-07,2.07162326662393,0.63,0.221,0.00205646379636004,"22","Ghr"
"Rgs65",1.3919790614746e-07,2.60657714843305,0.519,0.164,0.00244111368010801,"22","Rgs6"
"Pbx15",1.57361420752313e-07,1.49192912568549,0.852,0.49,0.00275964723573332,"22","Pbx1"
"Sphkap3",2.76698203912487e-07,1.68805599368526,0.556,0.173,0.00485245640201328,"22","Sphkap"
"Gria35",4.67528063380642e-07,1.22256620860894,0.926,0.551,0.00819903964750632,"22","Gria3"
"Kcnh52",4.84666272772287e-07,2.64456595296058,0.407,0.119,0.0084995924256076,"22","Kcnh5"
"Ak56",5.01957366532254e-07,2.52242783991403,0.63,0.311,0.00880282633687613,"22","Ak5"
"Auts27",5.27069302007002e-07,1.15364879247477,1,0.766,0.0092432143492968,"22","Auts2"
"Nell16",1.02756320710289e-06,1.5664581908615,0.741,0.364,0.0180203759629634,"22","Nell1"
"Luzp25",1.60645585496709e-06,1.62460714672119,0.741,0.354,0.0281724163285578,"22","Luzp2"
"Mdga26",1.60945920205453e-06,0.950729636854724,1,0.938,0.0282250860264303,"22","Mdga2"
"Astn27",1.64560000331175e-06,1.27951927310585,0.963,0.671,0.0288588872580782,"22","Astn2"
"Camk2n1",2.75093198970596e-06,2.21753485768715,0.407,0.121,0.0482430943034734,"22","Camk2n1"
"Pdgfa",3.21917825839729e-06,1.79403577966011,0.519,0.185,0.0564547291175132,"22","Pdgfa"
"Adcy27",4.17664369895313e-06,1.14733205704934,0.852,0.423,0.073245800548541,"22","Adcy2"
"Ctnna26",4.54978793032217e-06,0.651274746009865,1,0.95,0.0797896309340598,"22","Ctnna2"
"Ntm7",4.92341174393224e-06,1.83295476895241,0.889,0.731,0.0863418717533396,"22","Ntm"
"Nrxn15",7.18041506547107e-06,0.863172264872479,1,0.99,0.125922939003166,"22","Nrxn1"
"B3glct3",7.70030855737498e-06,2.1911067324095,0.333,0.089,0.135040311170685,"22","B3glct"
"Tmem132d4",9.10929933000709e-06,2.0814347338931,0.63,0.302,0.159749782350334,"22","Tmem132d"
"Neo13",1.34660649459667e-05,1.56428596553838,0.593,0.242,0.236154380957419,"22","Neo1"
"Adgrl23",1.63884988816506e-05,1.83145648088475,0.556,0.261,0.287405104887506,"22","Adgrl2"
"Epha32",1.65505629918911e-05,3.23013489446678,0.37,0.124,0.290247223188795,"22","Epha3"
"Cachd1",1.6797407761452e-05,1.89900533926165,0.333,0.091,0.294576139912584,"22","Cachd1"
"Epha45",1.77736042968384e-05,2.11406683937487,0.444,0.157,0.311695698553655,"22","Epha4"
"Osbpl3",1.97945154153754e-05,2.12201654466973,0.296,0.077,0.347136416839439,"22","Osbpl3"
"Nxph15",2.31958754962824e-05,3.07258252816208,0.481,0.225,0.406786068578304,"22","Nxph1"
"Lsamp8",2.43671409134165e-05,0.774784715710484,1,0.99,0.427326550198586,"22","Lsamp"
"4833439L19Rik",3.55280136484656e-05,2.21541480581278,0.259,0.063,0.623054775353141,"22","4833439L19Rik"
"Stxbp63",3.86729044155559e-05,2.00093602484364,0.296,0.08,0.678206724735603,"22","Stxbp6"
"Tbc1d41",4.35937800055146e-05,2.30757624303926,0.37,0.126,0.76450411995671,"22","Tbc1d4"
"Cdh76",4.48969294006889e-05,1.31744943998374,0.481,0.17,0.787357450899881,"22","Cdh7"
"Gulp11",4.63716795481751e-05,1.93014124622495,0.37,0.122,0.813220144236346,"22","Gulp1"
"Sorbs26",4.71523065776139e-05,1.27634300047244,0.815,0.5,0.826910000451615,"22","Sorbs2"
"Neto26",4.95380263248002e-05,2.14541464171663,0.444,0.175,0.868748367658021,"22","Neto2"
"Galntl68",5.79439184461094e-05,2.3579529545588,0.889,0.751,1,"22","Galntl6"
"Vstm2a2",5.94153206695833e-05,1.74356373371257,0.407,0.142,1,"22","Vstm2a"
"Abcb7",6.42771706607298e-05,1.56249392122985,0.407,0.136,1,"22","Abcb7"
"Ccdc22",8.64776967727477e-05,1.91268027615872,0.296,0.083,1,"22","Ccdc22"
"Rell2",8.84621800955103e-05,2.08776698271682,0.259,0.067,1,"22","Rell2"
"Clstn27",9.95143579459806e-05,1.51372787963662,0.667,0.371,1,"22","Clstn2"
"Hs3st43",0.000108756449030003,2.45800301197191,0.444,0.199,1,"22","Hs3st4"
"Adcy11",0.000109447900783416,2.17159857352029,0.333,0.11,1,"22","Adcy1"
"Cadm25",0.000115299778539086,1.2158891736995,0.852,0.674,1,"22","Cadm2"
"Lin52",0.00012030404804923,1.62130124463097,0.37,0.122,1,"22","Lin52"
"Frmd4b1",0.000141444388027911,1.75461542992647,0.407,0.156,1,"22","Frmd4b"
"Sarnp",0.000181960922459523,1.6405148585728,0.407,0.153,1,"22","Sarnp"
"Nkain211",0.000186323077462656,0.640303955398825,1,0.949,1,"22","Nkain2"
"Eapp",0.000225776756920711,1.94920615218384,0.259,0.072,1,"22","Eapp"
"C2cd2",0.000243635720730645,1.98569507345695,0.296,0.093,1,"22","C2cd2"
"Sox55",0.000253226984089915,2.02453622134551,0.407,0.166,1,"22","Sox5"
"Grk51",0.000295684271252849,2.26937378920676,0.296,0.1,1,"22","Grk5"
"Hdac97",0.00030653666116136,1.4985200618208,0.593,0.31,1,"22","Hdac9"
"Gm408412",0.00031081736416899,1.44950625583561,0.444,0.18,1,"22","Gm40841"
"Fgf124",0.000315595127680148,0.698227039313037,1,0.877,1,"22","Fgf12"
"Tasp11",0.00035399017361395,1.24668120334666,0.481,0.197,1,"22","Tasp1"
"Pip5k1b4",0.000406017780425856,1.34615502369425,0.593,0.294,1,"22","Pip5k1b"
"Acss23",0.000453490585944195,1.20486102765204,0.519,0.229,1,"22","Acss2"
"Grik27",0.000501837566140134,0.839174179482429,0.963,0.863,1,"22","Grik2"
"Lrp1b8",0.000503672297410781,0.697953319187766,0.963,0.931,1,"22","Lrp1b"
"Ambra13",0.000514553990042646,1.08424563598229,0.667,0.398,1,"22","Ambra1"
"Zfp804a6",0.000520193057248149,1.08479949101395,0.667,0.349,1,"22","Zfp804a"
"Smyd4",0.000586247642591195,2.00633938337297,0.259,0.08,1,"22","Smyd4"
"Edil35",0.000618695662477332,1.13098573997193,0.667,0.413,1,"22","Edil3"
"Pitpnm34",0.000672268132360481,1.335371347981,0.481,0.209,1,"22","Pitpnm3"
"Abca71",0.000706740528369266,1.91268027615872,0.296,0.101,1,"22","Abca7"
"Zmat44",0.000723936593203697,2.33460416102281,0.481,0.312,1,"22","Zmat4"
"Pcdh101",0.000840008612772891,1.76185537391096,0.333,0.125,1,"22","Pcdh10"
"A830082K12Rik2",0.000874469158083648,1.67094064868816,0.296,0.102,1,"22","A830082K12Rik"
"Zw10",0.000894861027305532,1.72908033781934,0.259,0.081,1,"22","Zw10"
"Ank33",0.000925035111336121,0.667757479782042,1,0.995,1,"22","Ank3"
"Dgkq3",0.000947770372752364,1.27866355112402,0.481,0.228,1,"22","Dgkq"
"Clgn",0.00100322473676467,1.64279219928387,0.296,0.102,1,"22","Clgn"
"Tenm14",0.00102420698037496,0.80881867720502,0.926,0.742,1,"22","Tenm1"
"Slc8a33",0.00105190964846916,0.913825726826987,0.741,0.436,1,"22","Slc8a3"
"Mapk9",0.00112242452198133,1.3364879850653,0.37,0.142,1,"22","Mapk9"
"Cog2",0.00115314448778799,1.69146604601956,0.296,0.104,1,"22","Cog2"
"Opcml10",0.00115892874304657,0.902411940704898,0.889,0.767,1,"22","Opcml"
"Dcc5",0.00119112605166476,0.49933562954089,0.963,0.834,1,"22","Dcc"
"Gabra14",0.00124542369869347,1.0570701854939,0.407,0.161,1,"22","Gabra1"
"Klhl18",0.00126773221373073,1.52411498824107,0.333,0.126,1,"22","Klhl18"
"Aifm1",0.00127703957019617,1.54300331027976,0.296,0.103,1,"22","Aifm1"
"Epb41l34",0.00130969943925711,0.95633058661722,0.778,0.574,1,"22","Epb41l3"
"Homer2",0.00134347384917996,2.38661146449114,0.259,0.089,1,"22","Homer2"
"Lingo28",0.00136951683576751,0.413798983043093,1,0.95,1,"22","Lingo2"
"B3gat12",0.00140726362460211,1.41260667302408,0.481,0.236,1,"22","B3gat1"
"Ptprm6",0.00147369257367283,2.00761178831291,0.519,0.351,1,"22","Ptprm"
"Trhde5",0.00152620518211098,1.57623992859867,0.407,0.189,1,"22","Trhde"
"Hsf2",0.00156965680918938,1.69766738518787,0.259,0.086,1,"22","Hsf2"
"Mir124a-1hg3",0.0015711218001254,1.06595614872549,0.519,0.248,1,"22","Mir124a-1hg"
"Khdrbs27",0.00159617570185578,0.889678450797109,0.815,0.513,1,"22","Khdrbs2"
"Enpp2",0.00164385070440053,2.05327860633153,0.259,0.088,1,"22","Enpp2"
"Gm13830",0.00165594494640953,1.54371242557587,0.296,0.106,1,"22","Gm13830"
"Cntn22",0.00176101958084394,1.10152013778415,0.481,0.224,1,"22","Cntn2"
"Grk32",0.00177816482616446,1.1154056640391,0.481,0.225,1,"22","Grk3"
"Rph3a2",0.0019637513460472,1.63575828768484,0.481,0.268,1,"22","Rph3a"
"Klhl51",0.0019770957521247,1.75371832447262,0.296,0.112,1,"22","Klhl5"
"Slc25a271",0.00202367219293536,1.33383738181747,0.444,0.218,1,"22","Slc25a27"
"Akt2",0.00210681120641779,1.83250992747474,0.259,0.091,1,"22","Akt2"
"Tmem1312",0.00212175569572322,1.37163489196778,0.519,0.298,1,"22","Tmem131"
"Drg1",0.00235108583310888,1.39146382969835,0.37,0.158,1,"22","Drg1"
"G3bp1",0.0024210833463888,1.13107076693768,0.407,0.174,1,"22","G3bp1"
"Chsy33",0.00268770389901372,1.99858623056627,0.444,0.236,1,"22","Chsy3"
"Bmerb11",0.00278554126089416,1.02387013517556,0.593,0.336,1,"22","Bmerb1"
"5730522E02Rik6",0.00294273710274107,1.75892421160992,0.519,0.306,1,"22","5730522E02Rik"
"Ncoa13",0.00300047609835866,0.825528327063643,0.741,0.486,1,"22","Ncoa1"
"Arrb2",0.00306129463572792,1.33900358298408,0.333,0.134,1,"22","Arrb2"
"Gm303821",0.00315530739909152,1.82171933834582,0.296,0.123,1,"22","Gm30382"
"Coro2b2",0.003172298753687,1.16120242931983,0.407,0.181,1,"22","Coro2b"
"Fras12",0.00327300818298827,2.04626343053732,0.296,0.127,1,"22","Fras1"
"Syncrip",0.00353099303253845,1.46453446506794,0.333,0.141,1,"22","Syncrip"
"Grm35",0.00369778036900364,1.25914704735952,0.37,0.17,1,"22","Grm3"
"Chrm27",0.00384497482650194,1.72623146418023,0.407,0.207,1,"22","Chrm2"
"Pcp4",0.00388920420508691,1.46453446506794,0.259,0.093,1,"22","Pcp4"
"Cntn38",0.00394113502878371,1.85759099447269,0.481,0.345,1,"22","Cntn3"
"Aarsd1",0.00394815081021491,1.65346758127734,0.259,0.096,1,"22","Aarsd1"
"Eps8",0.0041013060047244,1.75656107424144,0.259,0.099,1,"22","Eps8"
"Mir124-2hg1",0.00414012872452065,1.47796041101818,0.333,0.144,1,"22","Mir124-2hg"
"Gpatch83",0.00417158656846425,0.714351559712746,0.815,0.518,1,"22","Gpatch8"
"Gabrg22",0.00512045403908998,1.166674694881,0.481,0.254,1,"22","Gabrg2"
"Nol11",0.00513658047549001,1.53272811854578,0.296,0.122,1,"22","Nol11"
"Kcnn24",0.0053977219364528,0.912680276158725,0.63,0.36,1,"22","Kcnn2"
"Prr14l",0.00547089331641724,0.91698041359235,0.593,0.329,1,"22","Prr14l"
"Napg",0.00549983351670326,0.955617521240086,0.519,0.278,1,"22","Napg"
"Zfp571",0.00553928440055299,1.24400706904834,0.333,0.142,1,"22","Zfp57"
"Syt31",0.00554675215185237,1.20130639589526,0.37,0.168,1,"22","Syt3"
"Cadps6",0.00563159154854498,0.501696846593161,1,0.878,1,"22","Cadps"
"Epha55",0.005721075050548,1.17087341892302,0.593,0.401,1,"22","Epha5"
"Caln17",0.00577044340113617,1.1658556797918,0.519,0.301,1,"22","Caln1"
"Trpc31",0.00581832899586156,1.52468759989411,0.259,0.1,1,"22","Trpc3"
"Unc13c6",0.00584513282632482,1.55512827154064,0.37,0.182,1,"22","Unc13c"
"Rab3c3",0.0060533248766716,0.987765998714879,0.63,0.417,1,"22","Rab3c"
"Ctbp21",0.00642643868922819,1.17159857352029,0.444,0.226,1,"22","Ctbp2"
"Rbm26",0.00655688832656601,0.817332399571244,0.593,0.344,1,"22","Rbm26"
"Prr166",0.00699245601957542,1.17595717212518,0.519,0.297,1,"22","Prr16"
"Unc5c7",0.00714201086236702,1.19165622586154,0.667,0.467,1,"22","Unc5c"
"Tfdp22",0.00731891691608167,1.16135938901545,0.37,0.171,1,"22","Tfdp2"
"Scamp51",0.00759386176789376,1.41822246462604,0.333,0.155,1,"22","Scamp5"
"Arhgef92",0.00761429833651638,1.00927467439752,0.444,0.225,1,"22","Arhgef9"
"Abi2",0.00781192500395792,1.08518382170281,0.481,0.252,1,"22","Abi2"
"Klf72",0.00788956954082341,1.00048665712753,0.444,0.224,1,"22","Klf7"
"Cnrip1",0.00796776140841982,1.29281216048937,0.37,0.182,1,"22","Cnrip1"
"Hsf4",0.00799439631829582,1.47042130814486,0.259,0.103,1,"22","Hsf4"
"Ext2",0.00848768230104568,0.832509927474741,0.481,0.243,1,"22","Ext2"
"Lncppara5",0.00855823247424391,1.01405729653381,0.37,0.17,1,"22","Lncppara"
"Cep112it2",0.00857718504056684,1.09494458478986,0.37,0.17,1,"22","Cep112it"
"Hid11",0.00861960877805719,1.21137606480837,0.333,0.15,1,"22","Hid1"
"Pnpla61",0.00865344359538813,0.895606762799783,0.407,0.189,1,"22","Pnpla6"
"Necab13",0.00870252361216544,1.38196740067371,0.296,0.13,1,"22","Necab1"
"Dock44",0.00898678473260146,0.788622283473741,0.593,0.367,1,"22","Dock4"
"Dgkh3",0.00923609338450801,1.09944878776445,0.481,0.287,1,"22","Dgkh"
"Kat6b3",0.00927513138416199,0.743409706590138,0.593,0.338,1,"22","Kat6b"
"Maml35",0.00936858042079352,0.878991052303146,0.519,0.28,1,"22","Maml3"
"Jmy",0.00949933308064999,1.36600626016194,0.259,0.103,1,"22","Jmy"
"Sfmbt22",0.00951219022051541,1.7853009696825,0.259,0.112,1,"22","Sfmbt2"
"Qk2",0.00976001792622122,1.41393207049065,0.296,0.131,1,"22","Qk"
"Pak74",0.00993171585755333,0.855579868928207,0.556,0.326,1,"22","Pak7"
"Chat",0,11.3995152977218,0.963,0.001,0,"23","Chat"
"Prima1",0,8.04196329310369,0.889,0.008,0,"23","Prima1"
"Slc5a7",8.05303322605361e-284,8.27226091252549,0.778,0.007,1.41226043685302e-279,"23","Slc5a7"
"Ngfr",6.20437188229775e-203,10.211888294546,0.259,0,1.08806069699856e-198,"23","Ngfr"
"Insrr",2.35627816469934e-198,7.3415235749626,0.63,0.007,4.13220501743324e-194,"23","Insrr"
"Ntrk1",2.48914855662829e-168,8.74240301124478,0.296,0.001,4.36521982375904e-164,"23","Ntrk1"
"Acly",7.53242686020307e-44,4.37500742018523,0.852,0.092,1.32096169847381e-39,"23","Acly"
"Gm29374",4.6804838974382e-42,4.02404138510643,0.593,0.042,8.20816461093737e-38,"23","Gm29374"
"Megf113",4.63260663208413e-38,3.66402978848759,0.889,0.112,8.12420225068594e-34,"23","Megf11"
"Gm11906",2.34972271109668e-35,5.95150834215819,0.519,0.04,4.12070871845024e-31,"23","Gm11906"
"Sphkap4",1.64300101213133e-28,3.83874897345111,0.889,0.171,2.88133087497471e-24,"23","Sphkap"
"Ecel13",3.24612559750198e-28,3.26490229335969,0.852,0.146,5.69273046033921e-24,"23","Ecel1"
"Adcy12",1.97957375313855e-26,3.48899090662697,0.741,0.107,3.47157849087908e-22,"23","Adcy1"
"Elavl25",4.4171452666666e-22,3.65326618600363,0.889,0.22,7.74634765415321e-18,"23","Elavl2"
"Serpine23",7.63746133148828e-22,3.26717623350252,0.63,0.091,1.3393815937031e-17,"23","Serpine2"
"Sv2c6",1.1526868568641e-19,2.84848356368248,0.778,0.163,2.02146694088257e-15,"23","Sv2c"
"D7Ertd443e",1.18214619115514e-19,4.25536693121288,0.259,0.018,2.07312977542878e-15,"23","D7Ertd443e"
"Dysf",1.11152975268039e-18,4.01221594970964,0.37,0.038,1.9492897272756e-14,"23","Dysf"
"Qrfprl",1.1859786962765e-18,4.67939321371898,0.333,0.032,2.0798508396601e-14,"23","Qrfprl"
"Oprd1",7.38385501959228e-18,4.28707579094022,0.259,0.02,1.2949066547859e-13,"23","Oprd1"
"Rbms16",1.3114548420596e-17,3.19884860792849,0.778,0.205,2.29989835651991e-13,"23","Rbms1"
"Slc7a141",1.56277186993578e-17,3.43028345400676,0.815,0.27,2.74063302830638e-13,"23","Slc7a14"
"Zfp945",2.18635017912134e-17,3.40195942882457,0.407,0.049,3.83420230912509e-13,"23","Zfp945"
"C230057M02Rik1",3.60184220519989e-17,3.47427878381437,0.37,0.041,6.31655067525904e-13,"23","C230057M02Rik"
"Tnfaip8l3",1.19388120678338e-16,3.98885195664413,0.259,0.021,2.09370947233602e-12,"23","Tnfaip8l3"
"Antxr1",2.7609028330404e-16,3.49631371640736,0.519,0.088,4.84179529830295e-12,"23","Antxr1"
"Inpp4b5",4.91935806162484e-16,2.93678810083821,0.926,0.363,8.62707823267148e-12,"23","Inpp4b"
"Rgs12",5.96394837807744e-16,3.39810710332897,0.37,0.044,1.04589762706344e-11,"23","Rgs12"
"9530059O14Rik3",1.42462234916938e-15,2.90860119737145,0.889,0.307,2.49836021373835e-11,"23","9530059O14Rik"
"Rimbp21",1.92444197984604e-15,3.16254126548816,0.926,0.412,3.374893900056e-11,"23","Rimbp2"
"Ano13",3.20099327683959e-15,2.52411498824107,0.519,0.085,5.61358190959359e-11,"23","Ano1"
"Malat16",3.62947313340879e-15,1.40587119118604,1,1,6.365007034059e-11,"23","Malat1"
"Lhx84",2.31432798682274e-14,3.03476779169949,0.519,0.093,4.05863699049105e-10,"23","Lhx8"
"Tmem132e",8.22084271803634e-14,2.34737630120804,0.593,0.118,1.44168918746203e-09,"23","Tmem132e"
"Myrip3",2.2807494154831e-13,2.3470831003045,0.704,0.179,3.99975024993272e-09,"23","Myrip"
"Pld56",3.34027040657784e-13,2.72918463531014,0.741,0.232,5.85783221201556e-09,"23","Pld5"
"Mvp",1.00575663029364e-12,2.97587410264592,0.37,0.054,1.76379540254595e-08,"23","Mvp"
"Map3k20",2.25358926724439e-12,3.51144857640491,0.259,0.028,3.95211949796649e-08,"23","Map3k20"
"B3gnt2",2.32567398992951e-12,2.59570706321413,0.444,0.077,4.07853447613938e-08,"23","B3gnt2"
"Pde1a6",4.019309858562e-12,1.85649314703675,0.963,0.383,7.04866369896019e-08,"23","Pde1a"
"Baz2b3",5.53018550803804e-12,1.69491060406071,1,0.493,9.69828632544631e-08,"23","Baz2b"
"Stx1a",9.53177782372217e-12,2.58983647508963,0.481,0.093,1.67158787694616e-07,"23","Stx1a"
"Nckap54",1.59451967537963e-11,2.25188636247792,0.704,0.206,2.79630915471326e-07,"23","Nckap5"
"Dpf31",2.41166817503494e-11,2.52935163660722,0.519,0.108,4.22934247855877e-07,"23","Dpf3"
"Ptn2",3.08546175326713e-11,2.61393377360553,0.481,0.1,5.41097427670457e-07,"23","Ptn"
"Khdrbs34",4.02487605149444e-11,2.12881370702349,0.63,0.162,7.0584251315058e-07,"23","Khdrbs3"
"Ddah11",4.97163263572412e-11,2.63445946651025,0.519,0.125,8.71875215326938e-07,"23","Ddah1"
"Abcc4",6.75858374055942e-11,2.91726754565438,0.296,0.041,1.18525283058191e-06,"23","Abcc4"
"Chrm28",1.40665073024465e-10,1.99652864355885,0.704,0.204,2.46684338563004e-06,"23","Chrm2"
"Nfib4",1.58905596485107e-10,2.02515500541714,0.444,0.085,2.78672744555931e-06,"23","Nfib"
"Chl16",1.83789128156906e-10,1.75454472864294,0.852,0.372,3.22310994048767e-06,"23","Chl1"
"Hdac98",1.86076086583975e-10,2.13040485645233,0.815,0.309,3.26321633042316e-06,"23","Hdac9"
"Thsd43",2.16577366613347e-10,3.0185043202797,0.593,0.193,3.79811727829827e-06,"23","Thsd4"
"Meg35",2.23233723610981e-10,0.605443167402361,1,1,3.91484981096577e-06,"23","Meg3"
"Tspan18",2.32926555391457e-10,3.24068288545577,0.333,0.054,4.08483300189997e-06,"23","Tspan18"
"Arhgap22",3.64537216287267e-10,2.41991147364732,0.444,0.09,6.3928891620298e-06,"23","Arhgap22"
"Stt3b",3.94778546356306e-10,2.4803081658746,0.407,0.078,6.92323136745053e-06,"23","Stt3b"
"Tmtc15",5.39223600232282e-10,1.84661569478147,0.667,0.195,9.45636427727353e-06,"23","Tmtc1"
"Mturn",6.96575428925228e-10,2.66345166984996,0.333,0.055,1.22158432970617e-05,"23","Mturn"
"Runx1t16",7.6262975955692e-10,2.04881045849997,0.667,0.207,1.33742380933497e-05,"23","Runx1t1"
"Slc6a61",1.56380054945987e-09,2.17159857352029,0.704,0.26,2.74243702358777e-05,"23","Slc6a6"
"Cpne53",1.60394405219865e-09,2.19842603473944,0.704,0.233,2.81283668434078e-05,"23","Cpne5"
"Doc2b",1.84266653617239e-09,2.58253167446639,0.333,0.057,3.23148430448553e-05,"23","Doc2b"
"Rbms34",2.73320257291447e-09,1.62000637988506,0.963,0.643,4.79321735212011e-05,"23","Rbms3"
"Evpl",2.78138062796895e-09,2.92302222038018,0.259,0.037,4.87770720726915e-05,"23","Evpl"
"Trpm4",3.21853517187014e-09,2.93343883632552,0.259,0.037,5.64434513090866e-05,"23","Trpm4"
"Cachd11",4.25106394665095e-09,2.66345166984996,0.407,0.09,7.45509084324176e-05,"23","Cachd1"
"Adcy86",4.38268725399839e-09,1.61767348058665,0.815,0.317,7.68591863733698e-05,"23","Adcy8"
"Izumo41",4.43356001377542e-09,1.82602589390454,0.593,0.162,7.77513419615796e-05,"23","Izumo4"
"Tuba1a",6.71857723238313e-09,3.05201695776761,0.259,0.039,0.000117823688924303,"23","Tuba1a"
"Unc13b4",7.74441559491442e-09,1.91800879575592,0.667,0.229,0.000135813816288014,"23","Unc13b"
"Sfta3-ps5",8.30633150389919e-09,2.07580674807549,0.556,0.16,0.00014566813558388,"23","Sfta3-ps"
"Enox23",1.05138132130979e-08,2.74498155534656,0.519,0.146,0.000184380742318098,"23","Enox2"
"Rbfox19",1.0782694328645e-08,1.30467760980977,1,0.896,0.000189096110441448,"23","Rbfox1"
"Wipi1",1.22351124754714e-08,2.56083660336707,0.333,0.063,0.000214567167482342,"23","Wipi1"
"Gsg1l1",1.23851729972257e-08,2.06214117504132,0.481,0.12,0.000217198778852346,"23","Gsg1l"
"Unc13c7",1.40583447075472e-08,2.18703131997938,0.593,0.18,0.000246541191136256,"23","Unc13c"
"Tesc1",1.43725736064336e-08,3.43862226306768,0.259,0.041,0.000252051823336026,"23","Tesc"
"Krt222",1.57626422941168e-08,2.82279477264153,0.259,0.04,0.000276429457911927,"23","Krt222"
"Zic13",1.79148624718788e-08,2.35896870942201,0.407,0.093,0.000314172943169339,"23","Zic1"
"Flot1",1.89697683039407e-08,1.92042977576366,0.519,0.137,0.000332672826746207,"23","Flot1"
"Sntg15",1.91325323781825e-08,1.15610639736737,0.963,0.93,0.000335527220316186,"23","Sntg1"
"Stat2",2.60141269643814e-08,2.39810710332897,0.407,0.094,0.000456209744574356,"23","Stat2"
"Rcan24",2.74228454294562e-08,2.1809397062525,0.704,0.287,0.000480914440296374,"23","Rcan2"
"Slc25a1",4.23458327809074e-08,2.42499039747991,0.37,0.08,0.000742618869478774,"23","Slc25a1"
"Ctnna27",4.44584853379121e-08,1.65096445379695,1,0.95,0.000779668457370964,"23","Ctnna2"
"Tenm24",4.65655446832624e-08,1.62543531673306,0.963,0.799,0.000816619957110372,"23","Tenm2"
"Pard6g",5.04016845490579e-08,2.50704147488213,0.333,0.067,0.000883894341936829,"23","Pard6g"
"Sema4d1",5.59334321106178e-08,1.84702408450805,0.63,0.219,0.000980904598923905,"23","Sema4d"
"Nrip1",6.88154852075494e-08,2.16154490885636,0.37,0.08,0.00120681716408479,"23","Nrip1"
"Scn9a5",7.97576500304182e-08,1.29600891571023,0.852,0.384,0.00139870990858344,"23","Scn9a"
"Lgi15",8.09003123109003e-08,1.51655763706299,0.593,0.173,0.00141874877699626,"23","Lgi1"
"Cacna1d4",8.94340037621428e-08,1.08278930656243,1,0.61,0.0015684041239767,"23","Cacna1d"
"Mafg3",9.09800856099383e-08,1.62741592294147,0.667,0.228,0.00159551776134149,"23","Mafg"
"Syt172",1.12811576232093e-07,2.65590486079661,0.407,0.103,0.00197837661238221,"23","Syt17"
"Gm4258",1.35522220049945e-07,1.99756917374524,0.444,0.116,0.00237665317301589,"23","Gm4258"
"Mpped28",1.38351508071461e-07,1.33164882702748,0.704,0.243,0.00242627039704922,"23","Mpped2"
"Trim11",1.53817717732827e-07,2.49078910583882,0.296,0.057,0.00269750131588058,"23","Trim11"
"Arhgap202",2.1968001719621e-07,1.96514769605286,0.556,0.185,0.00385252846156993,"23","Arhgap20"
"Snap252",2.21527407753437e-07,1.46382205823855,0.852,0.429,0.00388492614977203,"23","Snap25"
"Luzp26",2.85123641709367e-07,1.41532617437767,0.778,0.354,0.00500021330465718,"23","Luzp2"
"Elfn12",2.93938727609245e-07,1.86139104746187,0.407,0.101,0.00515480346608333,"23","Elfn1"
"Ppm1e3",3.16052121840191e-07,1.71160657614575,0.778,0.432,0.00554260606071143,"23","Ppm1e"
"Ache2",3.33535170720469e-07,1.41119710276941,0.778,0.304,0.00584920628892487,"23","Ache"
"Csmd26",3.85184551042869e-07,0.951964003809261,1,0.766,0.00675498147163879,"23","Csmd2"
"Socs2",4.00666071878936e-07,2.64535851192183,0.333,0.078,0.00702648090254091,"23","Socs2"
"Ncald5",4.82823530303725e-07,1.77358980357328,0.741,0.374,0.00846727625093643,"23","Ncald"
"Cab39",5.15516446313049e-07,2.13851178146194,0.407,0.108,0.00904061191899194,"23","Cab39"
"Cdh223",5.3335866118223e-07,1.45574899617308,0.63,0.22,0.00935351084115277,"23","Cdh22"
"Lima12",6.67713002759835e-07,1.71403645759489,0.407,0.103,0.0117096829293992,"23","Lima1"
"Ptprs4",6.70139848264535e-07,1.22273036025741,0.963,0.754,0.0117522425190152,"23","Ptprs"
"Srp19",6.85681528570907e-07,2.55814751583943,0.259,0.049,0.012024796966548,"23","Srp19"
"Neat1",7.09181138144957e-07,2.38938988622786,0.519,0.178,0.0124369096196481,"23","Neat1"
"1700025G04Rik2",7.3060381009593e-07,1.59959172790304,0.667,0.273,0.0128125990176523,"23","1700025G04Rik"
"Lactb21",7.68071398305643e-07,2.16340142055367,0.37,0.092,0.0134696681120861,"23","Lactb2"
"Coro2a",8.08054782969477e-07,2.48737444142605,0.37,0.095,0.0141708567289357,"23","Coro2a"
"Alcam3",8.73022860033541e-07,1.74534628674552,0.741,0.367,0.0153102018964082,"23","Alcam"
"Hmgcs1",9.12179582202008e-07,2.7789288872699,0.259,0.051,0.0159968933330766,"23","Hmgcs1"
"Chn26",9.87771533562687e-07,1.98711481610807,0.519,0.169,0.0173225493840888,"23","Chn2"
"Tnfrsf21",1.01805079400423e-06,2.23460837104609,0.333,0.078,0.0178535567744521,"23","Tnfrsf21"
"Erc23",1.03519004072416e-06,1.00845219074237,0.963,0.843,0.0181541277441797,"23","Erc2"
"Cpeb11",1.0728257347441e-06,1.66053418646767,0.556,0.188,0.0188141449102073,"23","Cpeb1"
"Arhgap42",1.12366909876565e-06,2.7864625599553,0.259,0.051,0.0197057849850533,"23","Arhgap42"
"Stmn24",1.14231426663082e-06,1.57239164415002,0.667,0.269,0.0200327652939047,"23","Stmn2"
"Lca5",1.27207550090873e-06,2.30499769893748,0.296,0.064,0.0223083880594364,"23","Lca5"
"Qk3",1.36820359073036e-06,1.96782183035119,0.444,0.13,0.0239941863706383,"23","Qk"
"Tle2",1.40759747044028e-06,2.08776698271682,0.37,0.094,0.0246850368391113,"23","Tle2"
"Ncbp31",1.46335703891582e-06,1.81957087176724,0.407,0.109,0.0256628923914667,"23","Ncbp3"
"Ercc6",1.57380081490336e-06,1.82972748680341,0.444,0.129,0.0275997448909602,"23","Ercc6"
"Dgkb7",1.72194168198003e-06,1.26713901562898,0.926,0.77,0.0301976912768838,"23","Dgkb"
"Tmsb10",1.73250436497479e-06,1.99756917374524,0.407,0.114,0.0303829290485628,"23","Tmsb10"
"Ntn1",1.75475703278371e-06,2.96104329772012,0.259,0.053,0.0307731740839279,"23","Ntn1"
"Map4k3",1.89396109826806e-06,1.31715713017808,0.778,0.36,0.0332143957803269,"23","Map4k3"
"Phf244",1.97318359091293e-06,1.7394875608825,0.593,0.242,0.03460372063384,"23","Phf24"
"Sntg22",2.0268981643944e-06,1.73496343974371,0.444,0.13,0.0355457131089846,"23","Sntg2"
"Clstn28",2.12735125098563e-06,1.46907362468311,0.778,0.37,0.037307358888535,"23","Clstn2"
"Dpysl33",2.18648433231357e-06,1.48180418338311,0.63,0.234,0.0383443757357831,"23","Dpysl3"
"Zfp40",2.19516845727654e-06,2.4164466940319,0.407,0.119,0.0384966692352587,"23","Zfp40"
"Kcnc26",2.82156062512889e-06,1.40669365267098,0.815,0.504,0.0494817086828853,"23","Kcnc2"
"Dscam9",3.00843970426619e-06,0.926103448698118,1,0.86,0.0527590070937162,"23","Dscam"
"Cadm26",3.40833492501357e-06,1.39143456729437,0.926,0.673,0.059771969579963,"23","Cadm2"
"Epha69",3.90842890549428e-06,1.3728251378197,0.852,0.51,0.0685421177156532,"23","Epha6"
"Rgs11",4.00742337354585e-06,1.77392820621153,0.444,0.136,0.0702781837018735,"23","Rgs11"
"Cpq1",4.0122307656873e-06,1.86936910488539,0.37,0.099,0.0703624909378582,"23","Cpq"
"Slc6a15",4.17099253466956e-06,2.38089781329674,0.407,0.125,0.0731466960805001,"23","Slc6a15"
"Stx2",4.5341564849023e-06,1.83739214885449,0.444,0.14,0.0795155022757316,"23","Stx2"
"Dhcr24",4.56292279860435e-06,1.94182662181824,0.333,0.083,0.0800199771191245,"23","Dhcr24"
"Zfp5366",4.72276266731847e-06,1.80896892663662,0.556,0.205,0.0828230888967641,"23","Zfp536"
"Foxn32",5.08333631069105e-06,1.32706364029107,0.741,0.374,0.0891464688805889,"23","Foxn3"
"Ldlr",5.14479184557578e-06,2.45033706210152,0.259,0.056,0.0902242145958625,"23","Ldlr"
"Exoc6",5.48051480688406e-06,1.84153620326403,0.407,0.119,0.0961117881683258,"23","Exoc6"
"Hcfc1r1",6.03405951790348e-06,2.34847633560437,0.259,0.056,0.105819301765473,"23","Hcfc1r1"
"Mcc1",6.5999912578703e-06,1.98175865889778,0.333,0.085,0.115744046689272,"23","Mcc"
"Galns",6.97271464434532e-06,1.69146604601956,0.444,0.139,0.122280496717884,"23","Galns"
"Gclm",7.68032905711251e-06,2.16749417518755,0.296,0.071,0.134689930674582,"23","Gclm"
"Sugt1",7.7067592561998e-06,1.93343883632552,0.333,0.086,0.135153437075976,"23","Sugt1"
"Ptbp22",8.25153066087832e-06,1.37340059076459,0.63,0.255,0.144707093199823,"23","Ptbp2"
"Tmx1",1.02740002876946e-05,2.58910432838988,0.259,0.058,0.1801751430453,"23","Tmx1"
"Gm267821",1.0686475414234e-05,1.79111829627781,0.407,0.124,0.187408719339422,"23","Gm26782"
"Fbn2",1.11958830181948e-05,1.86803636110388,0.296,0.071,0.196342200490082,"23","Fbn2"
"Gpc66",1.13677858026845e-05,1.90628250496057,0.704,0.343,0.199356859621677,"23","Gpc6"
"Btbd112",1.24600385363766e-05,1.38491044650644,0.704,0.336,0.218511695812436,"23","Btbd11"
"Hdac42",1.27010363185911e-05,1.35620015159504,0.593,0.222,0.222738073919133,"23","Hdac4"
"Cdh135",1.27630591772472e-05,1.96247850927688,0.704,0.491,0.223825768791385,"23","Cdh13"
"Gpi13",1.30181142411445e-05,1.82943491023764,0.778,0.576,0.228298669446951,"23","Gpi1"
"Tmem1783",1.37068762982847e-05,2.38505095050352,0.37,0.113,0.240377489643019,"23","Tmem178"
"Camk2d3",1.3915930696869e-05,1.28447164756007,0.741,0.378,0.244043676630991,"23","Camk2d"
"Kiz1",1.39898088374909e-05,1.65538223987408,0.407,0.123,0.245339277583078,"23","Kiz"
"Jph3",1.56556953612501e-05,1.59625865757791,0.407,0.123,0.274553929550243,"23","Jph3"
"Tead13",1.6134265278384e-05,1.66315013467468,0.519,0.19,0.28294661018702,"23","Tead1"
"Rdx1",1.62421881821209e-05,1.27169062773405,0.593,0.225,0.284839254149855,"23","Rdx"
"Ptgr2",1.67881056585574e-05,2.26060357957903,0.259,0.06,0.294413008934122,"23","Ptgr2"
"Gna11",1.69044647388899e-05,1.63540394774915,0.407,0.125,0.296453598125913,"23","Gna11"
"Whrn3",1.75106191710448e-05,2.21679709492963,0.407,0.138,0.307083728402612,"23","Whrn"
"Dpyd6",1.83606641310031e-05,1.68826508405566,0.667,0.347,0.321990966865401,"23","Dpyd"
"Ube2f",1.95782465019045e-05,1.89628583790806,0.333,0.091,0.3433437089039,"23","Ube2f"
"Galntl69",1.97388345554188e-05,1.11744428404971,0.889,0.751,0.34615994159838,"23","Galntl6"
"Grip22",2.00050543623745e-05,1.44950625583561,0.556,0.213,0.350828638352961,"23","Grip2"
"Auh",2.10074708444125e-05,1.67505828949795,0.444,0.15,0.368408016198462,"23","Auh"
"Micall1",2.23143809595898e-05,2.16120242931983,0.333,0.095,0.391327298888327,"23","Micall1"
"Tacr1",2.23469473618229e-05,1.76480506833635,0.296,0.074,0.391898415884288,"23","Tacr1"
"Cdh9",2.26640937019481e-05,1.74650740957752,0.333,0.091,0.397460211251064,"23","Cdh9"
"Iqgap13",2.37689517227839e-05,1.41260667302408,0.593,0.242,0.41683610636246,"23","Iqgap1"
"Reep16",2.38957651349181e-05,1.23317783543965,0.741,0.37,0.419060033171058,"23","Reep1"
"Atp2b44",2.41174128666924e-05,1.43710123494483,0.593,0.246,0.422947069443184,"23","Atp2b4"
"Gga2",2.55941560036268e-05,1.70657293840977,0.444,0.154,0.448844713835603,"23","Gga2"
"Lrsam1",2.64974146502402e-05,1.81314460260781,0.37,0.112,0.464685160721262,"23","Lrsam1"
"Tbl1xr1",2.67527602940412e-05,2.3415235749626,0.259,0.062,0.4691631572766,"23","Tbl1xr1"
"St8sia4",2.83869078490721e-05,2.03746190086875,0.296,0.078,0.497821202949178,"23","St8sia4"
"Serinc5",2.8574808299165e-05,2.20275950500675,0.259,0.062,0.501116413142457,"23","Serinc5"
"Uso1",3.15938891865375e-05,1.62974631288723,0.407,0.13,0.554062034664309,"23","Uso1"
"Rasa33",3.71616975516086e-05,1.50554464434057,0.481,0.176,0.65170468996256,"23","Rasa3"
"Srgap23",3.76239347109279e-05,1.07077168752813,0.852,0.504,0.659810943025542,"23","Srgap2"
"Nacad",3.99146489368182e-05,1.96871431107305,0.333,0.096,0.69998319840498,"23","Nacad"
"Ufsp2",4.01308934104873e-05,1.66826154849228,0.407,0.134,0.703775477739716,"23","Ufsp2"
"Wnk12",4.21662838137814e-05,1.02701295163772,0.815,0.431,0.739470119242284,"23","Wnk1"
"Rnasel",4.35395393243081e-05,2.25623838701763,0.296,0.08,0.763552901130391,"23","Rnasel"
"Srebf2",5.15300275562504e-05,1.54797445243003,0.444,0.157,0.903682093253964,"23","Srebf2"
"Col18a1",5.35749268186248e-05,1.7528665906837,0.259,0.064,0.939543491618223,"23","Col18a1"
"Gtpbp21",5.53533042481693e-05,1.51840133704668,0.481,0.177,0.970730896600146,"23","Gtpbp2"
"Rab121",5.56380980818426e-05,1.13070750493377,0.667,0.285,0.975725326061274,"23","Rab12"
"Cyth3",5.70074990805865e-05,1.85061930802647,0.37,0.12,0.999740511376245,"23","Cyth3"
"2510009E07Rik",5.87488250038556e-05,1.51631198832395,0.444,0.157,1,"23","2510009E07Rik"
"Eipr1",6.12512891510228e-05,1.9304549778867,0.37,0.121,1,"23","Eipr1"
"Vstm2l2",6.16816013345215e-05,1.5575276683365,0.407,0.136,1,"23","Vstm2l"
"Magi34",6.311583794327e-05,1.28027061303511,0.778,0.427,1,"23","Magi3"
"March41",6.33671916335574e-05,1.62049952466541,0.407,0.138,1,"23","March4"
"Gnai3",6.69752590907261e-05,2.11715078949791,0.259,0.066,1,"23","Gnai3"
"Arhgef18",6.88173410261822e-05,1.49506883321605,0.407,0.135,1,"23","Arhgef18"
"Tdp1",7.12653008650498e-05,1.8854588074237,0.296,0.082,1,"23","Tdp1"
"Szrd1",8.10843313606734e-05,1.95026345896688,0.296,0.083,1,"23","Szrd1"
"Osbpl5",8.22266427776342e-05,1.93762663328896,0.296,0.083,1,"23","Osbpl5"
"Unc13a1",8.26609571845449e-05,0.968714311073053,0.889,0.541,1,"23","Unc13a"
"Psma31",8.92307928767064e-05,1.4045333724884,0.519,0.212,1,"23","Psma3"
"Kcnmb23",9.94341875073649e-05,1.17777714844941,0.407,0.135,1,"23","Kcnmb2"
"Sdk16",0.000104765079716554,1.28793787345221,0.778,0.388,1,"23","Sdk1"
"Abcb91",0.000105434301514005,1.47972086888262,0.407,0.139,1,"23","Abcb9"
"Dner4",0.000108680379469285,1.13007201643681,0.815,0.467,1,"23","Dner"
"Map1b1",0.000109854415259121,0.642958975197688,0.963,0.791,1,"23","Map1b"
"B830012L14Rik1",0.000116643022671874,1.56016386143794,0.704,0.392,1,"23","B830012L14Rik"
"Flrt11",0.000119641447689168,1.89114711460908,0.407,0.149,1,"23","Flrt1"
"Gm10862",0.000121620300668292,1.69500640372481,0.333,0.103,1,"23","Gm10862"
"Plpp41",0.000127888868865532,1.97157396521229,0.259,0.069,1,"23","Plpp4"
"BC005537",0.000133266348001932,1.19508000685945,0.556,0.23,1,"23","BC005537"
"Trappc6b",0.000137301755543506,1.70567990523926,0.333,0.104,1,"23","Trappc6b"
"Eml62",0.000138591257144394,0.895452472115621,0.963,0.755,1,"23","Eml6"
"Crkl",0.000141678101308131,1.99756917374524,0.259,0.069,1,"23","Crkl"
"Fam129b",0.000141866696715499,2.10336383776783,0.259,0.071,1,"23","Fam129b"
"Micu12",0.000142065798196922,1.46586803013676,0.481,0.189,1,"23","Micu1"
"Cntn55",0.000142791925153456,0.668604247528116,1,0.775,1,"23","Cntn5"
"Phldb11",0.000145201981771878,1.36600626016194,0.481,0.189,1,"23","Phldb1"
"Ank24",0.000145352486698902,0.763910007594412,1,0.984,1,"23","Ank2"
"Itga3",0.000145824349539933,1.92509953541279,0.296,0.088,1,"23","Itga3"
"Fbxo22",0.000148923457699255,1.94182662181824,0.296,0.088,1,"23","Fbxo22"
"Fads1",0.000149041796162656,1.99211474365313,0.259,0.07,1,"23","Fads1"
"Minar2",0.000150755716849764,1.68441128848561,0.333,0.105,1,"23","Minar2"
"Sh3rf36",0.00015161633406857,0.96514769605286,0.704,0.337,1,"23","Sh3rf3"
"Pik3ip1",0.000152225922813282,2.24255712416158,0.296,0.091,1,"23","Pik3ip1"
"Lncppara6",0.000157185406699549,1.43648377504202,0.444,0.17,1,"23","Lncppara"
"Isl11",0.000159510448707413,1.99393059668189,0.296,0.089,1,"23","Isl1"
"Olfm12",0.000162611952728742,1.884846067962,0.444,0.176,1,"23","Olfm1"
"Cep57",0.000162701456206615,1.97753142050869,0.333,0.109,1,"23","Cep57"
"Trpc75",0.000163217386648328,1.1764643286921,0.63,0.295,1,"23","Trpc7"
"Hectd2",0.000166164694922452,1.84819154970701,0.296,0.088,1,"23","Hectd2"
"Alg9",0.000170137776371473,1.81528351336415,0.296,0.087,1,"23","Alg9"
"Me2",0.000176598953244162,1.77726006690928,0.296,0.087,1,"23","Me2"
"Slco3a13",0.000180788948169376,1.32654054563672,0.63,0.331,1,"23","Slco3a1"
"Atpif1",0.000184160641145529,1.67040443049173,0.333,0.106,1,"23","Atpif1"
"Tmem1642",0.000185388087748315,1.31793675464498,0.444,0.165,1,"23","Tmem164"
"Smurf1",0.000194695876005521,1.26989134797138,0.519,0.215,1,"23","Smurf1"
"BC004004",0.00020045695182163,1.59075218127136,0.37,0.127,1,"23","BC004004"
"Carmil12",0.000201032556966232,1.5560594631052,0.556,0.252,1,"23","Carmil1"
"Nxn",0.000207350593885951,1.53416865290499,0.333,0.107,1,"23","Nxn"
"Ywhag",0.00021599052805807,1.53190560139643,0.407,0.151,1,"23","Ywhag"
"Cpne46",0.00021935790097863,1.98391849789097,0.519,0.241,1,"23","Cpne4"
"Vezt",0.000219714469567113,1.26139867193362,0.667,0.371,1,"23","Vezt"
"Syt113",0.000222123886646491,0.738322490124184,1,0.913,1,"23","Syt1"
"Slc43a2",0.000226029521156128,1.49893147284845,0.444,0.173,1,"23","Slc43a2"
"Fras13",0.000227551620233029,1.54797445243003,0.37,0.126,1,"23","Fras1"
"Sept8",0.000240340882713346,1.47379603492551,0.481,0.201,1,"23","Sept8"
"Slc44a57",0.000246038103185675,1.78053993717588,0.519,0.213,1,"23","Slc44a5"
"Fstl54",0.000250803726629834,1.69949639300076,0.667,0.361,1,"23","Fstl5"
"Pacsin2",0.000258261051271563,1.62242440158991,0.333,0.108,1,"23","Pacsin2"
"2610037D02Rik2",0.000262100160255547,1.28453359637777,0.556,0.253,1,"23","2610037D02Rik"
"Nrbp2",0.000274185203351683,1.52232704026048,0.63,0.352,1,"23","Nrbp2"
"Cpne84",0.000276483432297322,1.42909479581265,0.407,0.152,1,"23","Cpne8"
"Ap1m1",0.000278987381817197,1.59240191849046,0.333,0.109,1,"23","Ap1m1"
"Xpo1",0.000281366632663263,1.02171086907724,0.63,0.289,1,"23","Xpo1"
"Kif1b",0.000283944802776468,0.679969116900512,1,0.84,1,"23","Kif1b"
"Sfxn3",0.000287732181978156,2.04698136787032,0.259,0.075,1,"23","Sfxn3"
"Tex21",0.000290755813740958,1.68265297621325,0.444,0.184,1,"23","Tex2"
"Utp4",0.000294557290676732,2.18896570549038,0.259,0.076,1,"23","Utp4"
"Cux24",0.000300005338204203,1.74378380098894,0.556,0.336,1,"23","Cux2"
"Mdga14",0.000300313808610587,1.28041206065921,0.37,0.126,1,"23","Mdga1"
"Stard92",0.000301138469969758,1.67272948343797,0.407,0.16,1,"23","Stard9"
"Coro71",0.000314216744487755,1.40195942882457,0.444,0.177,1,"23","Coro7"
"Zfp9481",0.000320847319548907,1.67167217665493,0.333,0.112,1,"23","Zfp948"
"Dcun1d51",0.000322121115798778,1.60900388582759,0.333,0.11,1,"23","Dcun1d5"
"Rsrp13",0.00032308526083465,1.04058382363678,0.741,0.516,1,"23","Rsrp1"
"Sil11",0.000323701089504975,1.22867541529235,0.444,0.168,1,"23","Sil1"
"Ppfia4",0.000328085767329149,1.29271132560966,0.519,0.231,1,"23","Ppfia4"
"Pgm1",0.000328634683015325,1.82861601137025,0.296,0.093,1,"23","Pgm1"
"Cacnb1",0.000332743576497661,1.75656107424144,0.333,0.114,1,"23","Cacnb1"
"Eif2ak3",0.000335065692717963,1.81796161890559,0.259,0.074,1,"23","Eif2ak3"
"8030462N17Rik",0.000336288267324646,1.71603326765883,0.296,0.092,1,"23","8030462N17Rik"
"Snx6",0.000348148921929068,1.25536693121288,0.481,0.196,1,"23","Snx6"
"Fut83",0.000351597986946835,1.19707075512743,0.556,0.252,1,"23","Fut8"
"Acsl3",0.000355770598955672,1.54690776473567,0.333,0.111,1,"23","Acsl3"
"Slc25a272",0.000357050174113453,1.56083660336708,0.481,0.218,1,"23","Slc25a27"
"2700097O09Rik",0.00035977423683071,1.34847633560437,0.407,0.151,1,"23","2700097O09Rik"
"Adamts6",0.000369022134665166,1.99320398118384,0.259,0.077,1,"23","Adamts6"
"Pygb1",0.000373724530746647,1.43463297935408,0.444,0.182,1,"23","Pygb"
"Slc1a2",0.000374349728906475,1.69914783174251,0.333,0.115,1,"23","Slc1a2"
"C788595",0.000381871542236471,1.4808117536536,0.407,0.157,1,"23","C78859"
"Shoc2",0.000390756335012393,1.69082327699984,0.333,0.114,1,"23","Shoc2"
"Cacna1h2",0.000403073007121936,1.62361458043444,0.407,0.163,1,"23","Cacna1h"
"Rheb",0.000413986561167471,1.68441128848561,0.296,0.093,1,"23","Rheb"
"Rnf1303",0.000423142875691145,1.09814612849682,0.667,0.334,1,"23","Rnf130"
"Myo9a2",0.000424004764795996,0.71042855843107,1,0.656,1,"23","Myo9a"
"Tmtc26",0.000424557473486182,2.27896748755275,0.481,0.216,1,"23","Tmtc2"
"Map42",0.000428769356196241,1.00154902465778,0.63,0.303,1,"23","Map4"
"Zic41",0.000430997221385756,1.86759238663019,0.259,0.076,1,"23","Zic4"
"Gm15446",0.000434102045608099,1.53734290070014,0.333,0.113,1,"23","Gm15446"
"Slc22a14",0.000441812345656684,1.87568606867652,0.296,0.097,1,"23","Slc22a14"
"Rian4",0.000442368989666739,0.652834147955978,0.889,0.951,1,"23","Rian"
"Ola1",0.000451983522849171,1.66219112364404,0.333,0.116,1,"23","Ola1"
"Anxa63",0.000459708246953463,1.57272849943604,0.444,0.198,1,"23","Anxa6"
"Garnl35",0.000461636598699103,1.14042593198938,0.778,0.496,1,"23","Garnl3"
"Rgs7bp3",0.00047254584837382,1.14223895537737,0.667,0.373,1,"23","Rgs7bp"
"Myo63",0.000476483867110493,1.15644634828774,0.519,0.225,1,"23","Myo6"
"Rab3b2",0.000479462865153093,1.94130095409849,0.333,0.116,1,"23","Rab3b"
"Snx8",0.000484191554795665,1.64964587032493,0.296,0.095,1,"23","Snx8"
"Ctif2",0.000487109968555109,0.990630743823097,0.815,0.492,1,"23","Ctif"
"Cpne76",0.000487179558546065,1.002213401847,0.63,0.319,1,"23","Cpne7"
"Dtna4",0.000496450487128548,0.990535054296689,0.704,0.383,1,"23","Dtna"
"Man1a23",0.000516463675818819,1.40171835688135,0.444,0.182,1,"23","Man1a2"
"Rpl41",0.000517254165375383,1.67272948343797,0.333,0.116,1,"23","Rpl41"
"Arhgef111",0.000523400002051186,1.39926172127046,0.556,0.273,1,"23","Arhgef11"
"Rims13",0.000532334423351895,1.07698445837835,0.815,0.682,1,"23","Rims1"
"Adam191",0.000535476492688935,1.60455798079639,0.296,0.095,1,"23","Adam19"
"Fbxo44",0.000541619632582787,1.53416865290499,0.333,0.115,1,"23","Fbxo44"
"Nwd23",0.00055283036220885,1.80674683140966,0.333,0.117,1,"23","Nwd2"
"Rhoq",0.00055987142074166,1.91268027615872,0.259,0.079,1,"23","Rhoq"
"Kif5a2",0.000580987437856238,1.00167357207797,0.778,0.509,1,"23","Kif5a"
"Sbk1",0.000584945214836078,1.75656107424144,0.259,0.078,1,"23","Sbk1"
"Nphp3",0.000587158759394606,1.7272667674474,0.296,0.098,1,"23","Nphp3"
"Dvl11",0.000590251560677539,1.38732726457572,0.519,0.258,1,"23","Dvl1"
"Mapt1",0.000627106861044151,0.489240335884184,1,0.915,1,"23","Mapt"
"Mtm1",0.000628290596721186,1.95922286209576,0.259,0.08,1,"23","Mtm1"
"Gpr137",0.000640543616807051,1.72003519821633,0.259,0.078,1,"23","Gpr137"
"Hivep31",0.000647416655165895,1.00592054317816,0.741,0.474,1,"23","Hivep3"
"Lrrc20",0.000679578523891919,1.84120088773879,0.259,0.08,1,"23","Lrrc20"
"Atp13a21",0.000764786781308883,1.25137522162549,0.481,0.214,1,"23","Atp13a2"
"Cep192",0.000768853415350587,1.3746904388978,0.37,0.139,1,"23","Cep192"
"Trim462",0.0007709384940537,1.29985439566153,0.519,0.253,1,"23","Trim46"
"Por1",0.00078773288730829,1.19977838688299,0.519,0.232,1,"23","Por"
"Anxa7",0.000788469019537321,1.58850557551103,0.333,0.121,1,"23","Anxa7"
"Rnf24",0.000788608329403109,1.67855856224017,0.333,0.123,1,"23","Rnf24"
"Asap14",0.000789040992481229,1.12769316712958,0.593,0.311,1,"23","Asap1"
"Sema6a6",0.000802313404903871,1.57741754276975,0.481,0.246,1,"23","Sema6a"
"Flnb1",0.00080992907991348,0.988691022398785,0.667,0.364,1,"23","Flnb"
"Gm413611",0.00081445767919458,1.38852105449977,0.407,0.168,1,"23","Gm41361"
"Grb14",0.000832517972318219,1.65998781454639,0.296,0.1,1,"23","Grb14"
"Nln3",0.000838363367208149,1.33301207510708,0.407,0.163,1,"23","Nln"
"Myo1d",0.000852492804024338,1.57598882859962,0.296,0.1,1,"23","Myo1d"
"Rps6ka51",0.000866426865945263,1.60455798079639,0.333,0.123,1,"23","Rps6ka5"
"Pfkp5",0.000886652406493112,0.921101443847104,0.667,0.354,1,"23","Pfkp"
"D130040H23Rik",0.000894746326081605,1.05201695776761,0.519,0.234,1,"23","D130040H23Rik"
"Ywhah",0.00089937885582404,1.73362426296428,0.259,0.081,1,"23","Ywhah"
"Prune23",0.000905184039004646,1.32575625910428,0.407,0.166,1,"23","Prune2"
"Miat1",0.000933704061142609,0.987114816108071,0.815,0.543,1,"23","Miat"
"Ldlrad3",0.000936015445490567,1.77726006690928,0.259,0.082,1,"23","Ldlrad3"
"Dync1h12",0.000937685733476551,0.795204426982728,0.852,0.652,1,"23","Dync1h1"
"Prmt22",0.000987060286174348,1.29712945560415,0.444,0.193,1,"23","Prmt2"
"Epha56",0.000996104483816787,1.22733548533168,0.704,0.401,1,"23","Epha5"
"Dcaf11",0.000999278226120084,1.25885591729276,0.444,0.186,1,"23","Dcaf11"
"Ngly1",0.00100346615153857,1.87649793985208,0.259,0.083,1,"23","Ngly1"
"Rnf411",0.00101766103476753,1.42137688265181,0.333,0.12,1,"23","Rnf41"
"Farp12",0.00104613507719334,0.825030931767942,0.704,0.372,1,"23","Farp1"
"Eef1a1",0.00105680419786974,1.56475697273842,0.333,0.124,1,"23","Eef1a1"
"Galnt101",0.00106471975691004,1.30499769893749,0.37,0.142,1,"23","Galnt10"
"Ube2g1",0.00109089614188659,1.62531654096319,0.37,0.15,1,"23","Ube2g1"
"Serac1",0.0010918239098953,1.56083660336707,0.296,0.101,1,"23","Serac1"
"Tsta3",0.00113494014624553,1.66258492603243,0.259,0.082,1,"23","Tsta3"
"Zfyve1",0.00114706517508281,1.20066103912275,0.407,0.163,1,"23","Zfyve1"
"Cdon",0.00118452745398355,1.72990544224039,0.296,0.106,1,"23","Cdon"
"Trip41",0.00121955121179797,1.26891086764307,0.481,0.226,1,"23","Trip4"
"Lars1",0.00122375756970951,1.21965802958012,0.407,0.165,1,"23","Lars"
"Dlx6os14",0.00123572063786992,1.19021425168763,0.37,0.142,1,"23","Dlx6os1"
"Ddx171",0.00124576008123976,0.986459500480335,0.815,0.537,1,"23","Ddx17"
"Ablim13",0.00128139866784016,0.930827622868984,0.704,0.399,1,"23","Ablim1"
"Peak11",0.00129691543144337,1.2534673982974,0.37,0.142,1,"23","Peak1"
"Grin3a6",0.00130307745196097,0.821858059022936,0.667,0.348,1,"23","Grin3a"
"Rnf381",0.00134165256869958,1.39091160192476,0.37,0.148,1,"23","Rnf38"
"Atp5h",0.00135526719968833,1.54300331027976,0.296,0.103,1,"23","Atp5h"
"Lrrc41",0.0013727669489975,1.83250992747474,0.259,0.086,1,"23","Lrrc41"
"Cacnb45",0.00140884560855555,0.941008999217219,0.667,0.411,1,"23","Cacnb4"
"Neto17",0.00146780715478043,1.56487965610436,0.444,0.217,1,"23","Neto1"
"Rpap2",0.00147345664343769,1.66692386175677,0.259,0.085,1,"23","Rpap2"
"Sez63",0.00149099281615114,1.24899228920874,0.444,0.2,1,"23","Sez6"
"Prpf4",0.00152028035985416,1.44370396976908,0.296,0.103,1,"23","Prpf4"
"Tnpo2",0.00154277070446219,1.38089781329674,0.333,0.125,1,"23","Tnpo2"
"Zfp5214",0.00156408992781899,1.76310392010822,0.333,0.134,1,"23","Zfp521"
"Map3k131",0.00157673135089818,1.39810710332897,0.37,0.151,1,"23","Map3k13"
"Cmas",0.00169285766017617,1.58253167446639,0.296,0.107,1,"23","Cmas"
"Shisal1",0.00171912647854685,1.85061930802647,0.296,0.112,1,"23","Shisal1"
"Washc41",0.00173217688664464,1.20758519727954,0.481,0.225,1,"23","Washc4"
"Mtf1",0.00173756776507837,1.37520670121889,0.333,0.126,1,"23","Mtf1"
"Spg11",0.0017442704075139,1.22062414161039,0.37,0.146,1,"23","Spg11"
"Exoc7",0.00175060824130661,1.45427099962696,0.333,0.129,1,"23","Exoc7"
"Fbxo361",0.00176330731718806,1.35896870942201,0.407,0.173,1,"23","Fbxo36"
"Ppp2r2d",0.00177478627080348,1.35546276592047,0.333,0.126,1,"23","Ppp2r2d"
"Msi28",0.00178152873340422,0.736722327149208,0.815,0.501,1,"23","Msi2"
"Gnb41",0.00178429658669351,1.76894479869728,0.296,0.107,1,"23","Gnb4"
"Galk2",0.00178516406514657,1.33875182571255,0.333,0.126,1,"23","Galk2"
"Mirg2",0.00180379160298368,0.950616066824164,0.852,0.582,1,"23","Mirg"
"Rabgef1",0.00182338351987229,1.46247592244869,0.333,0.129,1,"23","Rabgef1"
"Nmt21",0.00184860040194931,0.823255918575099,0.63,0.318,1,"23","Nmt2"
"Nxpe43",0.00185277013375731,1.5556966317926,0.444,0.21,1,"23","Nxpe4"
"Osbpl83",0.00186253588282478,1.2452556152456,0.444,0.209,1,"23","Osbpl8"
"Zfp6184",0.00189694833430003,1.19490594701236,0.444,0.203,1,"23","Zfp618"
"Snx1",0.00189719621840902,1.88815795702466,0.333,0.13,1,"23","Snx1"
"Rad50",0.00191779764304127,1.28174234663718,0.333,0.126,1,"23","Rad50"
"Uba2",0.00192351977083754,1.59901979725496,0.296,0.109,1,"23","Uba2"
"Baz2a1",0.00203775413727855,0.941676411495768,0.63,0.368,1,"23","Baz2a"
"Asic25",0.00205035559573455,0.603651245986609,0.963,0.927,1,"23","Asic2"
"Cep85",0.00205684168879427,1.57028807871165,0.259,0.087,1,"23","Cep85"
"Iffo1",0.00211198045905306,1.55331975324991,0.296,0.109,1,"23","Iffo1"
"Aacs",0.00213819422598878,1.95836309148575,0.259,0.093,1,"23","Aacs"
"Cdh115",0.00216619163735701,1.22775470000502,0.407,0.176,1,"23","Cdh11"
"Cnot6",0.00222073755497934,1.61151074143816,0.259,0.088,1,"23","Cnot6"
"Pwp1",0.00224521674576385,1.38533980725509,0.296,0.107,1,"23","Pwp1"
"Taf4",0.00226122038730546,1.59075218127136,0.259,0.088,1,"23","Taf4"
"Ermard",0.00229592531242871,1.29377044351423,0.37,0.153,1,"23","Ermard"
"Btbd72",0.00234021377609222,1.24413114516459,0.481,0.241,1,"23","Btbd7"
"Lrrc11",0.00234421264895393,1.39810710332897,0.333,0.132,1,"23","Lrrc1"
"Psmc4",0.00234495028054741,1.29242902543443,0.333,0.128,1,"23","Psmc4"
"Bcas32",0.00235630403346846,0.839023234433416,0.667,0.375,1,"23","Bcas3"
"Ubac1",0.00237414593369858,1.59488006689404,0.259,0.089,1,"23","Ubac1"
"Copg1",0.00238946161107011,1.30049630670254,0.37,0.154,1,"23","Copg1"
"Ddx54",0.00240301756195225,0.614604897130608,0.889,0.564,1,"23","Ddx5"
"Syt132",0.00257735821029209,1.24383869709963,0.407,0.182,1,"23","Syt13"
"Ndst1",0.00260169453988927,1.56622986213729,0.296,0.112,1,"23","Ndst1"
"Ccdc171",0.00267591142573436,1.3695379511322,0.296,0.109,1,"23","Ccdc171"
"Akap17b1",0.00270773628754524,1.18865373770002,0.444,0.211,1,"23","Akap17b"
"Ppp2r2a",0.00276206831722574,1.54371242557587,0.296,0.113,1,"23","Ppp2r2a"
"L3mbtl12",0.00277590221965277,1.3695379511322,0.37,0.161,1,"23","L3mbtl1"
"Gnb12",0.00277818711465949,0.943053925202244,0.63,0.34,1,"23","Gnb1"
"Ogt3",0.00298275927014494,0.739361217411177,0.778,0.449,1,"23","Ogt"
"Pgbd52",0.00300225885679734,1.44205045091656,0.333,0.137,1,"23","Pgbd5"
"Atg7",0.00300276850944886,1.37583793948793,0.296,0.111,1,"23","Atg7"
"Kdm1a",0.00300335337016478,1.10336383776783,0.407,0.177,1,"23","Kdm1a"
"Fam13c3",0.00303258598943962,1.18691162901479,0.444,0.216,1,"23","Fam13c"
"Mob2",0.0030943541821976,1.84032943193404,0.259,0.093,1,"23","Mob2"
"Ptms1",0.00311425964725542,2.13507269749517,0.259,0.095,1,"23","Ptms"
"Chd62",0.00320153762508132,0.711518115186472,0.852,0.652,1,"23","Chd6"
"Hip11",0.00328666013001793,1.0610721160514,0.481,0.235,1,"23","Hip1"
"Zer12",0.00330948810806327,0.818813352694503,0.556,0.27,1,"23","Zer1"
"Rab101",0.00332910127159242,1.37485175102866,0.407,0.191,1,"23","Rab10"
"Aff35",0.00335945039198821,0.876791821632014,0.704,0.439,1,"23","Aff3"
"Mir9-3hg3",0.00339675652064974,1.23460837104609,0.333,0.134,1,"23","Mir9-3hg"
"Nup931",0.00341979887425166,1.36440379966076,0.333,0.137,1,"23","Nup93"
"Nup155",0.00343439734669514,1.56218302907459,0.259,0.092,1,"23","Nup155"
"C130071C03Rik3",0.00345741814607043,1.20066103912275,0.407,0.187,1,"23","C130071C03Rik"
"Ptprf3",0.00347574302400401,1.10448437766175,0.556,0.336,1,"23","Ptprf"
"Cdk145",0.00348252262345837,1.27097411664861,0.556,0.32,1,"23","Cdk14"
"Mmp24",0.00356772154012717,1.15488117857535,0.37,0.157,1,"23","Mmp24"
"Tnrc6a2",0.00358325555405202,0.464710135697187,1,0.869,1,"23","Tnrc6a"
"Thra2",0.00359258051502585,0.890765499730284,0.63,0.385,1,"23","Thra"
"Zbtb46",0.00361893849143172,1.47972086888262,0.259,0.092,1,"23","Zbtb46"
"Nup981",0.00364264079203816,1.23829341785394,0.407,0.188,1,"23","Nup98"
"Gm36388",0.00371164212964852,1.63824110705268,0.296,0.12,1,"23","Gm36388"
"Mrs2",0.00374983353270263,1.28974992523855,0.333,0.136,1,"23","Mrs2"
"Psen2",0.00377629647144263,1.49893147284845,0.259,0.093,1,"23","Psen2"
"Epn21",0.00379398797613042,1.15322004420543,0.444,0.216,1,"23","Epn2"
"Tmem150c3",0.00382558759676269,1.06468336960377,0.407,0.181,1,"23","Tmem150c"
"Carf",0.00383221835603668,1.38533980725509,0.296,0.114,1,"23","Carf"
"Abhd16a",0.0038582437035035,1.37583793948793,0.296,0.114,1,"23","Abhd16a"
"Slit15",0.00386867287339422,0.810742112392506,0.556,0.296,1,"23","Slit1"
"Brd9",0.00391469831357914,0.894249570751538,0.63,0.382,1,"23","Brd9"
"Map74",0.00391808944576048,0.77317068713879,0.667,0.389,1,"23","Map7"
"Actr1a",0.00393095923449968,1.22434003559226,0.333,0.135,1,"23","Actr1a"
"Trim26",0.00395996812331842,1.51840133704668,0.259,0.094,1,"23","Trim26"
"Itpk1",0.00400337541682008,1.02644102098964,0.407,0.18,1,"23","Itpk1"
"L1cam",0.00405219270090355,1.09669160576732,0.593,0.387,1,"23","L1cam"
"Amph4",0.00406379840891576,0.810637746997236,0.63,0.342,1,"23","Amph"
"Isyna1",0.00407429860999307,1.64203268621506,0.259,0.096,1,"23","Isyna1"
"Rhbdl11",0.00410136312045876,1.23289189845707,0.407,0.193,1,"23","Rhbdl1"
"Tpm12",0.00415803914999826,1.32646922924031,0.333,0.139,1,"23","Tpm1"
"Ypel41",0.00416067430379949,1.20907327893895,0.37,0.161,1,"23","Ypel4"
"Gpsm11",0.00424938786998408,1.25536693121288,0.407,0.195,1,"23","Gpsm1"
"Erbin1",0.00426302690493757,1.13070750493377,0.37,0.158,1,"23","Erbin"
"Gnao1",0.0042710025816992,0.680096452846185,0.852,0.653,1,"23","Gnao1"
"Lmna",0.00429051956476909,1.45700079238253,0.259,0.094,1,"23","Lmna"
"Exoc11",0.00429797681846548,1.23460837104609,0.37,0.164,1,"23","Exoc1"
"S100pbp",0.00437082106454282,1.32646922924031,0.333,0.14,1,"23","S100pbp"
"Brdt",0.00438346432528182,1.50668791648289,0.259,0.095,1,"23","Brdt"
"Nr2c21",0.00442105112834725,1.25188636247792,0.37,0.164,1,"23","Nr2c2"
"Capza1",0.00443236627521972,1.41503749927884,0.333,0.143,1,"23","Capza1"
"Cacna1a2",0.00448583412971624,0.380921376926945,1,0.947,1,"23","Cacna1a"
"Immp2l4",0.00449610246435729,1.35915346898439,0.407,0.202,1,"23","Immp2l"
"Rpl11",0.00454638893238797,1.12111423990525,0.37,0.16,1,"23","Rpl11"
"Rexo1",0.00456771500833843,1.2701737310298,0.333,0.139,1,"23","Rexo1"
"Morf4l2",0.00461584183399005,1.33844418203063,0.296,0.116,1,"23","Morf4l2"
"Bclaf3",0.00462396177916156,1.38613446166289,0.333,0.143,1,"23","Bclaf3"
"Hk15",0.00468478631765018,1.03714090964685,0.444,0.211,1,"23","Hk1"
"Chd74",0.00473490007088378,1.05003659363937,0.37,0.163,1,"23","Chd7"
"Abca72",0.00473633290345859,1.91268027615872,0.259,0.101,1,"23","Abca7"
"Dpp3",0.00475036778824778,1.44950625583561,0.259,0.095,1,"23","Dpp3"
"Myl6",0.00479870617062928,1.40582206845697,0.37,0.171,1,"23","Myl6"
"Cpd",0.00480405726788327,1.45399830422101,0.296,0.119,1,"23","Cpd"
"Fdft1",0.00486801631937524,1.41991147364732,0.259,0.095,1,"23","Fdft1"
"Cntnap5c6",0.00492901212714654,0.536889008910682,0.667,0.337,1,"23","Cntnap5c"
"Nedd41",0.0049811793864151,0.630576927822306,0.815,0.507,1,"23","Nedd4"
"Gnal5",0.00502005428078907,0.995950895346855,0.556,0.327,1,"23","Gnal"
"Clint12",0.00506723342045376,1.0585896116911,0.444,0.216,1,"23","Clint1"
"Grb2",0.00506930326093996,1.02701295163772,0.407,0.185,1,"23","Grb2"
"Tmem1083",0.0050746588396705,0.739843679296509,0.667,0.408,1,"23","Tmem108"
"Mib11",0.00507529716698896,1.32646922924031,0.333,0.142,1,"23","Mib1"
"Eps15",0.00513434421214764,1.45324865752143,0.259,0.096,1,"23","Eps15"
"Rhoa",0.00521789790742375,1.42725344898848,0.259,0.096,1,"23","Rhoa"
"Ccz1",0.00537116048508039,1.28707579094022,0.37,0.17,1,"23","Ccz1"
"Xiap",0.00537328298122623,1.29600891571023,0.296,0.118,1,"23","Xiap"
"Fnip2",0.00538590966651864,1.20402005121266,0.333,0.14,1,"23","Fnip2"
"Snx3",0.00538758625546025,1.81699692810342,0.259,0.1,1,"23","Snx3"
"Gm268716",0.00541045290462519,0.832974189760611,0.778,0.675,1,"23","Gm26871"
"Smurf21",0.00544185299113303,1.01169028198989,0.444,0.213,1,"23","Smurf2"
"Kcnn33",0.00545200328877031,0.908937874472908,0.556,0.305,1,"23","Kcnn3"
"Tecpr1",0.00547027179369689,0.879068493728908,0.556,0.294,1,"23","Tecpr1"
"Nedd4l4",0.00550281405200088,0.788294844743128,0.667,0.434,1,"23","Nedd4l"
"Cacnb3",0.00563502697494481,1.23747370474048,0.296,0.117,1,"23","Cacnb3"
"Slc8a15",0.00572716709884256,0.707887227505753,0.815,0.623,1,"23","Slc8a1"
"Mpc13",0.00575347837427373,1.14541464171663,0.407,0.194,1,"23","Mpc1"
"Prpsap2",0.00576474836417206,1.4383369481175,0.259,0.097,1,"23","Prpsap2"
"Dcc6",0.00582699218525521,0.49933562954089,1,0.834,1,"23","Dcc"
"Iars1",0.00584734927225155,1.07094236007546,0.37,0.163,1,"23","Iars"
"Gm160832",0.00585868327434041,1.2217843306885,0.37,0.167,1,"23","Gm16083"
"Ctps2",0.00589347981530182,1.09625344860464,0.37,0.164,1,"23","Ctps2"
"Mcu2",0.00595619328728464,1.00938768955882,0.407,0.187,1,"23","Mcu"
"Slc2a135",0.00596507608901146,1.02187371985526,0.556,0.371,1,"23","Slc2a13"
"Ube2v21",0.00599868610237861,1.16176756416059,0.333,0.141,1,"23","Ube2v2"
"Schip16",0.00600321694915632,1.14763843869421,0.667,0.483,1,"23","Schip1"
"4632427E13Rik1",0.00600969716461353,1.02850103329713,0.444,0.219,1,"23","4632427E13Rik"
"Nup160",0.00605631852320619,1.29899895831604,0.296,0.119,1,"23","Nup160"
"Fam189b",0.00613802026558064,1.6879343550493,0.259,0.102,1,"23","Fam189b"
"Gnaq2",0.00622097235564325,0.845566080300188,0.593,0.354,1,"23","Gnaq"
"Mark41",0.00643160474687635,1.30172256690462,0.333,0.146,1,"23","Mark4"
"Hexdc1",0.0065644812668759,1.07041973915292,0.444,0.226,1,"23","Hexdc"
"Ap4e1",0.00663436384090646,1.29600891571023,0.296,0.12,1,"23","Ap4e1"
"Otud7a2",0.00665913123980993,0.716230286012899,0.852,0.7,1,"23","Otud7a"
"Usp25",0.00668902339988458,1.26352106296133,0.296,0.12,1,"23","Usp25"
"Anks11",0.00684572765480887,0.907781476745886,0.556,0.309,1,"23","Anks1"
"Tnpo11",0.0068757551620987,0.897644947797445,0.481,0.241,1,"23","Tnpo1"
"Hnrnpa31",0.00689573171522141,0.95981425174982,0.407,0.188,1,"23","Hnrnpa3"
"Kmt5c",0.00693775153093403,1.28707579094022,0.333,0.147,1,"23","Kmt5c"
"Nol4l",0.00703108975983957,0.874712425959704,0.63,0.388,1,"23","Nol4l"
"Scrib",0.00703640276151125,1.0230141903027,0.407,0.192,1,"23","Scrib"
"Atp13a3",0.00703687495889639,1.08354239685509,0.37,0.167,1,"23","Atp13a3"
"Pcdh96",0.00705016867955493,0.538978531547311,0.889,0.871,1,"23","Pcdh9"
"Numbl1",0.00710210740745441,1.14957226719029,0.333,0.143,1,"23","Numbl"
"Map4k22",0.00710278003081029,0.81314460260781,0.556,0.306,1,"23","Map4k2"
"Gm266912",0.00713809006537919,0.853336985987648,0.63,0.37,1,"23","Gm26691"
"Nlgn3",0.00717649350859588,1.54300331027976,0.259,0.102,1,"23","Nlgn3"
"Kat2b2",0.0072307469818214,1.21492600518439,0.37,0.175,1,"23","Kat2b"
"Aldh7a1",0.00724389816260292,1.31707053123806,0.296,0.122,1,"23","Aldh7a1"
"Dnajc62",0.00730418563195691,0.716760066183468,0.704,0.462,1,"23","Dnajc6"
"Srsf21",0.00732483627347397,1.06182371546453,0.444,0.229,1,"23","Srsf2"
"Utrn2",0.00734356085919134,1.17242085626748,0.37,0.169,1,"23","Utrn"
"Fam214b",0.00738039164036253,1.27257622124511,0.333,0.148,1,"23","Fam214b"
"Ppard",0.00747897511825494,1.38245383901748,0.296,0.126,1,"23","Ppard"
"Rab6b3",0.00764607520475579,0.760265043004862,0.593,0.329,1,"23","Rab6b"
"Chst10",0.00764949759380061,1.43093849579634,0.259,0.101,1,"23","Chst10"
"Ctnnd1",0.00764951051846384,1.41991147364732,0.259,0.101,1,"23","Ctnnd1"
"Ap3s1",0.00767045304404775,1.37662737591852,0.259,0.101,1,"23","Ap3s1"
"Neo14",0.00768190524824297,1.23589706701466,0.444,0.243,1,"23","Neo1"
"Gls1",0.00769481160852204,0.700271943394899,0.704,0.444,1,"23","Gls"
"Riok31",0.00770141871006137,1.03073603768044,0.481,0.264,1,"23","Riok3"
"Celf63",0.00771479791510395,0.947445694319401,0.407,0.19,1,"23","Celf6"
"Fbxl2",0.00772175516123943,1.25841933231716,0.481,0.285,1,"23","Fbxl2"
"Sh3kbp15",0.00775668088967163,0.837016006226653,0.444,0.211,1,"23","Sh3kbp1"
"Pcnp",0.00783118394326506,1.27819763959377,0.296,0.123,1,"23","Pcnp"
"Mthfs",0.00784734909505832,1.3695379511322,0.259,0.101,1,"23","Mthfs"
"Trpc1",0.00786116600898383,1.38089781329674,0.296,0.125,1,"23","Trpc1"
"Casp8ap2",0.00797422117468441,1.14849321325749,0.296,0.121,1,"23","Casp8ap2"
"Ccdc186",0.00801543653019016,1.18398229797612,0.37,0.175,1,"23","Ccdc186"
"Man1c13",0.00809958322181708,1.25858723398053,0.333,0.148,1,"23","Man1c1"
"Mrpl48",0.00812357129061954,1.45033706210152,0.259,0.103,1,"23","Mrpl48"
"Ablim32",0.00840948698365959,0.660317347448894,0.63,0.345,1,"23","Ablim3"
"Trpc32",0.00841158659584227,1.19647324215932,0.259,0.1,1,"23","Trpc3"
"Becn1",0.0085297565668356,1.25478625298372,0.296,0.124,1,"23","Becn1"
"Mbd6",0.00862836644058753,1.04680185004007,0.407,0.2,1,"23","Mbd6"
"Chga4",0.00874710170626967,1.18660299813525,0.444,0.231,1,"23","Chga"
"Hdac52",0.00879091342646998,0.96596997880005,0.407,0.195,1,"23","Hdac5"
"Pknox23",0.00884560811754257,1.82191481223554,0.407,0.251,1,"23","Pknox2"
"Cdc40",0.00893369798881837,1.35196532168425,0.259,0.102,1,"23","Cdc40"
"Slc20a1",0.00937903881531698,1.24400706904834,0.333,0.152,1,"23","Slc20a1"
"Sfmbt23",0.00943246986172561,1.99756917374524,0.259,0.112,1,"23","Sfmbt2"
"Jmy1",0.00949933308064999,1.36600626016194,0.259,0.103,1,"23","Jmy"
"Srgap16",0.00950189246332732,0.618618974704306,0.63,0.347,1,"23","Srgap1"
"Chn11",0.00957604753385016,0.820562074170293,0.444,0.216,1,"23","Chn1"
"Gm1976",0.00960143555625307,0.836693676296236,0.444,0.218,1,"23","Gm1976"
"Vps11",0.00965856157342931,1.46034423545691,0.259,0.105,1,"23","Vps11"
"Tspan54",0.00970212634972158,1.30404886954394,0.407,0.214,1,"23","Tspan5"
"Usp12",0.00986668111712206,1.35896870942201,0.259,0.104,1,"23","Usp12"
"Zpr1",0.00996337957563416,1.31064426207863,0.259,0.103,1,"23","Zpr1"
"Tubb3",0.00997405729119387,1.35008558846602,0.333,0.159,1,"23","Tubb3"
"Zzef11",0.00998295801554405,0.732486939262585,0.704,0.464,1,"23","Zzef1"
