"","p_val","avg_log2FC","pct.1","pct.2","p_val_adj","cluster","gene"
"Zfhx3",1.70125381376364e-25,0.759971834196629,0.901,0.687,2.82493195775452e-21,"0","Zfhx3"
"Gm42418",1.96481721978194e-16,0.501170051832386,1,1,3.26257899344792e-12,"0","Gm42418"
"Gm26917",2.17472438064686e-16,0.464451789380288,0.991,0.982,3.61112983406411e-12,"0","Gm26917"
"Pou2f2",4.64974700949719e-16,1.00667068604608,0.556,0.376,7.72090490927008e-12,"0","Pou2f2"
"Cmss1",3.3007543038439e-15,0.57175380144565,0.994,0.997,5.48090252153279e-11,"0","Cmss1"
"Baiap3",4.252704458552e-15,0.530976661220549,0.817,0.661,7.0616157534256e-11,"0","Baiap3"
"Vwa5b1",1.26755299429938e-12,1.14684518351692,0.35,0.196,2.10477174703413e-08,"0","Vwa5b1"
"Lars2",2.31439023957599e-12,0.672621683580475,0.949,0.925,3.84304499281593e-08,"0","Lars2"
"Gphn",3.90420960881294e-12,0.35313967818102,0.998,0.995,6.48294005543388e-08,"0","Gphn"
"Zfp804b",2.85045757314399e-11,0.637280817945395,0.673,0.495,4.73318480020559e-07,"0","Zfp804b"
"Hs6st3",5.21987708488183e-11,0.643048109124772,0.71,0.53,8.66760589944627e-07,"0","Hs6st3"
"Pabpn1",1.15826224038239e-10,0.36230561591764,0.954,0.922,1.92329445015495e-06,"0","Pabpn1"
"AY036118",1.36899190126161e-10,0.425241651088184,0.958,0.919,2.27321105204491e-06,"0","AY036118"
"Gm19951",8.44439183107641e-10,0.525517217303809,0.884,0.826,1.40219126355024e-05,"0","Gm19951"
"Mycbp2",3.91210188386130e-09,0.267985499616887,1,0.998,6.49604517815168e-05,"0","Mycbp2"
"Syne1",2.70088358177252e-08,0.232874834542562,0.989,0.983,0.000448481718753326,"0","Syne1"
"Sgcz",9.80211171456827e-08,0.40950622088312,0.916,0.821,0.00162764065020406,"0","Sgcz"
"Golga4",1.28751060732572e-07,0.480255418404292,0.738,0.699,0.00213791136346436,"0","Golga4"
"Chd8",1.63533774211583e-07,0.393710174015556,0.8,0.748,0.00271547832078333,"0","Chd8"
"Sorcs1",1.63631511555698e-07,0.242443147152587,0.719,0.561,0.00271710124938236,"0","Sorcs1"
"Ptprk",2.16791798293688e-07,1.12971857902825,0.365,0.262,0.00359982781066669,"0","Ptprk"
"Scn9a",2.22845907841228e-07,0.490165820395285,0.593,0.474,0.00370035629970359,"0","Scn9a"
"Dst",3.966650559592e-07,0.264521320280549,0.994,0.994,0.00658662325420252,"0","Dst"
"Cers4",4.07665001721251e-07,0.31943357600671,0.857,0.784,0.00676927735358138,"0","Cers4"
"Gm28905",7.24985562523698e-07,0.583343781264775,0.604,0.486,0.012038385265706,"0","Gm28905"
"Luc7l3",8.64602288083017e-07,0.272413605722707,0.972,0.964,0.0143567209936185,"0","Luc7l3"
"Pclo",9.90223205001904e-07,0.272086810685715,0.976,0.971,0.0164426563190566,"0","Pclo"
"Pnisr",1.09323794583306e-06,0.301832252195775,0.993,0.996,0.018153216090558,"0","Pnisr"
"Ptprd",1.14506739083914e-06,0.157242687076392,0.98,0.942,0.0190138440248839,"0","Ptprd"
"Ntng1",1.14813023538516e-06,1.3858259943199,0.345,0.248,0.0190647025585705,"0","Ntng1"
"Srrm1",1.22913023875211e-06,0.265207422374837,0.947,0.925,0.0204097076144788,"0","Srrm1"
"Hap1",1.34933338950599e-06,0.376639141771533,0.719,0.634,0.0224056809327469,"0","Hap1"
"EGFP",1.54156545848742e-06,0.329250042555882,0.87,0.807,0.0255976944381835,"0","EGFP"
"Srrm2",1.73916549358382e-06,0.280745710182107,0.971,0.961,0.0288788430209593,"0","Srrm2"
"Usp29",2.26769723690593e-06,0.219468693646847,0.972,0.952,0.0376551126188229,"0","Usp29"
"Zbtb7c",3.21266039792164e-06,0.768141841584037,0.345,0.244,0.0533462259074888,"0","Zbtb7c"
"Tro",3.28627625228412e-06,0.347546128481598,0.789,0.723,0.0545686171691778,"0","Tro"
"Pdzrn4",3.49899245920763e-06,0.970596590617335,0.677,0.601,0.0581007697851428,"0","Pdzrn4"
"Grik1",4.61381790122598e-06,0.261613982759854,0.661,0.54,0.0766124462498573,"0","Grik1"
"Gse1",4.69494992525271e-06,0.377422761916066,0.842,0.797,0.0779596435088213,"0","Gse1"
"Zfhx4",5.32298481400399e-06,0.57589702241536,0.486,0.386,0.0883881628365363,"0","Zfhx4"
"Nav1",9.86071163096634e-06,0.232859877933974,0.969,0.928,0.163737116632196,"0","Nav1"
"Mdn1",1.43123802112426e-05,0.286103722338603,0.778,0.76,0.237657073407683,"0","Mdn1"
"Uggt2",1.75704323304385e-05,0.385598744568959,0.706,0.644,0.29175702884693,"0","Uggt2"
"Ahi1",1.85490512847975e-05,0.171929518344736,0.996,0.996,0.308006996584063,"0","Ahi1"
"Cacna1g",2.18017798564227e-05,0.511763311686797,0.523,0.432,0.362018554515898,"0","Cacna1g"
"Rmst",2.62212907357094e-05,0.265243977804572,0.703,0.57,0.435404532666455,"0","Rmst"
"Camk2b",3.0151386412893e-05,0.260647917698695,0.842,0.799,0.500663771386089,"0","Camk2b"
"Il1rapl1",3.31421084662775e-05,0.310031312933819,0.954,0.891,0.550324711082538,"0","Il1rapl1"
"Zeb1",3.96271616429608e-05,0.308463133491368,0.844,0.759,0.658009019081365,"0","Zeb1"
"Safb2",5.06501851079962e-05,0.379570746485667,0.631,0.587,0.841046323718278,"0","Safb2"
"Gprasp2",7.0787279869846e-05,0.324451525206633,0.769,0.709,1,"0","Gprasp2"
"Camk1d",7.69438651539521e-05,0.353569890376321,0.818,0.767,1,"0","Camk1d"
"Pcdh7",7.73090081381174e-05,0.230049300491011,0.839,0.735,1,"0","Pcdh7"
"Zmat1",8.31632246447782e-05,0.564773426483691,0.45,0.367,1,"0","Zmat1"
"Fnbp1l",9.78820893086468e-05,0.329096394128392,0.589,0.518,1,"0","Fnbp1l"
"Cpne7",0.000102906760770206,0.19804368325114,0.433,0.317,1,"0","Cpne7"
"Trpm3",0.000112303996753937,0.255958674081689,0.712,0.614,1,"0","Trpm3"
"Tmcc3",0.000112629044507113,0.36896468489311,0.589,0.488,1,"0","Tmcc3"
"Chd4",0.000120692183978328,0.311097603920175,0.761,0.714,1,"0","Chd4"
"Arid4b",0.000124194886881531,0.343125865947262,0.708,0.657,1,"0","Arid4b"
"Ryr3",0.00012914891227144,0.29398560777589,0.798,0.716,1,"0","Ryr3"
"Dync1i2",0.00013499114020081,0.259424331511426,0.743,0.684,1,"0","Dync1i2"
"Nktr",0.000164689429876818,0.195567491543992,0.967,0.946,1,"0","Nktr"
"Dync2h1",0.000172183829436824,0.231906925955418,0.932,0.898,1,"0","Dync2h1"
"Huwe1",0.000210078536129922,0.218822205499764,0.912,0.881,1,"0","Huwe1"
"Nop56",0.000222831073397592,0.400083756218464,0.633,0.591,1,"0","Nop56"
"Gabra5",0.000232107029522472,0.656764102241801,0.299,0.222,1,"0","Gabra5"
"Caskin1",0.000319962511896381,0.42462053407668,0.598,0.542,1,"0","Caskin1"
"Ecel1",0.000355137288910318,0.584999523279178,0.255,0.179,1,"0","Ecel1"
"Cacna1e",0.000372381807195742,0.179569255978315,0.894,0.817,1,"0","Cacna1e"
"Akap8l",0.000400815340755744,0.231772274281438,0.925,0.903,1,"0","Akap8l"
"Sntg1",0.000478968523421552,0.225023322326,0.987,0.967,1,"0","Sntg1"
"Ddx24",0.000579999482027703,0.343929565267885,0.683,0.644,1,"0","Ddx24"
"Dscam",0.000687754646420726,0.163927130162763,0.978,0.917,1,"0","Dscam"
"Bod1l",0.000754229205524144,0.368131139720803,0.664,0.622,1,"0","Bod1l"
"Pcdh15",0.000772557721944684,0.349905186472784,0.879,0.803,1,"0","Pcdh15"
"Matk",0.000829909046747871,0.249024193833021,0.721,0.689,1,"0","Matk"
"Gprasp1",0.000917247412407598,0.238067422261921,0.861,0.845,1,"0","Gprasp1"
"Nsd1",0.00109821568530156,0.195313540927766,0.894,0.842,1,"0","Nsd1"
"Pgr",0.00118760643296368,0.757475161157235,0.306,0.244,1,"0","Pgr"
"Cox16",0.00119673488963798,0.226531031100669,0.932,0.913,1,"0","Cox16"
"Kctd16",0.00121357755635899,0.494986560032932,0.534,0.48,1,"0","Kctd16"
"Lrrc45",0.00121412455878503,0.348439134713804,0.558,0.506,1,"0","Lrrc45"
"Zim1",0.00129567442701445,0.38662667125362,0.365,0.293,1,"0","Zim1"
"Cdh18",0.00144733529146266,0.319604833703531,0.807,0.749,1,"0","Cdh18"
"Gon4l",0.00146382971660499,0.345489468338681,0.657,0.64,1,"0","Gon4l"
"Eif4g3",0.00148632481112755,0.181290749100983,0.916,0.873,1,"0","Eif4g3"
"Dync1h1",0.0015197112531702,0.262642182616292,0.78,0.764,1,"0","Dync1h1"
"Zcchc18",0.00162151567919886,0.263650311261683,0.78,0.741,1,"0","Zcchc18"
"Prpf4b",0.00162759649265593,0.223508745021731,0.91,0.894,1,"0","Prpf4b"
"Brwd1",0.00175370517718124,0.232382644769895,0.835,0.794,1,"0","Brwd1"
"Rtl4",0.00182438603235694,0.291996619296058,0.644,0.58,1,"0","Rtl4"
"Celf4",0.00187633336849912,0.0797287796786774,0.998,0.935,1,"0","Celf4"
"Efcab1",0.00197347568314412,0.420594542392529,0.33,0.259,1,"0","Efcab1"
"Kndc1",0.00206029466750464,0.39939588625278,0.497,0.457,1,"0","Kndc1"
"Gabrb1",0.00218113163917801,0.16794831718581,0.961,0.92,1,"0","Gabrb1"
"Zranb2",0.00233831662420157,0.184938188025589,0.912,0.887,1,"0","Zranb2"
"Pkd1",0.002347456384518,0.263299644957678,0.761,0.734,1,"0","Pkd1"
"Pnn",0.00275835024036654,0.251758434909609,0.714,0.686,1,"0","Pnn"
"Plcxd3",0.00280390668874968,0.312597465902123,0.499,0.43,1,"0","Plcxd3"
"Ttc28",0.00282396260127576,0.353733347815246,0.519,0.457,1,"0","Ttc28"
"Herc2",0.00285196692335127,0.212763119974436,0.815,0.767,1,"0","Herc2"
"Setd1a",0.00285960431493606,0.524554023509284,0.385,0.327,1,"0","Setd1a"
"Cdk8",0.00291800100730797,0.27152120522331,0.771,0.75,1,"0","Cdk8"
"Celf5",0.00309819552378259,0.190419436495541,0.763,0.702,1,"0","Celf5"
"Gm47283",0.00313055820305871,0.273240532588107,0.703,0.685,1,"0","Gm47283"
"Kmt2a",0.0032969711349635,0.193480158108897,0.952,0.966,1,"0","Kmt2a"
"Prrc2c",0.00335157403882405,0.231074445362009,0.927,0.914,1,"0","Prrc2c"
"Plxna3",0.00406406027991699,0.485780809460235,0.262,0.2,1,"0","Plxna3"
"Gtf2i",0.0042411013991401,0.258362206152839,0.719,0.679,1,"0","Gtf2i"
"Pde4b",0.00449250800403406,0.244742075334403,0.76,0.709,1,"0","Pde4b"
"Camk2a",0.00460950831317613,0.170796838638609,0.839,0.788,1,"0","Camk2a"
"Peg3",0.00491743702984377,0.184722911937302,0.974,0.957,1,"0","Peg3"
"Lrp1b",0.00493599844720762,0.306634166323105,0.974,0.963,1,"0","Lrp1b"
"Ankrd11",0.00496751560229699,0.203078930011052,0.835,0.802,1,"0","Ankrd11"
"Acin1",0.0049993994492132,0.246525062600011,0.725,0.72,1,"0","Acin1"
"Rasgrf2",0.0053380447633858,0.386466742749748,0.536,0.509,1,"0","Rasgrf2"
"Col25a1",0.0055940015206689,0.227962712399305,0.393,0.321,1,"0","Col25a1"
"Hs3st4",0.00570772381563827,0.518738134247417,0.325,0.263,1,"0","Hs3st4"
"Kmt2c",0.00571294778218493,0.204607852092486,0.798,0.79,1,"0","Kmt2c"
"Zdhhc1",0.00586436116943775,0.307150195954507,0.561,0.507,1,"0","Zdhhc1"
"Bin1",0.00594297205718103,0.249731927710768,0.686,0.672,1,"0","Bin1"
"Chd2",0.00620503724646112,0.260265390022463,0.69,0.683,1,"0","Chd2"
"Adgrl1",0.00646407294980767,0.234530157015403,0.67,0.621,1,"0","Adgrl1"
"Arhgef25",0.00648489561437171,0.468158542373143,0.336,0.279,1,"0","Arhgef25"
"Car10",0.00674142463736668,0.134553290978686,0.769,0.658,1,"0","Car10"
"Coq8b",0.00678475526835275,0.463797286104948,0.371,0.313,1,"0","Coq8b"
"Ddx5",0.00707126511408307,0.137309572901641,0.774,0.707,1,"0","Ddx5"
"Irak1",0.0077912643922662,0.372696762405031,0.422,0.365,1,"0","Irak1"
"Rbfox3",0.00794035220992862,0.144196994682042,0.894,0.865,1,"0","Rbfox3"
"Sgsm1",0.00806258749428376,0.176489762837162,0.8,0.757,1,"0","Sgsm1"
"Gm4924",0.00843580694792251,0.42845915868135,0.374,0.326,1,"0","Gm4924"
"Iars2",0.00849197153942686,0.454835783465068,0.325,0.268,1,"0","Iars2"
"AC149090.1",0.00856865434276487,0.179030645107266,0.98,0.969,1,"0","AC149090.1"
"Usp34",0.00886048164534401,0.149946065604088,0.943,0.942,1,"0","Usp34"
"Scml4",0.00886252534938585,0.622139427951377,0.383,0.334,1,"0","Scml4"
"Nfasc",0.00899354083540914,0.133744316866962,0.873,0.856,1,"0","Nfasc"
"Sez6l",0.00945126241119778,0.202615714526316,0.717,0.665,1,"0","Sez6l"
"Astn2",0.00966689810880473,0.092787582298351,0.853,0.794,1,"0","Astn2"
"Gbx1",2.85986641491647e-105,5.29621925736653,0.439,0.013,4.7488081819688e-101,"1","Gbx1"
"Sox6",6.56792419664998e-91,3.60243337049957,0.694,0.1,1.09060381285373e-86,"1","Sox6"
"Bcl11a",3.43951795060858e-60,2.55370729069368,0.74,0.205,5.71131955698554e-56,"1","Bcl11a"
"Bcl11b",8.22790218744658e-52,2.2209684418281,0.671,0.17,1.3662431582255e-47,"1","Bcl11b"
"Coro6",1.31936249417053e-50,2.36375646892693,0.74,0.263,2.19080142157016e-46,"1","Coro6"
"Lhx6",1.94050623620401e-47,2.84259705143445,0.457,0.079,3.22221060521675e-43,"1","Lhx6"
"Stxbp6",1.87897942745421e-46,3.16089490506811,0.48,0.092,3.12004533928771e-42,"1","Stxbp6"
"Gm44593",6.72862495922097e-45,4.02135941613594,0.289,0.027,1.11728817447864e-40,"1","Gm44593"
"Elfn1",1.65691754489874e-43,2.84820087944185,0.497,0.11,2.75131158330436e-39,"1","Elfn1"
"Kcnmb4",4.91501448581456e-43,2.89434300616292,0.399,0.064,8.16138155369508e-39,"1","Kcnmb4"
"Casz1",1.60245653323831e-40,3.79123963277489,0.37,0.061,2.66087907344221e-36,"1","Casz1"
"Gm3764",1.13147296096256e-39,2.00841142758112,0.653,0.209,1.87881085167833e-35,"1","Gm3764"
"Satb1",5.25687398391118e-39,3.28186721004394,0.41,0.081,8.72903925028451e-35,"1","Satb1"
"B3glct",2.92881740945457e-37,2.45449173586397,0.486,0.118,4.86330130839931e-33,"1","B3glct"
"Tcf4",2.72557404610555e-34,2.3769815503328,0.699,0.328,4.52581570355827e-30,"1","Tcf4"
"Chrm2",4.50247742594666e-34,1.95658916074571,0.671,0.237,7.47636376578444e-30,"1","Chrm2"
"Chrm3",3.6033039877319e-31,1.87617000828162,0.74,0.376,5.98328627162882e-27,"1","Chrm3"
"Lama3",3.93446974121496e-31,3.22848508081908,0.301,0.051,6.53318700528744e-27,"1","Lama3"
"Sytl5",1.34525739450169e-29,2.32959324139983,0.399,0.094,2.23379990357006e-25,"1","Sytl5"
"Ccbe1",9.44360496449679e-29,1.92794984538187,0.41,0.099,1.56811060435469e-24,"1","Ccbe1"
"Stac2",2.37089673375457e-28,2.27796755281031,0.393,0.095,3.93687402639946e-24,"1","Stac2"
"9330158H04Rik",2.59209365500106e-28,2.54595684058686,0.306,0.056,4.30417151412925e-24,"1","9330158H04Rik"
"Sulf2",2.12871845384002e-27,1.88185733526739,0.618,0.256,3.53473699260135e-23,"1","Sulf2"
"Alk",5.54607528860944e-26,1.77929177947044,0.78,0.426,9.20925801673597e-22,"1","Alk"
"Srrm4",9.97844061478633e-26,1.68619549409189,0.798,0.574,1.65692006408527e-21,"1","Srrm4"
"Mkx",2.05787480945312e-25,1.94454381908511,0.393,0.104,3.41710112109691e-21,"1","Mkx"
"Ebf4",2.26862745475725e-25,1.8583983624434,0.555,0.217,3.76705588862442e-21,"1","Ebf4"
"Meg3",6.22080563516588e-25,0.340339528102396,1,1,1.03296477571929e-20,"1","Meg3"
"Serpine2",2.06793703905814e-24,1.9408068459526,0.451,0.143,3.43380945335605e-20,"1","Serpine2"
"Sema3c",7.18192648316504e-23,2.07710196806294,0.329,0.082,1.19255889252956e-18,"1","Sema3c"
"A330008L17Rik",2.49795822651869e-21,1.94131113983684,0.613,0.31,4.14785963513428e-17,"1","A330008L17Rik"
"Igsf21",3.04553109892975e-20,1.54588033548061,0.503,0.195,5.05710438977284e-16,"1","Igsf21"
"Cdh4",4.47754922958318e-20,1.22854468277075,0.803,0.544,7.43497049572287e-16,"1","Cdh4"
"9530059O14Rik",4.65770654953782e-20,1.3298408141861,0.717,0.439,7.73412172550754e-16,"1","9530059O14Rik"
"Cacna2d2",1.1335261990278e-19,1.0960869930472,0.879,0.74,1.88222025348567e-15,"1","Cacna2d2"
"Me3",1.1840023786042e-19,1.01191720880598,0.832,0.533,1.96603594967227e-15,"1","Me3"
"Mpped2",1.01126593278991e-18,1.5359325889657,0.682,0.378,1.67920708139765e-14,"1","Mpped2"
"Elavl2",1.15277693425985e-18,1.22595192812565,0.653,0.346,1.91418609933848e-14,"1","Elavl2"
"Gm2164",3.13961992566072e-18,1.6633210278393,0.434,0.162,5.21333888655962e-14,"1","Gm2164"
"Gm20646",3.19324430887787e-18,1.95550686884132,0.277,0.071,5.3023821748917e-14,"1","Gm20646"
"Actn2",5.235171072838e-18,2.480314031945,0.266,0.069,8.69300156644749e-14,"1","Actn2"
"Vstm2a",6.25677334493862e-18,1.75989153189625,0.491,0.219,1.03893721392706e-13,"1","Vstm2a"
"1110004F10Rik",1.00556257508558e-17,1.96836632852206,0.399,0.151,1.66973665592961e-13,"1","1110004F10Rik"
"C130071C03Rik",1.22530356840634e-17,1.29938653644521,0.595,0.288,2.03461657533873e-13,"1","C130071C03Rik"
"Pfkp",1.44194652239602e-17,1.056580844335,0.786,0.5,2.39435220043859e-13,"1","Pfkp"
"Kctd8",1.98671115706634e-17,1.45550573836249,0.48,0.192,3.29893387630866e-13,"1","Kctd8"
"Lhx8",3.98431098269584e-17,1.47487106322942,0.382,0.13,6.61594838676644e-13,"1","Lhx8"
"Mir9-3hg",5.49774758854118e-17,1.35015806447733,0.445,0.172,9.12900987077263e-13,"1","Mir9-3hg"
"Kcnip1",6.64547769983086e-17,0.952489760672186,0.827,0.574,1.10348157205691e-12,"1","Kcnip1"
"Grip1",7.95835974959321e-17,0.842766243303919,0.96,0.925,1.32148563641995e-12,"1","Grip1"
"Trmt2b",9.63899764064531e-17,1.8800035668904,0.26,0.067,1.60055555822915e-12,"1","Trmt2b"
"Scn1a",1.1614985874322e-16,0.751898741142717,0.936,0.804,1.92866840443116e-12,"1","Scn1a"
"Tmem178",1.4891557716682e-16,1.55698705622838,0.382,0.134,2.47274315885505e-12,"1","Tmem178"
"Stard5",1.64022946467069e-16,2.16773397062761,0.26,0.069,2.72360102608568e-12,"1","Stard5"
"Klhl1",1.65897086279372e-16,1.49667037769284,0.561,0.285,2.75472111766897e-12,"1","Klhl1"
"Cdh8",1.79709819150646e-16,1.25787294571704,0.786,0.551,2.98408154699647e-12,"1","Cdh8"
"Kcnc2",1.91799031168464e-16,1.0168873566094,0.867,0.676,3.18482291255234e-12,"1","Kcnc2"
"Cit",2.09620353711701e-16,0.768799272077221,0.925,0.83,3.48074597338279e-12,"1","Cit"
"9330159M07Rik",2.2739023965754e-16,1.79254072564006,0.289,0.083,3.77581492951346e-12,"1","9330159M07Rik"
"Slc6a1",2.36905950874245e-16,1.07774925516311,0.711,0.408,3.93382331426684e-12,"1","Slc6a1"
"Pitpnm3",2.4602916967345e-16,1.14766621349124,0.59,0.291,4.08531436242764e-12,"1","Pitpnm3"
"Tenm2",2.56135023024663e-16,1.1966438412033,0.948,0.895,4.25312205732453e-12,"1","Tenm2"
"Bcan",2.94892191501348e-16,1.32308839224214,0.497,0.217,4.89668483987988e-12,"1","Bcan"
"Epb41l3",2.96767927376352e-16,0.711399378862965,0.936,0.773,4.92783143408432e-12,"1","Epb41l3"
"Inpp5j",1.12459651126688e-15,1.83193823906784,0.301,0.093,1.86739250695866e-11,"1","Inpp5j"
"Tmeff2",1.2505259282677e-15,1.0316411055866,0.85,0.67,2.07649830388852e-11,"1","Tmeff2"
"Tshz3",1.78862224318457e-15,2.26487512903815,0.376,0.15,2.97000723480799e-11,"1","Tshz3"
"Nin",2.14955003254812e-15,1.13112616448103,0.653,0.375,3.56932782904616e-11,"1","Nin"
"A330102I10Rik",2.47280120137127e-15,1.45041474902245,0.555,0.291,4.106086394877e-11,"1","A330102I10Rik"
"Klhl32",3.05393819717316e-15,1.20631577342832,0.751,0.5,5.07106437640604e-11,"1","Klhl32"
"Hcrtr2",9.65165334798791e-15,1.86973523143658,0.254,0.072,1.60265703843339e-10,"1","Hcrtr2"
"Dgkz",9.77315050349585e-15,0.951694272167168,0.74,0.456,1.62283164110549e-10,"1","Dgkz"
"Iqsec3",9.92945484921575e-15,0.93233310137481,0.769,0.491,1.64878597771228e-10,"1","Iqsec3"
"Gabrb2",1.38259831186838e-14,1.31725149279598,0.647,0.399,2.29580449685744e-10,"1","Gabrb2"
"Ryr2",1.93422525013623e-14,0.562509231807559,0.96,0.891,3.21178102785121e-10,"1","Ryr2"
"Nrxn2",2.01574015251994e-14,0.682430034730923,0.948,0.867,3.34713652325935e-10,"1","Nrxn2"
"Epha10",2.36230686141071e-14,1.06946729665134,0.671,0.394,3.92261054337249e-10,"1","Epha10"
"Camk2d",2.63675439057704e-14,1.01891687657594,0.786,0.56,4.37833066555317e-10,"1","Camk2d"
"Dlgap1",2.77214606224846e-14,0.611161987908575,0.994,0.956,4.60314853636358e-10,"1","Dlgap1"
"Man2a1",4.00109035389779e-14,1.47990785963004,0.405,0.168,6.64381053264729e-10,"1","Man2a1"
"Galnt14",4.37791884042759e-14,1.56026857357696,0.41,0.175,7.26953423453002e-10,"1","Galnt14"
"Gabra1",5.97128460524289e-14,1.39268315213633,0.532,0.282,9.91531808700582e-10,"1","Gabra1"
"Malat1",8.65738712755495e-14,0.341608210336107,1,1,1.4375591325305e-09,"1","Malat1"
"Grik3",9.67251517943041e-14,0.990180916281655,0.751,0.493,1.60612114554442e-09,"1","Grik3"
"Cntnap3",1.21603169257894e-13,2.15868152585975,0.324,0.124,2.01922062552733e-09,"1","Cntnap3"
"Kcnd3",1.31687465188655e-13,0.930468633873391,0.827,0.642,2.18667035945761e-09,"1","Kcnd3"
"Snph",1.42636939568095e-13,0.993420054355062,0.728,0.472,2.36848638152821e-09,"1","Snph"
"Atp1a3",3.36628777211173e-13,0.5748194507942,0.977,0.876,5.58972084559153e-09,"1","Atp1a3"
"Rgs7bp",5.43428028083583e-13,0.84190019828808,0.757,0.495,9.0236224063279e-09,"1","Rgs7bp"
"4930452B06Rik",7.84604368564588e-13,1.71614871619352,0.277,0.093,1.3028355540015e-08,"1","4930452B06Rik"
"Slc25a13",9.15501047849657e-13,1.86908228051306,0.312,0.12,1.52018948995436e-08,"1","Slc25a13"
"Las1l",1.54032130779815e-12,0.933839118741871,0.642,0.387,2.55770353159883e-08,"1","Las1l"
"Lgi2",1.54157354397982e-12,1.70340022345153,0.254,0.082,2.55978286977849e-08,"1","Lgi2"
"Thy1",1.75758472427811e-12,1.05675332267114,0.52,0.255,2.91846943466379e-08,"1","Thy1"
"Lncppara",1.90697990677267e-12,1.00576256108493,0.491,0.233,3.16654013519602e-08,"1","Lncppara"
"Oxr1",2.52774213405826e-12,0.881728337007231,0.775,0.592,4.19731581360374e-08,"1","Oxr1"
"Dock10",2.84200973081502e-12,0.898402854183278,0.809,0.626,4.71915715801835e-08,"1","Dock10"
"Rgs7",3.33538842564125e-12,0.754572875441043,0.879,0.805,5.5384124807773e-08,"1","Rgs7"
"Mitf",3.81047468507182e-12,1.93004424939,0.272,0.098,6.32729321456176e-08,"1","Mitf"
"Adcy8",4.01736396965776e-12,0.844499348124274,0.682,0.41,6.67083287161672e-08,"1","Adcy8"
"Ano4",5.76005927656427e-12,1.01600618164174,0.642,0.393,9.56457842873497e-08,"1","Ano4"
"Kirrel3",6.82158662190867e-12,0.885896195476452,0.931,0.807,1.13272445856793e-07,"1","Kirrel3"
"Nfatc2",8.66348035085287e-12,1.26665223958247,0.457,0.227,1.43857091225912e-07,"1","Nfatc2"
"Gm13629",1.01037956180932e-11,1.25070459811416,0.405,0.182,1.67773526238438e-07,"1","Gm13629"
"Gad1",1.02031564404844e-11,0.994298873142947,0.584,0.334,1.69423412694243e-07,"1","Gad1"
"Srgap1",1.1710077891627e-11,1.0586404322154,0.665,0.463,1.94445843390467e-07,"1","Srgap1"
"Mmp16",2.98664286741133e-11,0.918765240186848,0.809,0.715,4.95932048133652e-07,"1","Mmp16"
"Vcl",2.99913490887097e-11,1.28955552708552,0.353,0.149,4.98006351618025e-07,"1","Vcl"
"Pitpnc1",3.13503631866288e-11,1.02822996958997,0.653,0.454,5.20572780713971e-07,"1","Pitpnc1"
"Inpp4b",3.34182361454533e-11,1.19035712882331,0.728,0.51,5.54909811195253e-07,"1","Inpp4b"
"Rras2",3.77291392491209e-11,1.56567993235975,0.301,0.118,6.26492357231652e-07,"1","Rras2"
"Msi2",4.43473696979313e-11,0.649063033409513,0.861,0.699,7.36388073834149e-07,"1","Msi2"
"Epb41",4.79543544565315e-11,0.919896294013915,0.613,0.372,7.96282055750705e-07,"1","Epb41"
"Camta1",4.82959851562372e-11,0.489143629674502,1,0.982,8.01954833519318e-07,"1","Camta1"
"Adamts16",5.31231659174856e-11,1.12455763815101,0.358,0.153,8.82110170059848e-07,"1","Adamts16"
"Adgra1",5.67427083132883e-11,0.948882754809451,0.555,0.306,9.42212671542152e-07,"1","Adgra1"
"Ddah1",5.8799407711105e-11,1.22711583588053,0.37,0.163,9.76364165042899e-07,"1","Ddah1"
"Nefm",7.02461249003178e-11,1.44183080146542,0.312,0.127,1.16643690396978e-06,"1","Nefm"
"Grm1",7.79250417637346e-11,0.946818122051899,0.694,0.466,1.29394531848681e-06,"1","Grm1"
"Scn8a",1.0128457853027e-10,0.568457767505478,0.89,0.769,1.68183042649513e-06,"1","Scn8a"
"Zfp608",1.38230182245572e-10,0.917865729016347,0.584,0.343,2.29531217618772e-06,"1","Zfp608"
"Klf12",1.41721152236591e-10,0.692593891195028,0.832,0.621,2.35327973288859e-06,"1","Klf12"
"Asap1",1.89630834214235e-10,0.888929133777192,0.699,0.478,3.14882000212736e-06,"1","Asap1"
"Adcy2",2.01926835966204e-10,0.956391490670603,0.751,0.572,3.35299511121882e-06,"1","Adcy2"
"Srcin1",2.36222145137595e-10,0.71771347814918,0.803,0.614,3.92246872000976e-06,"1","Srcin1"
"Grik2",2.76021394008858e-10,0.661153315903077,0.971,0.937,4.58333524751708e-06,"1","Grik2"
"Zfp804a",4.52780815102096e-10,1.25871299573036,0.636,0.435,7.5184254347703e-06,"1","Zfp804a"
"Elavl4",6.00696904962243e-10,0.914137549439898,0.63,0.42,9.97457210689805e-06,"1","Elavl4"
"Dlc1",6.92610318443768e-10,0.907942033715798,0.578,0.352,1.15007943377588e-05,"1","Dlc1"
"Insyn2a",7.29972922086654e-10,1.44328330100003,0.289,0.12,1.21212003712489e-05,"1","Insyn2a"
"Lypd6b",9.10827874596183e-10,1.24987794026923,0.277,0.109,1.51242968576696e-05,"1","Lypd6b"
"Cabp1",9.3253717202181e-10,1.24144167678519,0.405,0.207,1.54847797414222e-05,"1","Cabp1"
"Cerk",1.01551663942469e-09,1.08893372842029,0.416,0.209,1.6862653797647e-05,"1","Cerk"
"Stac",1.08851744881753e-09,1.39364726795545,0.399,0.204,1.80748322376151e-05,"1","Stac"
"Dlx6os1",1.40927952914748e-09,1.31318224539436,0.41,0.215,2.34010865814938e-05,"1","Dlx6os1"
"Csmd2",1.52641601589133e-09,0.514178738279289,0.954,0.867,2.53461379438756e-05,"1","Csmd2"
"Gas6",1.64878559463698e-09,1.06343834800397,0.462,0.252,2.7378084798947e-05,"1","Gas6"
"Rasgrp2",2.11894697067708e-09,1.13814164951179,0.353,0.162,3.51851144480929e-05,"1","Rasgrp2"
"Epha6",2.24680802470833e-09,0.761514858177205,0.815,0.68,3.73082472502818e-05,"1","Epha6"
"Neto2",2.60902225994226e-09,1.07477566542363,0.48,0.278,4.33228146263412e-05,"1","Neto2"
"Nrcam",2.88675631651334e-09,0.657901251133233,0.838,0.673,4.79345886357041e-05,"1","Nrcam"
"Elmo1",3.0353040924439e-09,0.69203666107746,0.688,0.465,5.04012244550309e-05,"1","Elmo1"
"Sh3d19",3.29150611523392e-09,1.17567872164443,0.445,0.25,5.46554590434593e-05,"1","Sh3d19"
"Snhg14",3.40573593038631e-09,0.278499683525463,1,0.997,5.65522451240647e-05,"1","Snhg14"
"Mir124a-1hg",4.44271794072225e-09,0.869126319495367,0.584,0.365,7.3771331405693e-05,"1","Mir124a-1hg"
"E230016M11Rik",4.69628716639039e-09,1.05133447558143,0.405,0.211,7.79818483979124e-05,"1","E230016M11Rik"
"Cntn3",6.41378774718858e-09,0.976205313006601,0.642,0.457,0.000106500945542066,"1","Cntn3"
"Mdga1",6.85274649370554e-09,1.78227239018624,0.312,0.15,0.000113789855527981,"1","Mdga1"
"2810049E08Rik",6.9834285426935e-09,1.40725056975527,0.266,0.11,0.000115959830951426,"1","2810049E08Rik"
"Mgat5b",7.71404124826188e-09,1.21073678024443,0.434,0.245,0.000128091654927389,"1","Mgat5b"
"Parm1",8.64225251160632e-09,1.193695511678,0.382,0.195,0.000143504602955223,"1","Parm1"
"Nkain2",8.84627960425385e-09,0.576155472772736,0.994,0.965,0.000146892472828635,"1","Nkain2"
"Cntn1",9.80636843759068e-09,0.574132551632586,0.89,0.857,0.000162834747906193,"1","Cntn1"
"Nav2",1.39157936579687e-08,0.440895608321633,0.977,0.941,0.00023107175369057,"1","Nav2"
"Adcy1",1.5267117367909e-08,0.970733343065976,0.335,0.155,0.000253510483894129,"1","Adcy1"
"Scn1b",1.61382098793544e-08,1.14770515000136,0.324,0.153,0.00026797497504668,"1","Scn1b"
"Nhs",1.80669823574991e-08,0.590906864470413,0.676,0.436,0.000300002242046272,"1","Nhs"
"Olfm2",1.9698268929604e-08,0.803179246086411,0.532,0.316,0.000327089755576074,"1","Olfm2"
"Atp11b",2.37325272291595e-08,0.777433833249855,0.659,0.487,0.000394078614640193,"1","Atp11b"
"Sept4",2.39478836019365e-08,1.13332784777874,0.312,0.143,0.000397654607210156,"1","Sept4"
"Zfp385b",2.59096439814041e-08,1.14965486992901,0.757,0.629,0.000430229638311215,"1","Zfp385b"
"Dpp10",2.68493361846776e-08,0.547122381030873,0.873,0.752,0.000445833227346572,"1","Dpp10"
"Flt3",2.81425216986052e-08,1.17228947491577,0.329,0.158,0.000467306572805339,"1","Flt3"
"Sgpp2",2.91076666361755e-08,1.30711389846982,0.272,0.118,0.000483332804493693,"1","Sgpp2"
"Tspan5",3.03699451560464e-08,0.809614238999005,0.555,0.343,0.000504292939316151,"1","Tspan5"
"Tox",3.28798904025415e-08,1.34587811522131,0.393,0.22,0.000545970580134202,"1","Tox"
"Fhod3",3.53765643225511e-08,0.762423921005428,0.613,0.406,0.000587427850575962,"1","Fhod3"
"Runx1t1",3.65502724037565e-08,0.919965796364448,0.532,0.33,0.000606917273264376,"1","Runx1t1"
"Sv2a",4.06336655582109e-08,0.565151698372933,0.769,0.596,0.000674722016594092,"1","Sv2a"
"Atp2b2",4.12762180705297e-08,0.534064601768574,0.925,0.83,0.000685391601061145,"1","Atp2b2"
"Osbpl9",4.38520971337986e-08,0.622770113950254,0.769,0.552,0.000728164072906725,"1","Osbpl9"
"Mcc",4.40710379441803e-08,1.21016923694801,0.277,0.122,0.000731799585063114,"1","Mcc"
"Arhgap23",4.6990802200413e-08,0.67445879301712,0.561,0.337,0.000780282270537857,"1","Arhgap23"
"Vwc2l",4.71842020291863e-08,0.784842839757633,0.538,0.33,0.000783493674694639,"1","Vwc2l"
"Cacng3",5.03407318665624e-08,0.925295934491835,0.387,0.202,0.000835907852644269,"1","Cacng3"
"Gpr158",5.26690016086772e-08,0.487432638186621,0.983,0.964,0.000874568771712085,"1","Gpr158"
"Hrh2",5.39345645360098e-08,1.29797222847028,0.26,0.112,0.000895583444120442,"1","Hrh2"
"Cntn6",5.89082088295404e-08,0.739620411364281,0.607,0.389,0.000978170807614519,"1","Cntn6"
"Pde1a",6.0341871590637e-08,0.852346142374431,0.688,0.506,0.00100197677776253,"1","Pde1a"
"Esrra",6.65602163978961e-08,0.980499649912637,0.318,0.15,0.00110523239328707,"1","Esrra"
"Myo19",6.68850303313578e-08,1.20561670858562,0.254,0.108,0.0011106259286522,"1","Myo19"
"Pld5",6.91320274775075e-08,0.919203042425894,0.491,0.293,0.00114793731626401,"1","Pld5"
"Gab2",7.24347695672379e-08,0.604594984233488,0.653,0.437,0.00120277934866399,"1","Gab2"
"Gm32647",7.37754340962024e-08,0.74662133580105,0.728,0.542,0.00122504108316744,"1","Gm32647"
"Cadps",7.5580426561844e-08,0.333191427380429,0.994,0.981,0.00125501298305942,"1","Cadps"
"Snx29",8.72667072436656e-08,0.681542746855159,0.694,0.484,0.00144906367378107,"1","Snx29"
"Etl4",1.05248190451421e-07,0.893978341812491,0.723,0.558,0.00174764620244584,"1","Etl4"
"Pnkd",1.14554555507748e-07,0.768812124079064,0.532,0.325,0.00190217839420615,"1","Pnkd"
"Trpm2",1.25084553102131e-07,0.842096550114296,0.457,0.261,0.00207702900426088,"1","Trpm2"
"Dner",1.33859778242217e-07,0.502524216452026,0.827,0.629,0.00222274161771202,"1","Dner"
"Ubash3b",1.36061061545451e-07,1.014287790204,0.445,0.259,0.00225929392696222,"1","Ubash3b"
"Kcnc1",1.45701156897633e-07,0.699431321248582,0.694,0.514,0.0024193677102852,"1","Kcnc1"
"Snrpn",1.4903168460982e-07,0.590076586667222,0.659,0.425,0.00247467112294607,"1","Snrpn"
"Adarb2",1.5221390890125e-07,0.884703261100926,0.78,0.661,0.00252751195730526,"1","Adarb2"
"Rnf157",1.53842551561225e-07,0.514319915991593,0.815,0.629,0.00255455556867414,"1","Rnf157"
"Dnm3",1.55193678554641e-07,0.491519486652876,0.936,0.908,0.00257699103239982,"1","Dnm3"
"Slc2a13",1.97079951396921e-07,0.673436112715638,0.699,0.521,0.00327251259294588,"1","Slc2a13"
"Cluh",2.26578660774567e-07,0.828921161366562,0.462,0.275,0.00376233866216168,"1","Cluh"
"Mir99ahg",2.53150854270043e-07,0.666638541265932,0.769,0.622,0.00420356993515406,"1","Mir99ahg"
"Ppib",2.7244444185488e-07,0.674580457297921,0.491,0.286,0.00452393995700028,"1","Ppib"
"Gprin3",2.73279058030864e-07,1.02988348844248,0.376,0.209,0.0045377987586025,"1","Gprin3"
"Col11a1",3.33670626391376e-07,1.02825086246839,0.514,0.341,0.00554060075122879,"1","Col11a1"
"Dab1",3.3826930722983e-07,0.603451274983306,0.942,0.892,0.00561696184655132,"1","Dab1"
"Il1rapl2",3.39998210549244e-07,1.00183139047668,0.445,0.272,0.00564567028617019,"1","Il1rapl2"
"Pvt1",3.47897306543311e-07,0.643617025126985,0.497,0.292,0.00577683477515167,"1","Pvt1"
"Dchs2",3.57040457175726e-07,0.886889952475643,0.445,0.259,0.00592865679140292,"1","Dchs2"
"Rab3b",4.06708169419126e-07,1.08094624793025,0.301,0.149,0.00675338915320459,"1","Rab3b"
"Maml3",4.49948975134069e-07,0.943127255793252,0.538,0.379,0.00747140273210122,"1","Maml3"
"Adamts6",4.57395584281491e-07,1.08621056048591,0.272,0.127,0.00759505367699416,"1","Adamts6"
"Luzp2",4.67361811719935e-07,0.85414041379833,0.636,0.451,0.00776054288360952,"1","Luzp2"
"Ptprg",4.71588870008488e-07,0.515735200033669,0.884,0.742,0.00783073318649094,"1","Ptprg"
"Slc4a3",5.09833532920839e-07,0.68887613918065,0.717,0.582,0.00846578581415053,"1","Slc4a3"
"Cd47",5.18628568313266e-07,0.901164272018937,0.503,0.334,0.00861182737684178,"1","Cd47"
"Rbms3",5.3338897559614e-07,0.558967782878196,0.89,0.807,0.00885692393977391,"1","Rbms3"
"Frmpd4",5.39225222349219e-07,0.689522043795834,0.763,0.65,0.00895383481710878,"1","Frmpd4"
"Rian",5.61101131485784e-07,0.24921405812451,0.988,0.993,0.00931708428832145,"1","Rian"
"Atp1b1",5.62763308883593e-07,0.620544166672932,0.757,0.584,0.00934468474401205,"1","Atp1b1"
"9530036O11Rik",6.76736208423307e-07,0.49633945587107,0.486,0.268,0.011237204740869,"1","9530036O11Rik"
"Ptprr",7.05803025442148e-07,0.942691490297546,0.694,0.524,0.0117198592374669,"1","Ptprr"
"Ttc39c",7.31427721373275e-07,0.93850248373166,0.364,0.2,0.0121453573134032,"1","Ttc39c"
"Arnt2",7.62684624007929e-07,0.772413452150921,0.561,0.39,0.0126643781816517,"1","Arnt2"
"Map1a",7.6444531611358e-07,0.689707981724256,0.578,0.38,0.012693614474066,"1","Map1a"
"Mindy2",7.73429692650221e-07,0.890986338662437,0.37,0.203,0.0128428000464569,"1","Mindy2"
"Ppargc1a",7.80098253244288e-07,0.84465588206257,0.347,0.184,0.0129535314951214,"1","Ppargc1a"
"Depdc5",7.85327116934036e-07,0.644230446933546,0.572,0.372,0.0130403567766897,"1","Depdc5"
"Mroh1",7.97329978100516e-07,0.717223660805545,0.538,0.361,0.0132396642863591,"1","Mroh1"
"Clgn",9.49724218986565e-07,1.06975717172103,0.277,0.135,0.0157701706562719,"1","Clgn"
"Kifc2",9.52928448908342e-07,0.601005840165603,0.723,0.54,0.015823376894123,"1","Kifc2"
"Gfod2",1.02257552814204e-06,0.896732761622199,0.428,0.259,0.0169798666447986,"1","Gfod2"
"Rhbdl3",1.05480285963084e-06,0.944261131704785,0.312,0.159,0.0175150014841701,"1","Rhbdl3"
"Socs2",1.06617997333475e-06,1.12054333493711,0.26,0.123,0.0177039184572235,"1","Socs2"
"Cdk14",1.0885280858488e-06,0.707253056994159,0.607,0.436,0.0180750088655192,"1","Cdk14"
"Ajap1",1.17219744512763e-06,1.04390732305042,0.353,0.203,0.0194643385763442,"1","Ajap1"
"Limk1",1.18853029974169e-06,0.753831353676717,0.393,0.22,0.0197355456272108,"1","Limk1"
"Htr2c",1.24467275006444e-06,0.571326495500897,0.538,0.353,0.02066779101482,"1","Htr2c"
"Cdh13",1.29979103325402e-06,0.926361950293497,0.734,0.638,0.0215830301071831,"1","Cdh13"
"Syt1",1.31412538257719e-06,0.429714189932417,0.988,0.948,0.0218210519776942,"1","Syt1"
"St8sia1",1.39549886911826e-06,0.869627531459602,0.382,0.217,0.0231722587217088,"1","St8sia1"
"Robo2",1.44405447801822e-06,0.841358032032702,0.486,0.317,0.0239785246074925,"1","Robo2"
"Klhl5",1.46812001149491e-06,1.21780857022011,0.318,0.171,0.0243781327908729,"1","Klhl5"
"Rab6b",1.46876307265625e-06,0.592118297105948,0.659,0.461,0.024388810821457,"1","Rab6b"
"Adamts17",1.53943166231371e-06,1.02090351629303,0.387,0.233,0.0255622627527191,"1","Adamts17"
"Shisa6",1.85760660852721e-06,1.36928271955625,0.254,0.125,0.0308455577345943,"1","Shisa6"
"Ssbp2",1.93296483047848e-06,0.651111498676329,0.705,0.599,0.0320968810100952,"1","Ssbp2"
"Ncoa1",2.05280211241655e-06,0.46935233866358,0.798,0.677,0.0340867790766768,"1","Ncoa1"
"Tmem241",2.21700434605536e-06,1.06020722674095,0.335,0.189,0.0368133571662493,"1","Tmem241"
"Mia2",2.29814645444598e-06,0.719549963444857,0.439,0.259,0.0381607218760755,"1","Mia2"
"Slc25a20",2.31083246596841e-06,1.0495792897834,0.266,0.13,0.0383713730974054,"1","Slc25a20"
"Trnp1",2.41336820776695e-06,0.790800091959109,0.329,0.173,0.0400739790899702,"1","Trnp1"
"Amph",2.42318827717477e-06,0.676914707741331,0.676,0.548,0.040237041342487,"1","Amph"
"Ttc39b",2.42869774432938e-06,0.905521930255929,0.318,0.167,0.0403285260445894,"1","Ttc39b"
"Trappc12",2.4860930503516e-06,0.82168707129958,0.37,0.204,0.0412815751010883,"1","Trappc12"
"Fry",2.49333269889237e-06,0.338173379326665,0.931,0.857,0.0414017894651079,"1","Fry"
"Myrip",2.49753210928475e-06,0.824327214307714,0.451,0.285,0.0414715206746733,"1","Myrip"
"Prkd1",2.58518514998272e-06,1.15064243308091,0.272,0.137,0.0429269994154631,"1","Prkd1"
"Slc22a23",2.63797404352656e-06,0.701625534661494,0.514,0.34,0.0438035589927585,"1","Slc22a23"
"Epha7",2.7420402535026e-06,0.932165686806489,0.277,0.14,0.0455315784094107,"1","Epha7"
"Sod2",3.12903801386809e-06,0.526964125243816,0.595,0.416,0.0519576762202796,"1","Sod2"
"Cplx1",3.2374867168449e-06,0.934534794334584,0.289,0.146,0.0537584669332096,"1","Cplx1"
"Acsl6",3.25824723460575e-06,0.661483445920499,0.532,0.352,0.0541031953306285,"1","Acsl6"
"Nr3c2",3.34537942140207e-06,0.612606699447221,0.618,0.423,0.0555500252923814,"1","Nr3c2"
"Man1c1",3.44299113061334e-06,1.13755243364047,0.358,0.204,0.0571708677238345,"1","Man1c1"
"Pex5l",3.49883520190707e-06,1.10102264681816,0.659,0.535,0.058098158527667,"1","Pex5l"
"Habp4",3.49994958551144e-06,0.858982869014798,0.353,0.198,0.0581166628674175,"1","Habp4"
"Ftl1-ps1",3.59168161381853e-06,0.829113368770256,0.422,0.255,0.0596398731974566,"1","Ftl1-ps1"
"Hdac5",3.75023882971253e-06,0.689162985794755,0.422,0.252,0.0622727157673766,"1","Hdac5"
"Agbl4",3.94311441739652e-06,0.319633054351639,0.988,0.966,0.0654754149008692,"1","Agbl4"
"Galntl6",4.04815020650359e-06,0.752094003380396,0.89,0.87,0.067219534178992,"1","Galntl6"
"Otud7a",4.06012028452131e-06,0.381768670445164,0.896,0.859,0.0674182973244763,"1","Otud7a"
"Pkp4",4.23252821120539e-06,0.786255423740809,0.728,0.612,0.0702811309470655,"1","Pkp4"
"Mpp6",4.39638406146696e-06,0.783059672629178,0.393,0.23,0.0730019573406589,"1","Mpp6"
"Nrxn3",4.45729708594873e-06,0.256501414129476,1,0.975,0.0740134181121786,"1","Nrxn3"
"C78859",4.51192900940386e-06,0.770134312591783,0.451,0.286,0.0749205812011511,"1","C78859"
"Gm38393",4.52461015657021e-06,0.881666616113047,0.312,0.167,0.0751311516498484,"1","Gm38393"
"Arhgap22",4.55505951310372e-06,1.12135520611267,0.254,0.126,0.0756367632150872,"1","Arhgap22"
"Dock9",5.80747133405427e-06,0.5138883589914,0.723,0.605,0.0964330615019712,"1","Dock9"
"Ppip5k1",5.94477813332226e-06,0.525680555058657,0.728,0.573,0.0987130409038161,"1","Ppip5k1"
"Sec24a",6.04665023696258e-06,0.558316543946268,0.595,0.416,0.100404627184764,"1","Sec24a"
"Vwa8",6.10172774975352e-06,0.48602278535085,0.746,0.582,0.101319189284657,"1","Vwa8"
"Lmtk2",6.27074714620968e-06,0.615162404350978,0.526,0.349,0.104125756362812,"1","Lmtk2"
"Slc35f3",6.49365699479318e-06,0.474089205486739,0.723,0.544,0.107827174398541,"1","Slc35f3"
"Tenm4",7.32041770399223e-06,0.37768402654203,0.977,0.961,0.121555535974791,"1","Tenm4"
"Fndc5",7.4725257611665e-06,0.944907355698071,0.289,0.152,0.12408129026417,"1","Fndc5"
"Sh3pxd2a",8.09579345564965e-06,0.790717990033245,0.439,0.278,0.134430650331062,"1","Sh3pxd2a"
"Kcnab2",8.50877945094677e-06,0.780162593361439,0.306,0.163,0.141288282782971,"1","Kcnab2"
"Hs6st31",9.46256777134122e-06,0.923707402652715,0.636,0.591,0.157125937843121,"1","Hs6st3"
"Grin2d",1.01539142726382e-05,0.660990244944507,0.387,0.223,0.168605746497157,"1","Grin2d"
"Gpi1",1.08509829532184e-05,0.453900663054093,0.821,0.692,0.180180571938191,"1","Gpi1"
"Sacs",1.24206059123921e-05,0.559253663200322,0.555,0.369,0.206244161175272,"1","Sacs"
"Mef2c",1.27098558806844e-05,1.07382683603008,0.26,0.136,0.211047156898764,"1","Mef2c"
"Got1",1.31434177718084e-05,0.904750229226088,0.289,0.156,0.218246452100879,"1","Got1"
"Zfp827",1.31744460195387e-05,0.635228720809948,0.48,0.311,0.218761676154439,"1","Zfp827"
"Pde4a",1.36071791640543e-05,0.420948516326124,0.665,0.484,0.225947210019122,"1","Pde4a"
"Efr3a",1.38933332279926e-05,0.847657723948148,0.405,0.255,0.230698798250817,"1","Efr3a"
"Cntnap5c",1.40386493721514e-05,0.741870036125599,0.618,0.442,0.233111772824574,"1","Cntnap5c"
"Kcnip4",1.40500541404764e-05,0.324247919284394,0.977,0.95,0.233301149002611,"1","Kcnip4"
"Macf1",1.41364258075188e-05,0.22162661651461,1,0.998,0.234735350533851,"1","Macf1"
"Evi5",1.46198017545285e-05,0.577440796869972,0.474,0.292,0.242761808133946,"1","Evi5"
"Nwd2",1.49330891041126e-05,1.01075747100532,0.289,0.158,0.247963944573789,"1","Nwd2"
"Pknox2",1.52451187407483e-05,0.538001113971725,0.526,0.351,0.253145196690126,"1","Pknox2"
"Nup93",1.70299788703768e-05,0.82666650954469,0.405,0.252,0.282782799142607,"1","Nup93"
"Helq",1.80345484375861e-05,0.57547217375845,0.41,0.242,0.299463676806117,"1","Helq"
"Chn2",1.84849602795097e-05,0.82945972443637,0.393,0.24,0.306942765441258,"1","Chn2"
"Galnt7",1.87035853538841e-05,0.731412284907487,0.393,0.243,0.310573034801246,"1","Galnt7"
"Fmn1",1.94698659136598e-05,0.822288069034115,0.306,0.17,0.32329712349632,"1","Fmn1"
"Nrg3",2.01314553308419e-05,0.404050227124292,0.988,0.978,0.33428281576863,"1","Nrg3"
"Tbc1d30",2.18030159794007e-05,0.913362163836834,0.341,0.202,0.362039080337949,"1","Tbc1d30"
"Thumpd3",2.18230079477279e-05,0.806346525165094,0.283,0.152,0.362371046972021,"1","Thumpd3"
"Auts2",2.22767202992066e-05,0.430677796970984,0.942,0.912,0.369904940568325,"1","Auts2"
"Tenm3",2.43290244364885e-05,0.606389409783168,0.821,0.716,0.403983450767891,"1","Tenm3"
"Tcerg1l",2.49620917262832e-05,1.23901391846573,0.393,0.266,0.414495533114933,"1","Tcerg1l"
"Lactb2",2.49962100050399e-05,0.785451300853744,0.289,0.157,0.415062067133688,"1","Lactb2"
"Abat",2.52663601313743e-05,0.480907611480581,0.659,0.506,0.41954790998147,"1","Abat"
"Dnm2",2.52756066326979e-05,0.542963178698111,0.578,0.407,0.419701448135948,"1","Dnm2"
"Aco2",2.57961965459298e-05,0.461819512294695,0.699,0.523,0.428345843645165,"1","Aco2"
"Pdss1",2.60137489943966e-05,0.630922543318292,0.422,0.265,0.431958302051956,"1","Pdss1"
"Nsf",2.73617157381013e-05,0.412181332811827,0.798,0.748,0.454341289831171,"1","Nsf"
"Gm45323",2.84962351558938e-05,0.946071288831707,0.347,0.208,0.473179984763616,"1","Gm45323"
"Enox2",2.94938486308864e-05,0.77019252568306,0.335,0.202,0.489745356515869,"1","Enox2"
"Atad3a",3.16572016309806e-05,0.740376871247498,0.41,0.262,0.525667833082434,"1","Atad3a"
"Gtf2a2",3.24004804241007e-05,0.691956200686435,0.301,0.164,0.538009977442192,"1","Gtf2a2"
"Wwp1",3.60721185504462e-05,0.704300360770318,0.428,0.279,0.598977528530159,"1","Wwp1"
"Ints10",3.68271030119337e-05,0.489317229690571,0.514,0.342,0.61151404551316,"1","Ints10"
"Ptn",3.8140523704672e-05,0.895921879142273,0.295,0.169,0.633323396116079,"1","Ptn"
"Nlk",4.00574653762406e-05,0.75546535616291,0.52,0.393,0.665154212572474,"1","Nlk"
"Rapgef5",4.48993219568968e-05,0.440829161730049,0.555,0.375,0.745553241094271,"1","Rapgef5"
"Kif5a",4.52171845540086e-05,0.341924603935789,0.838,0.69,0.750831349519313,"1","Kif5a"
"Vwa5b2",4.6408874739163e-05,0.520252310906627,0.555,0.387,0.770619365043801,"1","Vwa5b2"
"Iffo1",4.65787648874429e-05,0.762277886922716,0.306,0.174,0.773440390955989,"1","Iffo1"
"Ppm1l",4.86763799721662e-05,0.575763985224769,0.538,0.374,0.808271289437819,"1","Ppm1l"
"Angel2",4.96446546643231e-05,0.624739718675146,0.387,0.24,0.824349490701085,"1","Angel2"
"Esrrg",5.03401350349407e-05,0.672485556260017,0.584,0.446,0.835897942255191,"1","Esrrg"
"Fstl5",5.12658208531945e-05,0.223346074305563,0.665,0.468,0.851268955267295,"1","Fstl5"
"Magi2",5.35677679005005e-05,0.29137067108885,1,0.995,0.88949278598781,"1","Magi2"
"Setbp1",5.80440080524858e-05,0.486274217843216,0.763,0.657,0.963820753711527,"1","Setbp1"
"Elavl3",5.88727486089533e-05,0.256602314871429,0.977,0.957,0.97758199065167,"1","Elavl3"
"Fras1",5.92002814322398e-05,0.447892554252618,0.318,0.177,0.983020673182342,"1","Fras1"
"Asic1",6.02267913961838e-05,0.836248010878956,0.364,0.23,1,"1","Asic1"
"Clvs1",6.2551514008191e-05,0.524738288128928,0.601,0.429,1,"1","Clvs1"
"Optn",6.36069061389904e-05,0.706226882757435,0.347,0.208,1,"1","Optn"
"Adra1a",6.43860131958656e-05,1.22703796391112,0.289,0.176,1,"1","Adra1a"
"Map3k13",6.49774112050317e-05,0.633448207408694,0.393,0.243,1,"1","Map3k13"
"Cntn4",6.62179201850464e-05,0.448789572210127,0.671,0.512,1,"1","Cntn4"
"C130073E24Rik",6.70837535583252e-05,0.439430975504422,0.763,0.674,1,"1","C130073E24Rik"
"Bckdhb",6.72797967036266e-05,0.731833118088612,0.439,0.293,1,"1","Bckdhb"
"Slitrk3",6.88222959947134e-05,0.636889855179869,0.358,0.214,1,"1","Slitrk3"
"Opcml",7.0131715667966e-05,0.420084718717782,0.919,0.901,1,"1","Opcml"
"Gys1",7.41941355981266e-05,0.791340646512867,0.387,0.252,1,"1","Gys1"
"Coq5",7.42585083814478e-05,0.613925207601726,0.324,0.187,1,"1","Coq5"
"Mdh1",7.68045728600219e-05,0.795446456815475,0.324,0.194,1,"1","Mdh1"
"Crat",7.84292001373799e-05,0.658789336751236,0.353,0.214,1,"1","Crat"
"B3galnt2",8.01259655748758e-05,0.84446485987879,0.272,0.152,1,"1","B3galnt2"
"Haghl",8.19289954927593e-05,0.611300410969917,0.486,0.338,1,"1","Haghl"
"Gpc6",8.51190298707839e-05,0.825899322586494,0.578,0.479,1,"1","Gpc6"
"Bahcc1",8.73734569245261e-05,0.629041993357184,0.387,0.243,1,"1","Bahcc1"
"Gm32442",8.99647866722818e-05,0.791427105329355,0.301,0.174,1,"1","Gm32442"
"Pacsin1",9.87725412254538e-05,0.261573114559636,0.936,0.893,1,"1","Pacsin1"
"Slc24a2",9.93749141051089e-05,0.331441935633066,0.746,0.584,1,"1","Slc24a2"
"Nipsnap2",0.000100507784949117,0.490773925317555,0.491,0.326,1,"1","Nipsnap2"
"Slc4a8",0.000116409254320367,0.696403628551014,0.405,0.264,1,"1","Slc4a8"
"Atp5d",0.000117333241586231,0.741593732750979,0.301,0.176,1,"1","Atp5d"
"Ltbp3",0.000119212868735881,0.660268265677149,0.451,0.313,1,"1","Ltbp3"
"Thoc1",0.000119406024978693,0.46642087563279,0.607,0.442,1,"1","Thoc1"
"Dscam1",0.000122582076889563,0.265712400903663,0.977,0.934,1,"1","Dscam"
"Ndrg4",0.00012687843857719,0.507730724545083,0.572,0.452,1,"1","Ndrg4"
"Chga",0.000127532214165216,0.587755084825456,0.514,0.352,1,"1","Chga"
"Clip1",0.000128570801646652,0.380450510411557,0.786,0.675,1,"1","Clip1"
"Zfp955b",0.000129331123108454,0.755045296459582,0.26,0.145,1,"1","Zfp955b"
"Kiz",0.000132435295076309,0.773833711646603,0.341,0.209,1,"1","Kiz"
"Slc25a4",0.000133832401928508,0.656996054928185,0.329,0.196,1,"1","Slc25a4"
"Grik4",0.000134359188986154,0.530502312279994,0.647,0.532,1,"1","Grik4"
"Cpeb3",0.00013702540473457,0.396495941704267,0.74,0.608,1,"1","Cpeb3"
"Capn2",0.00013818095236367,0.518786044396597,0.405,0.256,1,"1","Capn2"
"Tpr",0.000140847827651529,0.398032039725893,0.746,0.603,1,"1","Tpr"
"Tmtc1",0.000143633481084848,0.71293558559833,0.445,0.31,1,"1","Tmtc1"
"Mpp7",0.00015619364861675,0.578281834591605,0.272,0.151,1,"1","Mpp7"
"Tbc1d24",0.000158147470399974,0.674513689044252,0.457,0.314,1,"1","Tbc1d24"
"March2",0.000158516609923085,0.636421523722781,0.335,0.204,1,"1","March2"
"Lmbr1",0.000161522407140299,0.386946473300183,0.538,0.371,1,"1","Lmbr1"
"Cdh12",0.000164643055436663,0.474452844922782,0.514,0.368,1,"1","Cdh12"
"Sfmbt2",0.000165664263715154,0.929601093176749,0.301,0.191,1,"1","Sfmbt2"
"Large1",0.000168461877775568,0.373731043692589,0.838,0.809,1,"1","Large1"
"Ncam1",0.000174053386567734,0.273183869923825,0.988,0.956,1,"1","Ncam1"
"Arfgef2",0.000182273414147135,0.540947260342984,0.613,0.498,1,"1","Arfgef2"
"Rap1gap",0.000183835866192274,0.510601216990353,0.613,0.487,1,"1","Rap1gap"
"Trpc7",0.000189307410975801,0.370161251020051,0.52,0.346,1,"1","Trpc7"
"Sept6",0.000190361669185794,0.731639902158918,0.277,0.159,1,"1","Sept6"
"Immt",0.000192672877329504,0.548670324342494,0.387,0.244,1,"1","Immt"
"Rab30",0.000193731010835507,0.618632210279253,0.393,0.259,1,"1","Rab30"
"Sel1l",0.000194716605551048,0.464032482328988,0.59,0.443,1,"1","Sel1l"
"Nek1",0.000211142786745566,0.508521294676934,0.624,0.502,1,"1","Nek1"
"Retreg1",0.00021903450004817,0.565802449029259,0.405,0.27,1,"1","Retreg1"
"Kcnmb2",0.00022136330348507,0.632058971136715,0.301,0.178,1,"1","Kcnmb2"
"Srsf2",0.000223170164154611,0.397743484010896,0.538,0.371,1,"1","Srsf2"
"Samm50",0.000224383511119732,0.693717670054188,0.422,0.289,1,"1","Samm50"
"Cyth3",0.000224387646641284,0.749704527729806,0.318,0.198,1,"1","Cyth3"
"Rassf5",0.000228495645731317,0.780811433057957,0.272,0.158,1,"1","Rassf5"
"Rims4",0.000231725656713637,0.798441327079748,0.266,0.155,1,"1","Rims4"
"Dlgap3",0.000239259093558747,0.511695043689809,0.405,0.262,1,"1","Dlgap3"
"Stxbp1",0.000251864553099318,0.455553613556739,0.717,0.635,1,"1","Stxbp1"
"Sncaip",0.00025831725363892,0.625774279523273,0.358,0.23,1,"1","Sncaip"
"Sparcl1",0.00026974659192702,0.810792430196286,0.283,0.17,1,"1","Sparcl1"
"Uri1",0.000277000015500519,0.557770172024991,0.451,0.314,1,"1","Uri1"
"Ppp1r16b",0.000278424079708752,0.592420527135521,0.353,0.223,1,"1","Ppp1r16b"
"Luzp1",0.000281063677506093,0.575020979058638,0.382,0.25,1,"1","Luzp1"
"Aak1",0.000287826938921279,0.323564419250416,0.867,0.802,1,"1","Aak1"
"Stard9",0.000289025869391658,0.800808341623664,0.341,0.226,1,"1","Stard9"
"Plppr5",0.000289174411933582,0.643838995285265,0.358,0.23,1,"1","Plppr5"
"Ppm1e",0.000290260944338889,0.410591630397246,0.694,0.586,1,"1","Ppm1e"
"Fam49b",0.00031097666204657,0.417835320396438,0.607,0.455,1,"1","Fam49b"
"B3gat1",0.000315120961548563,0.727445697418178,0.422,0.302,1,"1","B3gat1"
"Tbc1d4",0.000316148485501744,1.00755361661091,0.283,0.175,1,"1","Tbc1d4"
"Hspa4l",0.000319492675410392,0.582911468066789,0.514,0.389,1,"1","Hspa4l"
"Rrbp1",0.000325803919110202,0.523012557720769,0.405,0.264,1,"1","Rrbp1"
"Asap2",0.000336388159577542,0.468105775142126,0.526,0.384,1,"1","Asap2"
"Osbpl1a",0.00035037381502257,0.582617656265832,0.37,0.24,1,"1","Osbpl1a"
"Iars",0.00035411472480914,0.605982977576583,0.393,0.26,1,"1","Iars"
"Cd99l2",0.000369230417676032,0.562153553706116,0.387,0.256,1,"1","Cd99l2"
"Trpc3",0.000379669910410137,0.773146474846757,0.283,0.169,1,"1","Trpc3"
"Samd5",0.000382506831136953,0.36705327133884,0.746,0.613,1,"1","Samd5"
"Htr4",0.000388443533746562,0.476412594262667,0.387,0.246,1,"1","Htr4"
"Smg5",0.000389474400754732,0.542778676899307,0.445,0.308,1,"1","Smg5"
"Syt3",0.000393327201932841,0.648175662726384,0.335,0.214,1,"1","Syt3"
"Gls2",0.000395351879417403,0.599895647697667,0.301,0.182,1,"1","Gls2"
"Mpc1",0.000395890419846095,0.486004681169683,0.468,0.322,1,"1","Mpc1"
"Ptprs",0.00040730857768596,0.301770577395512,0.96,0.914,1,"1","Ptprs"
"Klc2",0.000420918767846536,0.52072543426406,0.468,0.334,1,"1","Klc2"
"Auh",0.00042400206919599,0.671280280934433,0.37,0.247,1,"1","Auh"
"Kifap3",0.000425974304112773,0.370649555320157,0.717,0.619,1,"1","Kifap3"
"Crtc3",0.000447424181356279,0.407530188913214,0.538,0.388,1,"1","Crtc3"
"Acss2",0.000455816009387245,0.568433761358057,0.468,0.34,1,"1","Acss2"
"Ndufaf2",0.000458902872821815,0.794068195386657,0.26,0.153,1,"1","Ndufaf2"
"Qser1",0.000476328077389198,0.550986047216721,0.393,0.261,1,"1","Qser1"
"Arhgap12",0.000484209830114412,0.493675327815248,0.41,0.272,1,"1","Arhgap12"
"Phyhipl",0.000488778037945338,0.706226882757435,0.324,0.204,1,"1","Phyhipl"
"Immp2l",0.000494143395463165,0.636973751496371,0.422,0.301,1,"1","Immp2l"
"Cdk16",0.000520975741500058,0.675749402216922,0.353,0.233,1,"1","Cdk16"
"Ndrg3",0.000521569023379353,0.505893762584319,0.445,0.306,1,"1","Ndrg3"
"Dnajc18",0.000523450768374554,0.543997322403259,0.376,0.249,1,"1","Dnajc18"
"Ttc19",0.0005235349614961,0.426599861916116,0.566,0.42,1,"1","Ttc19"
"Jakmip2",0.000531834156429569,0.445518305383337,0.711,0.602,1,"1","Jakmip2"
"Atxn7",0.000533064661273508,0.501248059764756,0.497,0.357,1,"1","Atxn7"
"Ccdc136",0.000539562515187104,0.564848700598467,0.468,0.33,1,"1","Ccdc136"
"Sema6d",0.000545198317011401,0.567216125859509,0.717,0.65,1,"1","Sema6d"
"Ecsit",0.000560321191462924,0.824962203332441,0.26,0.157,1,"1","Ecsit"
"Dapk1",0.00057738522095411,0.357831015710997,0.694,0.547,1,"1","Dapk1"
"Cadm2",0.000579734853370001,0.484531101216982,0.884,0.856,1,"1","Cadm2"
"Wrn",0.000605869399402418,0.618511325865015,0.353,0.23,1,"1","Wrn"
"Smyd2",0.000612742797621371,0.6401254924862,0.353,0.233,1,"1","Smyd2"
"Atp5b",0.000658348802054987,0.51647963951003,0.387,0.26,1,"1","Atp5b"
"Rmnd1",0.000661232531484146,0.435199161057166,0.416,0.279,1,"1","Rmnd1"
"Nfs1",0.000679027405040609,0.587923006031592,0.341,0.223,1,"1","Nfs1"
"Cep112",0.000708715837039668,0.291802290446057,0.873,0.828,1,"1","Cep112"
"Slc4a7",0.000781486682727307,0.479513313156082,0.509,0.378,1,"1","Slc4a7"
"Hs3st5",0.000783199878017235,0.531130062285934,0.48,0.347,1,"1","Hs3st5"
"Frmd4a",0.000783325880852181,0.15013369322017,0.994,0.996,1,"1","Frmd4a"
"Prune2",0.000819264952295504,0.526760943067452,0.393,0.268,1,"1","Prune2"
"Cacng2",0.000828259560717948,0.398999926754346,0.59,0.436,1,"1","Cacng2"
"Slc32a1",0.000837301457757515,0.69066111162085,0.324,0.211,1,"1","Slc32a1"
"Aifm1",0.000850914190151859,0.66848273295508,0.277,0.171,1,"1","Aifm1"
"Cope",0.000851820531574829,0.583954103828646,0.283,0.172,1,"1","Cope"
"Diaph2",0.000852768400467877,0.513739003947953,0.538,0.413,1,"1","Diaph2"
"Cacna1a",0.000863664295084638,0.185118351330682,0.988,0.991,1,"1","Cacna1a"
"Miga1",0.000872639458485429,0.473182713076654,0.491,0.351,1,"1","Miga1"
"Ldhb",0.000884366747270881,0.659902957061944,0.26,0.157,1,"1","Ldhb"
"B230334C09Rik",0.000904484530894676,0.502284851071245,0.37,0.243,1,"1","B230334C09Rik"
"Idh3b",0.000913579049485875,0.730397671931795,0.324,0.217,1,"1","Idh3b"
"Mapk8",0.000949446162653406,0.576048905743299,0.399,0.278,1,"1","Mapk8"
"Adarb1",0.000976937630462489,0.381255361222327,0.52,0.391,1,"1","Adarb1"
"Ube2d1",0.000978937805109872,0.736948399676746,0.283,0.179,1,"1","Ube2d1"
"Dock11",0.00103189511099848,0.355476920031221,0.439,0.3,1,"1","Dock11"
"Afg3l2",0.00103204615932842,0.42905494007362,0.462,0.326,1,"1","Afg3l2"
"Rap1gap2",0.00103500312623757,0.463335987272789,0.52,0.385,1,"1","Rap1gap2"
"Atxn1",0.00104431951639374,0.269092614131611,0.902,0.841,1,"1","Atxn1"
"Ptprd1",0.00109087887841464,0.681987730188719,0.96,0.956,1,"1","Ptprd"
"Pik3cd",0.00109850238639128,0.751898741142718,0.254,0.155,1,"1","Pik3cd"
"Rtel1",0.00113346977425611,0.67651692930058,0.277,0.173,1,"1","Rtel1"
"Ank1",0.00114274177365469,0.347218034661049,0.682,0.55,1,"1","Ank1"
"Trak2",0.00114803468793873,0.58962731224384,0.37,0.256,1,"1","Trak2"
"Hcn2",0.00115393048897145,0.608407147553185,0.318,0.207,1,"1","Hcn2"
"Agap3",0.00116440917001879,0.369387145385321,0.578,0.443,1,"1","Agap3"
"Mpdz",0.00117480701127442,0.470127772727338,0.491,0.37,1,"1","Mpdz"
"Myo16",0.00119825741200083,0.417822158381477,0.561,0.433,1,"1","Myo16"
"Dgkq",0.00123323078127741,0.455783339872083,0.434,0.303,1,"1","Dgkq"
"Phf24",0.00124018696018355,0.425256357809588,0.503,0.362,1,"1","Phf24"
"Myh10",0.0012407542193098,0.386671541634815,0.665,0.549,1,"1","Myh10"
"Plcg1",0.00127729615409929,0.398982953771671,0.405,0.278,1,"1","Plcg1"
"Stk39",0.00128311304006804,0.440024310919278,0.497,0.367,1,"1","Stk39"
"Zfp236",0.00132253243865651,0.389155749306087,0.457,0.318,1,"1","Zfp236"
"Kat2b",0.00134033512336418,0.540394635949006,0.393,0.27,1,"1","Kat2b"
"Idh3g",0.00136424579855236,0.5360400482813,0.486,0.368,1,"1","Idh3g"
"Ago4",0.00137066490938453,0.440417433690471,0.37,0.246,1,"1","Ago4"
"Hmgn3",0.00138163400676795,0.515503460407295,0.376,0.258,1,"1","Hmgn3"
"Tmem189",0.00138598314934063,0.408484169694382,0.451,0.316,1,"1","Tmem189"
"Ccser2",0.00146979498557657,0.397032391446473,0.462,0.322,1,"1","Ccser2"
"Klhl29",0.0014956346902712,0.374505663275409,0.913,0.883,1,"1","Klhl29"
"Slc1a1",0.00149823977148861,0.469616450715645,0.41,0.285,1,"1","Slc1a1"
"Sema6c",0.0015203624144072,0.577440796869972,0.26,0.159,1,"1","Sema6c"
"Whrn",0.00155786860271732,0.67485770537889,0.283,0.184,1,"1","Whrn"
"Phc3",0.00159654763121447,0.531528317391481,0.497,0.387,1,"1","Phc3"
"Nav11",0.00161558814937908,0.218483486134623,0.965,0.94,1,"1","Nav1"
"Traf7",0.00163624828607657,0.590147671146105,0.295,0.189,1,"1","Traf7"
"Aplp2",0.00165652375081434,0.359278707971471,0.699,0.576,1,"1","Aplp2"
"Lhfpl3",0.00172588728195084,0.444817633044983,0.838,0.857,1,"1","Lhfpl3"
"Cep83",0.00172588995862392,0.640609320686215,0.416,0.309,1,"1","Cep83"
"Arhgef18",0.00174511299459976,0.42905494007362,0.347,0.23,1,"1","Arhgef18"
"Atp2a2",0.00175535120254127,0.504690825303993,0.486,0.377,1,"1","Atp2a2"
"Rnf123",0.00176501847851377,0.54121974037006,0.277,0.172,1,"1","Rnf123"
"Fbh1",0.0017779803644379,0.35124516002653,0.41,0.276,1,"1","Fbh1"
"Phtf2",0.00181388224107625,0.574658356198645,0.324,0.214,1,"1","Phtf2"
"Cox10",0.00182992534763722,0.702989140661771,0.266,0.169,1,"1","Cox10"
"Fkbp2",0.00185020527415146,0.467028534068451,0.393,0.273,1,"1","Fkbp2"
"Tpm1",0.00186338303425937,0.575020979058638,0.312,0.205,1,"1","Tpm1"
"Ktn1",0.00189329670541169,0.289555527085517,0.838,0.773,1,"1","Ktn1"
"Pitpna",0.00192712622087655,0.420867217121184,0.59,0.449,1,"1","Pitpna"
"Tmem63b",0.00192840816066781,0.319261533535704,0.74,0.62,1,"1","Tmem63b"
"Adgrl2",0.00193849634895968,0.551412222616449,0.462,0.346,1,"1","Adgrl2"
"Nmt2",0.00194134847746285,0.348597349914842,0.549,0.41,1,"1","Nmt2"
"Mrps5",0.00194625404914532,0.483818681759059,0.353,0.239,1,"1","Mrps5"
"Ryk",0.0019599322841482,0.449519042633336,0.358,0.24,1,"1","Ryk"
"Dclk2",0.00201213237319115,0.35308970365576,0.572,0.434,1,"1","Dclk2"
"Fnip2",0.00204769502036873,0.464141905897693,0.353,0.237,1,"1","Fnip2"
"Rbm28",0.00206279541984057,0.420571948253106,0.642,0.526,1,"1","Rbm28"
"Sfta3-ps",0.00209239744155428,0.858071321353694,0.329,0.233,1,"1","Sfta3-ps"
"Chd5",0.00211035129678165,0.344989122747274,0.682,0.595,1,"1","Chd5"
"Synpr",0.0021410433095787,1.1572819040664,0.272,0.186,1,"1","Synpr"
"Ccdc88a",0.00218272867760959,0.219455287470988,0.931,0.94,1,"1","Ccdc88a"
"Fam50a",0.002218381183481,0.559253663200322,0.254,0.158,1,"1","Fam50a"
"Gramd1b",0.0022398305513244,0.36487561803347,0.647,0.513,1,"1","Gramd1b"
"Kyat1",0.00226345960749395,0.69611096295697,0.277,0.182,1,"1","Kyat1"
"Tom1",0.00232883342715476,0.615367056460108,0.324,0.219,1,"1","Tom1"
"Caprin2",0.00233472428675366,0.621164264451319,0.335,0.237,1,"1","Caprin2"
"Clip3",0.0023521102136183,0.401251829133829,0.393,0.272,1,"1","Clip3"
"Hook3",0.0023574594231285,0.354455301878612,0.59,0.471,1,"1","Hook3"
"Diaph1",0.00241436226594238,0.480314031944995,0.37,0.258,1,"1","Diaph1"
"Bach2",0.00245757150064248,0.497047240105917,0.555,0.443,1,"1","Bach2"
"Ap1b1",0.00246481182162654,0.407515795427659,0.526,0.397,1,"1","Ap1b1"
"Cntnap5a",0.00248315485330623,0.870707404123181,0.757,0.764,1,"1","Cntnap5a"
"Med23",0.0025000238082648,0.599895647697668,0.277,0.18,1,"1","Med23"
"Atxn7l1",0.00252600372202413,0.356624496685304,0.618,0.499,1,"1","Atxn7l1"
"Dstyk",0.00256808860005115,0.433537261275547,0.347,0.234,1,"1","Dstyk"
"Gm4258",0.00267986196254654,0.570916580725902,0.289,0.189,1,"1","Gm4258"
"Frmd3",0.00268818154331179,0.469886660494657,0.572,0.457,1,"1","Frmd3"
"Aqr",0.00287135026375273,0.49792367459639,0.335,0.227,1,"1","Aqr"
"Lta4h",0.0028785227399394,0.5433121193313,0.341,0.237,1,"1","Lta4h"
"Cnbd2",0.0029471574305217,0.626719435773377,0.312,0.215,1,"1","Cnbd2"
"Spats2l",0.00295265042161307,0.709463474822321,0.376,0.277,1,"1","Spats2l"
"Dlat",0.0029732778111679,0.433779385139653,0.462,0.342,1,"1","Dlat"
"Pcdh10",0.00299312059065169,0.578146064307212,0.318,0.214,1,"1","Pcdh10"
"Tmem184b",0.00299895135293691,0.381572890670267,0.347,0.233,1,"1","Tmem184b"
"Fut9",0.00302468145944961,0.505638057777305,0.497,0.371,1,"1","Fut9"
"Cdkl5",0.00311295495075251,0.473771186078223,0.341,0.236,1,"1","Cdkl5"
"Mirg",0.00313685059730479,0.211776696769897,0.832,0.82,1,"1","Mirg"
"Pakap",0.00317374420666663,0.290028077054003,0.78,0.76,1,"1","Pakap"
"Nars",0.00326430809548313,0.501491943636673,0.329,0.222,1,"1","Nars"
"Apc",0.00333299398693675,0.2020446592355,0.925,0.86,1,"1","Apc"
"Nr6a1",0.00337575630111,0.311390554347755,0.514,0.375,1,"1","Nr6a1"
"Tbc1d5",0.00343509319429235,0.318858007163983,0.566,0.43,1,"1","Tbc1d5"
"Usp10",0.00344308923184268,0.408872486779262,0.405,0.288,1,"1","Usp10"
"Tcp11l1",0.00345011893189554,0.37750322636122,0.462,0.338,1,"1","Tcp11l1"
"Tango2",0.00347053516307008,0.318124679282288,0.699,0.595,1,"1","Tango2"
"Fam13b",0.00353426991961993,0.311021236928614,0.613,0.481,1,"1","Fam13b"
"Ksr1",0.00354239581827209,0.551260872446791,0.306,0.208,1,"1","Ksr1"
"Zcwpw2",0.00366004629391708,0.430837390072887,0.312,0.209,1,"1","Zcwpw2"
"Nfatc3",0.00368425682189306,0.589980178832585,0.364,0.265,1,"1","Nfatc3"
"A730081D07Rik",0.00371783220954917,0.589806830074084,0.254,0.162,1,"1","A730081D07Rik"
"Hivep3",0.00372520953610551,0.262936513888444,0.792,0.698,1,"1","Hivep3"
"Usp48",0.00374050047744883,0.318827319033612,0.694,0.563,1,"1","Usp48"
"Usp25",0.00374789096546083,0.734196739409259,0.283,0.195,1,"1","Usp25"
"Slc38a1",0.00375965787280127,0.262968974924512,0.682,0.553,1,"1","Slc38a1"
"Il11ra1",0.00378854224627707,0.594929394804318,0.272,0.178,1,"1","Il11ra1"
"Atp6v0a1",0.00384804331116582,0.234936340539369,0.879,0.769,1,"1","Atp6v0a1"
"Abcb10",0.00384826211038899,0.46614425880884,0.329,0.224,1,"1","Abcb10"
"Mafg",0.00391749290337112,0.283563015703825,0.538,0.4,1,"1","Mafg"
"Strip1",0.00404628960449212,0.584788755307459,0.277,0.184,1,"1","Strip1"
"Lrpprc",0.00412485870212937,0.426359392702976,0.503,0.392,1,"1","Lrpprc"
"Anks1",0.00413184936458337,0.34174346324362,0.549,0.425,1,"1","Anks1"
"Atp2b3",0.00414642720451656,0.327571479946615,0.526,0.404,1,"1","Atp2b3"
"Cadm1",0.00426621474410735,0.267792792253376,0.96,0.948,1,"1","Cadm1"
"Ankzf1",0.00427979504921212,0.442471429824473,0.376,0.262,1,"1","Ankzf1"
"Ipo7",0.00431310412040022,0.491371190919499,0.312,0.213,1,"1","Ipo7"
"Wdr59",0.00437799388589754,0.567681022832498,0.295,0.201,1,"1","Wdr59"
"Gpr162",0.00443713655213687,0.483530891005883,0.416,0.304,1,"1","Gpr162"
"Dzip1",0.00464648751500807,0.288581226835157,0.659,0.518,1,"1","Dzip1"
"Tdrd3",0.00472214216274403,0.56584816686999,0.301,0.204,1,"1","Tdrd3"
"Fam168a",0.00477928547042058,0.235842077137629,0.815,0.719,1,"1","Fam168a"
"Nceh1",0.00480216011929069,0.505700285376936,0.353,0.252,1,"1","Nceh1"
"Miga2",0.00490015682677094,0.374929282697393,0.509,0.386,1,"1","Miga2"
"Kcna6",0.0049158949506428,0.549854965198072,0.266,0.175,1,"1","Kcna6"
"4732471J01Rik",0.00502428609332313,0.254337806425405,0.671,0.527,1,"1","4732471J01Rik"
"Rgl2",0.00502516379458953,0.405370019794163,0.468,0.352,1,"1","Rgl2"
"St3gal3",0.00506913756517752,0.314815135836616,0.607,0.487,1,"1","St3gal3"
"Tbc1d22a",0.00507929463512249,0.629041993357184,0.272,0.182,1,"1","Tbc1d22a"
"Hadha",0.00513775332615674,0.5433121193313,0.301,0.205,1,"1","Hadha"
"Asxl1",0.00518712112072177,0.469526624737104,0.48,0.383,1,"1","Asxl1"
"Dgat1",0.00520159959680768,0.513739003947953,0.306,0.211,1,"1","Dgat1"
"Rgs17",0.00523495871196364,0.304250632676615,0.659,0.529,1,"1","Rgs17"
"Atcay",0.00530575372737368,0.369168078923596,0.532,0.415,1,"1","Atcay"
"Stx8",0.00530610594886885,0.456701011869877,0.393,0.289,1,"1","Stx8"
"Ogdh",0.00532174507725244,0.288153036656639,0.665,0.538,1,"1","Ogdh"
"Dip2a",0.00533988440431606,0.34255235394173,0.497,0.375,1,"1","Dip2a"
"Abcg1",0.00540760863794724,0.476586005530487,0.318,0.219,1,"1","Abcg1"
"Spire2",0.00542428064490642,0.45701227293708,0.329,0.229,1,"1","Spire2"
"Epha5",0.00545223114414265,0.304164204044426,0.694,0.582,1,"1","Epha5"
"Gm5820",0.00551306818384722,0.559767534992358,0.301,0.207,1,"1","Gm5820"
"Gm14204",0.00553009337567838,0.496938457349839,0.329,0.23,1,"1","Gm14204"
"Dcaf1",0.0055736996444686,0.41828884120772,0.37,0.265,1,"1","Dcaf1"
"Napa",0.00560545874857792,0.524064234738021,0.289,0.195,1,"1","Napa"
"Hlcs",0.00562039391069075,0.294897948760182,0.428,0.304,1,"1","Hlcs"
"2610316D01Rik",0.0056331527087996,0.495558987882932,0.254,0.165,1,"1","2610316D01Rik"
"Zfp536",0.00569091020354943,0.93023598240123,0.329,0.246,1,"1","Zfp536"
"Xrn2",0.00571272329604943,0.504283736103016,0.428,0.326,1,"1","Xrn2"
"Grin3a",0.00572348181414978,0.317036263507624,0.578,0.474,1,"1","Grin3a"
"Gmcl1",0.00574491373563131,0.412810095097172,0.462,0.351,1,"1","Gmcl1"
"Patz1",0.00579262665842717,0.450148528192986,0.306,0.207,1,"1","Patz1"
"Wwc2",0.00586895716062385,0.402749177520331,0.272,0.178,1,"1","Wwc2"
"Wasf3",0.00588037464350454,0.371908188963075,0.474,0.37,1,"1","Wasf3"
"Sfxn5",0.00591292359990487,0.566472646160217,0.439,0.339,1,"1","Sfxn5"
"Scly",0.00605566052807246,0.350036630611607,0.295,0.195,1,"1","Scly"
"Gm17167",0.00606517069048163,0.393129461510619,0.434,0.324,1,"1","Gm17167"
"Vwc2",0.00606841080059625,1.00707102920354,0.277,0.203,1,"1","Vwc2"
"Ralyl",0.00609613240267064,0.395319400335753,0.925,0.947,1,"1","Ralyl"
"Acot7",0.00612725935988711,0.341405167008822,0.561,0.452,1,"1","Acot7"
"Dscaml1",0.00616273510236445,0.308249326675699,0.711,0.618,1,"1","Dscaml1"
"Cc2d2a",0.00620500244331698,0.389128551480847,0.387,0.279,1,"1","Cc2d2a"
"Mgll",0.00623174580619556,0.727445697418178,0.272,0.187,1,"1","Mgll"
"Sh3rf1",0.00631799755743466,0.351734518345404,0.312,0.212,1,"1","Sh3rf1"
"Sorl1",0.00632675780346593,0.561481764092439,0.41,0.31,1,"1","Sorl1"
"Dhx30",0.00639641171864712,0.290211148565053,0.566,0.445,1,"1","Dhx30"
"Anxa6",0.00644361557495107,0.35373506042827,0.382,0.275,1,"1","Anxa6"
"Atp8a2",0.00663858668434505,0.211793727389872,0.827,0.743,1,"1","Atp8a2"
"Rsrp1",0.00672309066552094,0.258451648866421,0.775,0.769,1,"1","Rsrp1"
"Tmem161b",0.00675282806063627,0.608163263681268,0.306,0.217,1,"1","Tmem161b"
"Pnpla8",0.00686702446184937,0.342737808200543,0.387,0.274,1,"1","Pnpla8"
"Krit1",0.00690266765361524,0.295150989979037,0.509,0.388,1,"1","Krit1"
"Mtcl1",0.00691759335573824,0.283815007502239,0.41,0.291,1,"1","Mtcl1"
"Ube2e2",0.00696641704588233,0.169841283238515,0.919,0.9,1,"1","Ube2e2"
"Zfp385a",0.00696881148022741,0.619591449038587,0.266,0.18,1,"1","Zfp385a"
"Hnrnpa3",0.00701506906702478,0.368922451096172,0.416,0.302,1,"1","Hnrnpa3"
"5031439G07Rik",0.00703232388923587,0.275370441324266,0.694,0.565,1,"1","5031439G07Rik"
"Phkg2",0.00705089238930077,0.403248639197775,0.474,0.379,1,"1","Phkg2"
"Armc8",0.00706859595253292,0.271157994813044,0.457,0.333,1,"1","Armc8"
"Sppl2a",0.00707998001330621,0.551934609246499,0.306,0.217,1,"1","Sppl2a"
"Psen1",0.00739465381997525,0.555615086136973,0.335,0.244,1,"1","Psen1"
"Kcnb2",0.0074826635776997,0.200564877810512,0.96,0.902,1,"1","Kcnb2"
"Med15",0.00750243847065884,0.48072394671999,0.335,0.239,1,"1","Med15"
"Oxsr1",0.00751825757186583,0.579717765760037,0.312,0.223,1,"1","Oxsr1"
"Lrp8",0.00763596495813206,0.365094922592818,0.578,0.472,1,"1","Lrp8"
"Ndufs1",0.0077449714200182,0.344240772229471,0.445,0.329,1,"1","Ndufs1"
"Acsl4",0.00783013032689411,0.52241689501995,0.266,0.18,1,"1","Acsl4"
"Apba2",0.00790676415469831,0.28585833842977,0.705,0.607,1,"1","Apba2"
"Ei24",0.00802354726319518,0.471790821949982,0.289,0.198,1,"1","Ei24"
"Ptpa",0.00802807002712881,0.468233002536793,0.387,0.285,1,"1","Ptpa"
"Galnt18",0.00807773331051986,0.845325605110986,0.399,0.323,1,"1","Galnt18"
"Agps",0.00810835205992648,0.514447945014253,0.283,0.195,1,"1","Agps"
"Kif16b",0.00834562340719385,0.379421704091919,0.382,0.278,1,"1","Kif16b"
"Dnajc11",0.00835118361069654,0.331754351430785,0.416,0.31,1,"1","Dnajc11"
"Zscan26",0.00847591636723498,0.432438901846105,0.393,0.29,1,"1","Zscan26"
"Pus10",0.00854563903937804,0.448754121934771,0.318,0.223,1,"1","Pus10"
"Srgap2",0.00862552486053366,0.287495164542894,0.786,0.696,1,"1","Srgap2"
"Tln1",0.00877565924228758,0.280478771966355,0.254,0.164,1,"1","Tln1"
"Zfyve16",0.00878227867962693,0.396362253612536,0.41,0.307,1,"1","Zfyve16"
"Taz",0.00878561758106693,0.29493537809617,0.52,0.397,1,"1","Taz"
"Adck1",0.00881356812105279,0.441018473155165,0.306,0.216,1,"1","Adck1"
"Chp1",0.00891277146763786,0.494926088096125,0.266,0.18,1,"1","Chp1"
"Nbr1",0.00891386009606556,0.312775623339561,0.439,0.326,1,"1","Nbr1"
"Med12l",0.00893017624447279,0.314918688983197,0.728,0.603,1,"1","Med12l"
"Slc20a1",0.00949062282326218,0.382889772908279,0.335,0.239,1,"1","Slc20a1"
"Gria4",0.00950250425145014,0.285888068650069,0.983,0.963,1,"1","Gria4"
"Zbtb7a",0.00976135921588996,0.530398800528136,0.318,0.231,1,"1","Zbtb7a"
"Pkia",0.00980308502008071,0.32669626243265,0.566,0.447,1,"1","Pkia"
"Iqgap1",0.00983926974224682,0.32415019011432,0.457,0.349,1,"1","Iqgap1"
"Insyn2b",0.00989727565177205,0.50192048813437,0.306,0.217,1,"1","Insyn2b"
"Cplx2",0.00990701395356068,0.460492591032251,0.295,0.207,1,"1","Cplx2"
"Far2",0.0099230236099786,0.448754121934771,0.312,0.219,1,"1","Far2"
"Samd3",3.1943309761281e-91,5.66698169237953,0.366,0.008,5.30418658586071e-87,"2","Samd3"
"Cacna2d1",1.01614169369105e-86,2.92295084116673,0.939,0.295,1.68730328237398e-82,"2","Cacna2d1"
"Slc17a6",1.00850353496752e-69,3.37441968194441,0.512,0.059,1.67462011981356e-65,"2","Slc17a6"
"Lhx1os",3.28996454423824e-69,5.19097354084848,0.293,0.008,5.4629861257076e-65,"2","Lhx1os"
"Emx2os",7.57365160998687e-53,4.62020492171008,0.25,0.011,1.25760484983832e-48,"2","Emx2os"
"Trp73",1.23870039487808e-52,4.55720683432377,0.268,0.014,2.05686200569505e-48,"2","Trp73"
"Nrn1",5.10156205584227e-52,4.29256317562832,0.274,0.016,8.47114379372609e-48,"2","Nrn1"
"Tmem163",2.43111796177225e-47,2.13133685183399,0.634,0.148,4.03687137552282e-43,"2","Tmem163"
"Reln",3.48213131466442e-44,2.69513769507867,0.598,0.158,5.78207904800027e-40,"2","Reln"
"Adamts2",3.7507123856475e-42,3.82922078929702,0.28,0.027,6.22805791636767e-38,"2","Adamts2"
"Arhgap24",1.51857929713589e-34,2.79803599347566,0.591,0.198,2.52160092289414e-30,"2","Arhgap24"
"Slit1",9.73133086290055e-32,1.98481031068355,0.732,0.36,1.61588748978464e-27,"2","Slit1"
"Tafa1",5.36702623509667e-28,1.99736544635548,0.616,0.242,8.91194706337802e-24,"2","Tafa1"
"Cep1121",5.03978111658622e-25,0.886306561891689,0.982,0.814,8.36855654409143e-21,"2","Cep112"
"Pcsk5",6.50868256594902e-22,2.12041556545664,0.402,0.122,1.08076674007583e-17,"2","Pcsk5"
"Nos1",1.07455863025921e-21,1.94463987220802,0.396,0.123,1.78430460554541e-17,"2","Nos1"
"Grm7",4.21563544274839e-20,0.75046113244235,0.994,0.899,7.0000626526837e-16,"2","Grm7"
"Fam155a",5.76166226943802e-19,0.643261251571641,1,0.989,9.56724019840183e-15,"2","Fam155a"
"Nrxn1",2.06754673276375e-18,0.573662792747924,1,0.996,3.4331613497542e-14,"2","Nrxn1"
"Epha3",3.65857395016805e-18,2.09298321353082,0.427,0.161,6.07506204425405e-14,"2","Epha3"
"Pcsk1",8.15964126221424e-18,2.18859124721254,0.268,0.067,1.35490843159067e-13,"2","Pcsk1"
"Zfhx41",9.80753370835351e-18,1.11980152201648,0.713,0.386,1.6285409722721e-13,"2","Zfhx4"
"Trhde",4.5799933983134e-17,1.51606621675856,0.512,0.227,7.6050790378994e-13,"2","Trhde"
"Cachd1",1.84495847248777e-16,1.56666446715072,0.372,0.126,3.06355354356595e-12,"2","Cachd1"
"Syne11",2.04442129330823e-16,0.884552786688375,1,0.983,3.39476155753832e-12,"2","Syne1"
"Slc16a6",2.25499456689786e-16,2.52334338245749,0.293,0.086,3.7444184783339e-12,"2","Slc16a6"
"Schip1",7.83188240900801e-16,1.41484684133495,0.805,0.622,1.30048407401578e-11,"2","Schip1"
"Rnf152",2.2619866638274e-15,1.91800474570455,0.317,0.103,3.7560288552854e-11,"2","Rnf152"
"Sgcd",1.55703549224445e-14,1.05291276487094,0.829,0.701,2.58545743487191e-10,"2","Sgcd"
"Pcsk2",3.42481437423106e-14,1.1624268219253,0.726,0.476,5.68690426841067e-10,"2","Pcsk2"
"Tmem200a",1.11795189065464e-13,1.32848274988327,0.445,0.193,1.85635911443203e-09,"2","Tmem200a"
"Dach1",3.12317619313834e-13,2.0569537431377,0.287,0.096,5.18603406870622e-09,"2","Dach1"
"Ctnnd2",4.00780315914261e-13,0.547950894861554,0.988,0.981,6.6549571457563e-09,"2","Ctnnd2"
"Tafa2",5.85624954093036e-13,1.56040225748779,0.561,0.326,9.72430236271486e-09,"2","Tafa2"
"Zfp521",6.73815230473146e-13,1.24387368271373,0.427,0.187,1.11887019020066e-08,"2","Zfp521"
"Tmem132c",2.209907498663e-11,1.74824265940451,0.317,0.129,3.66955140152992e-07,"2","Tmem132c"
"Csmd1",3.16621766345332e-11,0.511583668995017,0.988,0.98,5.25750443016424e-07,"2","Csmd1"
"Dcc",4.03234076684604e-11,0.603074706173948,0.988,0.922,6.69570184334784e-07,"2","Dcc"
"Fam189a1",4.06286945481996e-11,0.952794003956458,0.689,0.464,6.74639472972855e-07,"2","Fam189a1"
"Il1rap",5.40944114802943e-11,1.33807783488069,0.354,0.151,8.98237702630286e-07,"2","Il1rap"
"Sidt1",6.31260156100371e-11,0.972058431271211,0.61,0.367,1.04820748920467e-06,"2","Sidt1"
"Dpf3",7.84108957625665e-11,1.26281583223427,0.341,0.142,1.30201292413742e-06,"2","Dpf3"
"Thsd7b",2.44015787950084e-10,1.09038397518138,0.628,0.4,4.05188215891115e-06,"2","Thsd7b"
"Cntnap5c1",3.26715166027308e-10,1.00730777154925,0.659,0.439,5.42510533188344e-06,"2","Cntnap5c"
"Edil3",3.3097195939147e-10,0.771939705375256,0.78,0.57,5.49578938569537e-06,"2","Edil3"
"Tmem150c",3.8679965797098e-10,1.09158309184426,0.47,0.247,6.42280832060812e-06,"2","Tmem150c"
"Rasgrp1",4.32458802713315e-10,1.74449690716058,0.293,0.121,7.1809784190546e-06,"2","Rasgrp1"
"Sulf1",6.2635536484835e-10,1.58555877890319,0.329,0.146,1.04006308333068e-05,"2","Sulf1"
"Tmem164",1.03036530112406e-09,1.27487744951115,0.451,0.255,1.7109215825165e-05,"2","Tmem164"
"Rbms1",1.20572840230275e-09,1.18786875573218,0.512,0.299,2.00211201202372e-05,"2","Rbms1"
"Gpr176",1.22923567176262e-09,1.56428893245641,0.323,0.147,2.04114583296183e-05,"2","Gpr176"
"Robo1",1.26856569150381e-09,0.587579493185725,0.957,0.92,2.10645333074208e-05,"2","Robo1"
"Dmd",1.31942196060877e-09,0.531250464312087,0.957,0.867,2.19090016559085e-05,"2","Dmd"
"Kcnb21",1.70855641772704e-09,0.747927794655057,0.902,0.91,2.83705793163575e-05,"2","Kcnb2"
"Ptprd2",3.94902974745471e-09,0.53869058384149,1,0.951,6.55736389564854e-05,"2","Ptprd"
"Pcdh9",6.9057620032578e-09,0.918615772371127,0.915,0.941,0.000114670178064096,"2","Pcdh9"
"Cntn41",7.12871284045702e-09,0.866717153631451,0.713,0.508,0.000118372276715789,"2","Cntn4"
"Nlgn1",7.9633827348502e-09,0.533044090387864,0.982,0.961,0.000132231970312187,"2","Nlgn1"
"Lingo2",1.29839268852192e-08,0.414573786764352,1,0.963,0.000215598105929065,"2","Lingo2"
"Nrg31",1.98148252817461e-08,0.504786123639462,0.994,0.977,0.000329025173803394,"2","Nrg3"
"Dscaml11",2.45957354663927e-08,0.708784667621047,0.768,0.611,0.000408412187419451,"2","Dscaml1"
"Cdk141",2.85886073243624e-08,0.701464149105215,0.652,0.431,0.000474713824621037,"2","Cdk14"
"Brinp3",3.08320733086452e-08,0.651419291502537,0.78,0.714,0.000511966577290053,"2","Brinp3"
"Pak3",3.87827366571735e-08,0.503927450917308,0.915,0.804,0.000643987342192365,"2","Pak3"
"Ndst4",4.47398347876396e-08,0.628517852682471,0.53,0.308,0.000742904956648756,"2","Ndst4"
"Stxbp5l",5.00305680847295e-08,0.56534752453592,0.805,0.655,0.000830757583046934,"2","Stxbp5l"
"Zfp423",7.51238506934505e-08,0.83776977388971,0.53,0.325,0.00124743154076475,"2","Zfp423"
"Car101",7.84318438125666e-08,0.821837330050478,0.762,0.691,0.00130236076650767,"2","Car10"
"Wwox",1.18788058048703e-07,0.487199551389811,0.921,0.835,0.00197247570389872,"2","Wwox"
"Tenm1",1.34470309371015e-07,0.519491056961884,0.927,0.861,0.0022328794871057,"2","Tenm1"
"Aifm3",1.86145809518331e-07,0.716784430097809,0.604,0.392,0.00309095116705189,"2","Aifm3"
"Tshz2",2.17686158742841e-07,0.719662292184045,0.768,0.626,0.00361467866592487,"2","Tshz2"
"Kcnq5",3.18248568848346e-07,0.982582757102113,0.677,0.552,0.00528451748572678,"2","Kcnq5"
"Gm7854",7.31569406913167e-07,1.02714873894259,0.335,0.172,0.0121477100017931,"2","Gm7854"
"Nek10",8.13373586279534e-07,1.04583230384928,0.311,0.158,0.0135060684001717,"2","Nek10"
"Frmd4b",8.19840599506382e-07,0.991282782898891,0.421,0.247,0.0136134531548035,"2","Frmd4b"
"Pam",8.7777093072994e-07,0.487190431635073,0.793,0.64,0.0145753863047707,"2","Pam"
"Galnt16",1.08412272585384e-06,0.597076153423259,0.701,0.492,0.0180018578628029,"2","Galnt16"
"Asxl3",1.20743643558829e-06,0.834399303154228,0.348,0.181,0.0200494820129436,"2","Asxl3"
"Kcnh7",1.30130815741852e-06,0.517037493375801,0.89,0.765,0.0216082219539345,"2","Kcnh7"
"Nell1",1.45385956721308e-06,0.664464097008548,0.628,0.471,0.0241413381135731,"2","Nell1"
"Rora",1.49723976656298e-06,0.529888261344275,0.933,0.909,0.0248616663237783,"2","Rora"
"Gabrg3",1.78945434301278e-06,0.502221303697605,0.933,0.889,0.0297138893657272,"2","Gabrg3"
"Sorbs2",2.0809468041571e-06,0.560109487446758,0.841,0.723,0.0345541216830286,"2","Sorbs2"
"Rasa4",2.08506232902254e-06,1.11373976922927,0.256,0.122,0.0346224599734193,"2","Rasa4"
"Ppp1r9a",2.11273214579927e-06,0.457140266541382,0.927,0.811,0.0350819172809969,"2","Ppp1r9a"
"Arid5b",3.03356161691094e-06,0.693452412861197,0.549,0.366,0.0503722906488061,"2","Arid5b"
"Cdh121",3.60029055217064e-06,1.2597139281348,0.512,0.369,0.0597828246187935,"2","Cdh12"
"Zbbx",3.60762375839727e-06,1.14786581929339,0.25,0.121,0.0599045925081866,"2","Zbbx"
"Nova1",3.88230068460414e-06,0.648664935602954,0.573,0.395,0.0644656028678518,"2","Nova1"
"Gtf2a1",4.39022655360383e-06,1.06610338469368,0.329,0.186,0.0728997119225915,"2","Gtf2a1"
"Lin28b",4.42565833934684e-06,0.663319391886946,0.537,0.354,0.0734880567248543,"2","Lin28b"
"Aatf",4.51699073604833e-06,0.824345638490305,0.402,0.239,0.0750046311720826,"2","Aatf"
"Chd7",4.69632302791511e-06,0.910856453100808,0.311,0.166,0.0779824438785303,"2","Chd7"
"Dlg2",4.70096967285395e-06,0.294839381687121,1,0.997,0.0780596014177398,"2","Dlg2"
"Cntn61",5.58941078692904e-06,0.731930004268908,0.561,0.396,0.0928121661169567,"2","Cntn6"
"Cnr1",5.73531761452113e-06,1.19456161652907,0.25,0.123,0.0952349489891233,"2","Cnr1"
"Enpp2",6.37616175536967e-06,1.1283518253804,0.256,0.127,0.105876165947913,"2","Enpp2"
"Efcab2",6.52859701834123e-06,0.788219135115452,0.293,0.148,0.108407353489556,"2","Efcab2"
"Naaladl2",7.51465164597453e-06,0.74478946394965,0.598,0.443,0.124780790581407,"2","Naaladl2"
"Khdrbs2",8.17187622325769e-06,0.541246007341524,0.811,0.641,0.135694004687194,"2","Khdrbs2"
"Cbfa2t2",1.02364199087062e-05,0.60202885190398,0.5,0.327,0.169975752584067,"2","Cbfa2t2"
"Slc8a1",1.12672195177935e-05,0.412953291071878,0.89,0.83,0.187092180092961,"2","Slc8a1"
"Prdm10",1.45973220084054e-05,0.490345921110037,0.616,0.418,0.242388531949572,"2","Prdm10"
"Tmem132d",1.58874307679178e-05,0.936845282825109,0.53,0.392,0.263810787901276,"2","Tmem132d"
"Dpyd",1.66773951852633e-05,0.738681046259988,0.61,0.445,0.276928147051298,"2","Dpyd"
"Gulp1",2.00604504357128e-05,1.00877020962773,0.274,0.148,0.333103779485011,"2","Gulp1"
"Dyrk1a",2.17510980230513e-05,0.665001066200788,0.494,0.334,0.361176982672768,"2","Dyrk1a"
"Foxj3",2.19855549162701e-05,0.762896354952121,0.366,0.216,0.365070139384665,"2","Foxj3"
"Upp2",2.22929710003063e-05,0.357665352115364,0.884,0.86,0.370174783460086,"2","Upp2"
"Tbck",2.52889540375811e-05,0.626469496760888,0.488,0.333,0.419923081794035,"2","Tbck"
"Cdh9",2.5567709875966e-05,1.44224495716325,0.287,0.161,0.424551822490416,"2","Cdh9"
"Tbc1d41",2.74137131877696e-05,0.949876520574164,0.305,0.173,0.455204707482915,"2","Tbc1d4"
"Fbxw11",2.86948073465018e-05,0.731350375879878,0.384,0.232,0.476477275988662,"2","Fbxw11"
"Tctn1",2.87668277127368e-05,0.836035674598596,0.299,0.164,0.477673174169994,"2","Tctn1"
"Cmip",2.96266813832789e-05,0.352042539266292,0.939,0.88,0.491951044369347,"2","Cmip"
"Dpp6",2.96478617172497e-05,0.401367411388399,0.994,0.987,0.492302743814931,"2","Dpp6"
"Pum1",3.11602736840009e-05,0.503829792337781,0.591,0.411,0.517416344522834,"2","Pum1"
"Psmd14",3.95955200317014e-05,0.587733969727445,0.433,0.269,0.657483610126401,"2","Psmd14"
"Grm8",4.04073100435591e-05,0.797622545458907,0.494,0.354,0.670963383273299,"2","Grm8"
"Grb14",4.15011243430409e-05,0.909952473409817,0.293,0.164,0.689126169716195,"2","Grb14"
"Slc2a131",4.48702753367544e-05,0.514005517878154,0.683,0.524,0.745070921966807,"2","Slc2a13"
"Mapk9",4.78429353369887e-05,0.733135767014305,0.366,0.223,0.794431941270698,"2","Mapk9"
"Akt3",4.82224103087327e-05,0.504638783519621,0.701,0.566,0.800733123176506,"2","Akt3"
"Cbx7",4.99184902798566e-05,0.757962106127197,0.36,0.217,0.828896531097019,"2","Cbx7"
"Mdga11",5.00714796939274e-05,0.825906152477922,0.28,0.155,0.831436920317664,"2","Mdga1"
"Tor1aip1",5.01710022575844e-05,0.994695024416009,0.25,0.133,0.833089492487189,"2","Tor1aip1"
"Pde10a",5.11054687086583e-05,0.725443185252122,0.854,0.842,0.848606307907271,"2","Pde10a"
"Map2k4",6.49719670237975e-05,0.483736566162789,0.646,0.509,1,"2","Map2k4"
"Lpp",6.567404059607e-05,0.804993466458631,0.415,0.269,1,"2","Lpp"
"Cdh181",6.65244660466782e-05,0.407563859803736,0.86,0.759,1,"2","Cdh18"
"Chordc1",7.16243817832208e-05,0.599964664060403,0.433,0.279,1,"2","Chordc1"
"Pfkfb4",7.68556992193336e-05,0.710428935057986,0.354,0.215,1,"2","Pfkfb4"
"Acvr1",7.93646544437513e-05,0.869045445961119,0.293,0.168,1,"2","Acvr1"
"Mbnl2",8.13832233356585e-05,0.442807116584357,0.75,0.623,1,"2","Mbnl2"
"Cdh10",8.73148211285432e-05,0.734595246188738,0.573,0.458,1,"2","Cdh10"
"E230029C05Rik",9.13750772986874e-05,0.811969502194025,0.299,0.172,1,"2","E230029C05Rik"
"Kcnt2",9.1852410318125e-05,0.899409650223502,0.47,0.33,1,"2","Kcnt2"
"Glud1",9.3841665645282e-05,0.658553070308946,0.451,0.302,1,"2","Glud1"
"Gdpd2",9.46191492520523e-05,0.82701977278863,0.262,0.144,1,"2","Gdpd2"
"Arl15",9.61195089860507e-05,0.827261279327842,0.64,0.508,1,"2","Arl15"
"Sbno1",0.000101091126888488,0.426816458778914,0.744,0.602,1,"2","Sbno1"
"Specc1",0.000102082657732739,0.432498669170621,0.683,0.534,1,"2","Specc1"
"Fbxo8",0.000103011943965142,0.676387757103204,0.305,0.173,1,"2","Fbxo8"
"Trim37",0.00010394454805382,0.587306441189455,0.549,0.409,1,"2","Trim37"
"Dcaf5",0.00010553752251732,0.654175925820048,0.518,0.358,1,"2","Dcaf5"
"Snx6",0.000110690086461821,0.611699256878337,0.445,0.296,1,"2","Snx6"
"Kcmf1",0.000112977227554553,0.595933618542159,0.494,0.345,1,"2","Kcmf1"
"Brinp1",0.000122371228791435,0.634006707332215,0.598,0.48,1,"2","Brinp1"
"Zfand6",0.000124130989240742,1.10340708376581,0.262,0.152,1,"2","Zfand6"
"Nxn",0.000125256320428011,1.11064982364695,0.25,0.141,1,"2","Nxn"
"Ppfia2",0.000138460822513441,0.407805539957036,0.86,0.824,1,"2","Ppfia2"
"Me1",0.000142136166404595,0.860173717625931,0.268,0.152,1,"2","Me1"
"Ctbp2",0.000153388481082022,0.517929886271126,0.439,0.283,1,"2","Ctbp2"
"Nsun7",0.000154926495487136,0.445527905530167,0.567,0.4,1,"2","Nsun7"
"Gabra2",0.000155244856314503,0.569940214227126,0.744,0.688,1,"2","Gabra2"
"Btbd9",0.000156813374693235,0.395173751434397,0.774,0.648,1,"2","Btbd9"
"Magi21",0.000169057675482479,0.22540206776483,1,0.995,1,"2","Magi2"
"Ube2e21",0.000173208122915937,0.285686637152253,0.945,0.897,1,"2","Ube2e2"
"Fmnl2",0.000176079195060601,0.458229873427544,0.652,0.498,1,"2","Fmnl2"
"Ubap1l",0.00017693473118955,0.409649645909916,0.628,0.445,1,"2","Ubap1l"
"Nrg1",0.000185078745482621,0.565456319900987,0.86,0.823,1,"2","Nrg1"
"Lrrtm4",0.000198558063759661,0.418755564597419,0.933,0.93,1,"2","Lrrtm4"
"Dnajc6",0.000203732778052896,0.3897485444929,0.793,0.689,1,"2","Dnajc6"
"Ext1",0.000210400713984555,0.911908670375143,0.512,0.401,1,"2","Ext1"
"Insr",0.000212992838406297,0.432909916013828,0.604,0.455,1,"2","Insr"
"Add3",0.000220892803025184,0.739903358491784,0.335,0.21,1,"2","Add3"
"Galnt2",0.000223468408653989,0.662549201438426,0.433,0.295,1,"2","Galnt2"
"Dlg1",0.000225627053467512,0.472269197863221,0.671,0.536,1,"2","Dlg1"
"Gm26691",0.000225687796151414,0.587893917545283,0.61,0.482,1,"2","Gm26691"
"Sec24b",0.000230313526350282,0.406320282177735,0.683,0.558,1,"2","Sec24b"
"Syt7",0.000249292845951678,0.440803859740851,0.591,0.44,1,"2","Syt7"
"Rab27b",0.000250460610282043,0.996863442943558,0.451,0.339,1,"2","Rab27b"
"Cep112it",0.000251123737895758,0.847778332955427,0.299,0.18,1,"2","Cep112it"
"Gm26871",0.000255248685570176,0.382755332613195,0.939,0.876,1,"2","Gm26871"
"Srgap21",0.0002585942916351,0.411207672126942,0.799,0.695,1,"2","Srgap2"
"Ulk2",0.000263798169518048,0.410188099617448,0.732,0.609,1,"2","Ulk2"
"Slc22a15",0.000265263534910759,0.660042055396655,0.311,0.184,1,"2","Slc22a15"
"Mier1",0.000265678192000133,0.594793905719199,0.396,0.258,1,"2","Mier1"
"Cdyl2",0.000273468310578019,0.856767116182682,0.287,0.172,1,"2","Cdyl2"
"Armc2",0.000280658704154837,0.682894930223707,0.317,0.192,1,"2","Armc2"
"Slc8a3",0.000281007770827448,0.489870348242341,0.713,0.602,1,"2","Slc8a3"
"Rmdn3",0.00029812458446702,0.68684211474037,0.25,0.138,1,"2","Rmdn3"
"Ewsr1",0.000305354179720973,0.354835566827456,0.713,0.539,1,"2","Ewsr1"
"Smyd3",0.000308034471055522,0.352294533321894,0.829,0.741,1,"2","Smyd3"
"Ttc8",0.000321775368373621,0.458573127067253,0.579,0.42,1,"2","Ttc8"
"Cul1",0.000328855650152988,0.561311232656511,0.573,0.448,1,"2","Cul1"
"Mlxip",0.000336163453685641,0.590730222187365,0.415,0.273,1,"2","Mlxip"
"Kansl1",0.0003388283483329,0.337800420200309,0.848,0.736,1,"2","Kansl1"
"Acer3",0.000346124125998507,0.555052242184829,0.415,0.276,1,"2","Acer3"
"Slc16a7",0.000351313000342678,0.629508939674418,0.341,0.211,1,"2","Slc16a7"
"Oxr11",0.000356758323683569,0.36119093381029,0.732,0.598,1,"2","Oxr1"
"Sh3glb1",0.000357037826743812,0.49536096993161,0.506,0.361,1,"2","Sh3glb1"
"Tmem196",0.000359084823392198,0.616452786848972,0.36,0.234,1,"2","Tmem196"
"Tmem132a",0.000380863310966025,0.642276562306925,0.402,0.274,1,"2","Tmem132a"
"Fndc3a",0.000382891871873176,0.407238428688745,0.646,0.508,1,"2","Fndc3a"
"Nalcn",0.000414351114896372,0.304992748046344,0.963,0.926,1,"2","Nalcn"
"Fgf12",0.000415245512019781,0.242754848912734,0.988,0.965,1,"2","Fgf12"
"Jmy",0.000417218223870233,0.841391890295766,0.287,0.177,1,"2","Jmy"
"Gm1976",0.000417683729153682,0.480075928553321,0.476,0.333,1,"2","Gm1976"
"Cdh6",0.000428880608814935,0.77114034904703,0.25,0.145,1,"2","Cdh6"
"Zfp715",0.000431544763781216,0.790590039578199,0.256,0.148,1,"2","Zfp715"
"Alms1",0.00043242841956812,0.533036778661334,0.463,0.326,1,"2","Alms1"
"Eif2ak4",0.000437179032748843,0.549338590990435,0.512,0.38,1,"2","Eif2ak4"
"Raf1",0.000446424379361659,0.524247610027604,0.5,0.354,1,"2","Raf1"
"Atxn71",0.000449379468509795,0.53483902129532,0.494,0.358,1,"2","Atxn7"
"Fancm",0.000452497756046025,0.759410740691015,0.268,0.158,1,"2","Fancm"
"Cfl2",0.000466552079237402,0.608839602739097,0.299,0.179,1,"2","Cfl2"
"Aff2",0.000466913447396554,0.562327572988004,0.598,0.464,1,"2","Aff2"
"Fgf14",0.000474725966215762,0.212885671573586,1,0.999,1,"2","Fgf14"
"Fam160b1",0.000481920243539489,0.808072859390603,0.305,0.192,1,"2","Fam160b1"
"Snta1",0.000515171601825017,0.52334338245749,0.372,0.236,1,"2","Snta1"
"Nxph1",0.000534161222623345,1.00072648884133,0.409,0.283,1,"2","Nxph1"
"Tsc22d1",0.000539231429913698,0.399313146985827,0.591,0.427,1,"2","Tsc22d1"
"Gucy1b1",0.000547505801727361,0.774600620514931,0.287,0.176,1,"2","Gucy1b1"
"Pou2f21",0.000567176423478536,0.360481773537747,0.567,0.427,1,"2","Pou2f2"
"Cnot2",0.000582659794831453,0.51752214372877,0.463,0.327,1,"2","Cnot2"
"Fars2",0.00059158099233956,0.518548198876985,0.494,0.355,1,"2","Fars2"
"Bsn",0.000608750701235076,0.382362990609225,0.665,0.511,1,"2","Bsn"
"Plekha5",0.000610014561699058,0.312317216070988,0.872,0.793,1,"2","Plekha5"
"Samd51",0.000622081246629438,0.351547274299907,0.762,0.611,1,"2","Samd5"
"Sos2",0.000658765893211528,0.500073603134643,0.5,0.361,1,"2","Sos2"
"Atad2b",0.000661107244803997,0.453851335063859,0.628,0.497,1,"2","Atad2b"
"Ergic2",0.000667145497132434,0.580166581069594,0.396,0.27,1,"2","Ergic2"
"Rabgap1l",0.000690395631011532,0.327005275909639,0.811,0.714,1,"2","Rabgap1l"
"Rttn",0.000702818022996385,0.727199852356511,0.274,0.167,1,"2","Rttn"
"Rapgef4",0.000716411430057108,0.306861351806842,0.793,0.674,1,"2","Rapgef4"
"Rab14",0.000730862188442427,0.442790812274149,0.482,0.342,1,"2","Rab14"
"Sema6d1",0.000739778879880325,0.404971066893721,0.75,0.646,1,"2","Sema6d"
"Shtn1",0.000748706837556828,0.425041308845686,0.659,0.511,1,"2","Shtn1"
"Pbx4",0.000753455258328392,0.583219483666212,0.396,0.266,1,"2","Pbx4"
"Fam13a",0.000786397646228958,0.534606347310316,0.463,0.337,1,"2","Fam13a"
"Kantr",0.000803603260911229,0.774714870765704,0.354,0.243,1,"2","Kantr"
"Ralgps2",0.000803711573755787,0.483679164883974,0.573,0.442,1,"2","Ralgps2"
"Iqcb1",0.000818599941326272,0.601710767772412,0.409,0.286,1,"2","Iqcb1"
"Tmed8",0.000834753287611399,0.835933612765517,0.256,0.155,1,"2","Tmed8"
"Nwd21",0.000838080086498132,0.91927205878863,0.262,0.162,1,"2","Nwd2"
"Crtac1",0.00083966805591238,0.671245259689351,0.348,0.227,1,"2","Crtac1"
"1700012D14Rik",0.000897666525477325,0.562784122055386,0.402,0.275,1,"2","1700012D14Rik"
"Psmd4",0.000935190689288798,0.419100706229048,0.482,0.337,1,"2","Psmd4"
"Dnajc5",0.000941748246367687,0.504684489773197,0.47,0.338,1,"2","Dnajc5"
"Ift122",0.000947585997667661,0.592514732192217,0.354,0.233,1,"2","Ift122"
"Srpk2",0.000952000369590116,0.289406931926962,0.762,0.662,1,"2","Srpk2"
"Cse1l",0.000974100279174732,0.579262227540555,0.323,0.206,1,"2","Cse1l"
"Sema6a",0.000995019164486324,0.573514430930236,0.482,0.345,1,"2","Sema6a"
"Rmst1",0.00100780302792149,0.271804615461526,0.744,0.603,1,"2","Rmst"
"Casc3",0.00101390319718152,0.428773961799925,0.445,0.311,1,"2","Casc3"
"Strbp",0.0010234564289532,0.263568465361762,0.902,0.796,1,"2","Strbp"
"Cdk13",0.00105717759536573,0.395178878327994,0.61,0.47,1,"2","Cdk13"
"Ctcf",0.00106888122473464,0.494940885765672,0.421,0.294,1,"2","Ctcf"
"Cdk7",0.00108795008498121,0.490921904765113,0.409,0.278,1,"2","Cdk7"
"Ttll5",0.00112037570228931,0.343076436793719,0.579,0.431,1,"2","Ttll5"
"Parg",0.00113178615981482,0.501166591612816,0.396,0.269,1,"2","Parg"
"Arhgef33",0.00117430618685805,0.730563492169688,0.287,0.18,1,"2","Arhgef33"
"Alcam",0.00117653838692054,0.506510298236825,0.64,0.517,1,"2","Alcam"
"Csnk1g3",0.00119495522655159,0.643120737311052,0.39,0.275,1,"2","Csnk1g3"
"Epb411",0.00121504729881172,0.439927374269853,0.518,0.386,1,"2","Epb41"
"Psd2",0.00121885235328427,0.566251973926781,0.366,0.249,1,"2","Psd2"
"Ube3b",0.00124426248598063,0.619532179780944,0.329,0.214,1,"2","Ube3b"
"Clvs11",0.00124592465490586,0.536936079363615,0.53,0.439,1,"2","Clvs1"
"Fam185a",0.00126196749615335,0.748242659404513,0.299,0.195,1,"2","Fam185a"
"Sap130",0.00128935566067143,0.578782368882917,0.433,0.311,1,"2","Sap130"
"Sema5a",0.00135996346397457,0.77227759124643,0.262,0.163,1,"2","Sema5a"
"Rasa1",0.00136475086015657,0.494531032641783,0.47,0.331,1,"2","Rasa1"
"Nr6a11",0.00137499797531041,0.605355077965641,0.494,0.379,1,"2","Nr6a1"
"Agap1",0.00139065995934554,0.301411077546849,0.841,0.788,1,"2","Agap1"
"Strn3",0.00154394775123655,0.368422805630146,0.732,0.623,1,"2","Strn3"
"Commd10",0.00157047269899776,0.39579333273698,0.402,0.267,1,"2","Commd10"
"Fip1l1",0.0015786826801281,0.548040619656019,0.433,0.311,1,"2","Fip1l1"
"Zfp280c",0.00163216884389131,0.472016801949196,0.366,0.244,1,"2","Zfp280c"
"Adk",0.00164173191187683,0.590396997785632,0.354,0.242,1,"2","Adk"
"Hnrnph3",0.0016569101374709,0.519883680461623,0.482,0.367,1,"2","Hnrnph3"
"Tmed10",0.00170727789317993,0.66578049921254,0.323,0.215,1,"2","Tmed10"
"Gbf1",0.00173074828645635,0.289951962171785,0.726,0.568,1,"2","Gbf1"
"Ssbp3",0.00173845813421373,0.365892449894504,0.512,0.37,1,"2","Ssbp3"
"Smchd1",0.0017830168622824,0.398639481401768,0.579,0.465,1,"2","Smchd1"
"Nav3",0.00179042034637096,0.254684427429818,0.97,0.948,1,"2","Nav3"
"Sumo1",0.00184872498429271,0.610220833137457,0.329,0.222,1,"2","Sumo1"
"2610035D17Rik",0.00187157259406239,0.566128248954287,0.421,0.307,1,"2","2610035D17Rik"
"Rgs9",0.00190210600210678,0.475590251009122,0.415,0.3,1,"2","Rgs9"
"Usp15",0.00200144286339105,0.436586313627878,0.64,0.515,1,"2","Usp15"
"Cdkal1",0.00200732440839618,0.393593095859568,0.506,0.369,1,"2","Cdkal1"
"Dlk1",0.00201307033248661,0.7554837803455,0.293,0.193,1,"2","Dlk1"
"Ift52",0.0020185990998072,0.741289898762746,0.262,0.167,1,"2","Ift52"
"Lcor",0.00205799528225459,0.439733254915296,0.579,0.464,1,"2","Lcor"
"Zeb2",0.00206714085092673,0.35800565051083,0.262,0.16,1,"2","Zeb2"
"Fancc",0.00208220384783428,0.754632204282334,0.268,0.174,1,"2","Fancc"
"Pcdh19",0.00208683905957063,0.592646752419638,0.329,0.217,1,"2","Pcdh19"
"5330434G04Rik",0.00209250952389452,0.313531741071249,0.799,0.722,1,"2","5330434G04Rik"
"Ddx42",0.00215312000394492,0.434032379917038,0.5,0.376,1,"2","Ddx42"
"Slmap",0.00216508968547285,0.474050463686198,0.476,0.352,1,"2","Slmap"
"Pibf1",0.00224037229703157,0.411484430456446,0.512,0.387,1,"2","Pibf1"
"Eml4",0.00229513710071756,0.458573127067253,0.494,0.383,1,"2","Eml4"
"Sesn1",0.00229885442701369,0.600685470990655,0.439,0.323,1,"2","Sesn1"
"Eda",0.00233509353661487,0.38808000443205,0.366,0.246,1,"2","Eda"
"Htr2c1",0.00239607913082108,0.478255492928952,0.476,0.362,1,"2","Htr2c"
"Abcd4",0.00241871488580026,0.528622613950336,0.384,0.27,1,"2","Abcd4"
"Stx3",0.00242332877518028,0.585558778903188,0.323,0.216,1,"2","Stx3"
"Slx4ip",0.00248405229884813,0.535354361554734,0.293,0.188,1,"2","Slx4ip"
"Dag1",0.00252711638956988,0.565826713779004,0.445,0.337,1,"2","Dag1"
"Adcy21",0.00259909256197585,0.559634654849127,0.665,0.584,1,"2","Adcy2"
"Rock2",0.00260614617773841,0.375367353848823,0.652,0.552,1,"2","Rock2"
"Cdc73",0.00263389653549912,0.52930083775389,0.287,0.183,1,"2","Cdc73"
"Gm41361",0.00269638304545061,0.749079246868309,0.348,0.246,1,"2","Gm41361"
"Tbc1d8",0.00270794757386176,0.478669643941094,0.341,0.226,1,"2","Tbc1d8"
"Nagk",0.00271403485031663,0.457127782106602,0.366,0.25,1,"2","Nagk"
"Relch",0.00277099487460983,0.459664630838545,0.512,0.388,1,"2","Relch"
"Mphosph9",0.00281169783396436,0.416405460543972,0.567,0.446,1,"2","Mphosph9"
"Sh3gl2",0.00285537795963941,0.596329821834928,0.463,0.356,1,"2","Sh3gl2"
"Smad4",0.00286219036756935,0.68684211474037,0.268,0.173,1,"2","Smad4"
"Aqr1",0.00293851993787048,0.56062439853695,0.335,0.228,1,"2","Aqr"
"Luc7l2",0.00295914378348427,0.254485916504656,0.884,0.836,1,"2","Luc7l2"
"Pcf11",0.00297663785820641,0.430380362830062,0.463,0.344,1,"2","Pcf11"
"Cacna1c",0.00297767170414745,0.186364892802487,0.97,0.939,1,"2","Cacna1c"
"Dab11",0.00298998134552472,0.277834326929646,0.939,0.893,1,"2","Dab1"
"Lrrc3b",0.00302002007194539,0.597494629145087,0.317,0.217,1,"2","Lrrc3b"
"Sgce",0.00303466951670492,0.49149451641815,0.372,0.264,1,"2","Sgce"
"Npas3",0.00306252177986666,1.28468590675826,0.482,0.397,1,"2","Npas3"
"Spire1",0.00307417414666676,0.349878691491728,0.628,0.497,1,"2","Spire1"
"Oga",0.00309146833774305,0.396449593286114,0.573,0.458,1,"2","Oga"
"Ccnl1",0.00311865435597039,0.315113273331051,0.622,0.47,1,"2","Ccnl1"
"Luzp21",0.00313479104468593,0.291186406536387,0.585,0.458,1,"2","Luzp2"
"Spata7",0.00313682804512868,0.509393262916245,0.488,0.396,1,"2","Spata7"
"Cpeb1",0.0032833005123102,0.439927374269853,0.415,0.296,1,"2","Cpeb1"
"Celf3",0.00333554822881487,0.329480326358423,0.494,0.363,1,"2","Celf3"
"Usp9x",0.00337518014078157,0.299148282627462,0.75,0.626,1,"2","Usp9x"
"Gucy1a2",0.00339377318788177,0.297082106453634,0.896,0.861,1,"2","Gucy1a2"
"Oscp1",0.00346474011120181,0.597658413562688,0.323,0.225,1,"2","Oscp1"
"Aebp2",0.00349593070587029,0.771731012326883,0.262,0.173,1,"2","Aebp2"
"Npc1",0.00356992853159984,0.563106746318125,0.317,0.212,1,"2","Npc1"
"Mipol1",0.00364825833591207,0.580908669991305,0.305,0.205,1,"2","Mipol1"
"Rit2",0.00366491842924314,0.374536915448619,0.75,0.685,1,"2","Rit2"
"Ica1",0.00366897520526618,0.345805196905303,0.665,0.549,1,"2","Ica1"
"Acbd3",0.003671064128176,0.546866105310914,0.274,0.177,1,"2","Acbd3"
"Slf1",0.00369397836344963,0.271804615461526,0.604,0.452,1,"2","Slf1"
"Rab11fip2",0.00370603289912599,0.585913205889589,0.317,0.218,1,"2","Rab11fip2"
"3110082I17Rik",0.00383556062302505,0.631168517051211,0.28,0.185,1,"2","3110082I17Rik"
"Rabl6",0.00385871782744318,0.268184299782829,0.701,0.541,1,"2","Rabl6"
"Fbxo11",0.00389929562569807,0.32189117134674,0.591,0.468,1,"2","Fbxo11"
"Lrrfip2",0.00393320660895555,0.380941059294716,0.47,0.351,1,"2","Lrrfip2"
"Egfem1",0.00393478124080894,0.628361324405336,0.665,0.595,1,"2","Egfem1"
"Set",0.00393662554347901,0.583964934100067,0.25,0.158,1,"2","Set"
"Etnk1",0.00397239069137267,0.366747177711962,0.726,0.644,1,"2","Etnk1"
"Slc24a21",0.0039942422930109,0.407505896577475,0.677,0.594,1,"2","Slc24a2"
"Nrf1",0.00402137070789653,0.491711773408379,0.5,0.392,1,"2","Nrf1"
"Mib1",0.00405964660088695,0.445001931175699,0.384,0.273,1,"2","Mib1"
"Ivns1abp",0.00408400370641118,0.543807485017206,0.311,0.212,1,"2","Ivns1abp"
"Josd2",0.00416757004985511,0.576819327412542,0.274,0.18,1,"2","Josd2"
"Eif2d",0.00420123922663522,0.52930083775389,0.28,0.183,1,"2","Eif2d"
"Lrig2",0.00423178247598268,0.540452627758846,0.415,0.323,1,"2","Lrig2"
"Sox5",0.0042829768951804,0.813754227222589,0.305,0.209,1,"2","Sox5"
"Kcnc21",0.00428588709021038,0.336400663879278,0.787,0.687,1,"2","Kcnc2"
"Snx10",0.00429128216818083,0.406235079458626,0.341,0.232,1,"2","Snx10"
"Abcb7",0.00440408120540914,0.544973398429033,0.287,0.189,1,"2","Abcb7"
"Slc44a1",0.00445487819364232,0.423807708906576,0.378,0.27,1,"2","Slc44a1"
"Camkmt",0.00448343481616166,0.25416248930183,0.634,0.505,1,"2","Camkmt"
"Qrich1",0.00448660249377343,0.354426906076094,0.591,0.458,1,"2","Qrich1"
"Slc25a28",0.00457619033462118,0.682783898166016,0.317,0.223,1,"2","Slc25a28"
"Cdc123",0.00462508823701425,0.558108800618167,0.341,0.239,1,"2","Cdc123"
"Xrcc4",0.00463951980632502,0.601112240714486,0.366,0.267,1,"2","Xrcc4"
"Tbc1d23",0.00470337607268609,0.416390237344093,0.427,0.315,1,"2","Tbc1d23"
"Pias1",0.00482428247625315,0.355692683981964,0.53,0.409,1,"2","Pias1"
"Prdm15",0.00483483332072835,0.497808290350353,0.335,0.232,1,"2","Prdm15"
"Slit2",0.0048410822922582,0.462048740979903,0.488,0.387,1,"2","Slit2"
"Hcn21",0.00491612145382481,0.590917694741834,0.305,0.209,1,"2","Hcn2"
"Trappc6b",0.00499979973572331,0.675571002405349,0.256,0.168,1,"2","Trappc6b"
"Rab2a",0.00505389642627653,0.453555052300628,0.409,0.302,1,"2","Rab2a"
"Neat1",0.00507257610388199,0.356693513048039,0.274,0.178,1,"2","Neat1"
"Cdk12",0.00508446696864588,0.330041887559406,0.659,0.544,1,"2","Cdk12"
"Ccdc191",0.00508595894136842,0.64547168032051,0.262,0.173,1,"2","Ccdc191"
"Usp54",0.00520594103417944,0.544489191329039,0.366,0.264,1,"2","Usp54"
"Mfhas1",0.00531400828842868,0.575810802351626,0.366,0.261,1,"2","Mfhas1"
"Wdr41",0.00535043800645044,0.590396997785632,0.36,0.26,1,"2","Wdr41"
"Stk3",0.00537994108616654,0.477578965347557,0.445,0.34,1,"2","Stk3"
"Dpp8",0.00539022013132376,0.529936059767919,0.396,0.287,1,"2","Dpp8"
"Tmem117",0.00548836550947502,0.40259122299688,0.494,0.377,1,"2","Tmem117"
"Arhgap35",0.00553901034199184,0.535975449113742,0.494,0.383,1,"2","Arhgap35"
"Gm45847",0.00555011449252407,0.520891903463394,0.415,0.313,1,"2","Gm45847"
"Fndc3b",0.00555550691218143,0.401948274942837,0.5,0.375,1,"2","Fndc3b"
"Pcdh11x",0.0056110989133396,0.253882707464263,0.585,0.488,1,"2","Pcdh11x"
"Ampd2",0.00564579136061971,0.362407164242433,0.366,0.251,1,"2","Ampd2"
"Wdpcp",0.00567850129706114,0.615729812621419,0.341,0.244,1,"2","Wdpcp"
"Galnt17",0.00569287798443631,0.598162862768657,0.573,0.489,1,"2","Galnt17"
"Mtmr7",0.00577227138990653,0.362607552469838,0.457,0.339,1,"2","Mtmr7"
"5730455P16Rik",0.00579884247918894,0.634533241474328,0.293,0.202,1,"2","5730455P16Rik"
"Hdac9",0.00579918223807477,0.627618704501298,0.567,0.463,1,"2","Hdac9"
"Lrrc4c",0.00580887313633725,0.389072546390744,0.945,0.957,1,"2","Lrrc4c"
"Hecw1",0.00590550301424715,0.275574398220249,0.835,0.837,1,"2","Hecw1"
"Herc3",0.00592126266554775,0.440242166992221,0.433,0.325,1,"2","Herc3"
"Ppp2r2b",0.00595375761435714,0.239243753677364,0.927,0.876,1,"2","Ppp2r2b"
"Ipo8",0.00604961737942945,0.449616895256181,0.421,0.309,1,"2","Ipo8"
"Rubcn",0.00606188587215551,0.367469724756764,0.494,0.37,1,"2","Rubcn"
"Asph",0.00613333863212448,0.521699909668155,0.402,0.303,1,"2","Asph"
"Xpo4",0.0061363929497035,0.411370605668353,0.372,0.262,1,"2","Xpo4"
"Scn3a",0.00618703163073528,0.316306448581595,0.756,0.673,1,"2","Scn3a"
"Zfp444",0.00621573183992906,0.539656037593096,0.28,0.187,1,"2","Zfp444"
"Ttc7b",0.00631400436504539,0.332358801580301,0.604,0.492,1,"2","Ttc7b"
"Kcnk2",0.00631998044035704,0.624557836486027,0.274,0.186,1,"2","Kcnk2"
"Samd12",0.00632332748648887,0.185610185537168,0.848,0.793,1,"2","Samd12"
"Krit11",0.00632887794872387,0.341455047029018,0.512,0.389,1,"2","Krit1"
"Mmp24",0.00637426016385118,0.464449693403922,0.366,0.266,1,"2","Mmp24"
"Mrps9",0.0064607932179523,0.653008519664495,0.28,0.194,1,"2","Mrps9"
"Dnah9",0.00658354254402348,0.677853331513115,0.256,0.169,1,"2","Dnah9"
"Fxr1",0.00666361463477569,0.515570687590541,0.457,0.367,1,"2","Fxr1"
"Trmt11",0.0067546734010223,0.416428178540978,0.329,0.227,1,"2","Trmt11"
"Pcdh101",0.00677217759987441,0.598486240319523,0.311,0.215,1,"2","Pcdh10"
"Sgcz1",0.00693510718104437,0.306885789795064,0.884,0.852,1,"2","Sgcz"
"Gnas",0.00700375914098443,0.218307066968901,0.945,0.846,1,"2","Gnas"
"Frmd4a1",0.0070404149549787,0.163369556994243,1,0.995,1,"2","Frmd4a"
"Nrbp1",0.00708042086729636,0.427888885718393,0.311,0.211,1,"2","Nrbp1"
"Acsl1",0.007082463221079,0.544366633027908,0.36,0.258,1,"2","Acsl1"
"Heatr5b",0.00719420489919061,0.55432774307811,0.348,0.258,1,"2","Heatr5b"
"Tmem234",0.00735601036283847,0.367909383612167,0.524,0.414,1,"2","Tmem234"
"Ppp3cb",0.00742226083757798,0.478255492928952,0.372,0.27,1,"2","Ppp3cb"
"Kpna1",0.00745145827677514,0.443436515655508,0.354,0.253,1,"2","Kpna1"
"Ambra1",0.0075892467909417,0.339101211603622,0.689,0.6,1,"2","Ambra1"
"5730522E02Rik",0.00763471781476855,0.456456902650391,0.518,0.417,1,"2","5730522E02Rik"
"Ammecr1l",0.00763572553000415,0.547439058074953,0.323,0.23,1,"2","Ammecr1l"
"D5Ertd579e",0.00765040456074184,0.392098849179238,0.506,0.389,1,"2","D5Ertd579e"
"D3Ertd751e",0.00768100344537679,0.423807708906576,0.47,0.359,1,"2","D3Ertd751e"
"Dzip11",0.00769275712245645,0.340131669769713,0.628,0.523,1,"2","Dzip1"
"Hs6st32",0.00771636982352267,0.0786722228578882,0.683,0.586,1,"2","Hs6st3"
"Tnpo3",0.00772266804719694,0.379019787159738,0.476,0.363,1,"2","Tnpo3"
"D430042O09Rik",0.00777757869358737,0.52979840459479,0.354,0.259,1,"2","D430042O09Rik"
"Csnk1e",0.00779181125807334,0.31719651827554,0.476,0.358,1,"2","Csnk1e"
"Ksr2",0.00780375267441471,0.224204382964296,0.921,0.882,1,"2","Ksr2"
"Acadsb",0.00790762843138006,0.419249426944272,0.549,0.451,1,"2","Acadsb"
"Ccser1",0.00795146358100446,0.175443478329071,0.988,0.958,1,"2","Ccser1"
"Chl1",0.00802182623226388,0.388902093958374,0.634,0.53,1,"2","Chl1"
"Rftn1",0.00803156248052321,0.316892504990064,0.415,0.308,1,"2","Rftn1"
"Rab7",0.00817388183367429,0.486204246044443,0.311,0.215,1,"2","Rab7"
"Fbxo28",0.00817715366713188,0.615204240651713,0.268,0.182,1,"2","Fbxo28"
"Smg7",0.00833089825154539,0.403049148739778,0.421,0.311,1,"2","Smg7"
"Cox7b",0.00833711412700767,0.506269869098549,0.274,0.186,1,"2","Cox7b"
"Gpatch1",0.00833888030550974,0.498335687556332,0.402,0.306,1,"2","Gpatch1"
"Fbxo3",0.00839112984656886,0.371066246834602,0.439,0.327,1,"2","Fbxo3"
"Uchl3",0.00848463971133087,0.557390863285168,0.25,0.165,1,"2","Uchl3"
"Ttc281",0.00848761596851779,0.275606185621382,0.573,0.468,1,"2","Ttc28"
"Stx18",0.00854223393942583,0.522637735566,0.341,0.252,1,"2","Stx18"
"Cnot4",0.00857201949347842,0.345805196905303,0.652,0.539,1,"2","Cnot4"
"Ano10",0.00867504626001974,0.528505087573269,0.256,0.17,1,"2","Ano10"
"Galnt181",0.00867746969042124,0.192006373519408,0.445,0.318,1,"2","Galnt18"
"Rbms31",0.00873218513856846,0.216988091490589,0.878,0.809,1,"2","Rbms3"
"Prune21",0.00875665411524431,0.664603600564009,0.36,0.273,1,"2","Prune2"
"Hnrnpd",0.00877038227936799,0.571033662089754,0.311,0.221,1,"2","Hnrnpd"
"Cnrip1",0.00892742200272801,0.404111907565656,0.433,0.328,1,"2","Cnrip1"
"N4bp2l1",0.00892742206547545,0.302226604904147,0.518,0.413,1,"2","N4bp2l1"
"Ube2k",0.00914611228380979,0.312638332970104,0.53,0.409,1,"2","Ube2k"
"Rims1",0.00919281094066046,0.175222361772833,0.909,0.914,1,"2","Rims1"
"Prpf18",0.00934463097027494,0.408126086674306,0.323,0.226,1,"2","Prpf18"
"Kif3a",0.00934533553722627,0.286018474681227,0.768,0.73,1,"2","Kif3a"
"Ube4a",0.0094138218267901,0.379953419317148,0.506,0.403,1,"2","Ube4a"
"Ak2",0.00956342708316004,0.541331012389069,0.256,0.17,1,"2","Ak2"
"Slitrk5",0.0095968838191271,0.592123457487231,0.262,0.178,1,"2","Slitrk5"
"Mical2",0.00959821292301142,0.311914828835679,0.463,0.352,1,"2","Mical2"
"Gm29514",0.00961682532772718,0.530722912823088,0.305,0.217,1,"2","Gm29514"
"Gabra3",0.00968839497050646,0.392639690812897,0.512,0.415,1,"2","Gabra3"
"Snx1",0.00971468825374638,0.666378012180654,0.299,0.216,1,"2","Snx1"
"Crppa",0.00982846330942585,0.60834980642107,0.36,0.266,1,"2","Crppa"
"Fut91",0.00999539567454543,0.548481629253988,0.463,0.376,1,"2","Fut9"
"Meis2",3.49745627282221e-97,2.71650544498664,0.82,0.119,5.80752614102128e-93,"3","Meis2"
"G630016G05Rik",2.30195831577908e-63,3.17637552875335,0.493,0.057,3.82240178335117e-59,"3","G630016G05Rik"
"Cacna2d3",1.21370505242644e-40,1.87715822304629,0.873,0.424,2.01535723955411e-36,"3","Cacna2d3"
"Kcnab1",3.3096152182621e-40,1.84505685892651,0.787,0.291,5.49561606992421e-36,"3","Kcnab1"
"Gria1",3.26825370959532e-39,1.05715107701794,1,0.926,5.42693528478302e-35,"3","Gria1"
"Wfs1",4.75521116281669e-39,3.2583344486493,0.34,0.046,7.89602813585711e-35,"3","Wfs1"
"Celf2",1.25513090373386e-36,1.39418158798404,0.993,0.834,2.08414486565008e-32,"3","Celf2"
"Arpp21",1.86185267035106e-34,1.53605290024021,0.873,0.433,3.09160635911793e-30,"3","Arpp21"
"Icam5",2.28382852284369e-34,2.68323897738748,0.393,0.073,3.79229726218194e-30,"3","Icam5"
"Rasal1",4.64450512136479e-34,2.29433886610764,0.5,0.123,7.71220075402623e-30,"3","Rasal1"
"Rarb",2.56545031163888e-33,3.32138650927938,0.547,0.174,4.25993024247637e-29,"3","Rarb"
"A830082K12Rik",3.259849221008e-32,2.28965990604481,0.433,0.095,5.41297963148379e-28,"3","A830082K12Rik"
"Sox1ot",1.71777767613097e-31,2.38608779984616,0.48,0.126,2.85236983121547e-27,"3","Sox1ot"
"Chrm1",1.80824605831095e-31,2.89363703937157,0.3,0.044,3.00259257982534e-27,"3","Chrm1"
"Atp2b4",2.73720994697022e-30,1.70076890194506,0.727,0.303,4.54513711694405e-26,"3","Atp2b4"
"Ryr1",4.40728299505124e-29,2.4861479944139,0.44,0.115,7.31829341328258e-25,"3","Ryr1"
"Pde2a",5.86399195805732e-27,1.57224218295022,0.687,0.281,9.73715864635418e-23,"3","Pde2a"
"Zfp831",8.71422607463934e-27,2.4032677223393,0.32,0.061,1.44699723969386e-22,"3","Zfp831"
"Bcl11b1",9.52445608317956e-27,1.80766629096279,0.567,0.19,1.58153593261197e-22,"3","Bcl11b"
"Gng7",2.08785649501492e-26,2.37003139286537,0.56,0.202,3.46688570997227e-22,"3","Gng7"
"Gda",3.37551226631107e-26,2.16277792535263,0.487,0.148,5.60503811820954e-22,"3","Gda"
"Sez6",1.53396859387655e-25,1.73570639728162,0.627,0.248,2.54715485013201e-21,"3","Sez6"
"Gm1604a",3.38944267489787e-25,1.28403170721036,0.793,0.403,5.62816956166792e-21,"3","Gm1604a"
"Pde1a1",6.39084592953646e-25,1.45634487421131,0.84,0.493,1.06119996659953e-20,"3","Pde1a"
"Col6a1",1.17833603514978e-24,2.79403761579122,0.32,0.069,1.95662698636622e-20,"3","Col6a1"
"Lmo7",5.02490126983531e-24,2.72561392910929,0.32,0.07,8.34384855856153e-20,"3","Lmo7"
"Sipa1l1",2.02896173077645e-23,1.28100444334902,0.86,0.539,3.36909095395429e-19,"3","Sipa1l1"
"Lmo4",2.95721574774371e-23,2.63647451005156,0.327,0.076,4.91045674912844e-19,"3","Lmo4"
"Sv2c",3.24534188955253e-23,1.97422336506658,0.507,0.174,5.38889020760198e-19,"3","Sv2c"
"Caln1",3.30767650620652e-23,1.50258328832386,0.747,0.394,5.49239683855593e-19,"3","Caln1"
"Rbfox31",3.71436540437309e-23,0.943945650715331,0.98,0.864,6.16770375396151e-19,"3","Rbfox3"
"Cpne5",4.0925336645382e-23,1.66958924502645,0.633,0.273,6.79565214996568e-19,"3","Cpne5"
"Adamts3",1.30309815857527e-21,2.25225993423962,0.353,0.094,2.16379449231424e-17,"3","Adamts3"
"Fstl4",4.15012473738177e-21,1.74645697103759,0.687,0.369,6.89128212642244e-17,"3","Fstl4"
"Baiap2",3.64377660618066e-20,1.72237370591536,0.647,0.322,6.05049105456299e-16,"3","Baiap2"
"Ptk2b",9.50510388165688e-20,2.5813082918055,0.307,0.079,1.57832249954913e-15,"3","Ptk2b"
"Rreb1",9.8042125985255e-20,1.84473535675922,0.5,0.193,1.62798950198516e-15,"3","Rreb1"
"Rbfox1",2.90635283816309e-19,0.724823546337908,1,0.933,4.82599888776981e-15,"3","Rbfox1"
"Phactr1",4.32407500704644e-19,1.19568719569921,0.987,0.926,7.18012654920061e-15,"3","Phactr1"
"Kalrn",4.42886004091142e-19,0.703151383119063,1,0.962,7.3541220979334e-15,"3","Kalrn"
"Cpne71",8.99374104768207e-19,1.79856900355688,0.613,0.331,1.49341070096761e-14,"3","Cpne7"
"Kirrel31",1.21503626680905e-18,0.854645917135237,0.967,0.805,2.01756772103643e-14,"3","Kirrel3"
"Ak5",2.68897813337142e-18,1.12503252681966,0.727,0.394,4.46504819046324e-14,"3","Ak5"
"Enox1",4.19322744251722e-18,0.889975226241636,0.933,0.742,6.96285416829985e-14,"3","Enox1"
"Fras11",4.5873717022956e-18,1.69884503520719,0.447,0.165,7.61733071166185e-14,"3","Fras1"
"Htr1f",1.39382370794782e-17,1.65779396083002,0.52,0.222,2.31444426704735e-13,"3","Htr1f"
"Slc24a4",2.88008175180085e-17,2.133615437741,0.307,0.084,4.78237574886532e-13,"3","Slc24a4"
"Nrgn",5.23038930445564e-17,2.12235061164519,0.253,0.059,8.68506144004859e-13,"3","Nrgn"
"Sorl11",9.31125179523805e-17,1.3905687580612,0.607,0.29,1.54613336059928e-12,"3","Sorl1"
"Rps6ka2",1.60559020597677e-16,1.27573515079405,0.693,0.398,2.66608253702442e-12,"3","Rps6ka2"
"Rhbdl31",1.65790312173207e-16,1.73603324255735,0.413,0.151,2.7529481336361e-12,"3","Rhbdl3"
"Dgkg",2.79012399986208e-16,1.2257640062389,0.753,0.487,4.63300090177099e-12,"3","Dgkg"
"Sh3rf3",3.03097904730887e-16,1.25251503017183,0.713,0.455,5.03294070805638e-12,"3","Sh3rf3"
"Cnih3",5.10019006568771e-16,2.39783675852524,0.253,0.064,8.46886560407444e-12,"3","Cnih3"
"Mrtfb",5.23171389061811e-16,1.09664833628262,0.787,0.563,8.68726091537137e-12,"3","Mrtfb"
"Traip",7.01033469078046e-16,1.84647778803361,0.347,0.113,1.1640660754041e-11,"3","Traip"
"Atp2b1",8.87918991330362e-16,1.08132921993616,0.867,0.669,1.47438948510407e-11,"3","Atp2b1"
"2010300C02Rik",1.41298025449191e-15,1.83821363736382,0.42,0.165,2.34625371258382e-11,"3","2010300C02Rik"
"Pdzd2",2.26764955343468e-15,2.77743294020262,0.393,0.156,3.76543208347828e-11,"3","Pdzd2"
"Rgl1",3.29669799732851e-15,1.16572997051347,0.647,0.36,5.47416702456399e-11,"3","Rgl1"
"Frmd6",3.35841239272647e-15,2.07926209874768,0.293,0.086,5.5766437781223e-11,"3","Frmd6"
"Hap11",3.91417103195486e-15,0.798107547095167,0.88,0.641,6.49948099856104e-11,"3","Hap1"
"Dscaml12",4.17869083892653e-15,0.862541115912324,0.86,0.603,6.93871613803751e-11,"3","Dscaml1"
"Kcnip2",5.73674745738945e-15,1.47076543349191,0.52,0.239,9.52586915299517e-11,"3","Kcnip2"
"Ulk4",5.92426085150613e-15,1.17749216583765,0.693,0.406,9.83723514392593e-11,"3","Ulk4"
"Ano3",1.9901328100183e-14,1.2491540233718,0.44,0.175,3.30461553103539e-10,"3","Ano3"
"Dlgap11",2.61247227439154e-14,0.705387282368005,0.987,0.957,4.33801021162715e-10,"3","Dlgap1"
"Rasgef1a",3.17646053702966e-14,0.9423428184495,0.807,0.606,5.27451272173774e-10,"3","Rasgef1a"
"Zfp804a1",4.09657814387727e-14,1.03260770971534,0.713,0.43,6.8023680079082e-10,"3","Zfp804a"
"Sox2ot",4.39846974692551e-14,1.02614933438544,0.693,0.388,7.3036590147698e-10,"3","Sox2ot"
"Shisa7",7.51812511296443e-14,1.19487771210365,0.66,0.382,1.24838467500774e-09,"3","Shisa7"
"Wipf3",1.44931251884988e-13,1.70319838502457,0.38,0.147,2.40658343755022e-09,"3","Wipf3"
"Pde8b",1.49458007450537e-13,1.03073373631009,0.753,0.492,2.48175021371616e-09,"3","Pde8b"
"Mbnl21",4.85900345227996e-13,0.820527830347515,0.807,0.618,8.06837523251087e-09,"3","Mbnl2"
"Unc13c",5.22540723089093e-13,1.3307225626667,0.48,0.221,8.67678870689439e-09,"3","Unc13c"
"Wscd2",6.71036213862103e-13,1.09713193472539,0.647,0.372,1.11425563311802e-08,"3","Wscd2"
"Arhgap6",1.41899661920555e-12,1.36699935460264,0.513,0.257,2.35624388619081e-08,"3","Arhgap6"
"Map3k5",1.67590884647914e-12,1.26581803953434,0.493,0.242,2.7828466395786e-08,"3","Map3k5"
"Camk2a1",2.02348956988825e-12,0.613006775865494,0.933,0.792,3.36000443079944e-08,"3","Camk2a"
"Cacng31",3.54776914206753e-12,1.38790888359562,0.44,0.199,5.89107066040314e-08,"3","Cacng3"
"Gria2",5.90371109261727e-12,0.37067442754271,1,0.999,9.80311226929097e-08,"3","Gria2"
"Tiam1",6.23152373074953e-12,0.999101071575492,0.72,0.505,1.03474451549096e-07,"3","Tiam1"
"Sez6l1",8.03841439981807e-12,0.792741975793152,0.84,0.666,1.33477871108979e-07,"3","Sez6l"
"Chrm31",1.40866144938868e-11,1.0122721433909,0.633,0.394,2.3390823367099e-07,"3","Chrm3"
"Nell2",1.54214646764194e-11,0.954870515665684,0.627,0.364,2.56073420951945e-07,"3","Nell2"
"Me31",1.57227400798552e-11,0.885578438447708,0.767,0.546,2.61076099025995e-07,"3","Me3"
"Fndc1",1.64923108544315e-11,1.49712621737449,0.367,0.156,2.73854821737836e-07,"3","Fndc1"
"Zdhhc14",1.72695089538695e-11,1.06759291372075,0.667,0.442,2.86760196179003e-07,"3","Zdhhc14"
"Syt6",2.74182667586906e-11,1.81168734285364,0.293,0.107,4.55280319528057e-07,"3","Syt6"
"Dchs21",2.76053988237793e-11,1.02202056904411,0.507,0.256,4.58387647468854e-07,"3","Dchs2"
"Dock101",3.06426749410206e-11,0.821265990988568,0.833,0.627,5.08821617395648e-07,"3","Dock10"
"Sirpa",4.34183532328909e-11,1.21711484795866,0.513,0.276,7.20961755432153e-07,"3","Sirpa"
"Ly6h",4.65830595781487e-11,0.738623880663914,0.873,0.674,7.73511704295159e-07,"3","Ly6h"
"Crocc",5.78367579527989e-11,0.85218845979818,0.713,0.494,9.60379365806225e-07,"3","Crocc"
"Chsy3",5.94794026191642e-11,0.945518243166932,0.573,0.311,9.87655480491222e-07,"3","Chsy3"
"Cdk17",6.00714835726067e-11,1.34390838150282,0.5,0.271,9.97486984723135e-07,"3","Cdk17"
"Sorcs2",6.13981072130055e-11,1.09383057163514,0.487,0.244,1.01951557027196e-06,"3","Sorcs2"
"Npas2",7.06200244939015e-11,1.612155879326,0.367,0.164,1.17264550672123e-06,"3","Npas2"
"Prkcg",7.21884774518151e-11,0.967941300519279,0.607,0.354,1.19868966808739e-06,"3","Prkcg"
"Gulp11",7.47984180023229e-11,1.58444050111418,0.347,0.142,1.24202773092857e-06,"3","Gulp1"
"Ctdspl",1.36513679882336e-10,0.912116372489216,0.667,0.439,2.2668096544462e-06,"3","Ctdspl"
"Ypel2",1.65487360204534e-10,1.33603147405176,0.373,0.166,2.74791761619628e-06,"3","Ypel2"
"Unc79",1.6946617907342e-10,0.60993790253616,0.893,0.821,2.81398590351413e-06,"3","Unc79"
"Ablim2",1.82006987781399e-10,0.861633569723935,0.76,0.612,3.02222603211013e-06,"3","Ablim2"
"Syt5",2.44791549084103e-10,1.41005630715831,0.413,0.205,4.06476367254153e-06,"3","Syt5"
"Cap2",3.60606900370488e-10,1.08960134166358,0.633,0.415,5.98787758065195e-06,"3","Cap2"
"Cfap44",4.16856598999819e-10,1.30807079720812,0.427,0.212,6.921903826392e-06,"3","Cfap44"
"Camkv",4.38048450050168e-10,1.06454844930234,0.507,0.272,7.27379451308304e-06,"3","Camkv"
"Ppargc1b",4.60153273965158e-10,0.97268923160155,0.607,0.36,7.64084511419145e-06,"3","Ppargc1b"
"Gnal",4.77543358545478e-10,0.904796747245119,0.727,0.501,7.92960746864766e-06,"3","Gnal"
"Tmem132b",4.79318480212628e-10,0.893481434017285,0.7,0.461,7.95908336393069e-06,"3","Tmem132b"
"Grin1",5.39308360445239e-10,0.561380966545826,0.933,0.858,8.95521532519319e-06,"3","Grin1"
"Crim1",6.12755695110555e-10,0.931009956892774,0.527,0.289,1.01748083173108e-05,"3","Crim1"
"Actn1",6.80064380576126e-10,1.05911120991721,0.587,0.365,1.12924690394666e-05,"3","Actn1"
"Celf51",7.80509194557599e-10,0.747955096863687,0.833,0.712,1.29603551756289e-05,"3","Celf5"
"Exd2",1.19569719856873e-09,1.15561254001353,0.493,0.282,1.98545519822338e-05,"3","Exd2"
"Spag6l",2.20540337996096e-09,1.21983845654724,0.413,0.205,3.66207231242517e-05,"3","Spag6l"
"Slc16a2",2.39204061967312e-09,1.32675366046375,0.32,0.136,3.97198344896722e-05,"3","Slc16a2"
"Slc35f31",2.79433775312835e-09,1.0479929366557,0.713,0.548,4.63999783906963e-05,"3","Slc35f3"
"Kif9",3.10478924423519e-09,1.62120101892901,0.253,0.094,5.15550254005254e-05,"3","Kif9"
"Ngef",3.17353011378317e-09,1.5959128002817,0.293,0.124,5.26964675393695e-05,"3","Ngef"
"Thbs3",3.21004620628323e-09,1.42178245415027,0.333,0.151,5.3302817255333e-05,"3","Thbs3"
"Rab40b",3.24604071809646e-09,1.58978806629755,0.293,0.124,5.39005061239917e-05,"3","Rab40b"
"Cacna1e1",3.28919482486491e-09,0.627158759961658,0.907,0.838,5.46170800668818e-05,"3","Cacna1e"
"Prex2",3.29418788269962e-09,1.23372398280219,0.353,0.159,5.46999897922273e-05,"3","Prex2"
"Cplx21",3.30188672219929e-09,1.17670312362314,0.4,0.197,5.48278290221193e-05,"3","Cplx2"
"Kirrel",3.4763364103807e-09,1.41103625628009,0.287,0.115,5.77245660943715e-05,"3","Kirrel"
"Cdon",4.29025045596555e-09,1.36091018952688,0.36,0.171,7.1239608821308e-05,"3","Cdon"
"Rfx1",5.18777169277336e-09,1.0975413454194,0.473,0.262,8.61429489585017e-05,"3","Rfx1"
"R3hdm1",5.32325735725607e-09,0.592169834564915,0.9,0.828,8.83926884172371e-05,"3","R3hdm1"
"Rap1gds1",6.90766664493685e-09,1.02185673502775,0.607,0.409,0.000114701804639176,"3","Rap1gds1"
"Cntn31",7.97007944959246e-09,0.672643229503981,0.68,0.456,0.000132343169260483,"3","Cntn3"
"Penk",8.81284270612625e-09,2.00452273740351,0.267,0.112,0.000146337253135226,"3","Penk"
"Kcnb1",9.47745629353346e-09,0.790154181303996,0.673,0.454,0.000157373161754123,"3","Kcnb1"
"Anks1b",9.48910366058431e-09,0.422440361508779,0.993,0.995,0.000157566566284002,"3","Anks1b"
"Adam12",1.22997107515292e-08,1.4365172266893,0.293,0.126,0.000204236697029143,"3","Adam12"
"Ankfn1",1.2497409529475e-08,1.23415186003255,0.533,0.334,0.000207519485236932,"3","Ankfn1"
"Pde7b",1.51997659635911e-08,1.67467696388406,0.467,0.298,0.00025239211382543,"3","Pde7b"
"Scn5a",1.59700191817368e-08,1.01522073693877,0.44,0.232,0.000265182168512739,"3","Scn5a"
"Adgrb2",1.75841103074931e-08,0.887221599264161,0.573,0.361,0.000291984151655923,"3","Adgrb2"
"Mapk4",1.78728875505586e-08,1.57214020047812,0.36,0.177,0.000296779297777026,"3","Mapk4"
"Klhl3",1.85389871166473e-08,0.898513705241916,0.627,0.465,0.000307839881071928,"3","Klhl3"
"Ptprn2",1.86071236999624e-08,0.392539639456934,1,0.996,0.000308971289037876,"3","Ptprn2"
"Kctd1",1.95155104822241e-08,1.56323210148703,0.36,0.185,0.00032405505155733,"3","Kctd1"
"5730522E02Rik1",2.22978592202173e-08,0.787164138698184,0.633,0.405,0.000370255952351708,"3","5730522E02Rik"
"Jph4",2.52456711012689e-08,0.760717730065201,0.687,0.493,0.00041920436863657,"3","Jph4"
"Ift140",2.75250439093426e-08,0.883907502260904,0.433,0.222,0.000457053354114633,"3","Ift140"
"Mgat4c",2.97615330291813e-08,0.655337598675622,0.907,0.749,0.000494190255949555,"3","Mgat4c"
"Tshz31",4.11333683413119e-08,1.09006022590653,0.34,0.158,0.000683019581307484,"3","Tshz3"
"Slit3",5.3315200468815e-08,1.14995251143865,0.48,0.301,0.000885298903784673,"3","Slit3"
"Gm10419",6.73206589846545e-08,0.939320622579511,0.533,0.337,0.00111785954244019,"3","Gm10419"
"Tnrc18",6.83020630746365e-08,0.546251531282433,0.793,0.564,0.00113415575735434,"3","Tnrc18"
"Plcb1",7.10815729778409e-08,0.612808923584895,0.88,0.763,0.00118030951929705,"3","Plcb1"
"Ttc3",7.73435852404308e-08,0.322088768809781,1,1,0.00128429023291735,"3","Ttc3"
"Smc2",8.07506873572511e-08,1.34912147349221,0.267,0.115,0.00134086516356715,"3","Smc2"
"Kcnip3",8.49959818038536e-08,1.26342772509492,0.34,0.172,0.00141135827785299,"3","Kcnip3"
"Greb1l",8.6706774529438e-08,0.928670704982335,0.553,0.347,0.00143976599106132,"3","Greb1l"
"Tmem191c",8.6878440892587e-08,0.850380562119744,0.613,0.423,0.00144261651102141,"3","Tmem191c"
"Sorbs1",9.1168326268035e-08,0.52463361043819,0.853,0.723,0.00151385005768072,"3","Sorbs1"
"Itm2c",9.39927310577225e-08,1.01168037923352,0.553,0.358,0.00156074929921348,"3","Itm2c"
"Sptbn4",9.43205776558843e-08,0.51319956260272,0.94,0.848,0.00156619319197596,"3","Sptbn4"
"Smpd3",9.6504482597389e-08,1.08137441675591,0.487,0.303,0.00160245693352964,"3","Smpd3"
"C2cd2l",1.02668086793004e-07,1.14629799152927,0.307,0.139,0.00170480358119783,"3","C2cd2l"
"Malat11",1.07685364487883e-07,0.249484130033445,1,1,0.00178811547732129,"3","Malat1"
"Cfap54",1.27810215406531e-07,1.06526141943836,0.447,0.259,0.00212228862682545,"3","Cfap54"
"Adcy5",1.32258161253146e-07,1.2423130549014,0.54,0.359,0.00219614676760849,"3","Adcy5"
"Ildr2",1.53382439005015e-07,0.854544768573951,0.533,0.333,0.00254691539967827,"3","Ildr2"
"Zer1",1.61847382625478e-07,0.787502655027591,0.587,0.387,0.00268747578849607,"3","Zer1"
"Arhgap33",2.04712123700935e-07,1.04775470108716,0.447,0.268,0.00339924481405402,"3","Arhgap33"
"Cfap74",2.05915443916835e-07,1.02898889226646,0.333,0.163,0.00341922594623905,"3","Cfap74"
"Ripor2",2.19337618259893e-07,0.928186567520699,0.647,0.48,0.00364210115120552,"3","Ripor2"
"Fam49a",2.23752088229596e-07,1.0791431283076,0.393,0.209,0.00371540342505243,"3","Fam49a"
"Klhl2",2.46899430898394e-07,1.0836196123487,0.44,0.262,0.00409976505006783,"3","Klhl2"
"Dpf1",2.75237736604944e-07,1.00588287235943,0.42,0.235,0.00457032261632509,"3","Dpf1"
"Csnk1a1",2.76079137821364e-07,0.704960949776709,0.707,0.569,0.00458429408352375,"3","Csnk1a1"
"Slc22a17",2.83396806950653e-07,0.71580364351141,0.693,0.513,0.0047058039794156,"3","Slc22a17"
"Grin2a",2.87705033531729e-07,0.5639758664037,0.8,0.624,0.00477734208179435,"3","Grin2a"
"Gas7",2.94572176433575e-07,0.884038187078321,0.5,0.31,0.00489137098967952,"3","Gas7"
"Ttyh1",2.96066781104251e-07,0.908221137746508,0.473,0.278,0.0049161889002361,"3","Ttyh1"
"A830018L16Rik",2.97053702396778e-07,0.716839976504256,0.687,0.492,0.00493257672829851,"3","A830018L16Rik"
"Dlg4",3.02032159474451e-07,0.718462194144962,0.667,0.499,0.00501524400807326,"3","Dlg4"
"3110082I17Rik1",3.29813519139873e-07,0.964062696664806,0.353,0.178,0.00547655348531759,"3","3110082I17Rik"
"Mcu",3.34211776943597e-07,0.996684785501342,0.46,0.276,0.00554958655614842,"3","Mcu"
"Fbxo16",3.40624510156783e-07,1.13734903480179,0.327,0.164,0.00565606999115338,"3","Fbxo16"
"Zbtb16",3.40977838399461e-07,1.3453693386311,0.273,0.125,0.00566193700662305,"3","Zbtb16"
"Syt16",3.67218143727191e-07,0.72951282996416,0.66,0.497,0.00609765727659,"3","Syt16"
"Car11",3.70103935890379e-07,1.03321716623262,0.44,0.263,0.00614557585545974,"3","Car11"
"Spns1",3.74763200969686e-07,1.00588287235943,0.347,0.174,0.00622294295210163,"3","Spns1"
"Nsg2",4.34180626826684e-07,0.994026514669646,0.54,0.382,0.00720956930845709,"3","Nsg2"
"Cx3cl1",4.34252551908102e-07,1.14580484674891,0.427,0.254,0.00721076362443403,"3","Cx3cl1"
"Grm5",4.38641589542687e-07,0.331760472812824,0.987,0.912,0.00728364359435631,"3","Grm5"
"Osbpl8",4.49755102128308e-07,0.930331839352256,0.533,0.347,0.00746818347084056,"3","Osbpl8"
"Nek101",4.51240247001593e-07,1.16337150488821,0.32,0.158,0.00749284430146145,"3","Nek10"
"Arhgef28",4.61298328383483e-07,1.0955803535851,0.393,0.223,0.00765985874280774,"3","Arhgef28"
"Fat1",5.02607126662324e-07,1.28037208378466,0.26,0.117,0.0083457913382279,"3","Fat1"
"Rhobtb2",5.15904777207854e-07,1.05714660070647,0.36,0.189,0.00856659882553642,"3","Rhobtb2"
"Trim46",5.53244710414273e-07,0.762371024790458,0.573,0.391,0.00918662841642901,"3","Trim46"
"Pgap1",6.28011702949236e-07,0.688657473274222,0.68,0.523,0.0104281343274721,"3","Pgap1"
"Celf41",6.91158922107533e-07,0.398974082226934,1,0.954,0.0114766939015956,"3","Celf4"
"Morn1",7.49005022001418e-07,0.965097257512933,0.393,0.217,0.0124372283903335,"3","Morn1"
"Rnf112",8.96604268964979e-07,0.673791195603963,0.633,0.431,0.0148881138861635,"3","Rnf112"
"Pitpnm2",9.18025242145539e-07,0.978473333843602,0.513,0.342,0.0152438091458267,"3","Pitpnm2"
"Trank1",1.00143016900219e-06,0.575581264426847,0.84,0.724,0.0166287479562814,"3","Trank1"
"Sorcs3",1.0741871673134e-06,0.552154018747144,0.753,0.573,0.017836877913239,"3","Sorcs3"
"Mast3",1.11493687043357e-06,1.08323916036742,0.347,0.184,0.0185135267335495,"3","Mast3"
"Ndrg41",1.21235570732128e-06,1.00023385258241,0.62,0.448,0.0201311665200699,"3","Ndrg4"
"Lgi1",1.26701943337019e-06,0.941926977830864,0.453,0.28,0.0210388576911121,"3","Lgi1"
"Fam81a",1.27086545457925e-06,1.31318893288195,0.267,0.126,0.0211027208732884,"3","Fam81a"
"Arhgef2",1.30699489093931e-06,0.865985594263642,0.42,0.24,0.0217026501640472,"3","Arhgef2"
"Sh3gl3",1.50722237347916e-06,1.00497064024501,0.413,0.253,0.0250274275116214,"3","Sh3gl3"
"Slc2a132",1.52962329978264e-06,0.834441638469741,0.68,0.526,0.0253993948928907,"3","Slc2a13"
"Ajap11",1.55588317443469e-06,1.27480784115409,0.367,0.204,0.025835440111488,"3","Ajap1"
"Acvr2a",1.59175055307709e-06,0.975186075136516,0.507,0.335,0.026431017933845,"3","Acvr2a"
"Sfpq",1.82567450763985e-06,0.499834854459753,0.807,0.597,0.0303153251993597,"3","Sfpq"
"Galnt161",1.92918409598665e-06,0.810412380293332,0.647,0.5,0.0320341019138583,"3","Galnt16"
"Ccdc88c",2.00234039686147e-06,1.48803456749681,0.313,0.166,0.0332488622898848,"3","Ccdc88c"
"Mink1",2.03829057050215e-06,0.930331839352256,0.447,0.279,0.0338458149231882,"3","Mink1"
"Lrrk2",2.21402901373158e-06,1.36722877259484,0.287,0.146,0.0367639517730128,"3","Lrrk2"
"Trerf1",2.32641074856597e-06,0.607160577614262,0.847,0.79,0.0386300504799379,"3","Trerf1"
"Lzts3",2.49400365687603e-06,1.18633265333152,0.32,0.171,0.0414129307224264,"3","Lzts3"
"B4galnt4",2.56206235563163e-06,0.839936819657811,0.447,0.271,0.0425430454152632,"3","B4galnt4"
"Serpine21",2.69540801098751e-06,0.811687342853637,0.32,0.163,0.0447572500224475,"3","Serpine2"
"Ints7",2.71178721191373e-06,1.30334612373539,0.267,0.13,0.0450292266538275,"3","Ints7"
"Prkar2b",2.96726465482696e-06,1.31983424652396,0.367,0.209,0.0492714295934017,"3","Prkar2b"
"Lmtk3",3.07253076913984e-06,0.612950533733803,0.7,0.54,0.051019373421567,"3","Lmtk3"
"Grm81",3.4185609531611e-06,0.34081681026871,0.567,0.347,0.05676520462724,"3","Grm8"
"Nnat",3.55379684736943e-06,0.730842380367805,0.513,0.336,0.0590107966505694,"3","Nnat"
"Armc9",3.67594418921886e-06,0.541185047136543,0.773,0.599,0.0610390532619791,"3","Armc9"
"Tcerg1l1",3.77417686817262e-06,0.624345288333915,0.447,0.262,0.0626702068960063,"3","Tcerg1l"
"Pde1b",4.01038769945651e-06,1.20200516345992,0.307,0.162,0.0665924877494753,"3","Pde1b"
"Kcnq51",4.04805221628895e-06,0.500008553140115,0.713,0.549,0.0672179070514781,"3","Kcnq5"
"Ccdc39",4.44808281211298e-06,0.788589605680652,0.5,0.326,0.0738604150951361,"3","Ccdc39"
"Gm1604b",4.48465663188967e-06,1.06080177124766,0.333,0.179,0.074467723372528,"3","Gm1604b"
"Mrtfa",4.98521805347336e-06,0.945709940511172,0.487,0.325,0.0827795457779251,"3","Mrtfa"
"Dpyd1",5.01359332168445e-06,0.783055576855144,0.6,0.448,0.0832507171065704,"3","Dpyd"
"Gm472831",5.24369047721673e-06,0.462461814709287,0.847,0.674,0.0870714803741838,"3","Gm47283"
"Ddx51",5.43020290193127e-06,0.608304422924055,0.807,0.723,0.0901685191865687,"3","Ddx5"
"Mctp1",5.59576142269869e-06,1.30161112204543,0.667,0.616,0.0929176184239117,"3","Mctp1"
"Meaf6",5.72459090526868e-06,0.667297433518463,0.553,0.376,0.0950568319819863,"3","Meaf6"
"Dtnb",5.96268083892951e-06,0.637048531411788,0.76,0.678,0.0990103153304246,"3","Dtnb"
"Cpne6",6.09526184356201e-06,0.851343543205427,0.42,0.256,0.101211822912347,"3","Cpne6"
"Sgsm11",6.28498398848567e-06,0.495565675370519,0.847,0.765,0.104362159128805,"3","Sgsm1"
"Srsf9",8.33459845047114e-06,1.12256229017845,0.327,0.182,0.138396007270073,"3","Srsf9"
"Sergef",8.39135813682515e-06,0.674479158297832,0.62,0.463,0.139338501861982,"3","Sergef"
"Necab1",9.07634301876417e-06,1.33364004604899,0.307,0.174,0.150712675826579,"3","Necab1"
"Chd3",9.35440580825248e-06,0.533154125482961,0.74,0.591,0.155329908446032,"3","Chd3"
"Sh2d5",9.98943317115579e-06,1.05432055662771,0.36,0.21,0.165874537807042,"3","Sh2d5"
"mt-Co3",9.99085710666127e-06,0.474850106935555,0.84,0.698,0.16589818225611,"3","mt-Co3"
"Dlgap4",1.07460272349685e-05,0.590216610795244,0.713,0.591,0.178437782236652,"3","Dlgap4"
"Prkce",1.10709162163925e-05,0.393640260537778,0.92,0.841,0.183832563773198,"3","Prkce"
"Aplp1",1.10752523705997e-05,0.635448567479122,0.587,0.415,0.183904565613808,"3","Aplp1"
"Trrap",1.10872802874379e-05,0.519163886535064,0.827,0.741,0.184104289172906,"3","Trrap"
"Gabbr1",1.12632859790015e-05,0.642289738617304,0.687,0.623,0.18702686368132,"3","Gabbr1"
"Svop",1.27097233574601e-05,0.498268237780739,0.84,0.727,0.211044956350625,"3","Svop"
"Luc7l31",1.30349776211595e-05,0.308551373156342,0.993,0.964,0.216445803399353,"3","Luc7l3"
"Asic2",1.36287979387242e-05,0.31124593201999,0.987,0.945,0.226306189772515,"3","Asic2"
"Gpm6b",1.40716103548828e-05,0.976271216248894,0.393,0.246,0.233659089942829,"3","Gpm6b"
"Runx1t11",1.41785744229122e-05,0.722932132491281,0.507,0.336,0.235435228292458,"3","Runx1t1"
"Sfswap",1.68741450311031e-05,0.447350713566813,0.78,0.618,0.280195178241468,"3","Sfswap"
"mt-Nd5",1.69341450314978e-05,0.778909424136373,0.347,0.191,0.281191478248021,"3","mt-Nd5"
"E430024P14Rik",1.69701102820148e-05,0.799087306074004,0.313,0.166,0.281788681232856,"3","E430024P14Rik"
"Slc7a14",1.90009319824081e-05,0.55674876724513,0.587,0.436,0.315510475567887,"3","Slc7a14"
"Speg",1.95902122786608e-05,0.696345966028961,0.52,0.354,0.325295474887163,"3","Speg"
"Cluap1",2.36810182178063e-05,0.680236489225961,0.507,0.344,0.393223307506674,"3","Cluap1"
"Epha51",2.39342398321089e-05,0.411090825479655,0.753,0.577,0.397428052412168,"3","Epha5"
"Clmn",2.47202059711303e-05,0.938193957125226,0.36,0.215,0.410479020150618,"3","Clmn"
"Ppp3ca",2.54449026640015e-05,0.448554580992084,0.853,0.755,0.422512608735745,"3","Ppp3ca"
"Lrrtm3",2.72452275895921e-05,0.556356996695299,0.72,0.573,0.452407004125177,"3","Lrrtm3"
"Syngap1",2.73347941389318e-05,1.07603150369422,0.36,0.223,0.453894256676963,"3","Syngap1"
"Psip1",2.76480313375554e-05,0.573861959503966,0.613,0.446,0.459095560360108,"3","Psip1"
"Chst1",3.0350111889884e-05,0.918398809856276,0.46,0.312,0.503963607931523,"3","Chst1"
"Rerg",3.10792341498904e-05,1.01122157972548,0.393,0.252,0.51607068305893,"3","Rerg"
"Efnb3",3.14967431412448e-05,0.830796165801342,0.347,0.202,0.52300341986037,"3","Efnb3"
"Galc",3.32797672359398e-05,0.895164984921061,0.313,0.175,0.55261053495278,"3","Galc"
"Cdc7",3.84522192643089e-05,0.754174884198429,0.36,0.212,0.638499100883849,"3","Cdc7"
"Pdia6",3.93594273955244e-05,0.687761536078178,0.387,0.232,0.653563291902683,"3","Pdia6"
"Ncdn",3.96627206681409e-05,1.17665009993418,0.307,0.181,0.65859947669448,"3","Ncdn"
"Gad2",4.0686608592321e-05,0.387023773037603,0.747,0.558,0.675601135675491,"3","Gad2"
"Nup214",4.08383779673013e-05,0.647730064670963,0.493,0.33,0.678121266147039,"3","Nup214"
"Ltbp4",4.34171106839813e-05,0.845593167729422,0.413,0.266,0.72094112290751,"3","Ltbp4"
"Hexa",4.40215390655911e-05,0.713932408110443,0.36,0.207,0.730977656184141,"3","Hexa"
"Cntnap5a1",4.58592003599425e-05,0.247257143282388,0.893,0.748,0.761492021976846,"3","Cntnap5a"
"Itpr1",4.61184623265994e-05,0.737042844844433,0.453,0.295,0.765797066933183,"3","Itpr1"
"Grin2b",4.812669899882e-05,0.385902567707122,0.953,0.959,0.799143836875406,"3","Grin2b"
"Ccdc187",5.06753262675742e-05,0.903364791751987,0.253,0.13,0.841463792673069,"3","Ccdc187"
"Chn21",5.0866052008352e-05,0.71061851821169,0.393,0.242,0.844630793598686,"3","Chn2"
"Gm1043",5.20125706176829e-05,0.540920147748907,0.667,0.528,0.863668735106624,"3","Gm1043"
"Lrrn2",5.21051352981411e-05,0.700212055991198,0.527,0.389,0.865205771625633,"3","Lrrn2"
"Abhd6",5.24043911364531e-05,0.87350061675558,0.4,0.261,0.870174914820804,"3","Abhd6"
"Ppp1r7",5.42296631362398e-05,1.05383859617825,0.32,0.19,0.900483556377262,"3","Ppp1r7"
"Cacna1h",5.56261244821569e-05,0.79467673999469,0.347,0.205,0.923671797026216,"3","Cacna1h"
"Zfp950",5.94906626414506e-05,0.588242952121977,0.653,0.514,0.987842453161287,"3","Zfp950"
"Ryr21",5.95415085255911e-05,0.344727427590081,0.933,0.895,0.98868674906744,"3","Ryr2"
"mt-Co1",6.06301052718274e-05,0.53762604199423,0.693,0.562,1,"3","mt-Co1"
"Wasf1",6.16639563609984e-05,0.982799259246392,0.293,0.164,1,"3","Wasf1"
"Atm",6.28186263257811e-05,0.728824192700064,0.373,0.223,1,"3","Atm"
"Wdr34",6.44063677538788e-05,0.812874257804079,0.38,0.241,1,"3","Wdr34"
"AC149090.11",6.52709547305393e-05,0.284446233811087,0.993,0.971,1,"3","AC149090.1"
"Stx2",6.70575299179404e-05,0.821807382574087,0.34,0.199,1,"3","Stx2"
"Ryr31",7.08520373932731e-05,0.669845968050905,0.8,0.74,1,"3","Ryr3"
"Pkig",7.30613701669158e-05,0.798695322634318,0.373,0.233,1,"3","Pkig"
"Fam234b",7.48186253211431e-05,1.00334663665048,0.287,0.161,1,"3","Fam234b"
"Actl6b",7.63339972963859e-05,0.628873274270935,0.667,0.519,1,"3","Actl6b"
"Rgs91",8.05588446621807e-05,1.00516707227485,0.433,0.299,1,"3","Rgs9"
"Brf1",8.19581768816082e-05,0.773345893617442,0.347,0.207,1,"3","Brf1"
"R3hdm4",8.81442426155912e-05,0.891458947707966,0.333,0.199,1,"3","R3hdm4"
"Neurl1a",8.89830030373801e-05,0.802227013604571,0.4,0.259,1,"3","Neurl1a"
"Shank2",8.97962178184533e-05,0.385170346689075,0.847,0.737,1,"3","Shank2"
"Gabrg31",9.4136848276203e-05,0.223913843619632,0.953,0.888,1,"3","Gabrg3"
"Cacna1c1",9.71352886256366e-05,0.361986214848183,0.967,0.939,1,"3","Cacna1c"
"Kcnh1",9.74248113898023e-05,0.826737949226988,0.453,0.31,1,"3","Kcnh1"
"Pde9a",9.84075551998552e-05,0.778599954675913,0.353,0.214,1,"3","Pde9a"
"Gm21641",9.92829311939139e-05,0.908944411934855,0.313,0.181,1,"3","Gm2164"
"Adgrl3",0.000100760629589213,0.399941961059723,0.9,0.861,1,"3","Adgrl3"
"Dclre1c",0.000104042175443432,0.993896968129722,0.28,0.16,1,"3","Dclre1c"
"Ptpn5",0.000113742690308043,0.525692693555339,0.733,0.615,1,"3","Ptpn5"
"Ptch1",0.000118733155545513,0.9910432533413,0.327,0.202,1,"3","Ptch1"
"Kif17",0.000122510923945813,0.695636582519706,0.44,0.303,1,"3","Kif17"
"Jak2",0.000135770893022814,0.931670767560554,0.347,0.22,1,"3","Jak2"
"Fbxw7",0.000138340809418281,0.774822527548005,0.407,0.268,1,"3","Fbxw7"
"5330417C22Rik",0.000139521206768296,0.589030376721199,0.627,0.491,1,"3","5330417C22Rik"
"Fcho1",0.000154627633984103,0.795713706645896,0.333,0.201,1,"3","Fcho1"
"Slc8a2",0.00016163233218849,0.919525084395673,0.293,0.172,1,"3","Slc8a2"
"Matk1",0.000163130289966974,0.503501561164164,0.8,0.69,1,"3","Matk"
"Glce",0.000178801362721419,0.911138274118945,0.253,0.137,1,"3","Glce"
"Foxp2",0.000181500436253692,0.3453693386311,0.327,0.188,1,"3","Foxp2"
"Zcchc181",0.000181878378510339,0.382912483093461,0.833,0.747,1,"3","Zcchc18"
"Plxnc1",0.000185586243441897,0.583302610863326,0.527,0.388,1,"3","Plxnc1"
"B230307C23Rik",0.000204364324693146,0.738711766810625,0.413,0.272,1,"3","B230307C23Rik"
"Ppt1",0.00020811621613916,0.68101431227297,0.487,0.353,1,"3","Ppt1"
"6330403K07Rik",0.000214503532355539,0.738828585799411,0.367,0.232,1,"3","6330403K07Rik"
"Akap8l1",0.000221063507127335,0.281256069576662,0.947,0.907,1,"3","Akap8l"
"Dync2h11",0.000225603119619252,0.283226284922832,0.96,0.905,1,"3","Dync2h1"
"Rap1gap1",0.000230381469098042,0.741501735094027,0.593,0.492,1,"3","Rap1gap"
"Cyfip1",0.000236139129572652,0.645428253557872,0.547,0.414,1,"3","Cyfip1"
"Cdadc1",0.000246414652082281,0.553918109829487,0.527,0.376,1,"3","Cdadc1"
"Jade2",0.000246793512740355,0.721861794248178,0.293,0.168,1,"3","Jade2"
"Cyld",0.000249773121697762,0.432246789311067,0.533,0.366,1,"3","Cyld"
"Man2a2",0.00024983491186236,0.555873681769207,0.567,0.412,1,"3","Man2a2"
"Setd4",0.000255906142644505,0.773408683643822,0.347,0.216,1,"3","Setd4"
"Nphp4",0.000282178345954516,0.798695322634318,0.36,0.237,1,"3","Nphp4"
"Sgcd1",0.000284674068337777,0.643829980662963,0.833,0.702,1,"3","Sgcd"
"Mir124a-1hg1",0.000288931633073055,0.613931941400474,0.507,0.378,1,"3","Mir124a-1hg"
"Zeb11",0.000290993643930227,0.310028137957063,0.893,0.779,1,"3","Zeb1"
"Ccdc57",0.000293449319643258,0.689068056189682,0.513,0.404,1,"3","Ccdc57"
"Sptb",0.000299316533338797,0.77499437413299,0.347,0.22,1,"3","Sptb"
"Grm3",0.000302316836983597,0.917704231024507,0.353,0.225,1,"3","Grm3"
"Rbm10",0.000321944087595394,0.628607315188075,0.487,0.352,1,"3","Rbm10"
"Elfn2",0.000340489959955153,0.631608241992174,0.387,0.253,1,"3","Elfn2"
"N4bp2l11",0.000342464679265658,0.523258075768268,0.553,0.41,1,"3","N4bp2l1"
"Dph6",0.000347957295311864,0.790154181303996,0.333,0.208,1,"3","Dph6"
"Man1a2",0.000350281817929417,0.898761760351386,0.42,0.295,1,"3","Man1a2"
"Fgf13",0.000352855896611015,0.481252766712873,0.48,0.328,1,"3","Fgf13"
"Ccdc34",0.000353580595201322,0.567761759967548,0.433,0.3,1,"3","Ccdc34"
"Dlgap2",0.000362720295436736,0.475036803311795,0.933,0.898,1,"3","Dlgap2"
"Otof",0.00036704922370301,0.415758666522498,0.353,0.214,1,"3","Otof"
"Tenm31",0.000377763317323016,0.380962939960839,0.84,0.716,1,"3","Tenm3"
"Phf241",0.000401829659975417,0.656156875913262,0.493,0.365,1,"3","Phf24"
"Prrt1",0.000403161173347582,0.930331839352256,0.36,0.244,1,"3","Prrt1"
"Cebpz",0.000424975188641999,0.651146654467209,0.42,0.282,1,"3","Cebpz"
"Tub",0.000446169969382762,0.681652726495532,0.427,0.295,1,"3","Tub"
"Plxna2",0.000448448190759715,0.556706571458552,0.64,0.534,1,"3","Plxna2"
"Pea15a",0.00048120656873553,0.817740012975896,0.253,0.144,1,"3","Pea15a"
"Ube4b",0.000489269745765361,0.410366593477536,0.76,0.62,1,"3","Ube4b"
"Fam172a",0.000495551311466726,0.438478743022582,0.693,0.58,1,"3","Fam172a"
"Ajm1",0.000498706350972141,0.770254623866291,0.3,0.181,1,"3","Ajm1"
"Gnb4",0.000506034935431546,0.962262328243697,0.26,0.152,1,"3","Gnb4"
"Thy11",0.000508453493095576,0.552164904916529,0.413,0.271,1,"3","Thy1"
"Cntnap5b",0.000512389599294913,0.805022110796981,0.573,0.461,1,"3","Cntnap5b"
"Clip4",0.000526846673204205,0.71503802246466,0.373,0.249,1,"3","Clip4"
"Nsun2",0.000536103434387601,0.791086455999371,0.353,0.23,1,"3","Nsun2"
"Gpr155",0.000544824069874828,0.808341314973646,0.267,0.156,1,"3","Gpr155"
"Nptn",0.000546009759156469,0.409542259177514,0.707,0.609,1,"3","Nptn"
"Bcl7a",0.000576830960349045,0.718967564063271,0.34,0.217,1,"3","Bcl7a"
"Bbs2",0.000581161989850243,0.639315020992582,0.34,0.213,1,"3","Bbs2"
"Man1a",0.000587819258210716,0.52894251107702,0.347,0.22,1,"3","Man1a"
"Gm12940",0.000590308499268505,0.462227345795191,0.52,0.364,1,"3","Gm12940"
"Pbx1",0.000602877142593446,0.442190234579674,0.807,0.748,1,"3","Pbx1"
"Dbn1",0.000606014836082472,0.310742995521468,0.747,0.635,1,"3","Dbn1"
"Thrb",0.00061010175097703,0.538507954992434,0.513,0.402,1,"3","Thrb"
"Lrrc7",0.000613937533016624,0.304513065972812,0.98,0.952,1,"3","Lrrc7"
"Bcr",0.000615102701335493,0.654765801709842,0.5,0.384,1,"3","Bcr"
"Gtf3c2",0.000616749557858119,0.472462424485242,0.567,0.434,1,"3","Gtf3c2"
"Usp11",0.000623238454801776,0.538396840708509,0.573,0.449,1,"3","Usp11"
"Pisd",0.000627936412790456,0.744639522051627,0.313,0.196,1,"3","Pisd"
"Tet2",0.000633871133958023,0.705050612927579,0.453,0.332,1,"3","Tet2"
"Atg9a",0.000660566402687467,0.718903285730444,0.327,0.207,1,"3","Atg9a"
"Bex2",0.000680320953967635,0.786230613367898,0.267,0.159,1,"3","Bex2"
"9530059O14Rik1",0.000681061140696806,0.471406696072412,0.58,0.46,1,"3","9530059O14Rik"
"Dagla",0.000691744819512405,0.549776014494185,0.453,0.307,1,"3","Dagla"
"Map2k1",0.000702349564145428,0.696210125433701,0.393,0.274,1,"3","Map2k1"
"Baz2b",0.000706878286271718,0.456821323144384,0.76,0.663,1,"3","Baz2b"
"Thra",0.000718636137030299,0.473905296765438,0.627,0.519,1,"3","Thra"
"Celf31",0.000778684141091041,0.532647906823681,0.5,0.364,1,"3","Celf3"
"Adgrb1",0.000780130233559897,0.501719482607605,0.593,0.457,1,"3","Adgrb1"
"mt-Atp6",0.000785694456183473,0.481017734062156,0.667,0.566,1,"3","mt-Atp6"
"Gnb5",0.000786256020312459,0.820278293887342,0.367,0.249,1,"3","Gnb5"
"Kif3a1",0.000786976833065055,0.374913614245115,0.773,0.73,1,"3","Kif3a"
"Wdr13",0.000791374382478546,0.770748782131403,0.347,0.232,1,"3","Wdr13"
"mt-Cytb",0.000799782664830761,0.26651391791986,0.613,0.485,1,"3","mt-Cytb"
"mt-Nd1",0.000814983569776523,0.210482553883111,0.68,0.537,1,"3","mt-Nd1"
"Man2c1",0.000817938884380053,0.618610901463301,0.38,0.257,1,"3","Man2c1"
"Zfp804b1",0.000820830438513911,0.267260222891512,0.693,0.546,1,"3","Zfp804b"
"Zbtb20",0.000869158784711602,0.493591516704526,0.773,0.687,1,"3","Zbtb20"
"Itsn2",0.00087653818654876,0.422238102015371,0.68,0.56,1,"3","Itsn2"
"Tmem19",0.000883952160615227,0.830796165801342,0.28,0.171,1,"3","Tmem19"
"Qtrt1",0.000884523032121648,0.830796165801342,0.307,0.202,1,"3","Qtrt1"
"Atxn3",0.00090544478832793,0.680655816373481,0.327,0.207,1,"3","Atxn3"
"Pnmal2",0.00092672324052512,0.646963590995934,0.373,0.245,1,"3","Pnmal2"
"Arid1b",0.000934863113842501,0.502001854207731,0.633,0.554,1,"3","Arid1b"
"Myh9",0.000945484506703087,0.801649820141825,0.253,0.15,1,"3","Myh9"
"Pds5b",0.000979355397549327,0.460047942667295,0.68,0.56,1,"3","Pds5b"
"Shkbp1",0.000979947333443782,0.846226206370948,0.367,0.25,1,"3","Shkbp1"
"D430041D05Rik",0.000981650649633809,0.407666245573776,0.693,0.564,1,"3","D430041D05Rik"
"Nhsl2",0.00104245365778769,0.67273131956909,0.407,0.283,1,"3","Nhsl2"
"Agap2",0.00104257183356136,0.613984776728194,0.467,0.343,1,"3","Agap2"
"Agfg2",0.00108076005904487,0.950168255006425,0.293,0.187,1,"3","Agfg2"
"Tmem132d1",0.00109460778065421,0.569827179133332,0.513,0.396,1,"3","Tmem132d"
"Hnrnpr",0.00110919342006041,0.353451684928959,0.66,0.525,1,"3","Hnrnpr"
"Ptprr1",0.00114466607214653,0.402861672508056,0.647,0.532,1,"3","Ptprr"
"Actr1b",0.00115235298679176,0.56968663689204,0.513,0.388,1,"3","Actr1b"
"Zkscan16",0.00118980771627722,0.518852159486601,0.5,0.37,1,"3","Zkscan16"
"Smpd4",0.00119540324716522,0.423371850632373,0.48,0.334,1,"3","Smpd4"
"Slc32a11",0.00119955363072021,0.673114760113777,0.327,0.213,1,"3","Slc32a1"
"Taf1a",0.00120963544881629,0.98582695194396,0.253,0.153,1,"3","Taf1a"
"Xpo5",0.00121098654033782,0.732821006238044,0.353,0.234,1,"3","Xpo5"
"Kcnn3",0.00122654101988622,0.466223733505486,0.56,0.417,1,"3","Kcnn3"
"Dmtn",0.00123725027826879,0.606672856385778,0.48,0.37,1,"3","Dmtn"
"Zcchc12",0.00130110469017056,0.684945299337887,0.4,0.28,1,"3","Zcchc12"
"Bbs1",0.0013141129550786,0.842384140076553,0.253,0.151,1,"3","Bbs1"
"Tcaf1",0.00132646193665183,0.534198651502708,0.72,0.63,1,"3","Tcaf1"
"Gm30382",0.00143139717467813,0.719071083242513,0.26,0.158,1,"3","Gm30382"
"Tmem181a",0.00145330177903773,0.452284542547612,0.567,0.426,1,"3","Tmem181a"
"Caly",0.00147945107230082,0.590592468348433,0.507,0.394,1,"3","Caly"
"Cux1",0.00148666518205701,0.586571609742306,0.6,0.504,1,"3","Cux1"
"Tnr",0.00150873863400485,0.308595171573467,0.787,0.668,1,"3","Tnr"
"Zdbf2",0.00152285490927455,0.563888750820341,0.467,0.34,1,"3","Zdbf2"
"Dhdds",0.00152839155731228,0.474162392915256,0.44,0.311,1,"3","Dhdds"
"Dnaja1",0.00154520469377693,0.43283217988144,0.5,0.355,1,"3","Dnaja1"
"Clk1",0.00155214694689378,0.438600340649261,0.713,0.609,1,"3","Clk1"
"Map2",0.00156393681861353,0.246344443998918,0.933,0.921,1,"3","Map2"
"Scn3b",0.00161236629614361,0.735112817746034,0.327,0.22,1,"3","Scn3b"
"Ank",0.00167270377910564,0.503773665095731,0.56,0.431,1,"3","Ank"
"Atp11c",0.00169763329645866,0.614304345904578,0.307,0.196,1,"3","Atp11c"
"Wdr17",0.0017012520233227,0.853710557749344,0.467,0.385,1,"3","Wdr17"
"mt-Nd4",0.00174371039947118,0.413844854558155,0.66,0.529,1,"3","mt-Nd4"
"Sltm",0.00174739451198295,0.248380347190532,0.893,0.831,1,"3","Sltm"
"Galnt182",0.00175353836056537,0.733347825685523,0.427,0.322,1,"3","Galnt18"
"Sap30bp",0.00177783869619893,0.688257052154109,0.273,0.169,1,"3","Sap30bp"
"Palm",0.00187588294982659,0.650223920159521,0.427,0.313,1,"3","Palm"
"Dhx40",0.00190847873588105,0.790154181303996,0.273,0.172,1,"3","Dhx40"
"Gm37641",0.00191093192719039,0.448076386795226,0.373,0.248,1,"3","Gm3764"
"Actr3b",0.00191849759478397,0.593492035060966,0.34,0.226,1,"3","Actr3b"
"Ppp1r9b",0.00192468385553806,0.81485462193232,0.273,0.172,1,"3","Ppp1r9b"
"Cers6",0.00194885836474279,0.503845885910928,0.6,0.487,1,"3","Cers6"
"Camk1d1",0.00199407741773758,0.346677114856825,0.88,0.775,1,"3","Camk1d"
"Ptprn",0.00208492953324411,0.394809400213323,0.787,0.714,1,"3","Ptprn"
"Klhl51",0.00210291398908668,0.723216278601527,0.28,0.178,1,"3","Klhl5"
"Rpl6",0.00213323515920377,0.390772579955399,0.447,0.309,1,"3","Rpl6"
"Atg7",0.00216217944236305,0.773185442631246,0.26,0.163,1,"3","Atg7"
"Ankrd6",0.00218028251018705,0.69208989496975,0.407,0.307,1,"3","Ankrd6"
"Ewsr11",0.0022121841323246,0.41067117026126,0.66,0.546,1,"3","Ewsr1"
"Sgk1",0.00223070668090144,0.93126895860631,0.36,0.265,1,"3","Sgk1"
"Cpne8",0.00230425426202467,0.397208270150718,0.36,0.235,1,"3","Cpne8"
"Pcsk1n",0.00236211134176534,0.503845885910928,0.56,0.457,1,"3","Pcsk1n"
"Plppr3",0.00237063811154631,0.408934467408566,0.52,0.392,1,"3","Plppr3"
"Pianp",0.00237946225161629,0.705641034479052,0.313,0.209,1,"3","Pianp"
"Trim35",0.00238497735685078,0.547441775587952,0.427,0.316,1,"3","Trim35"
"Txndc15",0.00239287113772846,0.667297433518463,0.313,0.205,1,"3","Txndc15"
"Ttc81",0.00239777310747207,0.434867489470203,0.553,0.425,1,"3","Ttc8"
"Cyp46a1",0.00242495795885327,0.558991550339816,0.4,0.28,1,"3","Cyp46a1"
"Klhl7",0.00242550953323765,0.517430084417404,0.58,0.492,1,"3","Klhl7"
"Tmem214",0.0024409230204104,0.471253779114202,0.473,0.355,1,"3","Tmem214"
"Pou2f1",0.00251468761203297,0.631800255706557,0.46,0.359,1,"3","Pou2f1"
"Drp2",0.00256210779263904,0.62714030704648,0.307,0.202,1,"3","Drp2"
"Hexdc",0.00258654326618762,0.519933234876933,0.433,0.312,1,"3","Hexdc"
"Cfap69",0.0025978316956864,0.605042776047008,0.413,0.307,1,"3","Cfap69"
"Phf12",0.00267242551340562,0.454104978171981,0.52,0.398,1,"3","Phf12"
"Tmem179",0.00267863214728489,0.610633567228556,0.36,0.247,1,"3","Tmem179"
"Serinc3",0.00269892497943639,0.634875955826085,0.26,0.159,1,"3","Serinc3"
"Hnrnpl",0.00270441668774628,0.508505174410773,0.587,0.475,1,"3","Hnrnpl"
"Gm171671",0.00270618813981821,0.495144956660004,0.44,0.325,1,"3","Gm17167"
"Fbxo10",0.00271149934796265,0.585039751399384,0.42,0.316,1,"3","Fbxo10"
"Smg9",0.00272299092124691,0.616671360448494,0.367,0.255,1,"3","Smg9"
"Acap2",0.00275138860661866,0.712441512606739,0.467,0.376,1,"3","Acap2"
"Ptprz1",0.00276861944359979,0.332155842659399,0.68,0.564,1,"3","Ptprz1"
"Slc1a2",0.00277436386158594,0.893337631870054,0.287,0.188,1,"3","Slc1a2"
"Kcnq2",0.00278589939818809,0.439100850304013,0.693,0.629,1,"3","Kcnq2"
"Crtc1",0.00279410187042418,0.512556257944094,0.427,0.312,1,"3","Crtc1"
"Cnksr2",0.00280904748140578,0.620796522289416,0.493,0.38,1,"3","Cnksr2"
"Arid1a",0.00283211139844792,0.460047942667295,0.527,0.404,1,"3","Arid1a"
"Mta1",0.00290655814219618,0.587606571364419,0.333,0.225,1,"3","Mta1"
"Fgfr1",0.00292815229316,0.810804690613876,0.327,0.232,1,"3","Fgfr1"
"Vac14",0.00293883356298932,0.660871164359029,0.273,0.174,1,"3","Vac14"
"U2af2",0.00294738928648438,0.66527826588181,0.28,0.181,1,"3","U2af2"
"Rab27a",0.00295917078539809,0.440006212769175,0.38,0.258,1,"3","Rab27a"
"Chst10",0.00296200639445061,0.572578776265324,0.287,0.181,1,"3","Chst10"
"Tanc2",0.00296855699815373,0.19543678444807,0.987,0.981,1,"3","Tanc2"
"Nlgn3",0.00297789496385805,0.700464297453661,0.28,0.181,1,"3","Nlgn3"
"Srrm11",0.00300605381804286,0.203090755077871,0.96,0.93,1,"3","Srrm1"
"Zfyve28",0.0031400825696087,0.70319838502457,0.373,0.28,1,"3","Zfyve28"
"Gstz1",0.00314258909402024,0.562761078909181,0.427,0.319,1,"3","Gstz1"
"Pogz",0.00315706122539425,0.366482325784298,0.533,0.398,1,"3","Pogz"
"Camk2b1",0.00318613116096441,0.375742987674619,0.827,0.813,1,"3","Camk2b"
"Arf3",0.00330025698016097,0.654349444963638,0.413,0.317,1,"3","Arf3"
"Camkmt1",0.00331688456626214,0.474652355576066,0.613,0.508,1,"3","Camkmt"
"Vat1l",0.00334442384117727,0.628287325301795,0.58,0.484,1,"3","Vat1l"
"C788591",0.00335660713292936,0.502173418339971,0.407,0.294,1,"3","C78859"
"Ccm2",0.00339849112522264,0.600626393873175,0.34,0.235,1,"3","Ccm2"
"Larp1",0.00345831502893721,0.365268896068805,0.587,0.463,1,"3","Larp1"
"Pacsin11",0.00347599603378488,0.216052414880049,0.927,0.895,1,"3","Pacsin1"
"Rgs171",0.00354910773266036,0.451768464902728,0.62,0.536,1,"3","Rgs17"
"Nap1l1",0.00356267307111051,0.548499857806915,0.493,0.382,1,"3","Nap1l1"
"Sesn3",0.00365100469773232,0.605065459039672,0.44,0.338,1,"3","Sesn3"
"Mtdh",0.00366708967248802,0.467114610983469,0.593,0.504,1,"3","Mtdh"
"Atp9b",0.00378213574340868,0.385656634733079,0.627,0.516,1,"3","Atp9b"
"Shc2",0.00383076563205977,0.572061897401174,0.307,0.204,1,"3","Shc2"
"Zfp933",0.00384066844512356,0.653691938754724,0.273,0.175,1,"3","Zfp933"
"Ccnl2",0.00384246695220623,0.305648909604814,0.667,0.534,1,"3","Ccnl2"
"Gabra21",0.00391796719148492,0.302496170116794,0.76,0.687,1,"3","Gabra2"
"Ylpm1",0.0039634542744398,0.258793854686576,0.84,0.785,1,"3","Ylpm1"
"Pknox21",0.00398882899801997,0.50564004805975,0.467,0.361,1,"3","Pknox2"
"Ppp1cc",0.00402142512457093,0.51117823160118,0.3,0.195,1,"3","Ppp1cc"
"mt-Nd3",0.00404371340270678,0.355458156254684,0.5,0.371,1,"3","mt-Nd3"
"Parm11",0.00404934374791872,0.51034851746861,0.307,0.206,1,"3","Parm1"
"Chn1",0.00405584177160242,0.464668267003444,0.46,0.353,1,"3","Chn1"
"Anapc16",0.00408652682697259,0.682404325908671,0.253,0.161,1,"3","Anapc16"
"Tsga10",0.00414085192945097,0.588692417837149,0.353,0.254,1,"3","Tsga10"
"Rnf20",0.00420673553658709,0.428127223952916,0.507,0.398,1,"3","Rnf20"
"Calm1",0.00427772925100308,0.471594324669117,0.567,0.485,1,"3","Calm1"
"Psap",0.00431043856135659,0.46201425748337,0.62,0.539,1,"3","Psap"
"Rfng",0.00439264733778519,0.647196227461953,0.3,0.199,1,"3","Rfng"
"Tsc2",0.00451841350507491,0.529793909768527,0.367,0.257,1,"3","Tsc2"
"Cpsf3",0.00455293556006582,0.61993722498041,0.32,0.22,1,"3","Cpsf3"
"Ubxn6",0.00472755586188203,0.595347591639448,0.253,0.159,1,"3","Ubxn6"
"Cdr1os",0.00477036321370246,0.242802792030807,0.947,0.936,1,"3","Cdr1os"
"Epn1",0.00479207362631116,0.590129572996003,0.333,0.231,1,"3","Epn1"
"Trappc3",0.00484149331339801,0.65746456291578,0.26,0.168,1,"3","Trappc3"
"Hnrnpdl",0.00492916058150445,0.441052686686408,0.627,0.521,1,"3","Hnrnpdl"
"Abl2",0.00494271550642377,0.481430888207128,0.447,0.336,1,"3","Abl2"
"Gsg1l",0.00499421905143443,0.845863613890283,0.28,0.186,1,"3","Gsg1l"
"Nos1ap",0.0051542601247185,0.425628910546559,0.5,0.383,1,"3","Nos1ap"
"Zfp462",0.00515497350853768,0.282464935782695,0.72,0.586,1,"3","Zfp462"
"Ddx23",0.00517224636835821,0.58568366796481,0.3,0.201,1,"3","Ddx23"
"Cdk9",0.00521278815105267,0.593448403631197,0.38,0.28,1,"3","Cdk9"
"Xndc1",0.00525669062426995,0.613565449580673,0.26,0.166,1,"3","Xndc1"
"Drc1",0.00526944105547445,0.758192416844502,0.287,0.198,1,"3","Drc1"
"Rif1",0.00533980845860192,0.372169397974815,0.573,0.463,1,"3","Rif1"
"Zdhhc2",0.00546252056149544,0.491707519755797,0.467,0.357,1,"3","Zdhhc2"
"Gad11",0.00554124092219197,0.485094102297713,0.467,0.352,1,"3","Gad1"
"Coq8b1",0.00563995658106535,0.500017153331714,0.427,0.324,1,"3","Coq8b"
"Gm17494",0.00568672886797731,0.545254360557978,0.293,0.192,1,"3","Gm17494"
"Galnt21",0.00573163397941962,0.52823339578091,0.407,0.3,1,"3","Galnt2"
"Nbea",0.00578857034392726,0.190310197911759,0.993,0.996,1,"3","Nbea"
"Xpr1",0.00580435427836751,0.32761706965348,0.6,0.478,1,"3","Xpr1"
"Arl3",0.00587013351807187,0.449441792778787,0.56,0.47,1,"3","Arl3"
"Rnf169",0.00590820866416649,0.638416313531333,0.487,0.387,1,"3","Rnf169"
"Fyco1",0.00600223292208247,0.564796301490987,0.373,0.274,1,"3","Fyco1"
"Neto21",0.00610960780876826,0.537204292991578,0.4,0.291,1,"3","Neto2"
"Eftud2",0.00618795898596268,0.576374890272256,0.38,0.28,1,"3","Eftud2"
"Scarb1",0.00621572879254677,0.523784062906946,0.353,0.253,1,"3","Scarb1"
"1600020E01Rik",0.0062214878213571,0.440849647485328,0.313,0.21,1,"3","1600020E01Rik"
"Mrpl41",0.00634938887633447,0.618549869881724,0.28,0.185,1,"3","Mrpl41"
"Rab3ip",0.0063588549546912,0.992547235797954,0.253,0.172,1,"3","Rab3ip"
"Prrc2a",0.00640363291897182,0.419708939002741,0.513,0.412,1,"3","Prrc2a"
"Apbb1",0.00648020728176989,0.447009600506938,0.36,0.253,1,"3","Apbb1"
"Msl1",0.00650019610434077,0.442803489536727,0.373,0.265,1,"3","Msl1"
"Spon1",0.00650803149334681,0.664588146260476,0.28,0.189,1,"3","Spon1"
"Vars",0.00655473737269819,0.693292642051407,0.253,0.166,1,"3","Vars"
"Trim9",0.00660667543184493,0.479484264132885,0.68,0.605,1,"3","Trim9"
"Nebl",0.00665455611528404,0.38468865969325,0.8,0.739,1,"3","Nebl"
"Rexo4",0.00677534121944592,0.580472811717102,0.3,0.204,1,"3","Rexo4"
"Mtch1",0.00680759595988114,0.348927158044289,0.507,0.391,1,"3","Mtch1"
"Dlgap31",0.0068286856033721,0.704998142703686,0.353,0.27,1,"3","Dlgap3"
"Gm268711",0.00684764691998076,0.272073829307355,0.947,0.876,1,"3","Gm26871"
"Lyst",0.00686950883943871,0.366127898797897,0.58,0.477,1,"3","Lyst"
"Rad50",0.00690040428378998,0.797243606090315,0.28,0.193,1,"3","Rad50"
"Dlg11",0.00706548888659674,0.42452887615023,0.62,0.543,1,"3","Dlg1"
"Rrnad1",0.00725323879376804,0.619600691487166,0.373,0.284,1,"3","Rrnad1"
"Fam110b",0.00732178699615075,0.505477481713205,0.333,0.233,1,"3","Fam110b"
"Ccdc1911",0.00739985500662549,0.757864643347491,0.26,0.175,1,"3","Ccdc191"
"Sorbs21",0.00750034860783477,0.26358485003827,0.807,0.729,1,"3","Sorbs2"
"Trmu",0.00768755961665894,0.515809680332826,0.287,0.189,1,"3","Trmu"
"Lrrc4b",0.00773735284863444,0.378727935577531,0.453,0.35,1,"3","Lrrc4b"
"Abcc5",0.00780880317944847,0.265449762595217,0.84,0.779,1,"3","Abcc5"
"Plekha51",0.00789591296458148,0.27235051635477,0.847,0.797,1,"3","Plekha5"
"Grm71",0.00795418776410123,0.156321660755701,0.98,0.902,1,"3","Grm7"
"Acrbp",0.00814491342807636,0.562428315664507,0.253,0.165,1,"3","Acrbp"
"Pbx3",0.00834866250803716,0.159369574330716,0.407,0.283,1,"3","Pbx3"
"Ptpra",0.00841211646205052,0.454867703561615,0.587,0.493,1,"3","Ptpra"
"Ube2j2",0.00857251593650974,0.695375956551896,0.293,0.209,1,"3","Ube2j2"
"Adcy6",0.00866245213680004,0.571523678763747,0.32,0.225,1,"3","Adcy6"
"Slc27a1",0.00883021778361207,0.571200843934319,0.34,0.249,1,"3","Slc27a1"
"Prkcz",0.00895059393366645,0.392054405931229,0.607,0.507,1,"3","Prkcz"
"App",0.00903495465876431,0.254603874707918,0.933,0.902,1,"3","App"
"Chid1",0.0090765711596971,0.5542152281296,0.287,0.196,1,"3","Chid1"
"Exosc10",0.00911243477891786,0.476532088794289,0.473,0.385,1,"3","Exosc10"
"Cacng8",0.00924481059463302,0.33343630913512,0.447,0.327,1,"3","Cacng8"
"Myt1l",0.00928211262537219,0.193262420563581,1,0.968,1,"3","Myt1l"
"Slc17a5",0.00934548176487766,0.606755891583412,0.34,0.25,1,"3","Slc17a5"
"Zfhx2",0.00953607638641022,0.412652755654676,0.473,0.373,1,"3","Zfhx2"
"Chpf2",0.00961171100138966,0.470295950531931,0.34,0.242,1,"3","Chpf2"
"Micu1",0.00978924412593527,0.713302602782901,0.38,0.299,1,"3","Micu1"
"Zeb21",1.01667553572819e-115,4.11186523448793,0.818,0.102,1.68818972707666e-111,"4","Zeb2"
"Rftn11",2.29177435137982e-47,2.31027998908832,0.783,0.271,3.80549131046619e-43,"4","Rftn1"
"Foxp21",2.23131477414848e-40,2.22496015827192,0.608,0.159,3.70509818247356e-36,"4","Foxp2"
"Gm45194",2.77049447705281e-31,3.02063556331467,0.315,0.048,4.6004060791462e-27,"4","Gm45194"
"Sfta3-ps1",2.12241072818326e-29,1.55335118820672,0.636,0.202,3.52426301414831e-25,"4","Sfta3-ps"
"6330411D24Rik",2.3099595771026e-27,1.92526299232517,0.608,0.222,3.83568787777887e-23,"4","6330411D24Rik"
"Adarb21",2.15311610502962e-25,0.937251280399498,0.937,0.647,3.57524929240168e-21,"4","Adarb2"
"Trpc71",3.98133577100069e-25,1.68238020882399,0.699,0.331,6.61100804774665e-21,"4","Trpc7"
"Ostm1",1.31903907547431e-23,2.53917763834737,0.343,0.078,2.19026438482509e-19,"4","Ostm1"
"Nts",1.16656802906068e-22,2.47557784981325,0.28,0.054,1.93708621225525e-18,"4","Nts"
"Cadps2",2.42570413294418e-22,1.63870015906303,0.699,0.362,4.02788171275382e-18,"4","Cadps2"
"Ptprt",1.16480360867994e-21,1.1595699917347,0.874,0.57,1.93415639221305e-17,"4","Ptprt"
"Hs3st2",1.56204726025382e-21,2.6033874029894,0.322,0.075,2.59377947565147e-17,"4","Hs3st2"
"Gm4876",2.22548677719087e-21,1.70525031429408,0.552,0.207,3.69542079352545e-17,"4","Gm4876"
"Ppfibp2",4.0480766812791e-21,2.41766727453919,0.273,0.054,6.72183132926395e-17,"4","Ppfibp2"
"Grm72",1.27967448809279e-20,0.834118361910448,0.986,0.902,2.12489948747808e-16,"4","Grm7"
"Cacna2d31",3.99720693268961e-20,1.3975098812642,0.762,0.438,6.6373621117311e-16,"4","Cacna2d3"
"Ccbe11",7.12105488131605e-20,2.1047748142016,0.378,0.11,1.18245116304253e-15,"4","Ccbe1"
"Oprm1",1.04024681676029e-19,1.67683805351619,0.573,0.245,1.72732983923046e-15,"4","Oprm1"
"Ralyl1",5.03146061768409e-19,0.906403354437085,0.986,0.94,8.35474035566443e-15,"4","Ralyl"
"Astn21",1.19063055146611e-18,1.14461899801499,0.937,0.803,1.97704203070947e-14,"4","Astn2"
"Kcnip41",1.22419768947729e-16,0.82434327187925,0.993,0.949,2.03278026337705e-12,"4","Kcnip4"
"Rmst2",2.62877144105438e-16,1.30804093196717,0.797,0.6,4.36507497787079e-12,"4","Rmst"
"Klhl11",9.59778150387365e-16,1.23246055919263,0.594,0.287,1.59371161871822e-11,"4","Klhl1"
"Cntnap2",2.74854183421016e-15,0.677195007742762,1,0.992,4.56395371570597e-11,"4","Cntnap2"
"Col15a1",3.54532205566324e-15,2.13264892543103,0.28,0.078,5.8870072734288e-11,"4","Col15a1"
"Runx1t12",4.57460674351901e-15,1.16140680089851,0.636,0.323,7.59613449761332e-11,"4","Runx1t1"
"Grik31",5.17269099224518e-15,0.906528937719652,0.797,0.494,8.58925339262312e-11,"4","Grik3"
"Kcnip11",5.31286382070291e-15,0.883122129209272,0.846,0.577,8.82201037427718e-11,"4","Kcnip1"
"Lrrc9",1.92720901846526e-14,1.6033874029894,0.322,0.099,3.20013057516157e-10,"4","Lrrc9"
"Dgkk",6.49507436944781e-14,1.58083430426329,0.371,0.133,1.07850709904681e-09,"4","Dgkk"
"Samd52",2.22465167968454e-13,0.814430397342493,0.839,0.606,3.69403411411618e-09,"4","Samd5"
"Fign",2.64123614321752e-13,2.18427477907211,0.252,0.071,4.3857726158127e-09,"4","Fign"
"Fgf131",3.56868703470517e-13,1.19879028891212,0.594,0.317,5.92580482112794e-09,"4","Fgf13"
"Frmpd3",5.30093949544546e-13,1.28110892679105,0.594,0.327,8.80221003218719e-09,"4","Frmpd3"
"Dlk11",1.3881756804492e-12,1.21019735944433,0.434,0.18,2.30506571738589e-08,"4","Dlk1"
"Prkcb",2.08108726351324e-12,0.776049556960469,0.923,0.72,3.45564540106374e-08,"4","Prkcb"
"Lingo21",5.26398210358649e-12,0.540434527889608,1,0.963,8.74084228300536e-08,"4","Lingo2"
"Lmo3",8.69927031750968e-12,1.6231980688771,0.28,0.092,1.44451383622248e-07,"4","Lmo3"
"9530026P05Rik",1.02546526442979e-11,1.510604632536,0.378,0.16,1.70278507158567e-07,"4","9530026P05Rik"
"9530036O11Rik1",2.51864711371572e-11,1.24670961185493,0.517,0.269,4.18221353232495e-07,"4","9530036O11Rik"
"Gm326471",2.55140662169365e-11,0.575655870405905,0.783,0.54,4.23661069532231e-07,"4","Gm32647"
"Ntrk3",3.28359153080312e-11,0.627979514503366,0.986,0.89,5.45240373689859e-07,"4","Ntrk3"
"Csmd3",4.55616625084503e-11,0.511250767201493,0.993,0.978,7.56551405952817e-07,"4","Csmd3"
"Bmper",5.94501425424785e-11,1.55513379393194,0.315,0.12,9.87169616917856e-07,"4","Bmper"
"Gnas1",1.00432230725679e-10,0.618589968582778,0.937,0.849,1.6676771911999e-06,"4","Gnas"
"Lrp1b1",2.77355360399157e-10,0.482740342968547,0.993,0.964,4.605485759428e-06,"4","Lrp1b"
"Slit31",3.08186183753676e-10,1.17741679724313,0.524,0.297,5.11743158122978e-06,"4","Slit3"
"Baiap31",4.45355223671749e-10,0.69945750485745,0.874,0.702,7.3951234890694e-06,"4","Baiap3"
"Zmat4",5.6155398722887e-10,0.693761645822503,0.699,0.42,9.32460395793539e-06,"4","Zmat4"
"Dlgap21",9.00286141269941e-10,0.59971036144879,0.979,0.893,1.49492513757874e-05,"4","Dlgap2"
"Nell21",1.44991461555821e-09,1.01503926399886,0.608,0.368,2.4075832191344e-05,"4","Nell2"
"Glra3",1.4674298978283e-09,0.843728961461256,0.462,0.222,2.4366673453439e-05,"4","Glra3"
"Cntnap5b1",2.00206512931e-09,0.751688760113476,0.685,0.45,3.32442914721925e-05,"4","Cntnap5b"
"4930483P17Rik",2.31100575130481e-09,1.59082042544347,0.266,0.101,3.83742505004163e-05,"4","4930483P17Rik"
"Nkain21",2.72504721212221e-09,0.384801441824338,1,0.965,4.52494089572894e-05,"4","Nkain2"
"Lima1",2.79321069352853e-09,1.54552573081957,0.315,0.136,4.63812635660413e-05,"4","Lima1"
"Rasgrf21",3.9774237545702e-09,0.733570378576034,0.734,0.496,6.60451214446382e-05,"4","Rasgrf2"
"Grik11",4.16973352901088e-09,0.904975265671661,0.762,0.565,6.92384252492257e-05,"4","Grik1"
"Slco3a1",6.02876264794881e-09,0.810629788670614,0.685,0.468,0.00010010760376919,"4","Slco3a1"
"Tmem255a",1.18189318591644e-08,1.12312076051528,0.42,0.221,0.000196253363521424,"4","Tmem255a"
"Syt9",1.23249951149604e-08,1.00969509748403,0.455,0.246,0.000204656543883917,"4","Syt9"
"C130026L21Rik",1.29265048933665e-08,1.14336144847225,0.315,0.133,0.000214644613754352,"4","C130026L21Rik"
"Penk1",1.54773709176743e-08,1.60907025594263,0.273,0.113,0.000257001744087982,"4","Penk"
"Pard3b",2.54584689218987e-08,1.14794454109195,0.441,0.238,0.000422737876448129,"4","Pard3b"
"Fat11",3.48501185734216e-08,1.38632314621081,0.28,0.116,0.000578686218911666,"4","Fat1"
"Abat1",3.8247188731392e-08,0.725527066026844,0.72,0.503,0.000635094568884763,"4","Abat"
"Syndig1",4.89305917409764e-08,0.850223904744823,0.469,0.251,0.000812492475858914,"4","Syndig1"
"Gck",5.06576656391325e-08,1.01079866599258,0.364,0.174,0.000841170537937795,"4","Gck"
"Ssbp21",7.85480210867843e-08,0.696331357474229,0.769,0.594,0.00130428989014605,"4","Ssbp2"
"Unc5d",8.64444762337729e-08,0.482324869763834,0.972,0.856,0.0014354105278618,"4","Unc5d"
"Kcnt21",9.33840573678001e-08,0.934805653807293,0.517,0.327,0.00155064227259232,"4","Kcnt2"
"Camk4",1.17547147005651e-07,0.751812825559732,0.608,0.391,0.00195187037602883,"4","Camk4"
"Mgll1",1.26462937664296e-07,1.10146663792771,0.364,0.179,0.00209991707991564,"4","Mgll"
"Trps1",1.28424839707961e-07,1.49456675164708,0.399,0.224,0.00213249446335069,"4","Trps1"
"Ftl1-ps11",1.53563148123292e-07,0.886829987679006,0.462,0.254,0.00254991607458727,"4","Ftl1-ps1"
"Sec24d",1.70922772599275e-07,1.01509737977324,0.301,0.132,0.00283817263901096,"4","Sec24d"
"Ldb2",2.24951793564694e-07,0.931042693011331,0.552,0.351,0.00373532453214174,"4","Ldb2"
"Lrrc71",2.5258123078038e-07,0.401982612138443,0.986,0.952,0.00419411133710821,"4","Lrrc7"
"Ltbp41",2.98987406210993e-07,0.831743057231545,0.469,0.261,0.00496468588013354,"4","Ltbp4"
"Susd4",3.10977139064478e-07,0.549290204493548,0.741,0.551,0.00516377539416565,"4","Susd4"
"Tenm41",3.36975405923174e-07,0.359657814666547,0.986,0.96,0.00559547661535431,"4","Tenm4"
"Cacnb2",3.4048420676319e-07,0.457926926441003,0.951,0.845,0.00565374025330278,"4","Cacnb2"
"Slit21",3.93764688222375e-07,0.742234843968226,0.594,0.377,0.00653846264793253,"4","Slit2"
"Scml41",4.13191057837269e-07,0.644259684404928,0.545,0.332,0.00686103751538786,"4","Scml4"
"Igsf211",4.85595728410388e-07,0.94591538426603,0.399,0.213,0.0080633170702545,"4","Igsf21"
"Ndst41",4.91979136588879e-07,0.968957110122527,0.51,0.313,0.00816931356305834,"4","Ndst4"
"Ctnnd21",6.31908164498835e-07,0.392669939686272,0.979,0.982,0.0104928350715032,"4","Ctnnd2"
"St6galnac5",7.30638383292501e-07,0.57128863010269,0.671,0.448,0.012132250354572,"4","St6galnac5"
"A330102I10Rik1",8.23711177854737e-07,0.624684146068168,0.51,0.301,0.0136777241082779,"4","A330102I10Rik"
"Trhde1",9.93115494122182e-07,0.923301966439114,0.427,0.24,0.0164906827798988,"4","Trhde"
"Fam13c",1.0551292582477e-06,0.790286973374367,0.517,0.321,0.017520421333203,"4","Fam13c"
"Sdk2",1.07961316964546e-06,0.768679519040045,0.615,0.422,0.0179269766819628,"4","Sdk2"
"Unc5c",1.18448293780073e-06,0.702972459916233,0.776,0.629,0.0196683391821811,"4","Unc5c"
"Stk33",1.18525085228732e-06,1.26065469296274,0.273,0.127,0.019681090402231,"4","Stk33"
"Nbea1",1.26207907945916e-06,0.286486390570844,1,0.996,0.0209568231144193,"4","Nbea"
"Tmem200a1",1.37648569634427e-06,1.11028111240258,0.371,0.205,0.0228565449877966,"4","Tmem200a"
"Slc9a9",1.57542830500008e-06,0.80601075440154,0.552,0.365,0.0261599870045263,"4","Slc9a9"
"Prmt2",1.58266341691459e-06,0.89965402803659,0.483,0.301,0.0262801260378667,"4","Prmt2"
"A330008L17Rik1",1.70079887830944e-06,0.676410208008634,0.524,0.326,0.0282417653743283,"4","A330008L17Rik"
"Grin2b1",1.97919412527513e-06,0.336097868023517,0.979,0.956,0.0328645184501936,"4","Grin2b"
"Gria11",2.2647593122699e-06,0.24568319009655,0.986,0.928,0.0376063283802417,"4","Gria1"
"Gm20754",2.35498090962508e-06,1.21592536251263,0.35,0.193,0.0391044580043245,"4","Gm20754"
"Celf6",2.56386677550862e-06,0.831191111152931,0.455,0.274,0.0425730078073206,"4","Celf6"
"C530008M17Rik",2.94044954943227e-06,0.482813150250293,0.867,0.718,0.0488261647683228,"4","C530008M17Rik"
"Catsperg1",3.81312610475636e-06,1.20774245771563,0.259,0.122,0.0633169589694793,"4","Catsperg1"
"Khdrbs21",3.83817631533596e-06,0.48921185882544,0.783,0.647,0.0637329177161536,"4","Khdrbs2"
"Dab12",3.85305740592432e-06,0.540190601615069,0.909,0.897,0.0639800182253733,"4","Dab1"
"Sgcd2",3.97538375786026e-06,0.312708171139264,0.825,0.703,0.0660112472992697,"4","Sgcd"
"Gtdc1",4.09309298744507e-06,0.820416639558755,0.42,0.238,0.0679658090565254,"4","Gtdc1"
"Fhl1",4.2499226611173e-06,0.741956358292062,0.51,0.33,0.0705699657878528,"4","Fhl1"
"2700054A10Rik",4.2866095979954e-06,0.855342010604001,0.462,0.287,0.0711791523747135,"4","2700054A10Rik"
"Fah",4.75617843043449e-06,1.13073232172672,0.259,0.122,0.0789763428373648,"4","Fah"
"Ptpre",4.84488218572886e-06,0.757916466200495,0.455,0.268,0.0804492686940276,"4","Ptpre"
"Prickle1",5.25726999937819e-06,0.611873710903349,0.755,0.593,0.0872969683396748,"4","Prickle1"
"Fstl41",5.36974634532598e-06,0.636794234158363,0.566,0.383,0.0891646380641379,"4","Fstl4"
"Galnt183",5.93241017410323e-06,0.649044746970305,0.49,0.315,0.0985076709409842,"4","Galnt18"
"Pola1",6.22152363262676e-06,1.02534985176043,0.301,0.154,0.103308399919767,"4","Pola1"
"Kcnh71",6.50667540474039e-06,0.320477225456494,0.881,0.768,0.108043345095714,"4","Kcnh7"
"Cobl",6.63914966338004e-06,0.73678629943648,0.497,0.316,0.110243080160425,"4","Cobl"
"Nxpe4",7.28730687768028e-06,0.840525078026021,0.455,0.287,0.121005730703881,"4","Nxpe4"
"Ankrd55",7.39277155042808e-06,0.654752058222571,0.601,0.418,0.122756971594858,"4","Ankrd55"
"Tceal3",9.43773412326185e-06,1.15287129899597,0.252,0.121,0.156713575116763,"4","Tceal3"
"Rlf",9.47501627812169e-06,0.685286952664983,0.517,0.338,0.157332645298211,"4","Rlf"
"Anks1b1",9.62410195673591e-06,0.300123844920236,1,0.994,0.1598082129916,"4","Anks1b"
"Lrrtm31",9.65556231590691e-06,0.514318353489657,0.734,0.572,0.160330612255634,"4","Lrrtm3"
"Pbx31",9.72309355593577e-06,0.623441212897374,0.448,0.279,0.161451968496313,"4","Pbx3"
"Lsamp",1.01413388282333e-05,0.209865379298424,1,0.995,0.168396931242814,"4","Lsamp"
"Zfhx31",1.03086347870704e-05,0.246490209924937,0.951,0.746,0.171174880639304,"4","Zfhx3"
"Gulp12",1.16083735344421e-05,0.775342959644575,0.294,0.148,0.19275704253941,"4","Gulp1"
"Cpne4",1.16905849163477e-05,0.571152136131659,0.524,0.334,0.194122162535953,"4","Cpne4"
"Dscaml13",1.23237569975553e-05,0.381539215040851,0.811,0.609,0.204635984944406,"4","Dscaml1"
"Magi22",1.23577067065837e-05,0.260203796690564,1,0.995,0.205199719862822,"4","Magi2"
"Cntnap31",1.34072092459167e-05,0.829042644574354,0.273,0.134,0.222626709528446,"4","Cntnap3"
"A330076H08Rik",1.4645122924881e-05,0.303742147177803,0.993,0.957,0.24318226616765,"4","A330076H08Rik"
"Cfap541",1.49592425711283e-05,0.626079668339907,0.441,0.261,0.248398222893586,"4","Cfap54"
"Agbl41",1.77631291147375e-05,0.312152110798988,0.993,0.966,0.294956758950216,"4","Agbl4"
"Fgf141",1.93222773805157e-05,0.286375538052566,1,0.999,0.320846415903464,"4","Fgf14"
"Nhs1",1.99971223018818e-05,0.652961878205722,0.615,0.448,0.332052215822747,"4","Nhs"
"Rorb",2.03292881980248e-05,1.1861534632342,0.336,0.198,0.337567830528202,"4","Rorb"
"Tcerg1l2",2.20362713897235e-05,0.814833525543758,0.427,0.265,0.365912286426358,"4","Tcerg1l"
"Pxdn",2.66476696640884e-05,0.755680967073351,0.392,0.235,0.442484554772188,"4","Pxdn"
"Hs3st51",2.72018947749393e-05,0.556402178936319,0.524,0.345,0.451687462737868,"4","Hs3st5"
"Gm16759",2.7376317016672e-05,1.0456222467867,0.315,0.175,0.454583744061838,"4","Gm16759"
"Nrxn31",2.73951849329183e-05,0.271523799655357,1,0.975,0.454897045811108,"4","Nrxn3"
"Sema6d2",2.89583560213317e-05,0.340867540954993,0.811,0.641,0.480853501734213,"4","Sema6d"
"Crppa1",3.08634049012505e-05,0.734457493376507,0.42,0.261,0.512486838385265,"4","Crppa"
"Grb10",3.09369279749197e-05,0.526481884387949,0.734,0.591,0.513707689023541,"4","Grb10"
"Trpm31",3.46823394285352e-05,0.128244537401264,0.797,0.635,0.575900246210827,"4","Trpm3"
"Nos11",3.7140254872097e-05,0.353516294703092,0.28,0.14,0.616713932151171,"4","Nos1"
"Nos1ap1",3.87489792124005e-05,0.635876772725519,0.545,0.379,0.643426799821911,"4","Nos1ap"
"Ncam2",4.49338137228587e-05,0.399081943152178,0.888,0.801,0.746125976868069,"4","Ncam2"
"Mdga2",4.57370103166129e-05,0.319520562952955,0.993,0.979,0.759463056307357,"4","Mdga2"
"Lrrtm41",4.72600186333937e-05,0.346879812073829,0.979,0.925,0.784752609407503,"4","Lrrtm4"
"Tmem29",4.78262048418201e-05,0.781341429160224,0.329,0.183,0.794154131398422,"4","Tmem29"
"Snhg11",4.91858132464283e-05,0.143573252056863,1,1,0.816730428956942,"4","Snhg11"
"Vwa5b11",5.01059064976833e-05,0.75314390055678,0.392,0.238,0.832008577394032,"4","Vwa5b1"
"Gabra31",5.66057323818354e-05,0.692514853012149,0.559,0.412,0.939938186200377,"4","Gabra3"
"Apba1",5.85502176771791e-05,0.356115845165161,0.867,0.736,0.972226364529559,"4","Apba1"
"Gpc61",5.92532738842709e-05,0.623288117440034,0.636,0.475,0.983900612848319,"4","Gpc6"
"Phc2",6.17739372483855e-05,0.557303888125502,0.762,0.644,1,"4","Phc2"
"Tmc4",6.20614758326965e-05,0.708471587622031,0.531,0.38,1,"4","Tmc4"
"Pacrg",6.29314687703059e-05,0.783133505906343,0.49,0.354,1,"4","Pacrg"
"Gabrg2",6.83948924011657e-05,0.532838401736505,0.566,0.402,1,"4","Gabrg2"
"Nav21",7.11265991322814e-05,0.19438135204122,0.993,0.94,1,"4","Nav2"
"Xylt1",7.1648748401344e-05,0.791101072734199,0.455,0.298,1,"4","Xylt1"
"Carmil3",7.2471729179499e-05,0.634969922487669,0.538,0.389,1,"4","Carmil3"
"Wscd21",7.33706605864388e-05,0.658198875362802,0.545,0.384,1,"4","Wscd2"
"Alcam1",7.3735806631035e-05,0.797860849152777,0.629,0.521,1,"4","Alcam"
"Pnma3",7.82778402014295e-05,0.758500553269562,0.392,0.243,1,"4","Pnma3"
"Vac141",8.09835878756846e-05,1.00315410564624,0.301,0.172,1,"4","Vac14"
"Igdcc4",8.56580723612789e-05,0.537182461841395,0.503,0.335,1,"4","Igdcc4"
"Rbfox11",8.62048115967077e-05,0.315912862849529,0.958,0.937,1,"4","Rbfox1"
"Sema4g",9.37092180327184e-05,0.655979448618522,0.483,0.327,1,"4","Sema4g"
"Tspyl2",9.56230599835447e-05,0.484049837795828,0.615,0.447,1,"4","Tspyl2"
"Ppp1r9a1",0.000104642456251372,0.431630232008378,0.895,0.817,1,"4","Ppp1r9a"
"Zfp804b2",0.000106492632359445,0.870217919364275,0.65,0.551,1,"4","Zfp804b"
"Gcc2",0.000112461187635816,0.520138372575741,0.559,0.394,1,"4","Gcc2"
"Nckap5",0.000113630330245375,0.498280378587648,0.441,0.278,1,"4","Nckap5"
"Prxl2a",0.000130738431003298,0.823707459965747,0.315,0.183,1,"4","Prxl2a"
"Cfap46",0.000132972865012565,0.628829643835322,0.559,0.408,1,"4","Cfap46"
"Greb1l1",0.000135949571674668,0.472763975087389,0.517,0.352,1,"4","Greb1l"
"Umad1",0.000143866033206779,0.692758202096118,0.503,0.357,1,"4","Umad1"
"Dok6",0.000157061594781465,0.461448966567108,0.776,0.684,1,"4","Dok6"
"Clmn1",0.000169381016562948,0.685986810014652,0.357,0.216,1,"4","Clmn"
"Frmpd41",0.000186606181363149,0.359094108705827,0.769,0.652,1,"4","Frmpd4"
"Prlr",0.000191680067325036,0.479723912393038,0.49,0.325,1,"4","Prlr"
"Col4a1",0.000196212231269183,0.641880961622197,0.441,0.295,1,"4","Col4a1"
"Zfp618",0.000199782009535518,0.61206086201678,0.448,0.297,1,"4","Zfp618"
"Cacna1i",0.000204249869053837,0.686323743971472,0.476,0.324,1,"4","Cacna1i"
"Samd14",0.000205009691592403,0.842199062016837,0.294,0.169,1,"4","Samd14"
"Sash1",0.000209773675373641,0.680981299530931,0.497,0.353,1,"4","Sash1"
"Ndst3",0.000212522613077522,0.625523121823343,0.476,0.335,1,"4","Ndst3"
"Cadm11",0.000231480097448785,0.264061528886474,0.979,0.946,1,"4","Cadm1"
"Rnf25",0.000237500463253685,0.467670952681605,0.566,0.411,1,"4","Rnf25"
"Siah3",0.000243013723449413,0.78561553365047,0.259,0.14,1,"4","Siah3"
"Glt8d1",0.000243855118978097,0.595198865954042,0.51,0.354,1,"4","Glt8d1"
"Fryl",0.000286483999768185,0.612359599938641,0.58,0.453,1,"4","Fryl"
"Lrig21",0.000286490882915706,0.533723208255263,0.469,0.318,1,"4","Lrig2"
"Cep162",0.000290636518776393,0.664228100637525,0.448,0.309,1,"4","Cep162"
"Egfem11",0.000303430687588995,0.438731459849296,0.734,0.589,1,"4","Egfem1"
"Lhx81",0.000305150340182647,0.625150861457224,0.273,0.148,1,"4","Lhx8"
"Zmym3",0.000312135684532226,0.442283099622575,0.678,0.532,1,"4","Zmym3"
"Ccdc341",0.000314996740860492,0.59511203507584,0.448,0.299,1,"4","Ccdc34"
"Grm11",0.000317011694578005,0.639041975133909,0.601,0.481,1,"4","Grm1"
"Sorcs31",0.000340565618814523,0.19899225432466,0.741,0.575,1,"4","Sorcs3"
"Yaf2",0.000340582440905364,0.810509027703842,0.287,0.166,1,"4","Yaf2"
"Ftx",0.000343186684996038,0.312359003442789,0.874,0.784,1,"4","Ftx"
"C130071C03Rik1",0.000401117373176449,0.602566736104968,0.448,0.311,1,"4","C130071C03Rik"
"Cdkl2",0.000410323276931586,0.824831930046749,0.378,0.257,1,"4","Cdkl2"
"Arhgef17",0.000415462276014418,0.627011203482752,0.469,0.322,1,"4","Arhgef17"
"Mir100hg",0.000416704566257736,0.300305283187567,0.93,0.837,1,"4","Mir100hg"
"Clu",0.000416713253689728,0.855247342469127,0.273,0.157,1,"4","Clu"
"Usp36",0.000420152562951857,0.499013957135187,0.51,0.359,1,"4","Usp36"
"Adam19",0.000426424742388003,1.00682976378964,0.259,0.151,1,"4","Adam19"
"E230029C05Rik1",0.000431166944009862,0.86393772104434,0.294,0.174,1,"4","E230029C05Rik"
"Arhgap18",0.000433974281192759,0.439371010707785,0.573,0.424,1,"4","Arhgap18"
"Mpped21",0.000442624013233361,0.358781818895,0.552,0.398,1,"4","Mpped2"
"Faim2",0.000448560096804414,0.460380916751128,0.566,0.433,1,"4","Faim2"
"Pnck",0.000466884619463202,0.625150861457224,0.455,0.319,1,"4","Pnck"
"Pam1",0.000513859906035591,0.336319927796669,0.769,0.645,1,"4","Pam"
"Nrg2",0.000520127666784745,0.505709402008754,0.608,0.474,1,"4","Nrg2"
"Prkg1",0.000526465298173221,0.623348363309372,0.776,0.685,1,"4","Prkg1"
"Zcchc182",0.000530864801110373,0.341036188455436,0.853,0.745,1,"4","Zcchc18"
"Atp11c1",0.000591687350975556,0.820829999489253,0.315,0.196,1,"4","Atp11c"
"Prr16",0.000606892670597554,0.495641876144517,0.524,0.38,1,"4","Prr16"
"Uchl1",0.000607625493964436,0.48922889826231,0.552,0.406,1,"4","Uchl1"
"Csmd11",0.000616850970094041,0.160916785278397,1,0.978,1,"4","Csmd1"
"Kcnb22",0.000625409575558672,0.255801861960241,0.986,0.901,1,"4","Kcnb2"
"Snx4",0.000630788130912203,0.870141091821256,0.329,0.218,1,"4","Snx4"
"Akap13",0.000654528821355241,0.618146844085797,0.35,0.222,1,"4","Akap13"
"Cers5",0.000667217832628591,0.504984895802801,0.594,0.451,1,"4","Cers5"
"Gm15155",0.00067050396005378,0.787151727150225,0.301,0.186,1,"4","Gm15155"
"Colgalt1",0.000677082311192825,0.659179104240667,0.406,0.277,1,"4","Colgalt1"
"Sema4a",0.000692974019234407,0.782138958916432,0.329,0.21,1,"4","Sema4a"
"Gm45159",0.000720528139366465,0.698707468427305,0.343,0.216,1,"4","Gm45159"
"Slit11",0.000737402561548704,0.195639584601703,0.552,0.385,1,"4","Slit1"
"Plekha6",0.000745653112842831,0.40518852192185,0.762,0.673,1,"4","Plekha6"
"Galnt13",0.000758638589737228,0.257156199505331,0.951,0.89,1,"4","Galnt13"
"Unc13b",0.000765369953842196,0.513555992760334,0.483,0.345,1,"4","Unc13b"
"Tbkbp1",0.000794317860602424,0.592358582492898,0.434,0.305,1,"4","Tbkbp1"
"Tspoap1",0.000795074019417873,0.371241189998512,0.79,0.686,1,"4","Tspoap1"
"Kcnj6",0.000827402250745873,0.494835135061655,0.58,0.447,1,"4","Kcnj6"
"Sez6l2",0.000828231471768234,0.257659535657144,0.839,0.667,1,"4","Sez6l"
"Tub1",0.000918683964826647,0.636606111861493,0.413,0.298,1,"4","Tub"
"Cgn",0.000929305071201011,0.665633335197495,0.343,0.224,1,"4","Cgn"
"Spns2",0.000929899315335452,0.781409649755621,0.336,0.219,1,"4","Spns2"
"Cep89",0.000969495255999136,0.565089470971321,0.364,0.234,1,"4","Cep89"
"Begain",0.000974948000010355,0.530730738774514,0.503,0.367,1,"4","Begain"
"Synrg",0.000999907779210856,0.523965450687217,0.462,0.327,1,"4","Synrg"
"Pld3",0.00101281581066805,0.474334682962616,0.51,0.359,1,"4","Pld3"
"Kif26b",0.00103489367862018,0.473966225537324,0.517,0.385,1,"4","Kif26b"
"Gng2",0.00105200992817406,0.519080379035588,0.51,0.37,1,"4","Gng2"
"Commd101",0.00105760747884012,0.655357393288259,0.392,0.271,1,"4","Commd10"
"Rnf1691",0.00108904994114556,0.405544957766547,0.524,0.383,1,"4","Rnf169"
"Neto22",0.00110545650122476,0.629038947466159,0.42,0.289,1,"4","Neto2"
"Stx16",0.00111807205369807,0.531326155638471,0.538,0.417,1,"4","Stx16"
"Prkag2",0.0011207090052693,0.423340152467356,0.58,0.432,1,"4","Prkag2"
"Fxyd6",0.001159295169527,0.5389066842587,0.287,0.169,1,"4","Fxyd6"
"Bcl9",0.00116292152049279,0.573438347215231,0.469,0.336,1,"4","Bcl9"
"Tafa5",0.00117101149305709,0.320824858267411,0.811,0.722,1,"4","Tafa5"
"Tmeff21",0.00117321283809439,0.16816815062114,0.811,0.678,1,"4","Tmeff2"
"Poglut1",0.00117405744503477,0.669794776512066,0.322,0.204,1,"4","Poglut1"
"Kcnj3",0.00118432707352176,0.46698335474617,0.476,0.343,1,"4","Kcnj3"
"Zswim6",0.00120904548626695,0.629121087567007,0.364,0.24,1,"4","Zswim6"
"Ss18l1",0.00122205874946337,0.726721844596901,0.294,0.181,1,"4","Ss18l1"
"Npas31",0.00122513891318942,0.353498549704034,0.531,0.393,1,"4","Npas3"
"Plch2",0.00125892107955836,0.726721844596901,0.252,0.148,1,"4","Plch2"
"Chl11",0.00130443081995036,0.345994267291933,0.657,0.529,1,"4","Chl1"
"Rora1",0.00132638276385084,0.301929062964215,0.951,0.908,1,"4","Rora"
"Fgfr2",0.00133460817830174,0.501301730562886,0.476,0.348,1,"4","Fgfr2"
"Eif4b",0.00135363894778945,0.620012138158251,0.329,0.21,1,"4","Eif4b"
"Hspa4",0.00136203921149162,0.663083558696583,0.427,0.308,1,"4","Hspa4"
"U2af1",0.00138613474433138,0.74451115804043,0.357,0.239,1,"4","U2af1"
"Cdh20",0.0014104613481304,0.708799936599639,0.28,0.172,1,"4","Cdh20"
"Efcab11",0.00146036060363276,0.56712028642335,0.399,0.273,1,"4","Efcab1"
"March1",0.00146663471755521,0.236745719085806,0.916,0.849,1,"4","March1"
"Slc1a21",0.00147312853866463,0.657435073152661,0.301,0.187,1,"4","Slc1a2"
"Spock3",0.00159181836961723,0.429169888663629,0.79,0.729,1,"4","Spock3"
"Neurl1a1",0.00160731155613908,0.67770616749807,0.378,0.262,1,"4","Neurl1a"
"Hecw11",0.00161658496978908,0.272134032658996,0.902,0.83,1,"4","Hecw1"
"Mtss2",0.00162908775670718,0.688653803763382,0.308,0.198,1,"4","Mtss2"
"Tmem1641",0.00170939207893472,0.542380070385715,0.392,0.264,1,"4","Tmem164"
"Nol4",0.00172327837034619,0.443630517362791,0.678,0.575,1,"4","Nol4"
"Frmd4b1",0.0017467857679495,0.572523930806014,0.385,0.254,1,"4","Frmd4b"
"Slc24a3",0.00179420361834696,0.26733431204315,0.818,0.687,1,"4","Slc24a3"
"Ehmt2",0.00180421077623635,0.606869438491655,0.531,0.433,1,"4","Ehmt2"
"Rrp1",0.00186060026147738,0.656643408860761,0.371,0.26,1,"4","Rrp1"
"9630014M24Rik",0.0018679598496835,0.425231497101857,0.559,0.416,1,"4","9630014M24Rik"
"Gm44257",0.00186969742166921,0.669526443015358,0.273,0.166,1,"4","Gm44257"
"Tars2",0.00188419506331209,0.722014841919373,0.301,0.191,1,"4","Tars2"
"Epha4",0.00188969043817254,0.53868092805123,0.378,0.251,1,"4","Epha4"
"Brinp11",0.00192393735458453,0.354051878840909,0.615,0.48,1,"4","Brinp1"
"Jag2",0.00195928191124049,0.802212044181165,0.385,0.275,1,"4","Jag2"
"Scap",0.00196283744456077,0.446688435154519,0.399,0.265,1,"4","Scap"
"Grid2",0.00196654667094664,0.191070351709832,0.993,0.978,1,"4","Grid2"
"Tmem1171",0.00197581843276836,0.454327135327556,0.51,0.377,1,"4","Tmem117"
"Vwc21",0.00201667438527604,0.55858834349766,0.315,0.201,1,"4","Vwc2"
"Abhd16a",0.00211670622228325,0.712876296479318,0.315,0.211,1,"4","Abhd16a"
"Taf1b",0.00213474056554011,0.50102680058761,0.462,0.345,1,"4","Taf1b"
"Ddx6",0.0021917999981371,0.475922679865808,0.503,0.364,1,"4","Ddx6"
"Chuk",0.00219657194279815,0.514379401858018,0.462,0.331,1,"4","Chuk"
"Adcyap1r1",0.00221843984368913,0.706995439752891,0.413,0.301,1,"4","Adcyap1r1"
"Coq3",0.00227209072902324,0.741776190319191,0.273,0.172,1,"4","Coq3"
"Xrn1",0.00231561383687288,0.291369659675351,0.797,0.681,1,"4","Xrn1"
"Mest",0.00235743950844701,0.506756160654993,0.399,0.269,1,"4","Mest"
"Ccser11",0.00241958733087581,0.270834374798454,0.993,0.957,1,"4","Ccser1"
"Lrp1",0.00254681963910094,0.355651662717592,0.727,0.629,1,"4","Lrp1"
"Wdr6",0.00254821774510311,0.629309342938957,0.385,0.274,1,"4","Wdr6"
"Wdr35",0.00255830362362293,0.510676530026336,0.371,0.251,1,"4","Wdr35"
"Phka1",0.00268479712713755,0.477557143629819,0.427,0.298,1,"4","Phka1"
"Snca",0.00270752807082201,0.802957430423987,0.266,0.172,1,"4","Snca"
"Clock",0.00275423066139471,0.454435125524911,0.538,0.427,1,"4","Clock"
"Arrb2",0.00277680284846654,0.618904110128034,0.273,0.17,1,"4","Arrb2"
"Scn9a1",0.00283501274338256,0.396095644189621,0.629,0.506,1,"4","Scn9a"
"Rgs71",0.00284960511556371,0.380560288911567,0.853,0.81,1,"4","Rgs7"
"Xpo1",0.00296168869632462,0.47475547778575,0.531,0.415,1,"4","Xpo1"
"Nectin1",0.00300464476186899,0.729989558430812,0.266,0.169,1,"4","Nectin1"
"Farsa",0.0030134330290092,0.786278689277356,0.266,0.17,1,"4","Farsa"
"Pabpn11",0.00302067336987509,0.282614350286731,0.979,0.929,1,"4","Pabpn1"
"Gm32014",0.00305521036300249,0.712876296479318,0.266,0.166,1,"4","Gm32014"
"Cdkl3",0.00308323864386873,0.489285024428588,0.434,0.314,1,"4","Cdkl3"
"Gpr1581",0.00309726853082745,0.217866387354914,1,0.963,1,"4","Gpr158"
"Usf3",0.00315861943183462,0.589054182381474,0.287,0.181,1,"4","Usf3"
"Thbs31",0.00316995357532444,0.845172378330925,0.252,0.16,1,"4","Thbs3"
"Hacd1",0.00318977807898249,0.503778460855098,0.545,0.441,1,"4","Hacd1"
"Synpr1",0.00321031798273894,0.313614372416457,0.294,0.186,1,"4","Synpr"
"Pcdh17",0.00321336957326473,0.422800140592669,0.643,0.52,1,"4","Pcdh17"
"Sparcl11",0.00321431477485302,0.644259684404928,0.273,0.174,1,"4","Sparcl1"
"Efna5",0.0032841128066786,0.596610974409783,0.657,0.59,1,"4","Efna5"
"Slc35a3",0.00348834222552723,0.659689724974534,0.273,0.174,1,"4","Slc35a3"
"Gm41804",0.00349245331517219,0.533615620720936,0.252,0.152,1,"4","Gm41804"
"Alg9",0.00366914286928001,0.795126350031556,0.259,0.166,1,"4","Alg9"
"Rhbdd2",0.00372855645799124,0.652037034996647,0.336,0.23,1,"4","Rhbdd2"
"Eml1",0.00387664914493665,0.516504137206556,0.42,0.305,1,"4","Eml1"
"L1cam",0.00388114755251355,0.307097075822406,0.643,0.508,1,"4","L1cam"
"Pik3r3",0.0040569143305556,0.617787473043737,0.385,0.279,1,"4","Pik3r3"
"Dzip3",0.00410341239772613,0.307150760161761,0.797,0.719,1,"4","Dzip3"
"Usp111",0.0041428391158911,0.346765807827762,0.58,0.449,1,"4","Usp11"
"Mast4",0.00414441920447028,0.263749868254356,0.664,0.552,1,"4","Mast4"
"Hivep2",0.00421673011004303,0.329020764379938,0.741,0.644,1,"4","Hivep2"
"Hira",0.00425484683958375,0.49553917494918,0.531,0.424,1,"4","Hira"
"Ptpn9",0.00433051797922728,0.298292577949948,0.566,0.424,1,"4","Ptpn9"
"Prkn",0.00439847814620998,0.274277860494792,0.965,0.918,1,"4","Prkn"
"Tanc21",0.00443856817834864,0.24843278909192,1,0.98,1,"4","Tanc2"
"Nyap1",0.00448844148782292,0.57387035651353,0.371,0.26,1,"4","Nyap1"
"Tnr1",0.00455727890338645,0.219636136296886,0.797,0.667,1,"4","Tnr"
"Ptpru",0.00458144195373182,0.434041977014583,0.35,0.236,1,"4","Ptpru"
"Plxna31",0.0046239468998742,0.648206868921591,0.315,0.213,1,"4","Plxna3"
"AW551984",0.0046570577519192,0.43336290190631,0.378,0.261,1,"4","AW551984"
"Prdm2",0.00467960936849804,0.468160915342416,0.462,0.348,1,"4","Prdm2"
"Anapc4",0.0046969133700318,0.510403937670138,0.448,0.335,1,"4","Anapc4"
"Fam155a1",0.00474448822534179,0.166554948456907,1,0.99,1,"4","Fam155a"
"Pde3b",0.00474846420849943,0.644259684404928,0.336,0.239,1,"4","Pde3b"
"Mpv17",0.00486776022215979,0.628318140535907,0.266,0.17,1,"4","Mpv17"
"Rprd2",0.00489313169713878,0.489150680092057,0.497,0.399,1,"4","Rprd2"
"Per3",0.00496314271523373,0.572706423379894,0.308,0.205,1,"4","Per3"
"Nudcd3",0.00496986840208175,0.42816450152969,0.615,0.515,1,"4","Nudcd3"
"Dpf11",0.00506703869753646,0.654455451510817,0.343,0.245,1,"4","Dpf1"
"3110039M20Rik",0.0050674445380634,0.688203031992525,0.259,0.165,1,"4","3110039M20Rik"
"Sorbs11",0.00507004767943479,0.258114736248771,0.804,0.729,1,"4","Sorbs1"
"Tmcc31",0.00508005677259185,0.44828789895229,0.629,0.514,1,"4","Tmcc3"
"Fbxo31",0.00508072503102087,0.555567448073045,0.434,0.329,1,"4","Fbxo3"
"Chn11",0.00516989235475469,0.525674325658808,0.455,0.354,1,"4","Chn1"
"Slc35f4",0.00522349631440249,0.272290907017971,0.608,0.474,1,"4","Slc35f4"
"Grm51",0.00522701592407903,0.1820678583312,0.979,0.913,1,"4","Grm5"
"Pnmal1",0.0052441375646605,0.627580943258298,0.252,0.158,1,"4","Pnmal1"
"Cdh81",0.00527659027918187,0.298696660768495,0.671,0.568,1,"4","Cdh8"
"Dhx36",0.00532821496489941,0.365368972659119,0.476,0.359,1,"4","Dhx36"
"Camk2a2",0.00539373563830544,0.12155863069177,0.944,0.792,1,"4","Camk2a"
"Acsl3",0.00553533582475563,0.606291834205908,0.294,0.195,1,"4","Acsl3"
"Rpgrip1l",0.00562657547279771,0.497418296075657,0.371,0.262,1,"4","Rpgrip1l"
"Gabpb1",0.00564389734109689,0.597966032130993,0.273,0.177,1,"4","Gabpb1"
"Pla2g4e",0.00578539487201447,0.587228739368549,0.329,0.226,1,"4","Pla2g4e"
"Hdac11",0.00586323558633235,0.640323269845758,0.322,0.227,1,"4","Hdac11"
"Mfsd6",0.00588209584949013,0.575450526486277,0.322,0.222,1,"4","Mfsd6"
"Agrn",0.00588909912870374,0.450779954983719,0.573,0.459,1,"4","Agrn"
"Mri1",0.00589905529512834,0.755290996793672,0.273,0.182,1,"4","Mri1"
"Ildr21",0.00593551883454815,0.284363739318545,0.476,0.34,1,"4","Ildr2"
"Gm40841",0.00594020554748248,0.344135959835914,0.434,0.308,1,"4","Gm40841"
"Gm11508",0.00599381692063721,0.403527672365547,0.49,0.376,1,"4","Gm11508"
"Itfg1",0.00610260566911623,0.397465919578346,0.566,0.428,1,"4","Itfg1"
"Plcb4",0.00610524674546402,0.365158413729059,0.699,0.607,1,"4","Plcb4"
"Camsap1",0.00613879378630475,0.413727918258464,0.49,0.383,1,"4","Camsap1"
"Mapk11",0.00626817705845902,0.644259684404928,0.308,0.211,1,"4","Mapk11"
"Mboat7",0.00627115232461578,0.588406449671411,0.371,0.272,1,"4","Mboat7"
"Ppp6r3",0.00629181207252858,0.374748838312572,0.58,0.477,1,"4","Ppp6r3"
"Caly1",0.00637791381418116,0.378119367703313,0.51,0.394,1,"4","Caly"
"Ube2d3",0.00641476398038011,0.682479006635419,0.28,0.188,1,"4","Ube2d3"
"Msantd2",0.00642042354211742,0.439145254500316,0.462,0.348,1,"4","Msantd2"
"Nbeal1",0.00663315244717737,0.352972181857413,0.636,0.55,1,"4","Nbeal1"
"Syt14",0.00665663223968906,0.454781885541216,0.441,0.333,1,"4","Syt14"
"Fubp3",0.00666829390886453,0.676681162097306,0.308,0.212,1,"4","Fubp3"
"Med25",0.00670737936506068,0.651349109191248,0.329,0.236,1,"4","Med25"
"Zdhhc141",0.00684562336940302,0.308831154591175,0.566,0.454,1,"4","Zdhhc14"
"Gm142041",0.0068910952931141,0.581763758671164,0.329,0.232,1,"4","Gm14204"
"Rabl2",0.00690584093679844,0.510403937670138,0.336,0.234,1,"4","Rabl2"
"Pisd1",0.00693774293858702,0.712876296479318,0.287,0.199,1,"4","Pisd"
"Cep1122",0.00694191875363622,0.227160981533051,0.923,0.823,1,"4","Cep112"
"Abr",0.00699131247084314,0.288972992571135,0.839,0.805,1,"4","Abr"
"Abca8b",0.00715337653768657,0.736052160324419,0.315,0.221,1,"4","Abca8b"
"Nova2",0.0071566051169588,0.368198598274895,0.587,0.485,1,"4","Nova2"
"Gm13052",0.0071722055956244,0.388142140624348,0.545,0.434,1,"4","Gm13052"
"Pak6",0.00731118169682985,0.492256590959878,0.322,0.22,1,"4","Pak6"
"Wdr78",0.00741726597263768,0.533760143139378,0.35,0.247,1,"4","Wdr78"
"Sestd1",0.00751815102770692,0.485292643210114,0.441,0.336,1,"4","Sestd1"
"Btbd11",0.00756785075556144,0.320446945172623,0.58,0.451,1,"4","Btbd11"
"Gm324421",0.00758996440148515,0.588517132477932,0.273,0.18,1,"4","Gm32442"
"Syn3",0.00774935852756747,0.233084824758484,0.874,0.797,1,"4","Syn3"
"Pde1c",0.00785109303299219,0.168058322447689,0.364,0.251,1,"4","Pde1c"
"Tmem59",0.00787487501491751,0.558286461295076,0.308,0.21,1,"4","Tmem59"
"Copg2",0.00789824720486602,0.430069076181268,0.517,0.425,1,"4","Copg2"
"Abcd3",0.00812939242504713,0.482578677057524,0.308,0.208,1,"4","Abcd3"
"Srpr",0.0082283587921524,0.486257850338435,0.371,0.271,1,"4","Srpr"
"Tmem245",0.00827442900020364,0.547641494236308,0.364,0.268,1,"4","Tmem245"
"Cntnap4",0.0085299411686733,0.269387718152492,0.545,0.413,1,"4","Cntnap4"
"Ptprk1",0.00859031939754165,0.0474230833954803,0.413,0.288,1,"4","Ptprk"
"Cacna1g1",0.00868061080171277,0.394210920165615,0.559,0.456,1,"4","Cacna1g"
"Tmod2",0.00875530647794747,0.378365624431894,0.531,0.426,1,"4","Tmod2"
"Col4a2",0.00886750594241848,0.496743981952192,0.559,0.462,1,"4","Col4a2"
"Pgrmc1",0.0089099724293838,0.547641494236308,0.364,0.265,1,"4","Pgrmc1"
"Ptcd3",0.00898214568804357,0.42186726306848,0.364,0.256,1,"4","Ptcd3"
"Hmgcl",0.00902330598240255,0.698707468427304,0.28,0.193,1,"4","Hmgcl"
"Mios",0.00905551388057053,0.627580943258298,0.259,0.17,1,"4","Mios"
"Mtus2",0.00917343367798584,0.374875453711144,0.664,0.573,1,"4","Mtus2"
"E130307A14Rik",0.00918993608605756,0.341041739513614,0.713,0.635,1,"4","E130307A14Rik"
"Nol4l",0.00921721060995503,0.286343464026437,0.629,0.515,1,"4","Nol4l"
"Dars",0.00938758863431598,0.690063374018053,0.252,0.167,1,"4","Dars"
"Zfp160",0.00945259397834626,0.661537675836764,0.287,0.199,1,"4","Zfp160"
"Lpcat3",0.00953612874326389,0.667123792756665,0.266,0.176,1,"4","Lpcat3"
"Atp8a1",0.00956322541069894,0.257533736207826,0.755,0.638,1,"4","Atp8a1"
"Mthfs",0.00958032865527619,0.634478663612343,0.266,0.178,1,"4","Mthfs"
"Atp2c1",0.00966813833211907,0.420219410186998,0.51,0.414,1,"4","Atp2c1"
"Ube2e22",0.00968404577256844,0.198471460418221,0.944,0.898,1,"4","Ube2e2"
"Srsf10",0.00968984952039934,0.441258617381081,0.483,0.379,1,"4","Srsf10"
"P3h3",0.00971575259218012,0.555700820127713,0.49,0.402,1,"4","P3h3"
"Ccdc82",0.00972536050514362,0.33803567226501,0.51,0.397,1,"4","Ccdc82"
"Hs3st41",0.00977086655138084,0.278767394094275,0.385,0.275,1,"4","Hs3st4"
"Adarb22",1.83267086526855e-50,2.34748812317241,0.991,0.648,3.04314997177843e-46,"5","Adarb2"
"Lhfp",4.7200558245284e-47,3.1813598965046,0.517,0.082,7.83765269662942e-43,"5","Lhfp"
"Gm21642",1.62219297029794e-45,2.45218365044395,0.681,0.153,2.69365142717973e-41,"5","Gm2164"
"Gm326472",2.15349009728672e-44,2.81516817607974,0.922,0.533,3.57587030654461e-40,"5","Gm32647"
"Lhx82",1.3261730438791e-33,2.39141790553268,0.543,0.127,2.20211033936124e-29,"5","Lhx8"
"Kcnh72",2.49655391615714e-31,1.60275876677114,0.957,0.764,4.14552777777893e-27,"5","Kcnh7"
"Pard3b1",2.0033297831151e-29,2.51640787127436,0.638,0.225,3.32652910486263e-25,"5","Pard3b"
"Kcnh8",4.50302610700036e-28,2.55184909848813,0.578,0.181,7.4772748506741e-24,"5","Kcnh8"
"Pde11a",3.20972053353235e-25,2.79691071705918,0.483,0.133,5.32974094593047e-21,"5","Pde11a"
"Sorcs32",8.92106524582234e-25,1.53773806536924,0.888,0.566,1.4813428840688e-20,"5","Sorcs3"
"Msi21",5.69198989249959e-24,1.45785058281782,0.931,0.7,9.45154921649558e-20,"5","Msi2"
"Fam20a",6.95900659788666e-24,3.16026406104909,0.25,0.035,1.15554304557908e-19,"5","Fam20a"
"Myo161",1.55041449713708e-23,1.51399115833901,0.81,0.417,2.57446327249612e-19,"5","Myo16"
"L3mbtl4",1.18780554351244e-22,2.69552661911589,0.336,0.069,1.9723511050024e-18,"5","L3mbtl4"
"Nrxn32",5.6761374839578e-22,0.849328929955742,1,0.976,9.42522629211193e-18,"5","Nrxn3"
"Stac1",6.76291935064155e-22,1.69533493705344,0.586,0.197,1.12298275817403e-17,"5","Stac"
"Tmcc32",1.36494141257558e-20,1.36774375313716,0.845,0.498,2.26648521558175e-16,"5","Tmcc3"
"Stk32b",1.79214687058625e-19,2.30611492751254,0.379,0.1,2.97585987860846e-15,"5","Stk32b"
"Plxna21",5.73016114458773e-19,1.45728134685645,0.828,0.521,9.51493258058792e-15,"5","Plxna2"
"Car102",6.75867552650319e-19,1.10861584660521,0.922,0.68,1.12227807117585e-14,"5","Car10"
"Adcy81",2.57090275268258e-18,1.68610019873167,0.741,0.416,4.26898402082942e-14,"5","Adcy8"
"Trpc4",7.59814647671464e-18,1.29254975552143,0.638,0.263,1.26167222245847e-13,"5","Trpc4"
"Nell11",2.82042515902193e-17,1.54000975047471,0.759,0.466,4.68331597655591e-13,"5","Nell1"
"Tle4",1.42586486689296e-16,1.38509711865462,0.672,0.328,2.36764861147576e-12,"5","Tle4"
"Grin3a1",2.7314449789724e-16,1.19979189715678,0.784,0.461,4.53556438758366e-12,"5","Grin3a"
"Nrg32",3.61386913505071e-16,0.987129107691671,1,0.977,6.0008296987517e-12,"5","Nrg3"
"Galnt131",4.52420701755036e-16,0.960262243072768,0.991,0.887,7.51244575264237e-12,"5","Galnt13"
"Kcnip42",2.54538679983585e-15,0.79039411467209,0.991,0.95,4.22661478112743e-11,"5","Kcnip4"
"Rapgef51",3.27528834412751e-15,1.46033584620741,0.69,0.371,5.43861629542373e-11,"5","Rapgef5"
"9530026P05Rik1",4.21040394342921e-15,1.72505860219397,0.448,0.159,6.99137574806421e-11,"5","9530026P05Rik"
"Mpp71",3.32268581667656e-14,1.6586496742365,0.414,0.144,5.51731979859143e-10,"5","Mpp7"
"Sfta3-ps2",3.94623984624195e-14,1.41948384103206,0.526,0.22,6.55273126468476e-10,"5","Sfta3-ps"
"Zfp385b1",4.02619471181815e-14,0.913749118614746,0.853,0.626,6.68549631897403e-10,"5","Zfp385b"
"Ptprz11",4.6004230025555e-14,1.05332434616644,0.828,0.555,7.63900239574341e-10,"5","Ptprz1"
"Grik32",5.67890907781723e-14,0.925973893392063,0.819,0.498,9.4298285237155e-10,"5","Grik3"
"Grid1",1.58460035737368e-13,0.799758208369366,0.983,0.885,2.631228893419e-09,"5","Grid1"
"Kcnn2",2.26933156633445e-13,1.16152114941236,0.759,0.479,3.76822506589835e-09,"5","Kcnn2"
"Ppargc1a1",3.14050210392549e-13,1.55987151975833,0.457,0.181,5.21480374356827e-09,"5","Ppargc1a"
"D030068K23Rik",3.4785032939866e-13,1.83858754782439,0.267,0.069,5.77605471966475e-09,"5","D030068K23Rik"
"Egfem12",4.4545780193521e-13,1.38596666740347,0.776,0.588,7.39682680113416e-09,"5","Egfem1"
"Bach21",6.24941322795215e-13,1.23392290659528,0.716,0.434,1.03771506650145e-08,"5","Bach2"
"Lingo22",6.87371061708055e-13,0.624477767471947,1,0.964,1.14137964796623e-08,"5","Lingo2"
"Rgma",1.13404617120046e-12,1.7984824516529,0.276,0.076,1.88308366727836e-08,"5","Rgma"
"Zfhx32",1.92915312829529e-12,0.753153502298317,0.957,0.749,3.20335876953432e-08,"5","Zfhx3"
"Ncam21",1.95259933616554e-12,0.818164113465051,0.966,0.796,3.24229119770288e-08,"5","Ncam2"
"Zfp5361",2.41277518600935e-12,1.80825914962772,0.483,0.236,4.00641319636853e-08,"5","Zfp536"
"Cadm12",3.77877055922282e-12,0.689939767212238,0.991,0.946,6.27464851358949e-08,"5","Cadm1"
"Cntnap21",5.60891041011418e-12,0.745109858082106,1,0.992,9.3135957359946e-08,"5","Cntnap2"
"Bcl11b2",6.18954978025781e-12,1.03872411663461,0.5,0.205,1.02777474101181e-07,"5","Bcl11b"
"Luzp22",6.63663379176569e-12,0.967391049753153,0.733,0.45,1.10201304112269e-07,"5","Luzp2"
"Nfatc21",7.99853367522247e-12,1.2994818351801,0.509,0.232,1.32815651677069e-07,"5","Nfatc2"
"Sdk21",9.23655795731484e-12,1.02580110022827,0.707,0.418,1.53373044881213e-07,"5","Sdk2"
"Cacna2d21",3.03034289902854e-11,0.710320034046514,0.94,0.74,5.0318843838369e-07,"5","Cacna2d2"
"Rph3a",3.31250872222282e-11,1.19337787243752,0.612,0.346,5.50042073325099e-07,"5","Rph3a"
"Cpne81",4.12691160077954e-11,1.28729334125366,0.491,0.227,6.85273671309442e-07,"5","Cpne8"
"St8sia5",4.60942098312367e-11,1.41419406456269,0.302,0.096,7.65394354247685e-07,"5","St8sia5"
"Shisa9",4.88434949495297e-11,1.06413760053468,0.741,0.474,8.1104623363694e-07,"5","Shisa9"
"Prkg11",4.92167918010334e-11,1.17277298592968,0.836,0.682,8.1724482785616e-07,"5","Prkg1"
"Gm78541",6.94858671722151e-11,1.4849094620771,0.414,0.171,1.15381282439463e-06,"5","Gm7854"
"Lypd6",7.9815214405912e-11,1.99076297023801,0.276,0.087,1.32533163521017e-06,"5","Lypd6"
"Gria41",1.08300391363068e-10,0.507337290178158,1,0.963,1.79832799858375e-06,"5","Gria4"
"Gm136291",1.18936952651501e-10,1.51300491472035,0.422,0.189,1.97494809877818e-06,"5","Gm13629"
"Fam135b",1.33531725907513e-10,0.946091746616055,0.716,0.442,2.21729430869425e-06,"5","Fam135b"
"Mast41",1.49684772116754e-10,1.40163560409461,0.784,0.544,2.48551564099871e-06,"5","Mast4"
"Tenm42",1.67115331426034e-10,0.549598227006949,0.974,0.962,2.77495007832929e-06,"5","Tenm4"
"Pcgf5",2.04427739317699e-10,1.1813598965046,0.638,0.392,3.39452261137039e-06,"5","Pcgf5"
"Ftl1-ps12",2.20664785106437e-10,1.03346120139228,0.534,0.252,3.66413875669238e-06,"5","Ftl1-ps1"
"Lhx61",2.82001870168258e-10,1.45134706298016,0.31,0.107,4.68264105414393e-06,"5","Lhx6"
"Cacng32",2.9368608931292e-10,1.2279130597337,0.457,0.204,4.87665751304103e-06,"5","Cacng3"
"Ephb1",5.27838172729828e-10,0.884418485089262,0.724,0.447,8.76475285817879e-06,"5","Ephb1"
"9530036O11Rik2",7.28816705256484e-10,1.13438723304437,0.526,0.273,1.21020013907839e-05,"5","9530036O11Rik"
"Neto1",9.47117936236271e-10,1.07405733990999,0.569,0.315,1.57268933312033e-05,"5","Neto1"
"Hrh21",1.11559069340512e-09,1.49378232930055,0.31,0.114,1.85243834639921e-05,"5","Hrh2"
"Eda1",1.38526358100731e-09,1.24222442219884,0.483,0.24,2.30023017626264e-05,"5","Eda"
"Pfkp1",1.47375055213485e-09,0.891414703522409,0.741,0.516,2.44716279181992e-05,"5","Pfkp"
"Rgs72",1.48091757248752e-09,0.764985949662938,0.931,0.804,2.45906362911552e-05,"5","Rgs7"
"Kcnc22",1.55135737278202e-09,0.786175909051953,0.853,0.685,2.57602891750455e-05,"5","Kcnc2"
"Sorcs11",2.04562622633952e-09,0.932497744452441,0.828,0.602,3.39676234883678e-05,"5","Sorcs1"
"Zswim61",2.32720047723245e-09,1.36452392143611,0.466,0.234,3.86431639244449e-05,"5","Zswim6"
"Plxna4",2.96741017200463e-09,0.669230275794882,0.897,0.771,4.92738459061369e-05,"5","Plxna4"
"Mir670hg",3.79345125559456e-09,1.95676167232691,0.431,0.207,6.29902580991477e-05,"5","Mir670hg"
"Lypd6b1",4.26849234861487e-09,1.54522474379392,0.302,0.114,7.087831544875e-05,"5","Lypd6b"
"Asxl31",4.8891277386072e-09,1.36089048503193,0.397,0.183,8.11839660995726e-05,"5","Asxl3"
"Unc5d1",7.79458215832531e-09,0.834663896468291,0.931,0.862,0.000129429036738992,"5","Unc5d"
"Agbl42",9.4240923390452e-09,0.482205026168002,0.991,0.967,0.000156487053289846,"5","Agbl4"
"Cers61",1.94216723964926e-08,0.796203132052647,0.724,0.479,0.000322496870143759,"5","Cers6"
"Syt17",2.02110917176026e-08,1.06434410261911,0.379,0.167,0.000335605177970791,"5","Syt17"
"Lsamp1",2.17373356902362e-08,0.423461361002662,1,0.995,0.000360948459136372,"5","Lsamp"
"Thsd7a",2.32531009292838e-08,0.86224407354262,0.595,0.341,0.000386117740930758,"5","Thsd7a"
"A230006K03Rik",2.4148539953259e-08,0.610193104732592,0.922,0.817,0.000400986505923866,"5","A230006K03Rik"
"Ralgapa2",2.46194467981938e-08,0.632743452569621,0.836,0.68,0.000408805914084008,"5","Ralgapa2"
"Lrp1b2",2.65380477086083e-08,0.425070125303777,1,0.964,0.000440664282201441,"5","Lrp1b"
"Ano1",3.01966695640701e-08,1.08546739418487,0.31,0.121,0.000501415698111384,"5","Ano1"
"St8sia11",3.72188697787048e-08,1.26957503392007,0.431,0.219,0.000618019332675393,"5","St8sia1"
"Dgki",3.83230586157816e-08,0.748977687404,0.853,0.699,0.000636354388315053,"5","Dgki"
"Mest1",4.9176039575173e-08,1.18256666783459,0.491,0.264,0.000816568137145747,"5","Mest"
"Kcnd31",6.30992392992566e-08,0.73107942703843,0.828,0.65,0.00104776286856416,"5","Kcnd3"
"6330411D24Rik1",6.98324353261483e-08,1.04938723499645,0.466,0.242,0.00115956758859069,"5","6330411D24Rik"
"Nkain22",7.15769578526264e-08,0.385680979620154,1,0.966,0.00118853538514286,"5","Nkain2"
"Fgd5",7.22486987703981e-08,1.45168986802891,0.31,0.132,0.00119968964308246,"5","Fgd5"
"Tmtc2",7.46604777610919e-08,1.11974303951665,0.552,0.323,0.00123973723322293,"5","Tmtc2"
"Cpeb2",9.79818765274876e-08,0.911036835870785,0.491,0.257,0.00162698905973893,"5","Cpeb2"
"Frmd4a2",1.13344753546227e-07,0.344378362510654,1,0.996,0.0018820896326351,"5","Frmd4a"
"Efna51",1.15652088768651e-07,0.947736640207303,0.802,0.579,0.00192040293400344,"5","Efna5"
"Tmeff22",1.22365794531751e-07,0.914853895566207,0.802,0.681,0.00203188401819972,"5","Tmeff2"
"Edil31",1.96536877462942e-07,0.660818899243052,0.81,0.575,0.00326349485027215,"5","Edil3"
"Slitrk1",2.10931325667085e-07,1.24866983146402,0.353,0.164,0.00350251466270195,"5","Slitrk1"
"Gad12",2.51514226442129e-07,0.866384562259001,0.586,0.344,0.00417639373007156,"5","Gad1"
"Ecel11",2.96205817595994e-07,1.05207687955963,0.388,0.192,0.00491849760118148,"5","Ecel1"
"Sgip1",3.1037454852887e-07,0.397198443914836,0.966,0.956,0.00515376937832189,"5","Sgip1"
"Pgm1",3.31994474519293e-07,1.25436897278407,0.353,0.166,0.00551276824939285,"5","Pgm1"
"Tmem1781",3.54554728857286e-07,1.23337069508114,0.328,0.149,0.00588738127267523,"5","Tmem178"
"Cntn5",4.08552328490095e-07,0.78498710902915,0.862,0.847,0.00678401141457802,"5","Cntn5"
"Elmo11",4.11099556046998e-07,0.476989474513133,0.733,0.471,0.0068263081281604,"5","Elmo1"
"Gad21",4.32159569066978e-07,0.787696048018319,0.759,0.562,0.00717600964435717,"5","Gad2"
"Nav22",4.32666629886955e-07,0.923460142144766,0.983,0.942,0.00718442938927288,"5","Nav2"
"Fstl42",5.56490500919813e-07,0.520840585166965,0.638,0.381,0.00924052476777349,"5","Fstl4"
"Plppr1",5.58419211199276e-07,0.984431793155676,0.578,0.375,0.00927255100196398,"5","Plppr1"
"Fam13c1",6.11538284949791e-07,1.07626973399641,0.534,0.324,0.0101545932215913,"5","Fam13c"
"Hunk",6.35433520154626e-07,1.49189472594232,0.293,0.129,0.0105513736021676,"5","Hunk"
"Armh4",7.78900436843197e-07,1.24536089643345,0.284,0.121,0.0129336417537813,"5","Armh4"
"Ano41",1.12972892895134e-06,0.807252661280634,0.621,0.405,0.018759148865237,"5","Ano4"
"Lrrc4c1",1.1733618567154e-06,0.59762742888449,0.991,0.952,0.0194836736307592,"5","Lrrc4c"
"Chchd3",1.29355019504581e-06,0.774453589659313,0.664,0.442,0.0214794009887356,"5","Chchd3"
"Cox4i1",1.43326202738752e-06,1.17878135240282,0.293,0.131,0.0237993159647698,"5","Cox4i1"
"Ttc39b1",1.53461490969287e-06,1.05906946670117,0.353,0.17,0.02548228057545,"5","Ttc39b"
"Nrp2",1.56287759025059e-06,1.2888603932017,0.586,0.44,0.0259515823861111,"5","Nrp2"
"Sema3f",1.56905016290089e-06,1.36844544910509,0.25,0.103,0.0260540779549693,"5","Sema3f"
"Frmd5",1.64037791794896e-06,0.51904680202231,0.931,0.846,0.0272384753275424,"5","Frmd5"
"A830018L16Rik1",1.75846653091744e-06,0.528393288285158,0.733,0.493,0.0291993367458841,"5","A830018L16Rik"
"Mcc1",1.79010374862029e-06,1.30155952416694,0.284,0.128,0.0297246727458399,"5","Mcc"
"Gm207541",1.795169070583e-06,0.719911932268794,0.388,0.193,0.0298087824170308,"5","Gm20754"
"Got11",2.10568976026074e-06,1.17160093004227,0.328,0.158,0.0349649784691295,"5","Got1"
"R3hdm2",2.41785472983682e-06,0.719569004993376,0.75,0.638,0.0401484777889405,"5","R3hdm2"
"Srgap11",2.57097895603273e-06,0.691750494314382,0.664,0.471,0.0426911055649235,"5","Srgap1"
"Flt31",2.61982569442371e-06,1.11018787767259,0.336,0.164,0.0435022056559056,"5","Flt3"
"Sema6d3",2.62811029808654e-06,0.63279722161938,0.81,0.645,0.0436397714997269,"5","Sema6d"
"Ctnna2",3.02420174588295e-06,0.27898050059635,1,0.985,0.0502168699903864,"5","Ctnna2"
"Plcb41",3.09516790665772e-06,0.702282295180585,0.75,0.605,0.0513952630900515,"5","Plcb4"
"Tenm11",3.19488590620772e-06,0.409280699942522,0.983,0.859,0.0530510804725793,"5","Tenm1"
"Got2",4.11973863819179e-06,1.03528163701665,0.388,0.21,0.0684082600871748,"5","Got2"
"4732463B04Rik",4.38625841911306e-06,1.28901760946523,0.276,0.126,0.0728338210493724,"5","4732463B04Rik"
"Mctp11",4.49205081042291e-06,0.427059691333113,0.776,0.608,0.0745905037070725,"5","Mctp1"
"Lin7a",4.7330174390763e-06,0.72768085847988,0.647,0.469,0.078591754575862,"5","Lin7a"
"Nrp1",4.85479972920472e-06,0.635090765253918,0.681,0.47,0.0806139495034444,"5","Nrp1"
"Srrm41",4.9025965860728e-06,0.528393288285158,0.776,0.585,0.0814076163117388,"5","Srrm4"
"Mtcl11",4.92904536928162e-06,0.940588945853293,0.483,0.289,0.0818467983569213,"5","Mtcl1"
"Zic1",5.90970987028802e-06,1.23794342487096,0.302,0.144,0.0981307323961326,"5","Zic1"
"Atg4d",6.04992573323489e-06,1.00689913328161,0.302,0.14,0.100459016800365,"5","Atg4d"
"Map3k2",6.07153714391953e-06,0.844377455894944,0.509,0.314,0.100817874274784,"5","Map3k2"
"Mapk81",6.67507802400292e-06,0.883512690296272,0.466,0.278,0.110839670588568,"5","Mapk8"
"Syt11",6.93868527994702e-06,0.384616298485344,0.983,0.95,0.11521686907352,"5","Syt1"
"Vstm2l",7.08994202446626e-06,1.13913841481548,0.397,0.232,0.117728487316262,"5","Vstm2l"
"Zfhx42",8.15784721352014e-06,0.669295904620793,0.629,0.405,0.135461052980502,"5","Zfhx4"
"Pcca",9.59473264970434e-06,0.510800913190399,0.836,0.642,0.159320535648341,"5","Pcca"
"Gria3",1.2103636197317e-05,0.538535372666552,0.836,0.716,0.200980879056449,"5","Gria3"
"Ccser12",1.21546606781917e-05,0.337598098301591,0.983,0.959,0.201828140561374,"5","Ccser1"
"Grip11",1.23206025596358e-05,0.470488924344621,0.983,0.925,0.204583605502752,"5","Grip1"
"St3gal5",1.26033406022885e-05,0.844205327392576,0.397,0.217,0.209278470701,"5","St3gal5"
"Kif5c",1.34515526474503e-05,0.549302278048138,0.836,0.708,0.223363031710912,"5","Kif5c"
"Sfmbt21",1.46328282029724e-05,1.18877736806708,0.353,0.192,0.242978112310357,"5","Sfmbt2"
"Patj",1.49079984248985e-05,0.798831790613262,0.526,0.342,0.24754731384544,"5","Patj"
"Arpp211",1.59931723755817e-05,0.702067575013364,0.647,0.463,0.265566627296534,"5","Arpp21"
"Nxph11",1.81190641978783e-05,1.16400032246227,0.448,0.284,0.300867061005769,"5","Nxph1"
"Meg31",1.8889329200673e-05,0.180058913020629,1,1,0.313657311377175,"5","Meg3"
"Luzp11",2.00254751435215e-05,0.799059183637752,0.431,0.251,0.332523014758175,"5","Luzp1"
"Rasgef1b",2.19802688676924e-05,0.70371490664358,0.655,0.466,0.364982364548032,"5","Rasgef1b"
"Atp1b11",2.34230907575671e-05,0.511704237297816,0.759,0.591,0.388940422029401,"5","Atp1b1"
"Frmpd42",2.36850439849836e-05,0.510074820117861,0.802,0.651,0.393290155370653,"5","Frmpd4"
"Astn22",2.43504477397166e-05,0.465848535363193,0.931,0.806,0.404339184717994,"5","Astn2"
"Arhgap221",2.4680171395008e-05,0.911343890259704,0.276,0.129,0.409814246014108,"5","Arhgap22"
"Kcnq3",2.52775771303397e-05,0.553526008249052,0.845,0.711,0.41973416824929,"5","Kcnq3"
"Ptprm",2.82866681607615e-05,0.709726603599673,0.621,0.455,0.469700124809445,"5","Ptprm"
"Cdh182",2.94785754753195e-05,0.582180279066489,0.862,0.762,0.489491745767681,"5","Cdh18"
"Thsd7b1",2.97908787705599e-05,0.646127253108745,0.569,0.413,0.494677541985147,"5","Thsd7b"
"Nlgn11",3.08492562671802e-05,0.543174641395808,0.966,0.963,0.512251900316528,"5","Nlgn1"
"9630014M24Rik1",3.08682242135189e-05,0.626076740448146,0.586,0.417,0.512566863065481,"5","9630014M24Rik"
"Rras21",3.1183144505017e-05,1.09724456196122,0.267,0.129,0.517796114505807,"5","Rras2"
"Impdh1",3.19887058017288e-05,1.16428638314565,0.276,0.137,0.531172459837708,"5","Impdh1"
"Miga21",3.21520422790627e-05,0.636107105585411,0.578,0.385,0.533884662043837,"5","Miga2"
"Ldb21",3.38708952144349e-05,0.635278922416348,0.543,0.356,0.562426215035691,"5","Ldb2"
"Fbn1",3.88027737691311e-05,0.781736736615715,0.379,0.211,0.644320058436422,"5","Fbn1"
"Srek1ip1",4.11543113634782e-05,1.17284839664908,0.259,0.124,0.683367340190555,"5","Srek1ip1"
"Spats2l1",4.28626029002419e-05,0.848376613108238,0.448,0.275,0.711733521158517,"5","Spats2l"
"Fam78b",4.333338075362e-05,1.14748847392546,0.353,0.204,0.71955078741386,"5","Fam78b"
"Lactb21",4.33868067659684e-05,0.947840775838999,0.31,0.161,0.720437926348906,"5","Lactb2"
"Robo11",4.39708383955658e-05,0.323318160158949,0.991,0.919,0.73013577155837,"5","Robo1"
"Polb",4.4305845991518e-05,0.599764246881838,0.69,0.537,0.735698572689156,"5","Polb"
"Ccbe12",4.50099958759342e-05,1.18330816829412,0.259,0.125,0.747390981519888,"5","Ccbe1"
"Me32",4.68256198347326e-05,0.56140060844507,0.707,0.556,0.777539417355734,"5","Me3"
"Idh3a",4.89807571343188e-05,0.935380654850532,0.25,0.115,0.813325472215363,"5","Idh3a"
"Dlc11",4.94953509397096e-05,0.617692174146668,0.552,0.364,0.821870302353878,"5","Dlc1"
"Stam",5.09047044934059e-05,0.97490901903717,0.302,0.156,0.845272618113005,"5","Stam"
"Tmem1961",5.25319302361636e-05,0.992396445766011,0.397,0.235,0.872292701571497,"5","Tmem196"
"Slc32a12",5.41984817265378e-05,0.797877131100597,0.379,0.211,0.899965789069159,"5","Slc32a1"
"Srcin11",6.37369567940388e-05,0.470659957032195,0.793,0.623,1,"5","Srcin1"
"Hs6st2",7.03005353857885e-05,0.679070153018468,0.491,0.306,1,"5","Hs6st2"
"Cep1123",7.09394489587311e-05,0.414485194629442,0.905,0.827,1,"5","Cep112"
"Tlk1",7.44738308920288e-05,1.06379030012342,0.319,0.177,1,"5","Tlk1"
"Oxr12",8.0914473735991e-05,0.567934507041996,0.759,0.601,1,"5","Oxr1"
"Fam124a",8.19249990032939e-05,0.86370645671756,0.345,0.189,1,"5","Fam124a"
"Rmst3",8.71983300863085e-05,0.400521293710142,0.741,0.608,1,"5","Rmst"
"Shisal1",8.80370731744457e-05,0.891853279309611,0.31,0.164,1,"5","Shisal1"
"Gm58201",8.81978659799573e-05,0.700176091819502,0.371,0.205,1,"5","Gm5820"
"St6galnac51",9.39673563637301e-05,0.774329759552557,0.629,0.456,1,"5","St6galnac5"
"Vgf",9.57828806928249e-05,0.792594037076057,0.336,0.186,1,"5","Vgf"
"Dock4",9.74218746272947e-05,0.382210869536408,0.759,0.537,1,"5","Dock4"
"A330102I10Rik2",9.87312293795459e-05,0.69045562956847,0.483,0.308,1,"5","A330102I10Rik"
"Htr1f1",0.000108632623831688,0.3854591273237,0.414,0.238,1,"5","Htr1f"
"Coro61",0.000113117271321906,0.708012913501442,0.483,0.305,1,"5","Coro6"
"Cadps1",0.000116273258177006,0.287791974321525,0.991,0.982,1,"5","Cadps"
"Nfyc",0.00011805683724496,0.741849672648866,0.448,0.281,1,"5","Nfyc"
"Mroh11",0.000127512898797295,0.703188885337153,0.543,0.368,1,"5","Mroh1"
"Negr1",0.000135480848247074,0.288498528856091,1,0.982,1,"5","Negr1"
"Mgat5",0.000138437796457012,0.688781645577654,0.578,0.443,1,"5","Mgat5"
"Taf3",0.000138931259316976,0.674175146418931,0.414,0.25,1,"5","Taf3"
"Nln",0.000140491781680674,0.895957677642348,0.414,0.268,1,"5","Nln"
"Ankrd44",0.000141254954066507,0.82371665617872,0.448,0.297,1,"5","Ankrd44"
"Vopp1",0.000148077122824083,1.19158778917922,0.276,0.148,1,"5","Vopp1"
"Epha41",0.000149248912614959,0.654198902306479,0.414,0.25,1,"5","Epha4"
"Dmd1",0.000154695959170763,0.387393280508618,0.966,0.869,1,"5","Dmd"
"Smarca2",0.000162044624189732,0.54452355542489,0.707,0.555,1,"5","Smarca2"
"Gm142042",0.000174111534997762,0.631764438240111,0.397,0.228,1,"5","Gm14204"
"Syt91",0.000180579602814307,0.808369832434239,0.405,0.254,1,"5","Syt9"
"Atp5b1",0.000181710381836744,0.939602150301217,0.414,0.263,1,"5","Atp5b"
"Cabp11",0.00018562524840393,0.792317605758697,0.371,0.218,1,"5","Cabp1"
"Scn3a1",0.000200003964217087,0.421192205363937,0.784,0.674,1,"5","Scn3a"
"Aco21",0.000212214157340703,0.555506327196924,0.681,0.531,1,"5","Aco2"
"Mob4",0.000228014648586867,0.841642488173705,0.25,0.124,1,"5","Mob4"
"Stard91",0.000232994378794739,0.780055621299003,0.379,0.227,1,"5","Stard9"
"Mpc2",0.000249002106469437,0.838587547824389,0.284,0.151,1,"5","Mpc2"
"Arl151",0.00027494980325028,0.421635477566206,0.664,0.511,1,"5","Arl15"
"Mpped22",0.000281191248757867,0.543025848320403,0.569,0.4,1,"5","Mpped2"
"Lin52",0.000285816033713444,1.00679308005696,0.336,0.204,1,"5","Lin52"
"BC052040",0.000287503172174731,0.799951940498474,0.345,0.198,1,"5","BC052040"
"A330008L17Rik2",0.000287613187050088,0.690000113580613,0.483,0.333,1,"5","A330008L17Rik"
"Sulf21",0.000288778027495122,0.45553485994359,0.457,0.284,1,"5","Sulf2"
"Pkp41",0.000289280559171163,0.372332930557817,0.759,0.614,1,"5","Pkp4"
"E2f3",0.000292827556670409,0.962630689258733,0.267,0.143,1,"5","E2f3"
"Fat3",0.000297187128155952,0.577386164940027,0.819,0.749,1,"5","Fat3"
"Plppr51",0.000299971452650754,0.875373345486255,0.379,0.234,1,"5","Plppr5"
"Lrfn5",0.000300524665936404,0.272461538655195,0.983,0.926,1,"5","Lrfn5"
"Pcdh171",0.000303995784708146,0.49823245396594,0.69,0.518,1,"5","Pcdh17"
"Hectd2",0.000308414593054539,0.881799614645688,0.267,0.14,1,"5","Hectd2"
"Hipk2",0.000315762596061394,0.542524276194429,0.526,0.354,1,"5","Hipk2"
"Gpatch2l",0.000318867511797297,1.02113203579782,0.25,0.13,1,"5","Gpatch2l"
"Bmper1",0.00032202074204162,0.902759233281334,0.25,0.129,1,"5","Bmper"
"Capn7",0.000344111689844218,0.725737266585121,0.397,0.243,1,"5","Capn7"
"Dgkk1",0.000352579574577083,1.08182422295368,0.267,0.146,1,"5","Dgkk"
"Gabbr2",0.000365911907907575,0.477764397107431,0.793,0.688,1,"5","Gabbr2"
"Cdh7",0.000397894755388679,0.711874613203376,0.414,0.265,1,"5","Cdh7"
"Pi4ka",0.000400474860595903,0.378773606396756,0.897,0.849,1,"5","Pi4ka"
"Npas32",0.000412546288640209,0.571012077363526,0.56,0.393,1,"5","Npas3"
"Trappc121",0.000414919216865005,0.756410513805213,0.353,0.213,1,"5","Trappc12"
"Gm1673",0.00043221837723519,0.866849273179717,0.302,0.172,1,"5","Gm1673"
"Nae1",0.000432572468967838,0.74445682790677,0.353,0.211,1,"5","Nae1"
"Hsd17b12",0.000433434150201919,1.35384254463077,0.284,0.164,1,"5","Hsd17b12"
"Slit22",0.000462552294544425,0.535246071464987,0.569,0.384,1,"5","Slit2"
"Rnf217",0.000487864736169147,0.480569399488925,0.491,0.313,1,"5","Rnf217"
"Gm151551",0.000491180256487955,0.828552488733262,0.319,0.186,1,"5","Gm15155"
"Tmeff1",0.000496571121442613,0.900615236689855,0.284,0.158,1,"5","Tmeff1"
"Arhgap26",0.000525862383294815,0.461569446146522,0.733,0.595,1,"5","Arhgap26"
"Rap1gap21",0.000531857594259955,0.521736390871555,0.56,0.387,1,"5","Rap1gap2"
"Rheb",0.00053536482272529,0.859431801617234,0.284,0.159,1,"5","Rheb"
"Rbms11",0.00054037867738286,0.421364614694579,0.474,0.31,1,"5","Rbms1"
"Susd6",0.000540864417446648,0.705365504329821,0.328,0.189,1,"5","Susd6"
"Ndufs4",0.000541711741919437,0.709205426427391,0.457,0.305,1,"5","Ndufs4"
"Pkia1",0.000543773039835208,0.533141154143804,0.603,0.449,1,"5","Pkia"
"Pde7a",0.000555405406581328,0.59857504908881,0.509,0.352,1,"5","Pde7a"
"Ano6",0.000579385131907743,0.439312595636993,0.586,0.414,1,"5","Ano6"
"Vwa81",0.00058347876158635,0.486223595424758,0.716,0.591,1,"5","Vwa8"
"Slc4a71",0.000594346108175261,0.599869587690245,0.543,0.38,1,"5","Slc4a7"
"Elavl41",0.00061383408982707,0.662004304795279,0.586,0.433,1,"5","Elavl4"
"Gm45341",0.000673165605857614,0.73853236826502,0.276,0.152,1,"5","Gm45341"
"Hecw2",0.000680269848173481,0.471161211901175,0.638,0.496,1,"5","Hecw2"
"Rgs7bp1",0.000694208691309614,0.308562499564485,0.707,0.51,1,"5","Rgs7bp"
"Slc25a131",0.000710999840543025,0.792044961887359,0.25,0.133,1,"5","Slc25a13"
"Wwp11",0.000732349310264399,0.710777089346041,0.422,0.286,1,"5","Wwp1"
"Cacna1i1",0.000733328850247086,0.667377145226311,0.483,0.327,1,"5","Cacna1i"
"Zfp30",0.000747061902664076,0.836580862489196,0.336,0.205,1,"5","Zfp30"
"Csrnp3",0.000752703654142681,0.554870838699959,0.733,0.643,1,"5","Csrnp3"
"Igsf9b",0.000756628193044503,0.684393876781269,0.414,0.269,1,"5","Igsf9b"
"Eea1",0.000782920982759846,0.458455296246303,0.629,0.444,1,"5","Eea1"
"Ppp4r3a",0.000833025527407017,0.62037625871788,0.44,0.292,1,"5","Ppp4r3a"
"Nnat1",0.00084268882780953,0.559871519758326,0.5,0.341,1,"5","Nnat"
"Arhgef12",0.000874705085816395,0.343060130685177,0.81,0.719,1,"5","Arhgef12"
"Map3k131",0.000894377921506526,0.591304027594983,0.397,0.249,1,"5","Map3k13"
"Slc38a11",0.000911056586364893,0.415429566086251,0.698,0.557,1,"5","Slc38a1"
"Adck11",0.000928392418181148,0.687879132134397,0.353,0.216,1,"5","Adck1"
"Flrt2",0.000936809080857582,0.713784203212007,0.336,0.205,1,"5","Flrt2"
"Magi23",0.000936861553523219,0.221156739428058,0.983,0.996,1,"5","Magi2"
"Sh3rf31",0.000938575916767466,0.429747526373988,0.638,0.468,1,"5","Sh3rf3"
"Idh2",0.000957219390540966,0.739420940089038,0.328,0.198,1,"5","Idh2"
"Timm9",0.000968313496984488,0.674785294468156,0.448,0.312,1,"5","Timm9"
"Prkaa2",0.000970345277896953,1.02381861951812,0.276,0.159,1,"5","Prkaa2"
"Slc6a11",0.000975217723939145,0.453159183737935,0.603,0.43,1,"5","Slc6a1"
"Opcml1",0.000977095037520683,0.271791195354636,0.957,0.898,1,"5","Opcml"
"Prxl2c",0.000985228097342041,1.00090422757011,0.31,0.197,1,"5","Prxl2c"
"Gap43",0.00101326353550665,0.602675842301741,0.569,0.432,1,"5","Gap43"
"Nhs2",0.00103234570102008,0.569457568587524,0.603,0.452,1,"5","Nhs"
"Crppa2",0.00104586347659929,0.611940239901163,0.405,0.265,1,"5","Crppa"
"Ptpn11",0.00105204950043762,0.53810370467609,0.474,0.32,1,"5","Ptpn11"
"Ndufaf5",0.00110971566494569,0.733203122643888,0.362,0.229,1,"5","Ndufaf5"
"Lyrm1",0.00113032198615937,0.756268732561829,0.336,0.207,1,"5","Lyrm1"
"Ppm1e1",0.00114611631081136,0.412786494674125,0.741,0.586,1,"5","Ppm1e"
"Ccdc85a",0.00116377491455666,0.663064704878838,0.655,0.535,1,"5","Ccdc85a"
"Rnf24",0.00116883169978571,0.804984017594857,0.319,0.194,1,"5","Rnf24"
"Atg13",0.00120011985936911,0.760621647337777,0.345,0.215,1,"5","Atg13"
"Ppm1h",0.00125268799677562,0.509760174067626,0.629,0.513,1,"5","Ppm1h"
"Esrrg1",0.00125538578224818,0.624780565764683,0.595,0.451,1,"5","Esrrg"
"Slc4a81",0.00125900019750182,0.743954584197298,0.405,0.27,1,"5","Slc4a8"
"Zfpm2",0.00126227068224382,1.0178428150425,0.319,0.2,1,"5","Zfpm2"
"Btbd10",0.00129150165615117,0.672346249016738,0.302,0.176,1,"5","Btbd10"
"Tpk1",0.0013183305978882,0.974909019037169,0.259,0.151,1,"5","Tpk1"
"Zfp983",0.00137571286581749,0.873730184669802,0.267,0.155,1,"5","Zfp983"
"Olfm21",0.00137900617448407,0.557700420716699,0.474,0.33,1,"5","Olfm2"
"C130073E24Rik1",0.00138853855451259,0.469286740455503,0.802,0.675,1,"5","C130073E24Rik"
"Magi1",0.00140983115608949,0.423409277209054,0.845,0.792,1,"5","Magi1"
"Zfp641",0.00147409187388616,0.694801099844434,0.319,0.195,1,"5","Zfp641"
"Ptpro",0.00150871783708706,0.510058553310168,0.612,0.476,1,"5","Ptpro"
"Adra1a1",0.00150882830690432,0.940961687113832,0.293,0.181,1,"5","Adra1a"
"Gys11",0.00151599544408905,0.722521857402884,0.388,0.258,1,"5","Gys1"
"Cntnap5c2",0.00154999939046897,0.723560719404461,0.578,0.453,1,"5","Cntnap5c"
"Adamts161",0.00155783041644229,0.720807737973384,0.284,0.167,1,"5","Adamts16"
"Camkk1",0.00159339952537602,0.73544308434178,0.276,0.158,1,"5","Camkk1"
"Rnf34",0.00162800819295014,0.7680574485965,0.284,0.168,1,"5","Rnf34"
"Epc1",0.00164470287482357,0.495020375408358,0.517,0.374,1,"5","Epc1"
"Slc22a231",0.00167381328574337,0.510402843494026,0.517,0.347,1,"5","Slc22a23"
"Cacnb4",0.00171382596874621,0.452896681862643,0.716,0.61,1,"5","Cacnb4"
"Cwc27",0.00171934857148067,0.45795498219849,0.569,0.431,1,"5","Cwc27"
"Tcf12",0.00176223107373746,0.521632715470634,0.578,0.428,1,"5","Tcf12"
"Slc24a31",0.00177205840479172,0.365293430907674,0.784,0.692,1,"5","Slc24a3"
"Dpf31",0.00177609824476668,0.896906507035896,0.267,0.156,1,"5","Dpf3"
"Sez6l3",0.00180889950016587,0.364475830799895,0.793,0.675,1,"5","Sez6l"
"Il1rapl11",0.00186387683431343,0.263173896054314,0.922,0.914,1,"5","Il1rapl1"
"Prickle11",0.00187040710585424,0.39143844713655,0.759,0.596,1,"5","Prickle1"
"Atp2b21",0.0018852454146515,0.318790024937908,0.871,0.838,1,"5","Atp2b2"
"Clgn1",0.00189947063961511,0.937434313618507,0.25,0.143,1,"5","Clgn"
"Kcnd2",0.00190019984844943,0.173677526683599,0.991,0.942,1,"5","Kcnd2"
"Lims1",0.00190805475782683,0.453140344803207,0.483,0.319,1,"5","Lims1"
"Prxl2a1",0.00198891824461412,0.898456958599296,0.302,0.187,1,"5","Prxl2a"
"Hspd1",0.00199952384933164,0.797370833484982,0.293,0.178,1,"5","Hspd1"
"Fam169a",0.00206690578368865,0.674864042048257,0.379,0.257,1,"5","Fam169a"
"Aig1",0.00209038768647283,0.385438092644267,0.69,0.529,1,"5","Aig1"
"Acsl61",0.00209693224845102,0.498199408968037,0.509,0.361,1,"5","Acsl6"
"Zfp57",0.00218301951252459,0.817669277225972,0.319,0.2,1,"5","Zfp57"
"Sv2a1",0.00218613720128889,0.620994543013344,0.716,0.607,1,"5","Sv2a"
"Ddhd1",0.0022049657491387,0.422699231239071,0.578,0.423,1,"5","Ddhd1"
"L3mbtl3",0.00227832553278045,0.610855448477131,0.353,0.227,1,"5","L3mbtl3"
"Dennd5b",0.00229011503651356,0.461039085334613,0.716,0.586,1,"5","Dennd5b"
"Fgf121",0.0022983436428657,0.217718396806929,0.983,0.966,1,"5","Fgf12"
"Smarcb1",0.00235052036811742,0.752516597700722,0.284,0.172,1,"5","Smarcb1"
"Osbpl11",0.00244626231547667,0.732052495141006,0.284,0.172,1,"5","Osbpl11"
"Auts21",0.00244933812961254,0.348391774743275,0.957,0.912,1,"5","Auts2"
"Tdrd31",0.00247421274650608,0.678726336986363,0.328,0.206,1,"5","Tdrd3"
"Gpc62",0.00271192402595256,0.485003598975828,0.603,0.481,1,"5","Gpc6"
"Klhdc10",0.00272822356635291,0.396336193605113,0.741,0.613,1,"5","Klhdc10"
"Pitpnm31",0.00273097758580524,0.619704769275509,0.457,0.315,1,"5","Pitpnm3"
"Mdh11",0.00278296591696903,0.695416190470204,0.319,0.2,1,"5","Mdh1"
"Idh3b1",0.00286580358404273,0.637039380280785,0.345,0.22,1,"5","Idh3b"
"Gm383931",0.00303502661956166,0.80889906759824,0.284,0.175,1,"5","Gm38393"
"Zmiz1",0.00310743861759453,0.493782329300553,0.483,0.336,1,"5","Zmiz1"
"Riok1",0.00310944299995849,0.486236532363274,0.466,0.334,1,"5","Riok1"
"Setd3",0.00319963977946371,0.541586166730576,0.371,0.238,1,"5","Setd3"
"Scn1b1",0.00320080062944885,0.952713272922973,0.267,0.164,1,"5","Scn1b"
"Dok61",0.00322336389412956,0.334936903859425,0.81,0.683,1,"5","Dok6"
"Mipol11",0.00324641395871182,0.642785157043918,0.328,0.206,1,"5","Mipol1"
"Arhgap44",0.00325184760974562,0.440031749752323,0.621,0.487,1,"5","Arhgap44"
"Fam155a2",0.00325424359858727,0.167554096979565,1,0.99,1,"5","Fam155a"
"Tox1",0.00326654876676614,0.599451527733012,0.353,0.231,1,"5","Tox"
"Yars",0.00330315107987475,0.538391792347874,0.448,0.314,1,"5","Yars"
"Lrch2",0.00334097369685611,0.622392604316385,0.371,0.243,1,"5","Lrch2"
"Cdc37l1",0.00340357893453119,0.449854362339089,0.595,0.461,1,"5","Cdc37l1"
"Fam118b",0.00343646997700238,0.830519109701995,0.259,0.156,1,"5","Fam118b"
"Tm6sf1",0.0035939246851111,0.944406930639825,0.25,0.151,1,"5","Tm6sf1"
"Qk",0.00365537432589557,0.738372415380452,0.336,0.217,1,"5","Qk"
"AU040320",0.00384903449910171,0.533310693487191,0.44,0.314,1,"5","AU040320"
"Vps54",0.00394322477073513,0.464940007604136,0.448,0.309,1,"5","Vps54"
"Rps6ka3",0.0039689674516651,1.06446060401546,0.31,0.206,1,"5","Rps6ka3"
"Bbx",0.0040419381086399,0.411008133843843,0.457,0.314,1,"5","Bbx"
"Ophn1",0.00407940661443671,0.483768540672534,0.517,0.376,1,"5","Ophn1"
"Copb1",0.00419275038014255,0.526240741877046,0.362,0.237,1,"5","Copb1"
"Bag6",0.00421384354384848,0.569394293876832,0.371,0.253,1,"5","Bag6"
"Drg1",0.00436057333977481,0.510240752033725,0.353,0.228,1,"5","Drg1"
"Ncoa11",0.00437695577009998,0.396489364182785,0.767,0.684,1,"5","Ncoa1"
"Exoc5",0.00441887322575972,0.634538319196342,0.371,0.257,1,"5","Exoc5"
"Hs3st42",0.00442470100134471,0.460913039670157,0.397,0.276,1,"5","Hs3st4"
"Atad1",0.00449184234580953,0.705722386221781,0.345,0.227,1,"5","Atad1"
"Metap1d",0.00462087099197391,0.526100783103082,0.509,0.374,1,"5","Metap1d"
"Rims2",0.00466434273612432,0.256090771581223,0.983,0.951,1,"5","Rims2"
"Ccdc174",0.00467916518549772,0.553557745826123,0.379,0.254,1,"5","Ccdc174"
"Btbd1",0.00471094882210553,0.665224519904554,0.397,0.287,1,"5","Btbd1"
"Gsk3b",0.00478229386434365,0.532717468254599,0.56,0.463,1,"5","Gsk3b"
"Plekhb2",0.00483132768351467,0.576359642546895,0.267,0.16,1,"5","Plekhb2"
"Mir99ahg1",0.00488683171904634,0.376252110405017,0.759,0.629,1,"5","Mir99ahg"
"Dapk11",0.00489398655205796,0.342140475791741,0.69,0.553,1,"5","Dapk1"
"Htr41",0.00491519900090757,0.646223557974498,0.371,0.253,1,"5","Htr4"
"Grip2",0.00492834878509869,0.589787097662613,0.405,0.28,1,"5","Grip2"
"Sik2",0.00505237892962744,0.504100548462658,0.534,0.405,1,"5","Sik2"
"4930402H24Rik",0.00505936125825786,0.205368445743841,0.983,0.973,1,"5","4930402H24Rik"
"Ogdhl",0.00527301697367668,0.772092136037483,0.319,0.209,1,"5","Ogdhl"
"Amph1",0.00530696136816428,0.317951072762614,0.716,0.55,1,"5","Amph"
"Dnajc13",0.00531375241100668,0.357315514076047,0.681,0.536,1,"5","Dnajc13"
"Samm501",0.0053138308978086,0.506233556156252,0.422,0.295,1,"5","Samm50"
"Dpm1",0.0053508976675838,0.550730865901857,0.388,0.266,1,"5","Dpm1"
"Ahcyl2",0.00539679799809285,0.332802611212405,0.629,0.48,1,"5","Ahcyl2"
"A230057D06Rik",0.00547736360408542,0.162536022212941,1,0.994,1,"5","A230057D06Rik"
"Cdc731",0.00557229701114836,0.723370252041205,0.293,0.186,1,"5","Cdc73"
"Mirg1",0.005610210220017,0.248687196699019,0.905,0.814,1,"5","Mirg"
"Reep1",0.00561198444377268,0.318495995054305,0.698,0.555,1,"5","Reep1"
"Txndc16",0.00567504706560829,0.61372149370258,0.362,0.254,1,"5","Txndc16"
"Zdhhc6",0.0057599608202586,0.669100589513084,0.31,0.203,1,"5","Zdhhc6"
"Tfrc",0.00597239809416752,0.515477400399872,0.397,0.268,1,"5","Tfrc"
"Ccdc149",0.00604766328149127,0.624001857178041,0.31,0.201,1,"5","Ccdc149"
"Mtpap",0.00613875151843769,0.531965523188441,0.267,0.161,1,"5","Mtpap"
"Tbc1d81",0.00621941154623793,0.640333547866605,0.336,0.23,1,"5","Tbc1d8"
"Pds5a",0.00624424504001274,0.489851592724378,0.509,0.39,1,"5","Pds5a"
"Snx291",0.00640646214415079,0.376446083389623,0.629,0.499,1,"5","Snx29"
"Top1",0.00642845313499532,0.447727446002507,0.647,0.546,1,"5","Top1"
"Naa35",0.00644333396426664,0.416913565916283,0.448,0.311,1,"5","Naa35"
"Optn1",0.00660376128714243,0.604725755542586,0.328,0.216,1,"5","Optn"
"Mtrex",0.00663946303123567,0.613911359471215,0.345,0.236,1,"5","Mtrex"
"Vps50",0.00664846449180918,0.584119066005003,0.379,0.266,1,"5","Vps50"
"Slc1a11",0.00672960962056411,0.54881633124933,0.405,0.29,1,"5","Slc1a1"
"5430405H02Rik",0.00681033363610722,0.820023417058998,0.293,0.197,1,"5","5430405H02Rik"
"Gnaq",0.00682312964646417,0.29891144216239,0.69,0.564,1,"5","Gnaq"
"Stambpl1",0.00687824923748524,0.516544088094225,0.31,0.197,1,"5","Stambpl1"
"Cox7b1",0.00690434152708712,0.60001091061154,0.293,0.187,1,"5","Cox7b"
"Agfg21",0.00702625469373041,0.65940719330924,0.293,0.19,1,"5","Agfg2"
"Atpaf1",0.00707690564036711,0.861450969253886,0.31,0.212,1,"5","Atpaf1"
"Arhgap351",0.0070878603947288,0.46171840025753,0.509,0.385,1,"5","Arhgap35"
"Hspa8",0.00723417069823217,0.591861634002762,0.345,0.234,1,"5","Hspa8"
"Tmem246",0.00727919084757142,0.718569265777384,0.25,0.152,1,"5","Tmem246"
"Klhl24",0.00743125825459245,0.641925735640811,0.336,0.229,1,"5","Klhl24"
"Ubac2",0.00746549876424432,0.508209399935833,0.44,0.322,1,"5","Ubac2"
"Diaph21",0.0074750431235246,0.428626986480073,0.552,0.417,1,"5","Diaph2"
"Grid21",0.00753908629504704,0.223782876278909,0.974,0.98,1,"5","Grid2"
"Atp5l",0.00754058548051741,0.666786723674838,0.259,0.161,1,"5","Atp5l"
"Snrnp40",0.00757970130038225,0.568695370145332,0.293,0.188,1,"5","Snrnp40"
"Hdac51",0.00768375241443392,0.588129779799839,0.379,0.262,1,"5","Hdac5"
"Morc3",0.00769049013213107,0.58343999089673,0.362,0.249,1,"5","Morc3"
"Mdh2",0.00780005395172853,0.633872101202103,0.259,0.161,1,"5","Mdh2"
"Etf1",0.00785127843420404,0.655582719338087,0.259,0.159,1,"5","Etf1"
"Atp5c1",0.00789853746003076,0.57918499481516,0.328,0.219,1,"5","Atp5c1"
"A330076H08Rik1",0.00861213708620775,0.190171467306372,0.966,0.961,1,"5","A330076H08Rik"
"Trnp11",0.00872078387814631,0.618423702113438,0.284,0.183,1,"5","Trnp1"
"Eif4h",0.00875164312528997,0.586638429321111,0.267,0.167,1,"5","Eif4h"
"Ankrd24",0.00883565324672045,0.461737201384024,0.534,0.398,1,"5","Ankrd24"
"Orc2",0.00894806947119858,0.506484307011301,0.405,0.284,1,"5","Orc2"
"Dennd6b",0.00899861899326271,0.480920178363504,0.491,0.358,1,"5","Dennd6b"
"Prlr1",0.00926429021979275,0.360459753815633,0.466,0.33,1,"5","Prlr"
"Spon11",0.00934138047405004,0.76298992893023,0.293,0.19,1,"5","Spon1"
"Pik3cd1",0.00955648114910182,0.519714393286343,0.259,0.159,1,"5","Pik3cd"
"Zfp4621",0.00963491028617965,0.309893266749978,0.733,0.588,1,"5","Zfp462"
"Gm453231",0.00965785289636867,0.486362850022749,0.328,0.216,1,"5","Gm45323"
"Cplx11",0.00972323423717783,0.638481354454692,0.25,0.156,1,"5","Cplx1"
"Nkain3",0.00978249829968324,0.415561620130677,0.672,0.586,1,"5","Nkain3"
"Man1a1",0.00983819075220169,0.332065602235513,0.336,0.224,1,"5","Man1a"
"Prdm16",9.22717963841399e-109,4.06247177960389,0.84,0.09,1.53217317895864e-104,"6","Prdm16"
"Nr4a2",7.47553487099212e-69,5.41315776606062,0.311,0.009,1.24131256532824e-64,"6","Nr4a2"
"Megf11",6.842060593884e-59,3.71146674029012,0.651,0.108,1.13612416161444e-54,"6","Megf11"
"Otx2os1",7.50213014870352e-51,3.36923380966572,0.434,0.044,1.24572871119222e-46,"6","Otx2os1"
"Ano11",1.00281568127037e-42,3.19024498582191,0.557,0.103,1.66517543874946e-38,"6","Ano1"
"Gfra1",7.2025738210021e-39,2.65313400336274,0.67,0.179,1.1959873829774e-34,"6","Gfra1"
"Nfia",8.86312932430109e-39,3.05433692260603,0.528,0.102,1.4717226243002e-34,"6","Nfia"
"Sox51",1.48677743736683e-34,2.54706589296263,0.66,0.186,2.46879393474761e-30,"6","Sox5"
"Gm29478",1.42709829084103e-31,3.44328187864397,0.283,0.03,2.36969671194154e-27,"6","Gm29478"
"Prkca",1.29366996477012e-30,2.39223781483056,0.877,0.522,2.14813897650078e-26,"6","Prkca"
"Smoc1",3.0002396916305e-28,2.60386645844604,0.415,0.081,4.98189800795244e-24,"6","Smoc1"
"Nfib",9.02240014406701e-28,2.53165204040048,0.462,0.103,1.49816954392233e-23,"6","Nfib"
"Cacng5",2.2736419934251e-24,2.83254325414844,0.292,0.045,3.77538253008237e-20,"6","Cacng5"
"Sox2ot1",3.10671409741334e-24,1.30760739652361,0.84,0.387,5.15869875875485e-20,"6","Sox2ot"
"Zic4",4.26148368351618e-23,2.1453787031338,0.434,0.103,7.07619365647862e-19,"6","Zic4"
"Tead1",7.96048821398972e-23,1.77882761682581,0.67,0.257,1.32183906793299e-18,"6","Tead1"
"Gfra2",2.86020465428741e-22,2.48631491278824,0.406,0.098,4.74936982844425e-18,"6","Gfra2"
"Gnas2",1.89607880743588e-20,1.05148912254812,0.981,0.848,3.14843885974728e-16,"6","Gnas"
"Gab21",2.65638134279941e-20,1.56558091564672,0.811,0.435,4.41092121971842e-16,"6","Gab2"
"Tmem1631",2.90172532936202e-18,1.83474080985268,0.519,0.178,4.81831490940563e-14,"6","Tmem163"
"Pcdh11x1",1.21977481560503e-17,1.83447720381287,0.774,0.478,2.02543608131214e-13,"6","Pcdh11x"
"Rtn4rl1",2.37693064680287e-17,2.17270208611289,0.358,0.093,3.94689333901616e-13,"6","Rtn4rl1"
"Setbp11",7.93038080880543e-17,1.06676193238691,0.896,0.652,1.31683973330214e-12,"6","Setbp1"
"Nlgn12",2.50135833870905e-16,0.793886240197594,1,0.96,4.15350552142638e-12,"6","Nlgn1"
"Nrxn33",8.99456854175688e-16,0.815662661969196,1,0.976,1.49354810635873e-11,"6","Nrxn3"
"Six3",2.49278666034185e-15,1.75662255353422,0.396,0.12,4.13927224949764e-11,"6","Six3"
"Sulf22",5.18406108692457e-15,1.47804729680464,0.613,0.274,8.60813343483826e-11,"6","Sulf2"
"Syt171",1.24561353379574e-14,1.7445622713734,0.453,0.163,2.06834127286783e-10,"6","Syt17"
"Six3os1",2.58293548403913e-14,1.75290713803523,0.311,0.081,4.28896437124698e-10,"6","Six3os1"
"Zfp5362",9.91383701013105e-14,0.968635829090665,0.575,0.231,1.64619263553226e-09,"6","Zfp536"
"Rorb1",3.2540358254551e-13,1.77228272933096,0.481,0.191,5.40332648816819e-09,"6","Rorb"
"Pcsk21",4.48551920192995e-13,1.0919317902204,0.764,0.483,7.44820463480467e-09,"6","Pcsk2"
"Kcnmb21",4.83059258247369e-13,1.66889088226627,0.453,0.173,8.02119898319756e-09,"6","Kcnmb2"
"Gabrb11",5.27450609496625e-13,0.747288292149307,0.972,0.933,8.75831737069146e-09,"6","Gabrb1"
"Pde4d",5.62767162604962e-13,0.87593234124326,0.953,0.953,9.34474873505539e-09,"6","Pde4d"
"St5",9.18929294710381e-13,1.72643492667404,0.34,0.104,1.52588209386659e-08,"6","St5"
"Ripor21",4.86318940654229e-12,1.00101849283502,0.783,0.475,8.07532600956347e-08,"6","Ripor2"
"C530008M17Rik1",6.30008765618085e-12,0.799553118883229,0.925,0.718,1.04612955530883e-07,"6","C530008M17Rik"
"Il1rapl21",4.75778138431266e-11,1.37565291351872,0.538,0.274,7.90029598865117e-07,"6","Il1rapl2"
"Ndst42",6.64099097323865e-11,1.09223703214505,0.604,0.311,1.10273655110628e-06,"6","Ndst4"
"Zic11",1.25537781641031e-10,1.37851162325373,0.377,0.139,2.08455486414932e-06,"6","Zic1"
"Myo10",6.03419334337295e-10,1.50997778569608,0.387,0.155,1.00197780466708e-05,"6","Myo10"
"Frmpd43",6.64637951138997e-10,1.14292527560743,0.83,0.65,1.1036313178663e-05,"6","Frmpd4"
"Usp291",1.3470036684118e-09,0.638252203362482,0.972,0.959,2.23669959139779e-05,"6","Usp29"
"Slc24a32",3.27292013340417e-09,0.949585472842362,0.83,0.689,5.43468388151762e-05,"6","Slc24a3"
"Grid11",4.44091729746794e-09,0.690347485567753,0.943,0.889,7.37414317244552e-05,"6","Grid1"
"Dgkz1",5.36691967752824e-09,1.04118343507262,0.726,0.471,8.91177012453564e-05,"6","Dgkz"
"Prag1",5.94690555776617e-09,1.70043971814109,0.264,0.088,9.87483667867073e-05,"6","Prag1"
"Zfp5211",6.30310152455875e-09,1.52447832696811,0.425,0.197,0.000104663000815298,"6","Zfp521"
"Fam135b1",6.53223195455138e-09,1.10424996199668,0.67,0.447,0.000108467711605326,"6","Fam135b"
"Esrrg2",8.03634764724163e-09,1.2183054638132,0.651,0.448,0.000133443552682447,"6","Esrrg"
"Sik3",9.94114252690031e-09,0.725884734698555,0.877,0.721,0.00016507267165918,"6","Sik3"
"Sobp",1.09867871224906e-08,0.710656114184229,0.877,0.65,0.000182435600168956,"6","Sobp"
"Sned1",1.16091279706232e-08,1.57037917757672,0.311,0.119,0.000192769569952198,"6","Sned1"
"Etl41",1.38048587715854e-08,1.26115467261557,0.717,0.567,0.000229229679902176,"6","Etl4"
"Dlx6os11",1.51751919256888e-08,1.12430106780694,0.462,0.221,0.000251984061926062,"6","Dlx6os1"
"Gria31",1.55723728867736e-08,1.12366379881448,0.83,0.717,0.000258579251784875,"6","Gria3"
"Sphkap",3.88958652474927e-08,0.886231125042426,0.481,0.237,0.000645865842434617,"6","Sphkap"
"A730060N03Rik",7.24860568971648e-08,1.80966878789585,0.283,0.11,0.00120363097477742,"6","A730060N03Rik"
"Onecut2",1.48429556441979e-07,1.15854593931182,0.302,0.118,0.00246467278471906,"6","Onecut2"
"Tpcn1",1.50481228142025e-07,1.28348501586796,0.349,0.153,0.00249874079329833,"6","Tpcn1"
"Slc22a4",1.51609607118795e-07,1.49715611975235,0.283,0.111,0.0025174775262076,"6","Slc22a4"
"Nrg11",1.53026002246045e-07,0.824576018153198,0.877,0.823,0.00254099676729558,"6","Nrg1"
"Adgrb3",1.63862556014718e-07,0.577663859315289,1,0.988,0.00272093774262439,"6","Adgrb3"
"Brinp12",1.65455079765116e-07,0.771925432520006,0.689,0.478,0.00274738159949975,"6","Brinp1"
"Man1a3",1.69907699295607e-07,1.52715570460887,0.425,0.218,0.00282131734680355,"6","Man1a"
"Ccser13",1.75092012033048e-07,0.555775867110721,0.972,0.96,0.00290740285980876,"6","Ccser1"
"4930447C04Rik",2.71799844002888e-07,1.15380533607904,0.472,0.239,0.00451323640966795,"6","4930447C04Rik"
"Myt1",2.79033712944951e-07,1.13499977568475,0.425,0.214,0.00463335480345091,"6","Myt1"
"Gabrb21",2.82561806233939e-07,0.984232684141683,0.632,0.412,0.00469193879251455,"6","Gabrb2"
"Zim11",2.95426149774965e-07,1.15761888504701,0.528,0.303,0.00490555121701329,"6","Zim1"
"Slc44a5",3.2624226925036e-07,1.22606807947985,0.519,0.316,0.00541725288090223,"6","Slc44a5"
"Spats2l2",3.56229732850943e-07,1.35313983354542,0.472,0.274,0.00591519471398991,"6","Spats2l"
"Pvt11",3.62450303496082e-07,1.11547721741994,0.509,0.301,0.00601848728955244,"6","Pvt1"
"Fam155a3",4.00340010642773e-07,0.363130392830034,1,0.99,0.00664764587672324,"6","Fam155a"
"Xpr11",5.05381762296254e-07,0.853255368656841,0.689,0.475,0.00839186416292929,"6","Xpr1"
"Mpp61",5.11313131107115e-07,1.36615441673375,0.434,0.235,0.00849035454203365,"6","Mpp6"
"Fgd51",5.36968668515441e-07,1.34621113135042,0.311,0.133,0.00891636474069889,"6","Fgd5"
"Plekha7",7.25580617975357e-07,0.986866942404105,0.623,0.407,0.0120482661614808,"6","Plekha7"
"Parva",8.49729153576926e-07,1.40625661373663,0.283,0.118,0.0141097525951449,"6","Parva"
"Camk2a3",9.69828406236043e-07,0.669129287897457,0.943,0.796,0.0161040006855495,"6","Camk2a"
"Tmem44",1.01842120905224e-06,1.456514135255,0.255,0.102,0.0169108841763124,"6","Tmem44"
"Luzp12",1.071334360017e-06,1.09432738254815,0.462,0.25,0.0177895070480822,"6","Luzp1"
"Klf121",1.35377183076005e-06,0.650295780904535,0.792,0.634,0.0224793812497706,"6","Klf12"
"Elavl21",1.52721152195206e-06,0.895746595807003,0.585,0.366,0.025359347322014,"6","Elavl2"
"Vezf1",1.76271751539555e-06,1.18947779886371,0.264,0.106,0.0292699243431432,"6","Vezf1"
"Stac3",1.76817100097906e-06,0.870612456347281,0.415,0.213,0.0293604794712573,"6","Stac"
"Rcor1",1.8407667690732e-06,1.12567298452582,0.425,0.229,0.0305659322004605,"6","Rcor1"
"Nwd22",2.01979155151018e-06,1.49398884067367,0.33,0.161,0.0335386387128266,"6","Nwd2"
"Sdk1",2.17884514057732e-06,0.676354099616779,0.717,0.498,0.0361797235592864,"6","Sdk1"
"Chd71",2.372454604199e-06,1.18586654531133,0.349,0.169,0.0393946087027244,"6","Chd7"
"Ppp2cb",2.41118493184613e-06,1.31216912842503,0.274,0.116,0.040037725793305,"6","Ppp2cb"
"Dscam2",2.46521424239894e-06,0.415605133926237,0.991,0.935,0.0409348824950344,"6","Dscam"
"Etf11",2.9304537494044e-06,1.08305573972756,0.33,0.155,0.04866018450886,"6","Etf1"
"Atp1a1",3.00934139526374e-06,0.839535327806754,0.481,0.263,0.0499701138683544,"6","Atp1a1"
"Phactr2",3.09306339126054e-06,1.42651699616456,0.311,0.149,0.0513603176118812,"6","Phactr2"
"Cox6a1",3.26148721229097e-06,1.21169253267924,0.264,0.11,0.0541569951600915,"6","Cox6a1"
"Cntn51",3.72116065799389e-06,0.79931606575146,0.858,0.848,0.0617898727259885,"6","Cntn5"
"Cdh71",3.91297753569833e-06,0.993221467368938,0.462,0.263,0.0649749919802708,"6","Cdh7"
"Ntm",4.05176524387832e-06,0.641955362340628,0.934,0.855,0.0672795618745995,"6","Ntm"
"Grid22",4.58726846501409e-06,0.592002504433786,0.962,0.98,0.0761715928615589,"6","Grid2"
"Susd41",5.0163503731424e-06,0.641212496536994,0.745,0.556,0.0832964979460296,"6","Susd4"
"Hunk1",6.05878758065694e-06,1.02236781302845,0.292,0.131,0.100606167776808,"6","Hunk"
"Frmd51",6.33266128125454e-06,0.461756725890102,0.906,0.848,0.105153840575232,"6","Frmd5"
"March3",6.43739269644368e-06,0.915662644058698,0.434,0.252,0.106892905724447,"6","March3"
"Slc6a17",6.87711723010512e-06,0.718422552046465,0.613,0.407,0.114194531605896,"6","Slc6a17"
"Ankrd551",7.89742453397381e-06,0.869384960604568,0.604,0.422,0.131136734386635,"6","Ankrd55"
"Grm31",8.14738923002292e-06,1.43834487277091,0.396,0.226,0.135287398164531,"6","Grm3"
"Slc25a132",8.8199566222542e-06,0.932613160270125,0.292,0.131,0.146455379712531,"6","Slc25a13"
"Synj2bp",9.0140135437837e-06,0.655153669826323,0.623,0.39,0.149677694894528,"6","Synj2bp"
"Srpk21",1.08835131745721e-05,0.536025700363871,0.783,0.665,0.18072073626377,"6","Srpk2"
"Slc8a11",1.15405306777993e-05,0.590307801541038,0.925,0.829,0.191630511904858,"6","Slc8a1"
"Tfdp2",1.21402266331666e-05,0.895910840162252,0.472,0.279,0.201588463243731,"6","Tfdp2"
"Efna52",1.2743261276965e-05,0.817936403879451,0.745,0.585,0.211601853504004,"6","Efna5"
"Pou2f22",1.33385865189728e-05,0.570359117996476,0.689,0.423,0.221487229147544,"6","Pou2f2"
"Cntnap41",1.42186670238995e-05,0.644026409235826,0.642,0.409,0.236100965931851,"6","Cntnap4"
"Sntg11",1.44558311158229e-05,0.61968477510293,0.962,0.975,0.240039075678238,"6","Sntg1"
"St6galnac52",1.56929429722001e-05,0.590093608824307,0.679,0.454,0.260581318053383,"6","St6galnac5"
"Lhfpl31",1.77346140254888e-05,0.892496061106582,0.868,0.853,0.294483265893242,"6","Lhfpl3"
"Zfp4231",1.77411607283756e-05,0.768458141569743,0.538,0.333,0.294591973894676,"6","Zfp423"
"Trim17",1.81308325541742e-05,1.05472318634084,0.264,0.117,0.301062474562062,"6","Trim17"
"Rasgrp11",1.85683794900614e-05,0.92283213947754,0.283,0.129,0.308327941432469,"6","Rasgrp1"
"Pcdh172",1.93688548059232e-05,0.762762997112923,0.689,0.52,0.321619834052355,"6","Pcdh17"
"Lrrc8d",1.98430238200501e-05,1.30569963309548,0.406,0.242,0.329493410531932,"6","Lrrc8d"
"Tcf121",2.02084009892676e-05,0.714939287836207,0.632,0.425,0.335560498426789,"6","Tcf12"
"Lrfn51",2.17750021631773e-05,0.480337352086432,0.943,0.93,0.361573910919558,"6","Lrfn5"
"Pank2",2.60096566470273e-05,1.0523671735653,0.311,0.154,0.431890348623888,"6","Pank2"
"Aifm31",2.77202724364635e-05,0.615192431522581,0.623,0.4,0.460295123807476,"6","Aifm3"
"Crebrf",2.9070633347014e-05,0.730496951997272,0.575,0.371,0.482717866727167,"6","Crebrf"
"Tenm32",2.9482185462274e-05,0.517217894085322,0.858,0.718,0.489551689601059,"6","Tenm3"
"Tcf41",3.08338431794228e-05,0.23492076962488,0.585,0.355,0.511995965994315,"6","Tcf4"
"Ralgapa1",3.11333174102155e-05,0.425185153477018,0.934,0.825,0.516968735596628,"6","Ralgapa1"
"Reps2",3.13924870811501e-05,0.972244333602618,0.5,0.321,0.521272247982498,"6","Reps2"
"Gnaq1",3.21681944808173e-05,0.63697886697995,0.708,0.563,0.534152869353972,"6","Gnaq"
"Ctnna21",3.23577159942455e-05,0.375252346319266,0.991,0.986,0.537299874084446,"6","Ctnna2"
"Nfyc1",3.24084556455426e-05,0.966148258273212,0.462,0.282,0.538142405994235,"6","Nfyc"
"Ttll7",3.28778671476375e-05,0.6628801707664,0.623,0.411,0.545936983986521,"6","Ttll7"
"Invs",4.28133691303158e-05,0.948182472022295,0.396,0.231,0.710915994408894,"6","Invs"
"Arhgef10l",4.30726510099444e-05,0.731245764922267,0.491,0.298,0.715221370020126,"6","Arhgef10l"
"Cdh11",4.5984729514625e-05,1.12393879616813,0.453,0.281,0.763576433590348,"6","Cdh11"
"Zfp961",4.76846058387453e-05,0.868837249836811,0.406,0.231,0.791802879952366,"6","Zfp961"
"Rapgef3",4.8369096179176e-05,1.12596959123758,0.302,0.154,0.803168842055218,"6","Rapgef3"
"Whrn1",4.84607159005663e-05,0.871170019655047,0.349,0.184,0.804690187528903,"6","Whrn"
"Gabra11",5.10721240733513e-05,0.940798686006989,0.472,0.299,0.848052620237999,"6","Gabra1"
"Sema6a1",5.12984268290216e-05,0.541241123291838,0.566,0.344,0.851810377495903,"6","Sema6a"
"Magi24",5.27266013827549e-05,0.309352235453611,1,0.995,0.875525215960645,"6","Magi2"
"Cachd11",5.29101578337017e-05,0.963474123974886,0.292,0.142,0.878573170828616,"6","Cachd1"
"Homer2",5.48364190175661e-05,1.17389390364526,0.283,0.141,0.910558737786685,"6","Homer2"
"Ndfip2",5.87148816117082e-05,0.893084796083488,0.34,0.176,0.974960609162414,"6","Ndfip2"
"Dcc1",5.94683346119751e-05,0.421141801238395,0.991,0.925,0.987471696231847,"6","Dcc"
"Hmgn31",5.98183488961836e-05,0.806013088098629,0.434,0.259,0.993283683421129,"6","Hmgn3"
"Ubac21",6.99401911335383e-05,0.671095756558948,0.509,0.317,1,"6","Ubac2"
"Atxn11",7.05189250113505e-05,0.369399417774825,0.925,0.843,1,"6","Atxn1"
"Lgi3",7.57338014636452e-05,0.944462155449083,0.358,0.195,1,"6","Lgi3"
"Shc3",7.64102089432495e-05,0.731621373389372,0.491,0.304,1,"6","Shc3"
"St8sia4",8.27436302387979e-05,1.29278174922785,0.283,0.148,1,"6","St8sia4"
"Mosmo",8.60549870124152e-05,1.19057867266065,0.302,0.163,1,"6","Mosmo"
"Brwd3",9.47714476710965e-05,0.943574566537181,0.377,0.216,1,"6","Brwd3"
"Chchd31",9.52894111328649e-05,0.66683618791156,0.613,0.447,1,"6","Chchd3"
"Mthfd1l",9.6181173111039e-05,1.19006653384062,0.283,0.147,1,"6","Mthfd1l"
"Ube2w",9.81750575972849e-05,0.705457792907717,0.491,0.307,1,"6","Ube2w"
"Tnrc6b",0.0001039765963819,0.41624546474997,0.896,0.876,1,"6","Tnrc6b"
"Mapk10",0.000113475373202272,0.346925280195897,0.943,0.896,1,"6","Mapk10"
"Klf7",0.00011433335459562,0.556848864512242,0.575,0.369,1,"6","Klf7"
"Akt31",0.000122224853280761,0.598514816816587,0.717,0.57,1,"6","Akt3"
"B230217O12Rik",0.000123568401733329,0.806724511280307,0.34,0.182,1,"6","B230217O12Rik"
"Neurl4",0.000125429407567158,0.831445730291102,0.311,0.16,1,"6","Neurl4"
"Itpr11",0.000128099282876441,0.819181434562312,0.481,0.298,1,"6","Itpr1"
"Slc7a1",0.000131846304197767,1.33479024582441,0.255,0.128,1,"6","Slc7a1"
"Ncoa12",0.000131900541109476,0.507794640198696,0.83,0.68,1,"6","Ncoa1"
"Tnfrsf21",0.000139178532778074,1.05082425907768,0.292,0.155,1,"6","Tnfrsf21"
"Manba",0.000139801715292986,0.93761595605386,0.33,0.18,1,"6","Manba"
"Gabra4",0.000146407382436783,1.29568519212411,0.264,0.134,1,"6","Gabra4"
"Appl2",0.000153490288545131,1.29918917059232,0.274,0.147,1,"6","Appl2"
"Faf1",0.000159205740027289,0.629017680799092,0.651,0.483,1,"6","Faf1"
"Grik33",0.000160534800217988,0.365136945480334,0.717,0.508,1,"6","Grik3"
"Atp6v1b2",0.000175565271784537,0.673303588203578,0.509,0.332,1,"6","Atp6v1b2"
"Pde10a1",0.000177423785276001,0.488027988438828,0.906,0.838,1,"6","Pde10a"
"Usp28",0.000183381035129152,0.90902633995251,0.358,0.205,1,"6","Usp28"
"Got21",0.000184153995015396,0.844450020832612,0.368,0.213,1,"6","Got2"
"Strn31",0.000185934331439443,0.51520029522211,0.755,0.626,1,"6","Strn3"
"Rlim",0.000195915501131054,1.11547721741994,0.255,0.127,1,"6","Rlim"
"Rbms12",0.000197911448729141,0.626350738974124,0.481,0.311,1,"6","Rbms1"
"N4bp2l2",0.000198764538528765,0.615438814418046,0.66,0.512,1,"6","N4bp2l2"
"Pcmtd2",0.000215006500206083,0.815735885797236,0.5,0.339,1,"6","Pcmtd2"
"Eif4e",0.000219193168708167,0.731562235636873,0.358,0.2,1,"6","Eif4e"
"Fmn2",0.000227130132679166,0.647608761633999,0.623,0.45,1,"6","Fmn2"
"Cacnb41",0.000227845148475685,0.722964082093783,0.708,0.612,1,"6","Cacnb4"
"Kcnn21",0.000234694968903228,0.651138907258523,0.623,0.491,1,"6","Kcnn2"
"Cep97",0.000237020343213768,0.91253715874966,0.264,0.132,1,"6","Cep97"
"Asb7",0.000247280937607195,0.776675303968178,0.377,0.218,1,"6","Asb7"
"Ptprn21",0.000261677665063336,0.221406592283518,1,0.996,1,"6","Ptprn2"
"Cpne41",0.000266674821062609,0.869497975765872,0.491,0.342,1,"6","Cpne4"
"Dtnbp1",0.000267163444474027,0.961354072100516,0.274,0.142,1,"6","Dtnbp1"
"Vps541",0.00026828259635517,0.629055084904327,0.491,0.307,1,"6","Vps54"
"Slc25a12",0.000273531319092498,0.600416729928936,0.708,0.546,1,"6","Slc25a12"
"Mkx1",0.000278334854516917,1.0433274316641,0.255,0.128,1,"6","Mkx"
"Bcat1",0.000278831833796941,0.944249556709988,0.302,0.163,1,"6","Bcat1"
"Cuedc1",0.000285211472748432,0.715136229347794,0.575,0.41,1,"6","Cuedc1"
"Stim1",0.000286122697007182,0.649813645071124,0.566,0.393,1,"6","Stim1"
"Dlat1",0.000291836492513228,0.725243109141665,0.5,0.345,1,"6","Dlat"
"Fam13a1",0.000293214924628597,0.799572910160344,0.509,0.339,1,"6","Fam13a"
"Igf1r",0.000315541822125049,0.709616364516068,0.604,0.458,1,"6","Igf1r"
"Slc25a36",0.000327774238054333,0.563326586773702,0.557,0.378,1,"6","Slc25a36"
"Ccnt2",0.00033806626956014,0.549687025973626,0.613,0.43,1,"6","Ccnt2"
"Gnal1",0.000341800681674394,0.448240713669237,0.679,0.512,1,"6","Gnal"
"Lncppara1",0.000346596386588194,0.752907138035228,0.406,0.252,1,"6","Lncppara"
"Rit21",0.000353503906205899,0.447832683757636,0.84,0.681,1,"6","Rit2"
"Trpc31",0.000374661512662579,0.807354922057604,0.311,0.173,1,"6","Trpc3"
"Zfyve161",0.000386748886405986,0.736478937038674,0.472,0.307,1,"6","Zfyve16"
"Lingo23",0.000391642523380324,0.339870468794904,0.991,0.965,1,"6","Lingo2"
"Ogdh1",0.000415102724332006,0.634772800492097,0.679,0.543,1,"6","Ogdh"
"Ctnnd22",0.000419205837803106,0.230389925678277,0.981,0.982,1,"6","Ctnnd2"
"Zfhx33",0.000422183462372962,0.31695173226751,0.915,0.754,1,"6","Zfhx3"
"Ssb",0.000428103085400742,0.766673416541179,0.472,0.32,1,"6","Ssb"
"Pds5a1",0.000451223703397498,0.647698256069119,0.547,0.388,1,"6","Pds5a"
"Brd1",0.000464436789766788,0.626298255388587,0.462,0.292,1,"6","Brd1"
"Mpdz1",0.000471720913558206,0.67069237474704,0.538,0.372,1,"6","Mpdz"
"4833420G17Rik",0.000480425999670227,0.765329248885115,0.396,0.244,1,"6","4833420G17Rik"
"Rcn2",0.000489861814761992,0.623968892281026,0.443,0.275,1,"6","Rcn2"
"Spred2",0.000506652300671883,0.616671360448494,0.528,0.361,1,"6","Spred2"
"Tacc2",0.000525990673285614,0.62918103497127,0.5,0.334,1,"6","Tacc2"
"Klhl26",0.000532028485476122,0.940218771674583,0.292,0.162,1,"6","Klhl26"
"Uty",0.000532496882197976,0.659946534122542,0.557,0.395,1,"6","Uty"
"Mboat2",0.000534245444735929,0.564405084768404,0.462,0.29,1,"6","Mboat2"
"Rnf145",0.000538031732388376,0.948367231584678,0.283,0.156,1,"6","Rnf145"
"Kansl1l",0.000544173460543707,0.874880200705898,0.321,0.181,1,"6","Kansl1l"
"Mtm1",0.000544347555817594,0.974121368174395,0.264,0.141,1,"6","Mtm1"
"Fgfr21",0.000548092311494694,1.01649921493932,0.481,0.351,1,"6","Fgfr2"
"Shtn11",0.000551076793823666,0.537552267438714,0.679,0.516,1,"6","Shtn1"
"Tdrd32",0.000562819168431799,0.785556331779043,0.349,0.205,1,"6","Tdrd3"
"Prkn1",0.000565665367671419,0.394469197156706,0.943,0.921,1,"6","Prkn"
"Reps1",0.000566720336241926,0.73862291202898,0.434,0.287,1,"6","Reps1"
"A330074K22Rik",0.000566835791682229,0.847281106470363,0.255,0.131,1,"6","A330074K22Rik"
"Strbp1",0.000567593671012804,0.336076356933333,0.887,0.802,1,"6","Strbp"
"Aig11",0.00058041085416603,0.468675462880917,0.689,0.53,1,"6","Aig1"
"St7l",0.000587714793090655,0.833706249004556,0.358,0.222,1,"6","St7l"
"Dsel",0.000592107552444349,0.931052646282509,0.255,0.134,1,"6","Dsel"
"Pik3ca",0.000594711612947006,0.580494565775462,0.472,0.3,1,"6","Pik3ca"
"Ncor1",0.000632802138140939,0.311929885434412,0.906,0.827,1,"6","Ncor1"
"Zfp8271",0.000658215047017684,0.700439718141092,0.472,0.32,1,"6","Zfp827"
"Nup188",0.000675237003896338,0.712249020430726,0.368,0.217,1,"6","Nup188"
"Spag9",0.000735307111027921,0.338833298561694,0.84,0.731,1,"6","Spag9"
"Clybl",0.000747635346206675,0.989946335336077,0.274,0.149,1,"6","Clybl"
"Spopl",0.000754515514239358,0.69045562956847,0.311,0.173,1,"6","Spopl"
"Adcy11",0.000762986128429096,0.942145614534374,0.292,0.167,1,"6","Adcy1"
"Arih1",0.000787872915711511,0.489241508468508,0.689,0.533,1,"6","Arih1"
"Sorcs21",0.000804730544893587,0.834382840041151,0.396,0.259,1,"6","Sorcs2"
"Bcl7c",0.0008064607368116,0.881987087200157,0.283,0.158,1,"6","Bcl7c"
"Vdac1",0.000806840791330215,0.90902633995251,0.292,0.167,1,"6","Vdac1"
"Gabrg21",0.000815175104713227,0.584439121415257,0.557,0.407,1,"6","Gabrg2"
"Fam49b1",0.000825764690293895,0.500767373304728,0.623,0.461,1,"6","Fam49b"
"Ambra11",0.000830442080092174,0.457774901778383,0.726,0.601,1,"6","Ambra1"
"A330023F24Rik",0.00084263962831846,0.39973283776849,0.811,0.746,1,"6","A330023F24Rik"
"Xpo7",0.000847213186046286,0.588497900805188,0.585,0.447,1,"6","Xpo7"
"Kpna11",0.00085133525775525,0.787151351334423,0.396,0.254,1,"6","Kpna1"
"Trim44",0.000939021068170551,0.691740023190707,0.425,0.276,1,"6","Trim44"
"Ube2i",0.000955861294209314,0.769026803398504,0.302,0.171,1,"6","Ube2i"
"4930402H24Rik1",0.000966631669156744,0.283589625015947,0.972,0.974,1,"6","4930402H24Rik"
"Psd3",0.00099520472514726,0.728622485911801,0.453,0.315,1,"6","Psd3"
"Arhgef4",0.00100223547761695,0.734873215204966,0.377,0.234,1,"6","Arhgef4"
"Snx2",0.0010035841955434,0.87669035783282,0.34,0.214,1,"6","Snx2"
"Tor1aip11",0.00102287803003527,0.937478915441941,0.255,0.137,1,"6","Tor1aip1"
"Srr",0.00107952145256606,0.580400100132643,0.519,0.358,1,"6","Srr"
"Bckdhb1",0.00109371141155437,0.665793575334201,0.453,0.299,1,"6","Bckdhb"
"Mpzl1",0.00110047869539474,1.25355335282291,0.255,0.143,1,"6","Mpzl1"
"Rpap1",0.00110567284544117,0.874469117916141,0.264,0.145,1,"6","Rpap1"
"Adarb11",0.00112747463722541,0.974221558808893,0.509,0.398,1,"6","Adarb1"
"Ptch11",0.00113753877786778,0.81827620843495,0.34,0.205,1,"6","Ptch1"
"Pdia3",0.00116745281206659,0.697865774477266,0.453,0.298,1,"6","Pdia3"
"Ggt7",0.00117489111858951,0.61109223254581,0.538,0.386,1,"6","Ggt7"
"Sgk11",0.00118003026710066,0.647587835875357,0.406,0.264,1,"6","Sgk1"
"Spata5",0.00122557748999818,0.704124764948948,0.368,0.227,1,"6","Spata5"
"Gad13",0.00125396603932707,0.503484510729631,0.519,0.351,1,"6","Gad1"
"Ppp4r1",0.00126372643221139,0.880771534644637,0.34,0.213,1,"6","Ppp4r1"
"Naaladl21",0.00127366488563335,0.48201619900759,0.613,0.448,1,"6","Naaladl2"
"Gm142043",0.00134014780021308,0.710881464862739,0.368,0.231,1,"6","Gm14204"
"Fam228b",0.00135631846242238,0.814096499936659,0.274,0.153,1,"6","Fam228b"
"Ube2b",0.00135858254556312,0.36455316566381,0.84,0.749,1,"6","Ube2b"
"Dgkg1",0.00139388872791759,0.490354192256257,0.66,0.502,1,"6","Dgkg"
"2510002D24Rik",0.00143512119389317,0.655029258451146,0.34,0.202,1,"6","2510002D24Rik"
"Cox7b2",0.00145608146194502,0.856090588601286,0.311,0.187,1,"6","Cox7b"
"Prpf8",0.00148160240342453,0.817253383123842,0.33,0.202,1,"6","Prpf8"
"Ap1g1",0.00148809269590737,0.616123432207617,0.415,0.267,1,"6","Ap1g1"
"Sclt1",0.00149137497467308,0.407827190078286,0.764,0.612,1,"6","Sclt1"
"Fnbp1",0.00150168319504009,0.45820051188289,0.792,0.695,1,"6","Fnbp1"
"Nfs11",0.00150615731528752,0.689212462717838,0.368,0.227,1,"6","Nfs1"
"Map3k21",0.00152418593629715,0.587377053654456,0.462,0.319,1,"6","Map3k2"
"Pde9a1",0.00154104213025235,0.871920186085446,0.349,0.219,1,"6","Pde9a"
"Rpn2",0.001569478643747,0.669291019570428,0.425,0.284,1,"6","Rpn2"
"Vegfa",0.00161602545692101,0.810622635891515,0.264,0.147,1,"6","Vegfa"
"Pafah1b1",0.00161673301525692,0.405112285404383,0.774,0.689,1,"6","Pafah1b1"
"Supt3",0.00162533017865399,0.597010128485686,0.472,0.329,1,"6","Supt3"
"Gm289051",0.00163593862365369,0.41647947345275,0.67,0.518,1,"6","Gm28905"
"Emsy",0.00163715443585026,0.597406600353951,0.566,0.416,1,"6","Emsy"
"Mest2",0.00163841553653805,0.665951341755801,0.415,0.271,1,"6","Mest"
"Ptpn51",0.00164011486755963,0.38650441400726,0.745,0.618,1,"6","Ptpn5"
"Galnt171",0.00167906375789549,0.574035375328918,0.613,0.489,1,"6","Galnt17"
"Mtmr3",0.00173590962301374,0.528630072353837,0.547,0.401,1,"6","Mtmr3"
"Nsmce2",0.0017586360265726,0.730813367184611,0.491,0.374,1,"6","Nsmce2"
"Kansl11",0.00179507284523866,0.368638564766864,0.821,0.743,1,"6","Kansl1"
"Rad54l2",0.00184886736877897,0.770518153877233,0.377,0.246,1,"6","Rad54l2"
"Ghr",0.0018534549867034,0.557736185433804,0.434,0.311,1,"6","Ghr"
"Atf2",0.00191773712066071,0.61620318097306,0.491,0.342,1,"6","Atf2"
"Hsd17b121",0.00193175943587729,0.76523484093816,0.283,0.165,1,"6","Hsd17b12"
"Gdap1",0.00196339947556572,0.700439718141092,0.387,0.251,1,"6","Gdap1"
"Chgb",0.00196818440050811,0.628031222613042,0.472,0.346,1,"6","Chgb"
"Slc4a10",0.00200318300649595,0.490986352512142,0.642,0.488,1,"6","Slc4a10"
"Arid2",0.00207896371094286,0.53051471669878,0.5,0.358,1,"6","Arid2"
"Samd4",0.0021508008165998,0.539127847003488,0.651,0.528,1,"6","Samd4"
"Impact",0.00215715870914198,0.579424317179726,0.538,0.396,1,"6","Impact"
"Wwox1",0.00216032905658579,0.419587566256646,0.849,0.844,1,"6","Wwox"
"Ndst31",0.0021914533636858,0.722784434930228,0.462,0.34,1,"6","Ndst3"
"Ldlrad4",0.00219939903804486,0.449594721315212,0.575,0.41,1,"6","Ldlrad4"
"Mllt10",0.00220565302708797,0.445212024461247,0.745,0.623,1,"6","Mllt10"
"Ssbp31",0.00220638752349825,0.558420713268664,0.528,0.374,1,"6","Ssbp3"
"Fbxw111",0.00222891866837744,0.721399336776738,0.368,0.239,1,"6","Fbxw11"
"Cplx12",0.00226173114308359,0.967378578430802,0.264,0.155,1,"6","Cplx1"
"Jmy1",0.00227542091457781,0.723747091633161,0.302,0.18,1,"6","Jmy"
"Elavl1",0.00234393221741983,0.679892340737006,0.415,0.279,1,"6","Elavl1"
"Nol41",0.00234585963544387,0.315970157185017,0.783,0.57,1,"6","Nol4"
"Tmem94",0.00234684376161834,0.757366786225927,0.311,0.192,1,"6","Tmem94"
"Upf2",0.00237615583858384,0.404081529850447,0.528,0.361,1,"6","Upf2"
"Rnf38",0.00239139632969057,0.432506512894459,0.415,0.261,1,"6","Rnf38"
"Pak1",0.00240247950235076,0.577458218309055,0.425,0.28,1,"6","Pak1"
"Meg32",0.00240344806544704,0.122896082046853,1,1,1,"6","Meg3"
"Lin28b1",0.00245240866412765,0.656045598782639,0.491,0.365,1,"6","Lin28b"
"Purg",0.00247618639246113,0.742166843750816,0.377,0.246,1,"6","Purg"
"Acadsb1",0.00265805212971903,0.488100961468567,0.585,0.452,1,"6","Acadsb"
"Mta3",0.00267508298919842,0.592709478306124,0.481,0.346,1,"6","Mta3"
"St3gal31",0.00268293319986028,0.560965299220034,0.623,0.491,1,"6","St3gal3"
"Lgals8",0.00270835648667935,0.50945310117095,0.472,0.319,1,"6","Lgals8"
"Dcaf6",0.00271294138520482,0.545434136534519,0.585,0.449,1,"6","Dcaf6"
"Nxn1",0.0027393591297577,0.722601368065251,0.255,0.145,1,"6","Nxn"
"Vps41",0.00275037749748386,0.432959407276106,0.651,0.469,1,"6","Vps41"
"Paxbp1",0.00275402072128152,0.415037499278844,0.585,0.42,1,"6","Paxbp1"
"Pfdn1",0.00278803192586352,0.919080004616432,0.302,0.189,1,"6","Pfdn1"
"Cacng21",0.00280378635823622,0.842100867364683,0.547,0.446,1,"6","Cacng2"
"Pspc1",0.00280640691543623,0.691450934913837,0.396,0.274,1,"6","Pspc1"
"Gm167591",0.00287938642240225,0.658128913283128,0.302,0.18,1,"6","Gm16759"
"Hip1r",0.00292441657519299,0.684137905811992,0.34,0.213,1,"6","Hip1r"
"Utrn",0.00293117280933686,0.506061672974241,0.387,0.25,1,"6","Utrn"
"Cpeb31",0.00294415262184513,0.480542590088954,0.736,0.615,1,"6","Cpeb3"
"Ap2b1",0.00294890655134059,0.541667577637506,0.566,0.428,1,"6","Ap2b1"
"Adk1",0.00298826605744831,0.753360032416875,0.368,0.246,1,"6","Adk"
"Sucla2",0.00301588050119597,0.688467076475016,0.34,0.216,1,"6","Sucla2"
"Wdr33",0.00301707679171465,0.394193245485999,0.726,0.581,1,"6","Wdr33"
"Fndc51",0.00302220581526274,0.767076911171382,0.274,0.16,1,"6","Fndc5"
"Zfp609",0.00302268129634559,0.493899123622495,0.651,0.522,1,"6","Zfp609"
"Ahcyl21",0.00303002869532704,0.419787898832249,0.632,0.481,1,"6","Ahcyl2"
"Med27",0.00312023172713416,0.556509925231724,0.406,0.266,1,"6","Med27"
"Ccdc1741",0.00312051292476864,0.576611131288234,0.396,0.254,1,"6","Ccdc174"
"Tbc1d42",0.00313768597257805,0.552541023028779,0.302,0.179,1,"6","Tbc1d4"
"Arhgef9",0.00315808784473989,0.575957687459947,0.5,0.369,1,"6","Arhgef9"
"Acer31",0.00319638230959157,0.619727918881833,0.415,0.282,1,"6","Acer3"
"E130308A19Rik",0.00322161047546358,0.689870476430905,0.415,0.288,1,"6","E130308A19Rik"
"Wdr26",0.00325040970712234,0.449095923108515,0.613,0.47,1,"6","Wdr26"
"Hmbox1",0.00332231569780166,0.680540160703387,0.387,0.257,1,"6","Hmbox1"
"Cdh61",0.00335942555122043,0.927850214244165,0.255,0.149,1,"6","Cdh6"
"Asah1",0.00339824842564869,0.708477037206511,0.34,0.218,1,"6","Asah1"
"Vwc2l1",0.00343581525526028,0.582982136592915,0.472,0.345,1,"6","Vwc2l"
"Numb",0.0034552737108735,0.723482364802584,0.425,0.295,1,"6","Numb"
"Uhrf1bp1l",0.00349869695643132,0.596103058326356,0.547,0.414,1,"6","Uhrf1bp1l"
"Bcan1",0.00352204011708131,0.771522816202575,0.358,0.241,1,"6","Bcan"
"Usp541",0.00364740498024059,0.536576469485981,0.406,0.266,1,"6","Usp54"
"Zfp280d",0.00365468742422154,0.417434666888063,0.689,0.543,1,"6","Zfp280d"
"Abhd18",0.00367505305569608,0.475548257480851,0.566,0.422,1,"6","Abhd18"
"Flrt21",0.0036836976778767,0.980547637333827,0.321,0.207,1,"6","Flrt2"
"Hnrnpll",0.00369551960190224,0.700439718141092,0.321,0.202,1,"6","Hnrnpll"
"Elp2",0.00377501434281787,0.545161492663181,0.415,0.278,1,"6","Elp2"
"Khdrbs22",0.00381152072954943,0.52462615733632,0.736,0.654,1,"6","Khdrbs2"
"Bsg",0.00384632307778611,0.482800826775279,0.491,0.347,1,"6","Bsg"
"Hspa14",0.00392648968588894,0.84245872301352,0.264,0.159,1,"6","Hspa14"
"Pnkd1",0.00393149878518391,0.593206494816065,0.472,0.34,1,"6","Pnkd"
"Rnf241",0.00394956439882319,0.726434926674037,0.311,0.195,1,"6","Rnf24"
"Lpp1",0.00415078685208753,0.768458141569743,0.396,0.276,1,"6","Lpp"
"Tctn11",0.00415491435226993,0.705601423256871,0.283,0.171,1,"6","Tctn1"
"Stk391",0.00420741518384596,0.505623541157069,0.509,0.372,1,"6","Stk39"
"Ctnnbl1",0.00421786684857839,0.829618377240095,0.34,0.224,1,"6","Ctnnbl1"
"Rhoa",0.00423293051184382,0.740437786073011,0.264,0.156,1,"6","Rhoa"
"Tango6",0.00428549536843771,0.614951819075811,0.33,0.209,1,"6","Tango6"
"Jam3",0.00429071557697765,0.647000459179632,0.358,0.237,1,"6","Jam3"
"Gdpd1",0.00435170596050459,0.453473680934952,0.509,0.355,1,"6","Gdpd1"
"Nars1",0.00443783105700082,0.596103058326357,0.349,0.226,1,"6","Nars"
"Per2",0.00444932327646246,0.800966594095057,0.264,0.157,1,"6","Per2"
"Cpe",0.00455930398229366,0.432858523038389,0.698,0.589,1,"6","Cpe"
"Cep831",0.0046056971904805,0.614172645745689,0.434,0.313,1,"6","Cep83"
"Sema5a1",0.00463957546206477,1.23353297894165,0.264,0.167,1,"6","Sema5a"
"Fbxl16",0.00469159932245039,0.543396007995512,0.387,0.255,1,"6","Fbxl16"
"Dclk21",0.00475838885455304,0.525853339328917,0.547,0.443,1,"6","Dclk2"
"Vwc22",0.00477207017554483,0.440140280028537,0.33,0.202,1,"6","Vwc2"
"Rgs20",0.00485703765408018,0.945095594660031,0.425,0.313,1,"6","Rgs20"
"Ppp6r2",0.00490368679354426,0.406154378322859,0.698,0.552,1,"6","Ppp6r2"
"Mrs2",0.00493410285270943,0.700439718141092,0.34,0.217,1,"6","Mrs2"
"Ptcd31",0.00499231074972008,0.641546029087524,0.377,0.258,1,"6","Ptcd3"
"Adam22",0.00518400315777464,0.252059605982267,0.887,0.843,1,"6","Adam22"
"Rnf130",0.00525832163915078,0.478047296804644,0.642,0.539,1,"6","Rnf130"
"Mbnl1",0.00535729929315781,0.425579876910509,0.519,0.38,1,"6","Mbnl1"
"Hk1",0.00541260105096655,0.448900951145128,0.462,0.321,1,"6","Hk1"
"Spats2",0.005434515756871,0.629232767648672,0.311,0.197,1,"6","Spats2"
"Arl152",0.00546100703699204,0.46067072808467,0.613,0.516,1,"6","Arl15"
"Rimklb",0.00547633880702191,0.586072693189092,0.368,0.247,1,"6","Rimklb"
"Htr2c2",0.00552412301439489,0.632695111505258,0.481,0.366,1,"6","Htr2c"
"Fnip1",0.00557395699500683,0.53051471669878,0.5,0.358,1,"6","Fnip1"
"Smyd31",0.00560848657565188,0.372325823307436,0.84,0.744,1,"6","Smyd3"
"Katnal2",0.00568112260163222,0.764254815738535,0.321,0.214,1,"6","Katnal2"
"Ndfip1",0.00571931040269461,0.444456935077583,0.566,0.417,1,"6","Ndfip1"
"Nexmif",0.00572134140934555,0.643322747342731,0.519,0.41,1,"6","Nexmif"
"Zfp282",0.005864338392159,0.736965594166206,0.358,0.242,1,"6","Zfp282"
"Scn2b",0.00587088844456177,0.791085082581092,0.283,0.179,1,"6","Scn2b"
"Rnf138",0.00587192786565466,0.603027216483148,0.292,0.179,1,"6","Rnf138"
"Stx6",0.00593283586727373,0.543225768448334,0.321,0.201,1,"6","Stx6"
"Zfp329",0.00596696470668452,0.744520786605209,0.358,0.242,1,"6","Zfp329"
"Tmem132a1",0.00601031888329191,0.796150917720853,0.387,0.281,1,"6","Tmem132a"
"Iws1",0.00613886103978325,0.507794640198696,0.481,0.344,1,"6","Iws1"
"Ftl1-ps13",0.00614094626224757,0.570481124016424,0.387,0.266,1,"6","Ftl1-ps1"
"Gpatch8",0.00614627103751879,0.325804572922885,0.849,0.751,1,"6","Gpatch8"
"Lmbr11",0.00619801076463102,0.506204309292602,0.509,0.381,1,"6","Lmbr1"
"A230006K03Rik1",0.00621284327095136,0.288534489992934,0.877,0.821,1,"6","A230006K03Rik"
"Tafa21",0.00621965705708605,0.544010559183003,0.462,0.343,1,"6","Tafa2"
"Caprin21",0.00631483091974088,0.476951440283371,0.368,0.239,1,"6","Caprin2"
"Chic1",0.00632141980322035,0.760560710578663,0.33,0.217,1,"6","Chic1"
"Apex2",0.00634597602154877,0.446683125895309,0.547,0.405,1,"6","Apex2"
"Syt12",0.0063503226366555,0.28778204032645,0.934,0.954,1,"6","Syt1"
"Dot1l",0.00636044180993212,0.369015711879866,0.623,0.484,1,"6","Dot1l"
"Tdp1",0.00638432811200777,0.815082284082215,0.264,0.161,1,"6","Tdp1"
"Zcwpw21",0.00639552217526297,0.59478793057723,0.33,0.213,1,"6","Zcwpw2"
"Ank2",0.00644055782855133,0.162991754207949,1,0.998,1,"6","Ank2"
"Sh3gl21",0.00645035944310021,0.514026593910211,0.491,0.358,1,"6","Sh3gl2"
"Mgat3",0.00653700193689651,0.602216182052969,0.387,0.264,1,"6","Mgat3"
"Gm136292",0.00659084439626954,0.633608209662883,0.311,0.2,1,"6","Gm13629"
"Erc2",0.00661981670770306,0.244470173597924,0.981,0.962,1,"6","Erc2"
"Desi2",0.0066415987995477,0.555927135871794,0.453,0.327,1,"6","Desi2"
"Lrrc49",0.00669379906877702,0.43118069176667,0.632,0.475,1,"6","Lrrc49"
"Syn1",0.00672626747546488,0.403173677487999,0.642,0.501,1,"6","Syn1"
"Zyg11b",0.00672705186819169,0.519576870213891,0.462,0.334,1,"6","Zyg11b"
"Yme1l1",0.00673891536533707,0.628395923278365,0.5,0.375,1,"6","Yme1l1"
"Tmx2",0.00679051054655585,0.734048110783912,0.292,0.186,1,"6","Tmx2"
"Ampd3",0.00679178789127362,0.916168409196529,0.255,0.159,1,"6","Ampd3"
"Tnks2",0.00682960697822146,0.326500824677186,0.557,0.399,1,"6","Tnks2"
"Plcl2",0.00691252459271471,0.517058436219352,0.481,0.356,1,"6","Plcl2"
"Brinp2",0.00703034599131826,0.376639208920959,0.481,0.344,1,"6","Brinp2"
"Sfmbt1",0.00707039832449353,0.575957687459947,0.491,0.361,1,"6","Sfmbt1"
"Ganab",0.00708721347949671,0.685792942176691,0.34,0.229,1,"6","Ganab"
"Wdr12",0.00711236427730149,0.728454094310689,0.292,0.188,1,"6","Wdr12"
"Rbm39",0.00722091998739856,0.214655124064891,0.943,0.923,1,"6","Rbm39"
"Rcor3",0.00738559873716002,0.507794640198697,0.349,0.227,1,"6","Rcor3"
"Patj1",0.00763645152122568,0.388292644046315,0.491,0.346,1,"6","Patj"
"Mir670hg1",0.00771605847871098,0.898246501199267,0.321,0.217,1,"6","Mir670hg"
"Ece2",0.00786869885921871,0.441541086876504,0.642,0.522,1,"6","Ece2"
"4632427E13Rik",0.00789917479117204,0.601144513803317,0.528,0.405,1,"6","4632427E13Rik"
"Cbfa2t21",0.00793526495077021,0.560596055936641,0.462,0.337,1,"6","Cbfa2t2"
"Sgce1",0.00796311047064268,0.651530117660146,0.387,0.268,1,"6","Sgce"
"Dixdc1",0.00798304100141982,0.561211513921696,0.509,0.396,1,"6","Dixdc1"
"Pdzrn41",0.00805638811541618,0.725131497887652,0.651,0.627,1,"6","Pdzrn4"
"Cdk131",0.00810915519733087,0.405112285404383,0.623,0.475,1,"6","Cdk13"
"Aff21",0.00819188082398022,0.597509022663128,0.566,0.472,1,"6","Aff2"
"Haghl1",0.00823286584280427,0.557835322698292,0.472,0.346,1,"6","Haghl"
"Gtf3c3",0.0082749733893479,0.784831905431465,0.255,0.158,1,"6","Gtf3c3"
"Pcdh91",0.00829453033974364,0.538744602341585,0.943,0.938,1,"6","Pcdh9"
"Acot71",0.00830131500761845,0.36415633027666,0.613,0.453,1,"6","Acot7"
"Virma",0.00831655535772969,0.434445069355684,0.481,0.346,1,"6","Virma"
"Dnajc8",0.00835977445443279,0.48461995072813,0.396,0.274,1,"6","Dnajc8"
"Dlst",0.00836919122960945,0.641546029087524,0.349,0.234,1,"6","Dlst"
"Mkrn1",0.00841331651959207,0.64310654307514,0.292,0.186,1,"6","Mkrn1"
"Pitpnc11",0.00857038760516392,0.629631550054885,0.557,0.471,1,"6","Pitpnc1"
"Rsrc1",0.00857451897340054,0.423019884393238,0.509,0.368,1,"6","Rsrc1"
"Me33",0.00858028049989576,0.362736097226191,0.698,0.558,1,"6","Me3"
"Srgap3",0.00867153559064392,0.265448958767094,0.887,0.837,1,"6","Srgap3"
"Far1",0.00869716313206234,0.581268017163415,0.5,0.394,1,"6","Far1"
"Gm5577",0.0087388125024026,0.609181973236022,0.406,0.295,1,"6","Gm5577"
"mt-Co2",0.00874084422577643,0.446596625608034,0.67,0.57,1,"6","mt-Co2"
"P2rx4",0.00879650650218669,0.774440299584869,0.292,0.192,1,"6","P2rx4"
"Myo6",0.00881542412842893,0.63435052768332,0.425,0.318,1,"6","Myo6"
"Ddb2",0.00884337591547425,0.925146005315786,0.255,0.158,1,"6","Ddb2"
"Nyap2",0.0088526511246135,0.649813645071124,0.538,0.449,1,"6","Nyap2"
"Klhl18",0.00885528885220455,0.69045562956847,0.283,0.18,1,"6","Klhl18"
"Mecp2",0.0088701603678332,0.451443145707581,0.481,0.345,1,"6","Mecp2"
"Tspan3",0.00895596034442592,0.583575960450194,0.311,0.202,1,"6","Tspan3"
"Pptc7",0.00904565162219439,0.774440299584869,0.302,0.2,1,"6","Pptc7"
"Smad1",0.00907526894449707,0.490986352512143,0.358,0.239,1,"6","Smad1"
"Tmem255a1",0.00909873708542295,0.549497820066353,0.349,0.231,1,"6","Tmem255a"
"Ube2k1",0.00912134426519916,0.383438304333656,0.557,0.412,1,"6","Ube2k"
"Nfatc31",0.009121431948458,0.452512204697507,0.396,0.267,1,"6","Nfatc3"
"Hnrnpc",0.00917152818702078,0.536150251368212,0.396,0.279,1,"6","Hnrnpc"
"Srrm3",0.0092187386671613,0.323294930651268,0.849,0.798,1,"6","Srrm3"
"Rab2a1",0.00922762043089411,0.568172842757304,0.425,0.306,1,"6","Rab2a"
"Ski",0.00924390964850735,0.335867285845236,0.453,0.312,1,"6","Ski"
"Chm",0.00927949916643832,0.508190170027326,0.406,0.283,1,"6","Chm"
"Micu3",0.00933741531668762,0.420505711918357,0.623,0.511,1,"6","Micu3"
"Hipk1",0.00949126772349681,0.700439718141092,0.321,0.215,1,"6","Hipk1"
"Zfp949",0.00956520306831577,0.516335781529018,0.349,0.232,1,"6","Zfp949"
"Acsl62",0.00960815281241166,0.599420553414847,0.472,0.365,1,"6","Acsl6"
"Dexi",0.00965993020838547,0.540362502655127,0.368,0.252,1,"6","Dexi"
"Tfcp2",0.00966425513001307,0.558061043584442,0.349,0.236,1,"6","Tfcp2"
"Rbm6",0.00973320059342453,0.271182439982945,0.887,0.768,1,"6","Rbm6"
"Wnk1",0.00988748959316028,0.351768667555093,0.726,0.613,1,"6","Wnk1"
"Lrrc58",0.00990390821910386,0.52231756373216,0.321,0.208,1,"6","Lrrc58"
"Fbxw4",0.00992969028938402,0.416985771068365,0.5,0.356,1,"6","Fbxw4"
"Pdss11",0.00993987765325301,0.518903426328491,0.396,0.274,1,"6","Pdss1"
"Nipa1",0.00994121599874837,0.560650434672098,0.33,0.218,1,"6","Nipa1"
"Fbxo42",0.00997467906452879,0.459431618637297,0.453,0.321,1,"6","Fbxo42"
"Gm49906",2.34304396135473e-122,6.06759069453872,0.69,0.016,3.89062449782954e-118,"7","Gm49906"
"Chst9",9.75107149192741e-95,6.17553860790584,0.595,0.017,1.61916542123455e-90,"7","Chst9"
"6530403H02Rik",1.00262161813892e-85,5.39950622240524,0.786,0.045,1.66485319691967e-81,"7","6530403H02Rik"
"B020031H02Rik",5.21554597278953e-78,5.26426752650017,0.69,0.036,8.66041408781702e-74,"7","B020031H02Rik"
"Tshz1",3.10973026974123e-64,5.10153802646206,0.833,0.083,5.16370711290531e-60,"7","Tshz1"
"Meis21",3.97431768166845e-49,3.78942422140166,0.976,0.167,6.59935451041047e-45,"7","Meis2"
"Gm9989",5.84354154456053e-47,5.49385544924082,0.31,0.01,9.70320073474275e-43,"7","Gm9989"
"Eya2",2.03445209173348e-40,5.39526922951877,0.357,0.018,3.37820769832345e-36,"7","Eya2"
"Ptk2b1",1.84428890828813e-38,3.32192809488736,0.69,0.085,3.06244173221244e-34,"7","Ptk2b"
"Slc4a4",6.28440834471173e-33,3.54955284818718,0.619,0.083,1.04352600563938e-28,"7","Slc4a4"
"Foxp22",1.41892288560786e-32,3.22103756597857,0.857,0.183,2.35612145155185e-28,"7","Foxp2"
"Htr1f2",5.37945458482799e-31,3.15473096562766,0.929,0.232,8.93258433810687e-27,"7","Htr1f"
"Lypd1",1.99687302773417e-30,3.69877885696166,0.595,0.083,3.3158076625526e-26,"7","Lypd1"
"Smad3",6.67427688073962e-30,3.46212774171853,0.452,0.044,1.10826367604681e-25,"7","Smad3"
"Msra",1.09312100188232e-29,3.04478324816483,0.786,0.158,1.8151274236256e-25,"7","Msra"
"Col6a11",6.77328612340464e-29,3.65597858240632,0.571,0.08,1.12470416079134e-24,"7","Col6a1"
"Sox2ot2",1.38815046262733e-27,2.65128583459916,1,0.402,2.30502384319269e-23,"7","Sox2ot"
"G630016G05Rik1",4.68551938448564e-27,2.87675108998523,0.595,0.087,7.78030493793841e-23,"7","G630016G05Rik"
"C230057M02Rik",7.62021946141589e-27,3.49272878378654,0.5,0.064,1.26533744156811e-22,"7","C230057M02Rik"
"Sphkap1",2.03239365177734e-25,3.0370704925839,0.857,0.236,3.37478965877627e-21,"7","Sphkap"
"Itga11",6.75746190655854e-25,4.37907200199097,0.286,0.021,1.12207654958405e-20,"7","Itga11"
"Dleu2",1.03404357235951e-23,3.74539421623679,0.357,0.035,1.71702935190297e-19,"7","Dleu2"
"Kcnh3",2.91136908069258e-23,3.45244518832119,0.357,0.036,4.83432835849003e-19,"7","Kcnh3"
"Celf21",8.25679168836817e-21,2.40588382438313,0.976,0.847,1.37104025985353e-16,"7","Celf2"
"Otof1",1.49694688745318e-20,2.61611119929182,0.762,0.212,2.485680306616e-16,"7","Otof"
"Unc13c1",1.72601501676862e-20,2.35243867666,0.786,0.232,2.8660479353443e-16,"7","Unc13c"
"Rarb1",1.95107453115479e-20,2.23364156246941,0.738,0.196,3.23975925898253e-16,"7","Rarb"
"Adamts31",6.25581736443293e-20,3.0449544980957,0.548,0.107,1.03877847336409e-15,"7","Adamts3"
"Atp2b41",1.30342457238466e-19,2.34516703312326,0.857,0.331,2.16433650244472e-15,"7","Atp2b4"
"Lmo71",3.60770698342854e-19,3.07554281792912,0.476,0.084,5.99059744598308e-15,"7","Lmo7"
"Arpp212",2.97479798657609e-18,2.00081053537878,0.952,0.464,4.93965205670959e-14,"7","Arpp21"
"Csgalnact1",3.65817736385023e-18,2.33903734018872,0.643,0.153,6.07440351267331e-14,"7","Csgalnact1"
"Pbx32",4.02553123802735e-17,2.40587206133469,0.786,0.281,6.68439462074441e-13,"7","Pbx3"
"Erbb4",4.12293978501692e-17,2.06704965007677,0.976,0.664,6.84614151302059e-13,"7","Erbb4"
"Tmod1",4.52876169357204e-17,3.17553860790584,0.476,0.091,7.52000879217637e-13,"7","Tmod1"
"Gdpd5",4.7293460339976e-17,2.760501108627,0.476,0.092,7.85307908945301e-13,"7","Gdpd5"
"Gria12",8.76083618698835e-17,1.43217989717382,1,0.931,1.45473684884942e-12,"7","Gria1"
"Kcnd21",1.03659789789576e-16,1.63191225968628,1,0.945,1.72127080945591e-12,"7","Kcnd2"
"Grm82",1.99489563736736e-16,2.13788433997019,0.857,0.355,3.31252420584849e-12,"7","Grm8"
"Penk2",2.13442472340717e-15,2.68961313905055,0.524,0.117,3.54421225321761e-11,"7","Penk"
"Sipa1l11",2.37462010534867e-15,1.77156763427411,0.929,0.561,3.94305668493147e-11,"7","Sipa1l1"
"Pex5l1",2.5990918132355e-15,1.67848607710631,0.929,0.538,4.31579195587756e-11,"7","Pex5l"
"Cacna2d32",4.5530981394216e-15,1.62141320832188,0.952,0.456,7.56041946050957e-11,"7","Cacna2d3"
"Sox1ot1",4.76173355252488e-15,2.1286498720793,0.595,0.149,7.90685856396756e-11,"7","Sox1ot"
"Nfix",1.75180334717501e-14,2.75914582901498,0.357,0.058,2.90886945798411e-10,"7","Nfix"
"Olfm3",1.20587387954313e-13,1.82477624762283,0.833,0.4,2.00235357698136e-09,"7","Olfm3"
"Cpne51",2.61940426766156e-13,1.942840280443,0.738,0.297,4.34952078645202e-09,"7","Cpne5"
"Plcb11",3.9908821866965e-13,1.51692505815713,0.976,0.769,6.62685987100955e-09,"7","Plcb1"
"Vwc2l2",6.54671422845227e-13,1.97255158574198,0.81,0.341,1.0870818976345e-08,"7","Vwc2l"
"March31",8.11188832113266e-13,2.67704019793415,0.643,0.254,1.34697905572408e-08,"7","March3"
"Tiam11",1.91734785171464e-12,1.46089139316323,0.929,0.515,3.18375610777217e-08,"7","Tiam1"
"Necab11",2.61270632102210e-12,2.42977069820363,0.571,0.176,4.33839884605721e-08,"7","Necab1"
"Nfib1",6.55837262349934e-12,2.00702042767777,0.476,0.119,1.08901777413206e-07,"7","Nfib"
"Kirrel1",6.62802696229686e-12,2.28795115069294,0.476,0.123,1.10058387708939e-07,"7","Kirrel"
"Synpr2",6.96140767018992e-12,2.34609977222438,0.571,0.185,1.15594174363504e-07,"7","Synpr"
"Cux2",9.74675238186643e-12,1.74336882609515,0.786,0.426,1.61844823300892e-07,"7","Cux2"
"Inf2",1.05096700658282e-11,3.01407518521172,0.262,0.04,1.74513071443077e-07,"7","Inf2"
"Chrm11",1.18256368303348e-11,2.50397548896127,0.333,0.062,1.9636469956771e-07,"7","Chrm1"
"Cap21",1.85949418075823e-11,1.44591032156205,0.857,0.424,3.08769008714904e-07,"7","Cap2"
"2010300C02Rik1",2.18670344522461e-11,2.08956538479599,0.571,0.18,3.63102107079547e-07,"7","2010300C02Rik"
"Kcnip31",2.28531514280024e-11,2.30213185751995,0.548,0.179,3.79476579461981e-07,"7","Kcnip3"
"Rgs6",4.14876408886934e-11,1.86472654521265,0.643,0.222,6.88902276956754e-07,"7","Rgs6"
"B3galt1",4.40551418729835e-11,1.41912398748576,0.952,0.705,7.31535630800891e-07,"7","B3galt1"
"Gabrg32",5.52661251723056e-11,1.11890452299131,1,0.891,9.17694008486135e-07,"7","Gabrg3"
"Cnih31",7.43085658414321e-11,2.17553860790584,0.357,0.075,1.23389373579698e-06,"7","Cnih3"
"Sdk22",7.75717694380127e-11,1.70354982795263,0.81,0.43,1.2880792315182e-06,"7","Sdk2"
"Pde7b1",1.31603236905838e-10,1.44926141371204,0.738,0.303,2.18527174882145e-06,"7","Pde7b"
"Pde2a1",1.92028015307412e-10,1.85917718889302,0.714,0.311,3.18862519417957e-06,"7","Pde2a"
"Icam51",2.14915025253775e-10,2.02518714033195,0.405,0.097,3.56866399433893e-06,"7","Icam5"
"Grin2a1",2.33908580925097e-10,1.36937838196859,0.905,0.635,3.88405198626124e-06,"7","Grin2a"
"Kctd11",2.53919833507743e-10,2.16165901889963,0.548,0.193,4.21633883539607e-06,"7","Kctd1"
"Phactr11",2.7194948533139e-10,1.47362975008495,1,0.93,4.51572120392774e-06,"7","Phactr1"
"Ankfn11",3.02567052145622e-10,1.92341587205313,0.714,0.344,5.02412590087806e-06,"7","Ankfn1"
"Pde1a2",3.5779823617407e-10,1.2496966909577,0.881,0.517,5.94123971167044e-06,"7","Pde1a"
"Ube2cbp",4.05590525229973e-10,2.57429102359719,0.31,0.062,6.7348306714437e-06,"7","Ube2cbp"
"Kalrn1",5.39192108391204e-10,0.890238864097147,1,0.965,8.95328495983595e-06,"7","Kalrn"
"Anks1b2",6.18220249199743e-10,0.807413610742806,1,0.994,1.02655472379617e-05,"7","Anks1b"
"Inpp4b1",7.02641642131996e-10,1.07627807406032,0.929,0.524,1.16673644676018e-05,"7","Inpp4b"
"Syt13",1.03016669182635e-09,0.829130067418499,1,0.951,1.71059179177765e-05,"7","Syt1"
"Filip1",1.33085573705798e-09,2.76366838770568,0.286,0.058,2.20988595138478e-05,"7","Filip1"
"Schip11",1.70770555180773e-09,1.0550896634974,0.929,0.634,2.83564506877674e-05,"7","Schip1"
"9530026P05Rik2",1.89322485191201e-09,1.46166718463852,0.548,0.171,3.14369986659989e-05,"7","9530026P05Rik"
"Itm2c1",3.63551393846792e-09,1.61516897979111,0.714,0.368,6.03677089482598e-05,"7","Itm2c"
"Garem1",4.07562361594167e-09,2.1349845095552,0.595,0.233,6.76757301427114e-05,"7","Garem1"
"Sv2c1",4.59312680714143e-09,1.47159861702252,0.571,0.197,7.62688706325835e-05,"7","Sv2c"
"Baiap21",5.44293067130612e-09,1.40280665078333,0.714,0.344,9.03798637970382e-05,"7","Baiap2"
"Pbx11",5.68291887595088e-09,1.28793856266465,0.929,0.749,9.43648679351644e-05,"7","Pbx1"
"Elmo12",6.44194950136145e-09,1.37337236155734,0.786,0.483,0.000106968571470107,"7","Elmo1"
"Tnr2",6.87681025423292e-09,1.03530810586314,0.952,0.672,0.000114189434271538,"7","Tnr"
"Slc24a41",7.88463387771249e-09,1.88148954559391,0.381,0.098,0.000130924345539416,"7","Slc24a4"
"Lrrk21",9.80732012991723e-09,1.94107335426882,0.476,0.151,0.000162850550757276,"7","Lrrk2"
"Etl42",1.05150413384773e-08,1.13105245352194,0.929,0.567,0.000174602261425416,"7","Etl4"
"Snx7",1.66917107246456e-08,2.10940014423503,0.381,0.106,0.00027716585658274,"7","Snx7"
"Pde4b1",1.73005623782399e-08,1.23333400076896,0.976,0.721,0.000287275838290674,"7","Pde4b"
"Dlg21",2.13706810618783e-08,0.768868312777241,1,0.997,0.000354860159032489,"7","Dlg2"
"Prkg12",2.5550762077542e-08,0.960028707183836,0.929,0.687,0.000424270404297585,"7","Prkg1"
"Rreb11",3.18194221132956e-08,1.8798818618606,0.548,0.214,0.000528361504191273,"7","Rreb1"
"Cpne72",3.19343090758688e-08,1.63355164723426,0.69,0.35,0.000530269202204802,"7","Cpne7"
"Prkce1",3.47441078876909e-08,0.828153783532737,1,0.845,0.000576925911475107,"7","Prkce"
"Npas21",4.18879632614666e-08,1.70420252891668,0.5,0.175,0.000695549629956653,"7","Npas2"
"Grm73",4.4037933732229e-08,0.763108443960676,1,0.907,0.000731249889623662,"7","Grm7"
"Chn22",4.42882694048718e-08,1.80925539332322,0.571,0.248,0.000735406713467896,"7","Chn2"
"Peak1",5.51947256498475e-08,2.10642024784181,0.476,0.167,0.000916508419415717,"7","Peak1"
"Ankrd61",9.91905010490032e-08,1.63988516790809,0.643,0.308,0.0016470582699187,"7","Ankrd6"
"Peli2",1.34916528170675e-07,2.08658768499609,0.357,0.104,0.00224028895027405,"7","Peli2"
"Enox11",1.53207560806122e-07,1.03189925527235,0.976,0.755,0.00254401154718565,"7","Enox1"
"Grm4",1.55547901746622e-07,1.89039036229324,0.381,0.117,0.00258287290850266,"7","Grm4"
"Gng4",1.65921492938683e-07,2.05262842598112,0.405,0.134,0.00275512639024683,"7","Gng4"
"St6galnac3",1.84296329489335e-07,1.68713565598101,0.643,0.318,0.0030602405511704,"7","St6galnac3"
"5730522E02Rik2",1.85894439955286e-07,1.48788009274044,0.714,0.42,0.00308677717545752,"7","5730522E02Rik"
"Dlgap22",2.16121813755278e-07,0.762560156708727,1,0.899,0.00358870271740639,"7","Dlgap2"
"Gucy1a1",2.21724966913144e-07,2.19464743085354,0.333,0.095,0.00368174307559276,"7","Gucy1a1"
"Ntng11",2.30251549880785e-07,1.02116460999804,0.643,0.273,0.00382332698577044,"7","Ntng1"
"Ddx52",2.51147260371575e-07,1.03760372070796,0.881,0.727,0.00417030025847,"7","Ddx5"
"Cdk171",3.15714202526821e-07,1.24477091027938,0.643,0.284,0.00524243433295786,"7","Cdk17"
"Epha61",3.64940019140673e-07,1.02451771922417,0.929,0.689,0.00605982901783087,"7","Epha6"
"Slco5a1",3.93059656018707e-07,2.28050816750738,0.262,0.063,0.00652675558819064,"7","Slco5a1"
"Sorcs22",4.26412917307508e-07,1.52095396625148,0.595,0.259,0.00708058649189117,"7","Sorcs2"
"Plce1",4.26591704363306e-07,1.87180362978445,0.286,0.074,0.00708355525095269,"7","Plce1"
"Gm1604a1",4.93430015371422e-07,1.38881997854253,0.714,0.434,0.00819340540524247,"7","Gm1604a"
"Clstn1",5.46576174947047e-07,1.13514641910488,0.81,0.494,0.00907589738499572,"7","Clstn1"
"Oprm11",5.61757861566714e-07,1.55975634950479,0.595,0.267,0.00932798929131528,"7","Oprm1"
"Grm52",5.95148697614846e-07,0.701927343078649,1,0.917,0.00988244412389452,"7","Grm5"
"Meis1",6.84744040034608e-07,1.62041133672545,0.286,0.074,0.0113701747847747,"7","Meis1"
"Samd121",8.44025714112364e-07,0.995743362439466,0.929,0.795,0.0140150469828358,"7","Samd12"
"Slc35f1",9.52292957399156e-07,1.29958533887073,0.857,0.655,0.015812824557613,"7","Slc35f1"
"Rapgef52",1.06950753571567e-06,1.58089650670776,0.643,0.388,0.0177591726305586,"7","Rapgef5"
"Ildr22",1.11662857832575e-06,1.44690199793409,0.643,0.345,0.0185416175430991,"7","Ildr2"
"Abl21",1.14907066307169e-06,1.4973819605076,0.643,0.338,0.0190803183603054,"7","Abl2"
"Adarb23",1.17521082519352e-06,0.569544752610845,1,0.666,0.0195143757523384,"7","Adarb2"
"Nell22",1.2434830359747e-06,1.14415766039985,0.714,0.381,0.0206480358123599,"7","Nell2"
"Ryr11",1.25127993216862e-06,1.6897244280575,0.405,0.14,0.0207775032736599,"7","Ryr1"
"Dlgap41",1.27576416958616e-06,1.05371911014599,0.881,0.595,0.0211840640359782,"7","Dlgap4"
"Wfs11",1.42832673648094e-06,2.55721751023825,0.262,0.07,0.023717365459266,"7","Wfs1"
"Tspan9",1.4488966351298e-06,2.34665052429859,0.31,0.094,0.0240589286263303,"7","Tspan9"
"Kcnh5",1.82644297519739e-06,1.76024460670777,0.452,0.179,0.0303280856031527,"7","Kcnh5"
"Kcnh11",1.89612809312206e-06,1.29599212663633,0.643,0.316,0.0314852069862918,"7","Kcnh1"
"Atp2b11",2.07476147852739e-06,0.824650895798191,0.905,0.682,0.0344514143509474,"7","Atp2b1"
"Cacna1e2",2.20547827656319e-06,0.776536370140446,0.952,0.842,0.0366219667823318,"7","Cacna1e"
"Tspan51",2.34427274101093e-06,1.54738157252208,0.619,0.361,0.0389266488644866,"7","Tspan5"
"Rgs8",2.73125013343651e-06,1.79941841265488,0.381,0.131,0.0453524084657132,"7","Rgs8"
"Dnah2",2.85777418914145e-06,1.69403419986863,0.333,0.104,0.0474533404106937,"7","Dnah2"
"Sorbs22",2.91358718432178e-06,0.764615193344838,0.905,0.732,0.0483801151956632,"7","Sorbs2"
"Ptprt1",3.05344019763726e-06,0.707486803401454,0.905,0.59,0.0507023744817668,"7","Ptprt"
"R3hdm11",3.12363111662861e-06,0.866562475688001,0.905,0.834,0.0518678946916181,"7","R3hdm1"
"Fndc11",3.47709956920423e-06,1.36858549480248,0.452,0.169,0.0577372383466362,"7","Fndc1"
"Map7",3.99582934224888e-06,1.19195332168428,0.762,0.563,0.0663507462280426,"7","Map7"
"Soat1",4.0563373007748e-06,2.08871398610448,0.262,0.071,0.0673554808793655,"7","Soat1"
"Tmeff23",4.27801114882687e-06,1.18941940818306,0.881,0.685,0.0710363751262703,"7","Tmeff2"
"Dlgap12",4.35374976637933e-06,0.93041546950906,1,0.959,0.0722940148707287,"7","Dlgap1"
"Thsd7b2",4.48813717291933e-06,0.768798412740628,0.738,0.416,0.0745255177563255,"7","Thsd7b"
"Dpyd2",4.57156575667091e-06,1.12154371826511,0.738,0.456,0.0759108493895204,"7","Dpyd"
"Mef2c1",4.77615729921926e-06,1.92750862668701,0.381,0.144,0.0793080919535358,"7","Mef2c"
"Plekha52",5.26019576320741e-06,0.818179767857958,0.929,0.798,0.087345550648059,"7","Plekha5"
"Syt51",5.2627513692318e-06,1.52722276994041,0.5,0.218,0.0873879864860941,"7","Syt5"
"Dchs22",5.52262269856624e-06,1.54242740358565,0.548,0.273,0.0917031499096924,"7","Dchs2"
"Dok62",5.55881366828712e-06,1.04952106869445,0.833,0.689,0.0923041009619076,"7","Dok6"
"Fry1",6.80219820250529e-06,0.786289996810516,0.905,0.864,0.1129505011526,"7","Fry"
"Rgl11",7.67701863350142e-06,1.28135906404687,0.643,0.381,0.127476894409291,"7","Rgl1"
"Snap25",8.20546909486902e-06,0.797447786695037,0.905,0.712,0.1362518143203,"7","Snap25"
"Trpm32",9.62783079544759e-06,0.463934045999676,0.929,0.642,0.159870130358407,"7","Trpm3"
"Cnksr21",1.03062890058382e-05,1.35825014490452,0.667,0.383,0.171135928941944,"7","Cnksr2"
"Mitf1",1.10960854030008e-05,2.08915430200623,0.333,0.112,0.184250498116828,"7","Mitf"
"Dennd2a",1.13675854774629e-05,1.62538901287983,0.476,0.213,0.188758756853272,"7","Dennd2a"
"Pgbd5",1.1998446881469e-05,1.36097019561566,0.5,0.215,0.199234210466792,"7","Pgbd5"
"Sntg2",1.25467329799526e-05,1.37664526459643,0.452,0.189,0.208338501132113,"7","Sntg2"
"Shtn12",1.38265343755875e-05,1.3619172809519,0.69,0.523,0.22958960330663,"7","Shtn1"
"Mbnl22",1.57751675551265e-05,1.04540691906033,0.833,0.632,0.261946657252875,"7","Mbnl2"
"Fgfr11",1.73672203528224e-05,1.38915045501652,0.5,0.234,0.288382693958616,"7","Fgfr1"
"Cdh41",1.74658730574303e-05,0.762670069152987,0.833,0.567,0.29002082211863,"7","Cdh4"
"Lrfn2",1.84580025720417e-05,1.15588812317419,0.714,0.43,0.306495132708752,"7","Lrfn2"
"Csmd31",1.96187243527236e-05,0.790689377455189,1,0.979,0.325768917876976,"7","Csmd3"
"Cdh62",2.34240090036304e-05,1.44102449273373,0.381,0.15,0.388955669505282,"7","Cdh6"
"Adgrv1",2.64690737553667e-05,1.80998358061822,0.286,0.093,0.439518969707863,"7","Adgrv1"
"Ppp3ca1",2.79606497929823e-05,0.728914765569162,0.929,0.76,0.464286589812472,"7","Ppp3ca"
"Bcl11b3",3.27747288796348e-05,0.807457916527817,0.524,0.22,0.544224373046336,"7","Bcl11b"
"Ak51",3.67331609328359e-05,1.30594107528063,0.643,0.422,0.609954137289739,"7","Ak5"
"Olfm1",3.75692191949992e-05,1.29663875613077,0.548,0.285,0.623836884732961,"7","Olfm1"
"Cers51",3.81718700483787e-05,1.1191403429275,0.667,0.459,0.633843902153329,"7","Cers5"
"Mdga12",4.41777796838577e-05,1.33146412048392,0.405,0.162,0.733572031650456,"7","Mdga1"
"Dgki1",4.52029484767654e-05,0.695113657487926,0.881,0.706,0.750594959456689,"7","Dgki"
"Cttnbp2",4.79206007840702e-05,0.957641734348964,0.762,0.555,0.795721576019485,"7","Cttnbp2"
"Cpne61",4.8214338753869e-05,1.476161257295,0.5,0.266,0.800599095007994,"7","Cpne6"
"Kcnab11",4.8420777257809e-05,1.00581939706952,0.619,0.333,0.804027006365919,"7","Kcnab1"
"Mctp12",5.1578630833152e-05,1.13456887904877,0.786,0.617,0.85646316498449,"7","Mctp1"
"Itpr12",5.25598556998658e-05,1.23746051439252,0.571,0.303,0.872756403896271,"7","Itpr1"
"Fam163b",5.27823742189366e-05,1.91039653911005,0.262,0.085,0.876451323905442,"7","Fam163b"
"Gnal2",5.6123626537221e-05,0.975821624537288,0.738,0.517,0.931932818650555,"7","Gnal"
"Maml31",5.67494501251621e-05,0.8566109197309,0.714,0.388,0.942324619328317,"7","Maml3"
"Cacna1c2",5.93551495360157e-05,0.674884701921222,1,0.94,0.985592258045542,"7","Cacna1c"
"Map3k1",6.13727878704224e-05,1.712840919362,0.31,0.112,1,"7","Map3k1"
"Zswim62",6.41500453845686e-05,1.2858518298125,0.5,0.245,1,"7","Zswim6"
"Map3k51",6.5022610138817e-05,1.2758045750896,0.524,0.26,1,"7","Map3k5"
"Sez61",6.62270809562346e-05,1.24009040161471,0.548,0.279,1,"7","Sez6"
"Togaram2",6.87176619922521e-05,1.9227348736733,0.286,0.099,1,"7","Togaram2"
"Serinc5",7.30694146193359e-05,1.74955269771852,0.31,0.114,1,"7","Serinc5"
"Lrp1b3",7.43247469789336e-05,0.59674133679901,1,0.966,1,"7","Lrp1b"
"Malat12",7.65299802765978e-05,0.369032928995186,1,1,1,"7","Malat1"
"Tle1",8.07680622308921e-05,1.5386018320709,0.429,0.204,1,"7","Tle1"
"Zadh2",8.22771952124271e-05,2.25545070991574,0.262,0.091,1,"7","Zadh2"
"Plcl1",8.27211500212093e-05,1.16853459053441,0.667,0.375,1,"7","Plcl1"
"Nsg21",0.000100723784900945,1.14815841297834,0.619,0.391,1,"7","Nsg2"
"Maml2",0.000116455332506908,1.61349366901669,0.452,0.244,1,"7","Maml2"
"Camk2a4",0.000118881273374567,0.635639471302194,0.976,0.802,1,"7","Camk2a"
"Gm37642",0.000120737595241714,1.01407518521172,0.524,0.253,1,"7","Gm3764"
"Cx3cl11",0.000122627264221369,1.06591411673134,0.524,0.264,1,"7","Cx3cl1"
"Atxn31",0.000148853025455511,1.55464356657443,0.429,0.213,1,"7","Atxn3"
"Caln11",0.000157550410575907,1.16476315090765,0.643,0.424,1,"7","Caln1"
"Thrb1",0.000162663533101834,1.14191237436818,0.643,0.406,1,"7","Thrb"
"Mcf2",0.000171637938364815,1.82267865346659,0.262,0.089,1,"7","Mcf2"
"Fam184b",0.000179055566026342,1.65445480025241,0.381,0.182,1,"7","Fam184b"
"Gm268712",0.000200974660779034,0.712747977178627,0.929,0.881,1,"7","Gm26871"
"Slc16a21",0.000204767155216451,1.93161302501975,0.333,0.15,1,"7","Slc16a2"
"Diaph22",0.000213430342092484,1.13606570959033,0.619,0.422,1,"7","Diaph2"
"Ubr5",0.000214060394280698,0.739184194554472,0.857,0.829,1,"7","Ubr5"
"Cers62",0.000233825935354741,1.11231249805624,0.714,0.492,1,"7","Cers6"
"Camk1d2",0.000270337588503199,0.411366643774797,0.952,0.781,1,"7","Camk1d"
"Bcl11a1",0.000278771934060382,0.92450613852549,0.524,0.26,1,"7","Bcl11a"
"Ly6h1",0.000287096998303015,0.684847008330705,0.905,0.688,1,"7","Ly6h"
"Tnfrsf19",0.00030770556498557,1.55721751023825,0.262,0.094,1,"7","Tnfrsf19"
"Bhlhb9",0.000313836077413646,1.64984205660437,0.286,0.11,1,"7","Bhlhb9"
"Ppp1r12b",0.000321282629064335,0.933669611313687,0.714,0.547,1,"7","Ppp1r12b"
"Zdhhc142",0.000342714678334402,0.787521322560704,0.714,0.458,1,"7","Zdhhc14"
"Tef",0.0003519769739524,1.26966078527039,0.571,0.346,1,"7","Tef"
"Sema5b",0.000354940753427919,1.62836635119846,0.262,0.098,1,"7","Sema5b"
"Rtn1",0.000357699954914636,0.57404348802991,1,0.94,1,"7","Rtn1"
"Gpm6b1",0.000361827984928439,1.45479932815422,0.452,0.255,1,"7","Gpm6b"
"Pak7",0.000368592189809938,0.93161302501975,0.643,0.488,1,"7","Pak7"
"Stac21",0.000370804939934086,1.36277018966187,0.31,0.125,1,"7","Stac2"
"Nt5dc3",0.000374142768252964,1.52327017831491,0.31,0.125,1,"7","Nt5dc3"
"Derl2",0.000403151985966498,1.68650052718322,0.262,0.098,1,"7","Derl2"
"Arhgef21",0.000415008368193313,1.11716867817583,0.476,0.252,1,"7","Arhgef2"
"Xylt11",0.000438017812985567,1.10730496968095,0.548,0.307,1,"7","Xylt1"
"Crtac11",0.000581409796714218,1.32987481154777,0.452,0.234,1,"7","Crtac1"
"Ccdc1871",0.000588203460663915,1.73748445590202,0.31,0.137,1,"7","Ccdc187"
"Nrcam1",0.000590735881651721,0.664986632522925,0.81,0.689,1,"7","Nrcam"
"Fam184a",0.000595410560700398,1.15511906666691,0.595,0.408,1,"7","Fam184a"
"Airn",0.000634220534850165,1.28936072094761,0.476,0.269,1,"7","Airn"
"Cacna2d11",0.000663221187758885,0.174294368897376,0.69,0.357,1,"7","Cacna2d1"
"Grin2b2",0.000675141678575671,0.616926051073375,1,0.957,1,"7","Grin2b"
"Grin11",0.000691236142325793,0.708076061742361,0.976,0.863,1,"7","Grin1"
"Myt1l1",0.00069224727003101,0.423294054435166,0.976,0.971,1,"7","Myt1l"
"Fam49a1",0.000699085854749906,1.13874910555913,0.429,0.222,1,"7","Fam49a"
"Wwc1",0.000711264830206562,1.03360435029698,0.5,0.277,1,"7","Wwc1"
"Dhcr7",0.00073310198362246,1.59903768593288,0.262,0.102,1,"7","Dhcr7"
"Slc25a14",0.000806441793755682,1.35430409684203,0.286,0.114,1,"7","Slc25a14"
"Atp1a11",0.000869473611376996,1.35627310907737,0.476,0.273,1,"7","Atp1a1"
"Phc21",0.000883325925206864,0.651609880513206,0.833,0.65,1,"7","Phc2"
"Six31",0.000888310145175395,1.46658738990923,0.31,0.135,1,"7","Six3"
"Sema6a2",0.000922575119508297,0.67590644931715,0.595,0.353,1,"7","Sema6a"
"Kirrel32",0.000927622908673894,0.404263502747424,0.952,0.818,1,"7","Kirrel3"
"Wipf31",0.000961432624764502,1.28524997963445,0.357,0.165,1,"7","Wipf3"
"Osbpl81",0.00101128147428077,1.25391923419073,0.524,0.361,1,"7","Osbpl8"
"Rasgrp12",0.00106683231491932,1.3630051371489,0.31,0.135,1,"7","Rasgrp1"
"Cacnb42",0.00113189256767582,0.841132279188883,0.762,0.614,1,"7","Cacnb4"
"Rps6ka21",0.00113378264741188,0.730228097513195,0.667,0.421,1,"7","Rps6ka2"
"Cpne42",0.00116610771305317,1.1384796048502,0.548,0.347,1,"7","Cpne4"
"Cep891",0.00120878262343539,1.20429760088726,0.429,0.241,1,"7","Cep89"
"Shisa91",0.00122872181556754,0.927263624556699,0.69,0.489,1,"7","Shisa9"
"Ssbp22",0.00129857348470654,0.737248586525075,0.786,0.606,1,"7","Ssbp2"
"Kcnj61",0.00132332296553269,0.846509456643333,0.643,0.454,1,"7","Kcnj6"
"Dock41",0.0013561905278399,0.796540327524577,0.762,0.549,1,"7","Dock4"
"Vgll4",0.00144104335526283,1.35737693089165,0.357,0.172,1,"7","Vgll4"
"Lrrc72",0.0014977049675654,0.493277083887403,1,0.954,1,"7","Lrrc7"
"Mpped23",0.00156060289425877,0.767264741154871,0.619,0.407,1,"7","Mpped2"
"Mir9-3hg1",0.00159764037841966,1.40468264567001,0.381,0.199,1,"7","Mir9-3hg"
"Bbs11",0.00165528641897823,1.22534422807646,0.333,0.157,1,"7","Bbs1"
"Rnasel",0.00180850641500752,1.55237624716875,0.262,0.11,1,"7","Rnasel"
"Rnf1692",0.00189824529314987,0.929944204659131,0.595,0.391,1,"7","Rnf169"
"Fam214a",0.00192225813477217,0.994114443480835,0.524,0.327,1,"7","Fam214a"
"Ext11",0.00194045323827138,0.880034237762819,0.595,0.408,1,"7","Ext1"
"Galnt10",0.00195153091223954,1.19464743085354,0.381,0.202,1,"7","Galnt10"
"Kcnj31",0.00196282695600552,1.0981394500002,0.548,0.35,1,"7","Kcnj3"
"B230307C23Rik1",0.00196684733841613,1.01681534755664,0.476,0.281,1,"7","B230307C23Rik"
"Neto11",0.00197349849081932,1.1981491195651,0.524,0.329,1,"7","Neto1"
"Nap1l11",0.00198127642356418,0.957422211369355,0.571,0.388,1,"7","Nap1l1"
"Mical3",0.00205337952444044,0.404203476413887,0.976,0.907,1,"7","Mical3"
"Khdrbs3",0.00217821693009389,0.954333101519833,0.476,0.275,1,"7","Khdrbs3"
"Mef2a",0.00218671799141059,0.949207085034488,0.595,0.438,1,"7","Mef2a"
"Psap1",0.00221191242785767,0.734600196657134,0.714,0.542,1,"7","Psap"
"Trank11",0.0024559700133534,0.613771060837304,0.857,0.732,1,"7","Trank1"
"Svop1",0.0024896538259637,0.480491719595423,0.905,0.734,1,"7","Svop"
"Adgrb11",0.00258149784704992,0.966769470433366,0.619,0.467,1,"7","Adgrb1"
"Lrp11",0.002698940710578,1.18630812994081,0.381,0.206,1,"7","Lrp11"
"Adcy22",0.00273408261603764,0.585838188178019,0.786,0.587,1,"7","Adcy2"
"R3hdm41",0.00281109322276345,1.21791721017639,0.381,0.208,1,"7","R3hdm4"
"Tcf42",0.00291104796901489,0.463464189281344,0.595,0.365,1,"7","Tcf4"
"Prnp",0.00291989370765107,0.976842279012748,0.524,0.305,1,"7","Prnp"
"Rnf167",0.00293719167317594,1.09031077103881,0.31,0.142,1,"7","Rnf167"
"C2cd2l1",0.00306675333365805,1.47148763621237,0.31,0.152,1,"7","C2cd2l"
"Cux11",0.0031490560412127,0.613627491745167,0.69,0.508,1,"7","Cux1"
"Tmtc4",0.00327625762372386,1.32192809488736,0.262,0.115,1,"7","Tmtc4"
"Ptk2",0.00331837639695683,1.07219406487992,0.619,0.506,1,"7","Ptk2"
"Ckb",0.00346432309569948,0.909738525396987,0.548,0.352,1,"7","Ckb"
"Sema6d4",0.00347191152355171,0.554167413878302,0.857,0.652,1,"7","Sema6d"
"Brca2",0.00356749418937673,1.46790167900522,0.262,0.116,1,"7","Brca2"
"Dnm31",0.00418016197345869,0.498120052006569,1,0.908,1,"7","Dnm3"
"Prelid3a",0.00419165127232513,1.1292449556319,0.381,0.207,1,"7","Prelid3a"
"Runx1t13",0.0043100732326623,0.804377836723642,0.548,0.347,1,"7","Runx1t1"
"Rbfox32",0.00447440716113938,0.66361663650988,0.881,0.875,1,"7","Rbfox3"
"Klhl15",0.00457046667115288,1.22502107989706,0.286,0.135,1,"7","Klhl15"
"Fam234b1",0.00462939713925465,1.13703670768345,0.333,0.169,1,"7","Fam234b"
"Ndrg42",0.00470114361444856,0.764503039184492,0.619,0.461,1,"7","Ndrg4"
"A830018L16Rik2",0.00479114877870779,0.660689012586162,0.69,0.506,1,"7","A830018L16Rik"
"Pcbp3",0.00480950676700122,1.13606570959033,0.452,0.297,1,"7","Pcbp3"
"Spock2",0.00491593962189391,0.575364856948511,0.857,0.702,1,"7","Spock2"
"Pik3c3",0.00493502694401742,1.23364156246941,0.286,0.135,1,"7","Pik3c3"
"Lncppara2",0.00502405220808067,1.31099139209101,0.429,0.258,1,"7","Lncppara"
"Gnai1",0.00505640574468512,1.34467287485815,0.357,0.198,1,"7","Gnai1"
"Ash1l",0.00525708904416241,0.529066469924103,0.929,0.808,1,"7","Ash1l"
"C1qtnf4",0.00533447576622768,1.2567083989858,0.31,0.153,1,"7","C1qtnf4"
"Pcdh151",0.00561159131763946,0.282644926790624,0.952,0.827,1,"7","Pcdh15"
"Fam171a2",0.00591723849954317,1.34897557724484,0.333,0.182,1,"7","Fam171a2"
"Camkv1",0.00613967548518548,1.1522488467956,0.452,0.291,1,"7","Camkv"
"Lzts1",0.0061969527678158,1.59691763405851,0.262,0.128,1,"7","Lzts1"
"Kcnb11",0.0064915383665377,0.66372921952456,0.643,0.471,1,"7","Kcnb1"
"Mospd2",0.00650172820474923,1.36007104006092,0.262,0.123,1,"7","Mospd2"
"Frmpd44",0.00661217687465488,0.311716734189206,0.881,0.657,1,"7","Frmpd4"
"Ppp2r5c",0.00675346789354261,0.610178243538079,0.738,0.555,1,"7","Ppp2r5c"
"Ski1",0.00696398577808407,0.766147671768137,0.5,0.317,1,"7","Ski"
"Robo12",0.00699399470557547,0.268799579775623,1,0.922,1,"7","Robo1"
"Rab3gap1",0.0070003684049444,0.763058755310852,0.619,0.469,1,"7","Rab3gap1"
"Syt71",0.00742418331383264,0.753400052251851,0.595,0.453,1,"7","Syt7"
"Kcnq21",0.00744759176107925,0.54735850803753,0.833,0.63,1,"7","Kcnq2"
"Slc2a3",0.00756333740767933,1.02891022637467,0.524,0.356,1,"7","Slc2a3"
"Opcml2",0.00769328178226989,0.320932750964415,1,0.9,1,"7","Opcml"
"Mrtfb1",0.00770343261113203,0.588616770449203,0.762,0.58,1,"7","Mrtfb"
"Arl6ip5",0.00775071331539367,1.6079985535045,0.262,0.131,1,"7","Arl6ip5"
"Cacna1d",0.00781420976097699,0.466891959427455,0.905,0.819,1,"7","Cacna1d"
"Rbfox12",0.00786999272198947,0.206074778051357,1,0.938,1,"7","Rbfox1"
"Ppfia21",0.00807265268734992,0.466587389909229,0.857,0.827,1,"7","Ppfia2"
"Pxylp1",0.00818166162669461,1.52999604150323,0.262,0.13,1,"7","Pxylp1"
"Pde8b1",0.00829941511102816,0.723808139906348,0.643,0.515,1,"7","Pde8b"
"Nhlrc2",0.0085295586398642,1.09725066805896,0.333,0.181,1,"7","Nhlrc2"
"Bcas3",0.00887018030775288,0.773350941103017,0.643,0.526,1,"7","Bcas3"
"Ptpra1",0.00895417100847435,0.720911875451242,0.643,0.498,1,"7","Ptpra"
"Nrxn34",0.00899924151148069,0.270712179872586,1,0.977,1,"7","Nrxn3"
"Tenm33",0.00944548774779372,0.556338086229985,0.833,0.725,1,"7","Tenm3"
"Auts22",0.00958533092352121,0.280493749856357,0.976,0.913,1,"7","Auts2"
"Dnm21",0.00963632391895395,0.813056414667842,0.571,0.423,1,"7","Dnm2"
"Greb1",3.03492509538041e-40,4.47033675224966,0.667,0.058,5.03949312087917e-36,"8","Greb1"
"Frem3",8.97392342446141e-32,5.18388345903223,0.3,0.012,1.49011998463182e-27,"8","Frem3"
"Gm29683",6.10023877513995e-29,4.00583057670652,0.6,0.065,1.01294464861199e-24,"8","Gm29683"
"Gldn",1.29280867434389e-23,3.61540908109964,0.467,0.046,2.14670880374803e-19,"8","Gldn"
"Prlr2",5.08286874304196e-19,2.67490618491135,0.933,0.329,8.44010354782118e-15,"8","Prlr"
"Esr2",2.25060436321781e-18,4.57144022188897,0.3,0.025,3.73712854512317e-14,"8","Esr2"
"Gm42303",2.31703686688595e-15,3.65138837820521,0.3,0.03,3.84743971746413e-11,"8","Gm42303"
"Sox2ot3",1.10125765808577e-14,2.14626964216322,0.933,0.409,1.82863834125143e-10,"8","Sox2ot"
"A830082K12Rik1",1.48049946798659e-14,2.29901916975371,0.6,0.12,2.45836936659173e-10,"8","A830082K12Rik"
"B130024G19Rik",2.91737862660314e-14,2.86751488948677,0.5,0.089,4.84430720947452e-10,"8","B130024G19Rik"
"Pde1c1",9.11140877214066e-12,1.90240338587762,0.767,0.251,1.51294942661396e-07,"8","Pde1c"
"Gda1",1.84305660007892e-10,1.75522418918975,0.633,0.173,3.06039548443104e-06,"8","Gda"
"Cdh24",5.94200159068241e-10,2.53479062089136,0.333,0.056,9.86669364132815e-06,"8","Cdh24"
"Gm303821",9.52341967597369e-10,2.41921493607618,0.567,0.16,1.58136383719543e-05,"8","Gm30382"
"Csmd12",9.89259363418529e-10,0.999761383359904,1,0.98,1.64266517295647e-05,"8","Csmd1"
"Tox2",1.04396146735358e-09,2.11717917794869,0.667,0.232,1.73349801654062e-05,"8","Tox"
"Sox52",1.40967072443672e-09,2.12457763026985,0.633,0.211,2.34075823792717e-05,"8","Sox5"
"Cacna2d33",1.42395877123676e-09,1.76073166968271,0.867,0.461,2.36448353963864e-05,"8","Cacna2d3"
"Ptprt2",1.60946191428754e-09,1.73899384167314,0.9,0.593,2.67251150867446e-05,"8","Ptprt"
"Cadps21",5.70125621617121e-09,2.15607222386938,0.767,0.387,9.46693594695229e-05,"8","Cadps2"
"Ctnna22",7.49616772022786e-09,1.10530012392487,1,0.986,0.000124473864994384,"8","Ctnna2"
"Erbb41",1.04336191739946e-08,1.4730591850999,1,0.666,0.000173250246384181,"8","Erbb4"
"Lhx62",1.48131953694701e-08,1.88010271085513,0.467,0.116,0.000245973109110051,"8","Lhx6"
"Maml21",5.4439305268773e-08,2.23917139798875,0.633,0.242,0.000903964663987975,"8","Maml2"
"Gria13",5.67452029827817e-08,1.08197688101857,1,0.932,0.000942254095529089,"8","Gria1"
"Dchs23",5.75268827624867e-08,1.73102449431842,0.7,0.272,0.000955233888271092,"8","Dchs2"
"Dlx1",7.57175798358924e-08,2.16960932805011,0.433,0.116,0.00125729041317499,"8","Dlx1"
"Cdh42",1.08962940581734e-07,1.50293991651694,0.9,0.567,0.0018093296283597,"8","Cdh4"
"Fndc12",1.4514506969274e-07,1.74692212119863,0.533,0.17,0.00241013388224794,"8","Fndc1"
"Grm83",1.47331047930925e-07,1.40615598051065,0.8,0.36,0.00244643205089302,"8","Grm8"
"Calb1",1.51373322014426e-07,2.15470243362029,0.433,0.116,0.00251355401204955,"8","Calb1"
"Frmd61",1.6086544614557e-07,2.01395845758992,0.4,0.101,0.00267117073324719,"8","Frmd6"
"Tcf43",1.89630233138204e-07,1.60875531841565,0.767,0.363,0.00314881002125987,"8","Tcf4"
"Negr11",2.51956966531252e-07,0.90273603000482,1,0.983,0.00418374542925145,"8","Negr1"
"March32",3.0230795796638e-07,2.0731976609646,0.6,0.258,0.00501982364203173,"8","March3"
"Pcdh71",3.52826103328644e-07,1.51726257084065,0.933,0.77,0.00585867744577214,"8","Pcdh7"
"Grik12",3.92700780928999e-07,1.89292572893573,0.8,0.58,0.00652079646732602,"8","Grik1"
"Rps6ka5",4.96793676808121e-07,1.53197071438645,0.6,0.212,0.00824925900339885,"8","Rps6ka5"
"T2",5.12394328275996e-07,1.95122270224196,0.4,0.107,0.00850830782102292,"8","T2"
"Gm268713",5.93355149003462e-07,0.815813582500149,1,0.88,0.00985266224920248,"8","Gm26871"
"Col25a11",5.99948633828097e-07,1.41524280180143,0.733,0.339,0.00996214706471555,"8","Col25a1"
"Nrxn35",6.44479840939059e-07,0.91028497581673,1,0.977,0.0107015877587931,"8","Nrxn3"
"Sox2",1.25802570108151e-06,2.21425710807575,0.267,0.054,0.0208895167664585,"8","Sox2"
"Pip5k1b",1.30066480318785e-06,1.58737420448304,0.733,0.412,0.0215975390569343,"8","Pip5k1b"
"Anks1b3",1.33047697292566e-06,0.601069424889652,1,0.994,0.0220925701354306,"8","Anks1b"
"Kcnq31",1.83886295709388e-06,0.966317971945485,0.967,0.717,0.0305343194025439,"8","Kcnq3"
"Lsamp2",1.88619697097816e-06,0.899063911842237,1,0.995,0.0313203007030924,"8","Lsamp"
"Slc8a12",2.20141835184647e-06,1.18466483282101,0.933,0.834,0.0365545517324107,"8","Slc8a1"
"Unc5b",2.27529002374847e-06,2.13948933967378,0.267,0.056,0.0377811908443434,"8","Unc5b"
"Csgalnact11",2.40640662554083e-06,2.16812938771768,0.467,0.16,0.0399583820171056,"8","Csgalnact1"
"Sgcz2",2.44232615884175e-06,1.17897442712048,0.967,0.854,0.0405548258675673,"8","Sgcz"
"Zdhhc143",3.46669699867857e-06,1.30840581605517,0.833,0.457,0.0575645036630577,"8","Zdhhc14"
"Atl2",4.069565628172e-06,1.52147687288573,0.5,0.169,0.0675751372557961,"8","Atl2"
"Ust",4.27185571313135e-06,1.94786926713215,0.333,0.088,0.0709341641165461,"8","Ust"
"Cers63",5.77429360043912e-06,1.21934264736299,0.833,0.491,0.0958821452352916,"8","Cers6"
"Gm174941",5.87758359273429e-06,1.51956316669779,0.533,0.195,0.0975972755573528,"8","Gm17494"
"Gpr1551",6.00186223256438e-06,1.81631269858916,0.467,0.161,0.0996609223717316,"8","Gpr155"
"Slc35f41",7.92165734577479e-06,1.35191973385012,0.8,0.48,0.13153912022659,"8","Slc35f4"
"Nlgn13",8.94736019009209e-06,0.804350982572276,1,0.962,0.148570915956479,"8","Nlgn1"
"Trpc6",9.06076781419473e-06,2.91186026997118,0.267,0.066,0.150454049554704,"8","Trpc6"
"Pde1a3",9.12233701754979e-06,1.00963685163983,0.933,0.519,0.151476406176414,"8","Pde1a"
"B3gnt2",1.14317611939564e-05,2.14520299086817,0.4,0.135,0.189824394625646,"8","B3gnt2"
"Adgrl21",1.28646565755638e-05,1.47821847244494,0.7,0.353,0.213617622437236,"8","Adgrl2"
"Tmem178b",1.42311964384384e-05,0.662006402484556,1,0.92,0.23630901686027,"8","Tmem178b"
"Sox1ot2",1.43133860143981e-05,1.29149243311883,0.467,0.155,0.23767377476908,"8","Sox1ot"
"Togaram21",1.55274545506589e-05,2.32883179494333,0.333,0.1,0.25783338281369,"8","Togaram2"
"Hcn1",1.55358706459546e-05,1.60558029442529,0.733,0.444,0.257973132076075,"8","Hcn1"
"Sncaip1",1.66267875846518e-05,1.58445047550274,0.567,0.238,0.276087807843144,"8","Sncaip"
"B3galt11",1.7091139057471e-05,1.14120479176756,0.933,0.707,0.283798364049306,"8","B3galt1"
"Pbdc1",2.2164380476142e-05,1.95951067356754,0.333,0.096,0.368039537806338,"8","Pbdc1"
"Apoe",2.31903251080662e-05,2.07535900225406,0.3,0.081,0.38507534841944,"8","Apoe"
"Nkain23",2.53065192164551e-05,0.5654331762325,1,0.968,0.420214751589238,"8","Nkain2"
"Grik21",2.68996704334337e-05,0.855318881515607,1,0.94,0.446669027547166,"8","Grik2"
"Lima11",2.73438257091377e-05,1.45143334598852,0.433,0.147,0.454044225900231,"8","Lima1"
"Tmem132d2",2.99051861743436e-05,1.10011510133963,0.733,0.401,0.496575616424975,"8","Tmem132d"
"Nr2f1",3.39173606534847e-05,1.79156603625347,0.267,0.067,0.563197773651114,"8","Nr2f1"
"Eda2",3.7283366848785e-05,1.48092374891262,0.567,0.253,0.619090306524074,"8","Eda"
"Bicc1",4.75502139995225e-05,1.33839340808786,0.467,0.172,0.78957130346207,"8","Bicc1"
"Chic2",5.09709078019398e-05,1.44511562223204,0.433,0.153,0.84637192405121,"8","Chic2"
"Zbtb201",5.16541433814056e-05,1.12235648179123,0.867,0.692,0.85771705084824,"8","Zbtb20"
"Dpyd3",5.8221126268125e-05,0.952030708446718,0.767,0.457,0.966761801682215,"8","Dpyd"
"Ank21",5.91437263295297e-05,0.423921649011252,1,0.998,0.98208157570184,"8","Ank2"
"Ppp3ca2",6.80227635867074e-05,0.951702401345592,0.933,0.761,1,"8","Ppp3ca"
"Erc21",8.779403777451e-05,0.609182653983418,0.967,0.964,1,"8","Erc2"
"Dlx6os12",8.8162999280625e-05,1.66211478479827,0.5,0.232,1,"8","Dlx6os1"
"Brinp31",9.68539507875222e-05,0.900576658172177,0.933,0.717,1,"8","Brinp3"
"4933412O06Rik",0.000101832344328048,1.92649561633958,0.3,0.091,1,"8","4933412O06Rik"
"P4ha2",0.000104142166036517,1.50440335952679,0.367,0.122,1,"8","P4ha2"
"Sh3rf11",0.000105672185666174,1.73580276473146,0.467,0.219,1,"8","Sh3rf1"
"Srsf12",0.000105758699127465,1.57144022188897,0.367,0.124,1,"8","Srsf12"
"Esr1",0.000105890162197265,1.54002726925751,0.367,0.126,1,"8","Esr1"
"Kcnd22",0.000111408757339213,0.742996240923825,0.933,0.946,1,"8","Kcnd2"
"Rbfox13",0.000121622200995002,0.761896475047047,1,0.938,1,"8","Rbfox1"
"Tma16",0.000129450998327663,1.96665274281156,0.267,0.076,1,"8","Tma16"
"Dock102",0.000137924673564658,1.30368773008913,0.867,0.643,1,"8","Dock10"
"Sez6l4",0.000153137402694332,0.762099127312803,0.933,0.679,1,"8","Sez6l"
"Eif1",0.000155183544230893,1.36862333888928,0.4,0.143,1,"8","Eif1"
"Galnt71",0.0001571423158719,1.54907240886051,0.533,0.254,1,"8","Galnt7"
"Adgrl31",0.000160103816882392,0.733329991741387,1,0.862,1,"8","Adgrl3"
"Aldh3a2",0.000162323476907208,1.80986685299642,0.367,0.132,1,"8","Aldh3a2"
"Lpgat1",0.000165223164637629,0.841148065104032,0.8,0.437,1,"8","Lpgat1"
"Dgkg2",0.000174410749223131,0.711552920967376,0.867,0.506,1,"8","Dgkg"
"Arhgap261",0.000191063862267914,1.02199577665534,0.867,0.6,1,"8","Arhgap26"
"Nell23",0.00021476821873711,0.908379701236222,0.7,0.384,1,"8","Nell2"
"Bmp1",0.000218563949411361,1.8138188431006,0.333,0.115,1,"8","Bmp1"
"Unc5d2",0.000252123329461579,0.90124767446136,0.967,0.865,1,"8","Unc5d"
"Greb1l2",0.000259478574649853,1.07678529504536,0.667,0.362,1,"8","Greb1l"
"Zfp804a2",0.000264375140517897,1.18063362168498,0.7,0.453,1,"8","Zfp804a"
"Sipa1l12",0.000279650104192243,0.782304466395901,0.867,0.565,1,"8","Sipa1l1"
"Gm295141",0.000311682461634194,1.35099344486749,0.5,0.221,1,"8","Gm29514"
"Rbm3",0.00031710119776798,1.37804476942201,0.433,0.175,1,"8","Rbm3"
"Numbl",0.000320236009378079,1.27699286342371,0.5,0.211,1,"8","Numbl"
"Htr42",0.000323648108560587,1.231350197868,0.533,0.257,1,"8","Htr4"
"Mtmr71",0.000338535889205921,1.25175557192469,0.633,0.346,1,"8","Mtmr7"
"Mical21",0.000338714213822178,1.1636826686281,0.633,0.358,1,"8","Mical2"
"Nos1ap2",0.000341998549981416,1.24812280497058,0.633,0.39,1,"8","Nos1ap"
"Lrp1b4",0.000342378664513556,0.677002153470225,1,0.966,1,"8","Lrp1b"
"5031425E22Rik",0.000377696488019862,0.973404359239285,0.7,0.403,1,"8","5031425E22Rik"
"D1Ertd622e",0.000389008365410113,1.75761870433013,0.267,0.082,1,"8","D1Ertd622e"
"Dnm32",0.000391723484008778,0.647036924386262,0.933,0.911,1,"8","Dnm3"
"Kif26b1",0.000416174183497185,1.04834145161558,0.7,0.391,1,"8","Kif26b"
"Il1rapl12",0.000425659001720918,0.725031818308631,0.967,0.913,1,"8","Il1rapl1"
"Syn2",0.000428724042241698,1.04092550519019,0.767,0.47,1,"8","Syn2"
"Dync1i1",0.000530387951768127,0.721049256174095,0.9,0.666,1,"8","Dync1i1"
"Snx12",0.000533011590035142,1.31636710175786,0.367,0.136,1,"8","Snx12"
"Pcgf51",0.000567043409761286,0.96471493857007,0.667,0.406,1,"8","Pcgf5"
"Lmo31",0.000567423389693236,1.67515654413816,0.3,0.106,1,"8","Lmo3"
"Camsap2",0.00057477755287043,1.00967109918682,0.633,0.343,1,"8","Camsap2"
"Qk1",0.000586012464102501,1.67882482390329,0.467,0.221,1,"8","Qk"
"Zfp8311",0.000589439319548965,1.46963794136611,0.267,0.083,1,"8","Zfp831"
"Dtx4",0.000594899003417165,2.28733480764517,0.267,0.088,1,"8","Dtx4"
"Glra1",0.000606044172815595,1.54725883848858,0.267,0.085,1,"8","Glra1"
"Dcun1d4",0.000612336036422615,1.1628218435044,0.467,0.203,1,"8","Dcun1d4"
"Lrrc491",0.000661331642596838,0.976203535594501,0.7,0.481,1,"8","Lrrc49"
"Czib",0.00069555228590714,1.38687048119609,0.4,0.162,1,"8","Czib"
"Dlgap13",0.000699424834102227,0.488995486573677,1,0.959,1,"8","Dlgap1"
"Syt15",0.000709803103957636,0.491605858039061,1,0.952,1,"8","Syt1"
"Sdc2",0.000722362863138942,1.28043194739048,0.467,0.215,1,"8","Sdc2"
"Mfsd14b",0.000725845756106045,1.63402475926699,0.333,0.127,1,"8","Mfsd14b"
"Opcml3",0.000834375490975116,0.641380429827561,0.967,0.902,1,"8","Opcml"
"Kcnip43",0.000839743502549189,0.649302154989654,0.967,0.953,1,"8","Kcnip4"
"Siah31",0.000882847456479148,1.68244431387336,0.367,0.147,1,"8","Siah3"
"Plekhg5",0.000890182640522461,1.6447246479242,0.4,0.174,1,"8","Plekhg5"
"Pafah1b2",0.00090526478443784,1.42899595686876,0.367,0.148,1,"8","Pafah1b2"
"Kcnip12",0.000959844067710369,0.708310532604119,0.933,0.596,1,"8","Kcnip1"
"Khdrbs31",0.000998355774953638,1.13696934769526,0.533,0.275,1,"8","Khdrbs3"
"Gabra51",0.00100913838183885,1.11092018747701,0.5,0.245,1,"8","Gabra5"
"Ptbp2",0.00107212733309423,0.785516991580667,0.733,0.422,1,"8","Ptbp2"
"Cpne82",0.00107972838710285,1.20889534704031,0.5,0.242,1,"8","Cpne8"
"Nek102",0.00112483707567257,1.26800408019646,0.4,0.17,1,"8","Nek10"
"Ptprg1",0.00112729173347292,0.804085886657748,0.9,0.756,1,"8","Ptprg"
"Npas33",0.00114595823903535,1.29514021013397,0.6,0.402,1,"8","Npas3"
"Trim24",0.00116999345020974,1.27219187715989,0.533,0.297,1,"8","Trim24"
"Ubxn7",0.00117788830284362,1.19033848116953,0.5,0.246,1,"8","Ubxn7"
"Gnai11",0.00123061190033994,1.30381665149942,0.433,0.198,1,"8","Gnai1"
"Klhl21",0.00123362234786662,0.927843299801327,0.567,0.274,1,"8","Klhl2"
"Mdga21",0.00128794433462355,0.559856856410308,1,0.98,1,"8","Mdga2"
"Fstl43",0.00129671422703697,0.854759862740666,0.667,0.395,1,"8","Fstl4"
"Chrna7",0.00131858217313647,1.47918171403698,0.3,0.11,1,"8","Chrna7"
"Pum3",0.00137386835554975,1.47652432695135,0.333,0.132,1,"8","Pum3"
"Vezf11",0.00139632673926745,1.62164103481116,0.3,0.113,1,"8","Vezf1"
"Hpcal1",0.00152695970917128,1.04975917901777,0.433,0.189,1,"8","Hpcal1"
"Mok",0.00155722541428936,1.26593767491472,0.367,0.15,1,"8","Mok"
"Kcnh73",0.00163354658506622,0.622906002047737,0.933,0.776,1,"8","Kcnh7"
"Vps45",0.00165680433005243,1.20317263013204,0.467,0.232,1,"8","Vps45"
"Trabd",0.00173405653155842,1.1774571898728,0.4,0.173,1,"8","Trabd"
"Rgs172",0.00174760576477183,0.662167562140592,0.833,0.539,1,"8","Rgs17"
"Rab40b1",0.00175702398095564,1.6622830193085,0.333,0.138,1,"8","Rab40b"
"Rab2a2",0.00184726938136871,1.01618655848204,0.567,0.309,1,"8","Rab2a"
"Gm9866",0.00188489200825016,0.970198072061507,0.533,0.27,1,"8","Gm9866"
"Sulf11",0.00191446183632887,1.26761453110785,0.367,0.162,1,"8","Sulf1"
"Rfc2",0.00195376866168059,1.10493211763741,0.433,0.196,1,"8","Rfc2"
"Slit23",0.00199051874495613,0.911192291919538,0.667,0.393,1,"8","Slit2"
"Gm49797",0.00199652870863276,0.829533886452492,0.667,0.404,1,"8","Gm49797"
"Sema6a3",0.00201750366320761,1.22926413294349,0.6,0.355,1,"8","Sema6a"
"Gm408411",0.00204807942304044,1.02289158235993,0.567,0.315,1,"8","Gm40841"
"Prex21",0.00210778788222622,1.04613886333907,0.4,0.174,1,"8","Prex2"
"Gad22",0.00214152294228488,0.794556078859283,0.833,0.572,1,"8","Gad2"
"D430019H16Rik",0.00218801746725487,1.49738293184901,0.3,0.117,1,"8","D430019H16Rik"
"Ankmy2",0.00219559850350889,1.17068396127737,0.433,0.206,1,"8","Ankmy2"
"Ripk2",0.0022166471818442,1.53714476072439,0.267,0.096,1,"8","Ripk2"
"Crim11",0.00222575823329244,1.34922868007142,0.533,0.309,1,"8","Crim1"
"Ipo5",0.00226254911057787,1.46015688835522,0.333,0.136,1,"8","Ipo5"
"Yeats2",0.00247003663575634,0.656406452971836,0.833,0.525,1,"8","Yeats2"
"B230209E15Rik",0.00261079348206923,1.19776617227314,0.533,0.308,1,"8","B230209E15Rik"
"Cyp4x1",0.00261585065220466,1.15708339968852,0.4,0.181,1,"8","Cyp4x1"
"Xkr4",0.00268418060818364,0.406821357106247,1,0.969,1,"8","Xkr4"
"Ddx19b",0.00274529164271754,1.26979736201951,0.3,0.116,1,"8","Ddx19b"
"Adgrv11",0.00278479867752168,0.960847121130357,0.267,0.095,1,"8","Adgrv1"
"Thsd4",0.00278531614495244,0.720044738872154,0.567,0.292,1,"8","Thsd4"
"Nedd4",0.00279183926278757,0.499573147907883,0.933,0.732,1,"8","Nedd4"
"Whrn2",0.00279349122860855,1.3034650747849,0.4,0.191,1,"8","Whrn"
"Rab11b",0.00289661723753005,1.91565638397812,0.267,0.105,1,"8","Rab11b"
"Dusp22",0.00292482001464851,1.31969731437795,0.333,0.14,1,"8","Dusp22"
"Phldb1",0.00296255389190717,1.05272802775449,0.5,0.264,1,"8","Phldb1"
"Gabrg1",0.00300293873555577,1.08585137607171,0.467,0.251,1,"8","Gabrg1"
"Smg71",0.00313308863516755,1.12087366150643,0.567,0.318,1,"8","Smg7"
"Fxyd5",0.00315567879523276,1.48622082556171,0.267,0.1,1,"8","Fxyd5"
"Ensa",0.00324797710020185,1.13403490958167,0.367,0.158,1,"8","Ensa"
"Wwc21",0.00327824227109283,1.1030659314239,0.4,0.185,1,"8","Wwc2"
"Pcolce2",0.00331241669872478,1.35099344486749,0.4,0.186,1,"8","Pcolce2"
"Smg6",0.00336178221719108,0.667020938315168,0.867,0.647,1,"8","Smg6"
"Ank3",0.00339881680084271,0.875894555102743,0.667,0.439,1,"8","Ank"
"Ints101",0.00347657278589398,0.789585672125231,0.633,0.356,1,"8","Ints10"
"Ksr11",0.00367025197234186,1.15685050033522,0.433,0.215,1,"8","Ksr1"
"Efcab12",0.00368966870939273,1.20170473611948,0.367,0.164,1,"8","Efcab12"
"Chn23",0.00375633831706511,1.20897443999506,0.467,0.253,1,"8","Chn2"
"Nedd4l",0.00376117837487541,0.607673432320039,0.833,0.635,1,"8","Nedd4l"
"Fbxl4",0.00390908876536143,1.28664303345743,0.367,0.166,1,"8","Fbxl4"
"Arhgap32",0.00392027630348653,0.709103876061499,0.733,0.443,1,"8","Arhgap32"
"Celf22",0.00392241769412472,0.539293881946507,0.833,0.851,1,"8","Celf2"
"Rreb12",0.00408782391189791,1.30193922055394,0.433,0.219,1,"8","Rreb1"
"Usp6nl",0.00416067223874548,1.64050006206248,0.267,0.106,1,"8","Usp6nl"
"Htr7",0.00424715706873556,1.50760579156513,0.367,0.185,1,"8","Htr7"
"Nr3c1",0.00428693351620569,1.54518897437329,0.4,0.22,1,"8","Nr3c1"
"Fgf122",0.0044206989637863,0.501427751923472,1,0.967,1,"8","Fgf12"
"Il1rap1",0.00445360922329455,1.15413611563818,0.367,0.169,1,"8","Il1rap"
"Mxd4",0.00445724699504823,1.50616381739122,0.333,0.153,1,"8","Mxd4"
"Cep57l1",0.00448344964960536,1.45324350311544,0.267,0.104,1,"8","Cep57l1"
"Dtna",0.00451349468742093,0.560660383135726,0.833,0.575,1,"8","Dtna"
"Slc25a26",0.00460043187387473,0.955064768536351,0.4,0.182,1,"8","Slc25a26"
"Fam189a2",0.00461019139529864,1.54265273866433,0.267,0.107,1,"8","Fam189a2"
"Cisd2",0.00479506817175172,1.23635087892637,0.367,0.171,1,"8","Cisd2"
"Grid23",0.00500851906643973,0.509847666615305,1,0.979,1,"8","Grid2"
"Efna53",0.00511179503165568,0.585154193270846,0.833,0.591,1,"8","Efna5"
"Cnih4",0.00511646856170476,1.39380652840646,0.267,0.105,1,"8","Cnih4"
"E430024P14Rik1",0.00512290646023286,1.40909639943106,0.367,0.177,1,"8","E430024P14Rik"
"Usp281",0.00515233942157661,0.969564338231466,0.433,0.212,1,"8","Usp28"
"Cdh22",0.00516740301023568,0.970685749124221,0.5,0.281,1,"8","Cdh22"
"Ext12",0.00532119491667741,0.817561244786416,0.633,0.409,1,"8","Ext1"
"Pan3",0.00533938048978665,0.825380749245715,0.7,0.435,1,"8","Pan3"
"Abce1",0.00536011554611646,1.16846840664554,0.4,0.198,1,"8","Abce1"
"Pus101",0.00551647068541243,1.13260295408854,0.433,0.23,1,"8","Pus10"
"Braf",0.00571589727367262,0.705450878464879,0.8,0.6,1,"8","Braf"
"Svip",0.00577614696395549,1.33421773211666,0.267,0.105,1,"8","Svip"
"Lrrc1",0.00579503627047832,1.24920970691018,0.4,0.204,1,"8","Lrrc1"
"Elovl6",0.00597094193555537,0.758961370821544,0.6,0.34,1,"8","Elovl6"
"Rnf165",0.00621237329885183,0.966205326141552,0.533,0.316,1,"8","Rnf165"
"Hsf2",0.00624204714181858,1.22388152696415,0.333,0.149,1,"8","Hsf2"
"Mcc2",0.00630594772731922,1.6551037937042,0.3,0.137,1,"8","Mcc"
"Psmd141",0.00632598858240897,0.955064768536351,0.5,0.283,1,"8","Psmd14"
"Gabrb3",0.00666113179494042,0.574229794301059,0.933,0.821,1,"8","Gabrb3"
"Carmil1",0.00671312085780145,0.693405012678775,0.667,0.429,1,"8","Carmil1"
"Ccdc30",0.0067233100740507,0.691201465787547,0.833,0.6,1,"8","Ccdc30"
"Fam222a",0.00676277643546714,1.3662602015208,0.267,0.108,1,"8","Fam222a"
"Epha62",0.00687447184689359,0.934348127478528,0.833,0.693,1,"8","Epha6"
"AW5519841",0.0072096652057786,1.20660353553232,0.467,0.268,1,"8","AW551984"
"Ebna1bp2",0.00723103741768195,1.29311252878699,0.267,0.107,1,"8","Ebna1bp2"
"Fam173a",0.0073141684127937,0.961491037695784,0.467,0.245,1,"8","Fam173a"
"Gpr45",0.00790817480893885,0.860453338979638,0.633,0.408,1,"8","Gpr45"
"Ppp1r12b1",0.00795591794776056,0.790556099186755,0.733,0.548,1,"8","Ppp1r12b"
"Stmn4",0.00800291957151702,1.46589553968029,0.267,0.113,1,"8","Stmn4"
"Zdhhc16",0.00807805253498853,1.30124040967039,0.267,0.109,1,"8","Zdhhc16"
"Pcdh92",0.00820619147148308,0.616782351845928,0.933,0.938,1,"8","Pcdh9"
"Aff22",0.00823834125807837,0.857045450021064,0.733,0.473,1,"8","Aff2"
"Prkce2",0.00833931408975833,0.529605463770996,0.867,0.849,1,"8","Prkce"
"Larp1b",0.00836442923680696,1.06799829730281,0.4,0.206,1,"8","Larp1b"
"Usp49",0.00841830244359752,0.962296337767427,0.433,0.224,1,"8","Usp49"
"Tmtc41",0.00848586151856339,1.71278892286935,0.267,0.116,1,"8","Tmtc4"
"Map4",0.00850795377607483,0.716277908949235,0.667,0.427,1,"8","Map4"
"Atp6v1a",0.0085631076427335,0.988423365482782,0.467,0.267,1,"8","Atp6v1a"
"Cpsf6",0.0087716335740845,0.700345630914561,0.633,0.394,1,"8","Cpsf6"
"Rpl31",0.00880246772800569,1.63402475926699,0.267,0.114,1,"8","Rpl31"
"Morf4l2",0.00888859723671497,0.950948660064119,0.4,0.197,1,"8","Morf4l2"
"Adap1",0.00890255446487662,0.980011125666582,0.467,0.27,1,"8","Adap1"
"Psmb2",0.00924085414037656,1.09509522031532,0.4,0.208,1,"8","Psmb2"
"Enah",0.00966675825003774,1.32053429011697,0.7,0.545,1,"8","Enah"
"Nploc4",0.00973094092355545,0.910087859817967,0.533,0.313,1,"8","Nploc4"
"Ocrl",0.00973660499115841,0.915536404349714,0.6,0.419,1,"8","Ocrl"
"Map21",0.00976977634738784,0.373646028441507,0.933,0.922,1,"8","Map2"
"Adra1a2",0.0098258208159944,1.08735653535366,0.367,0.186,1,"8","Adra1a"
"Manf",0.00996204322296803,1.23746449923708,0.267,0.111,1,"8","Manf"
"Chat",5.80525916992558e-236,9.43969868517271,0.933,0.003,9.63963285166142e-232,"9","Chat"
"Prima1",1.84139811206733e-126,7.53126592475579,0.933,0.014,3.0576415650878e-122,"9","Prima1"
"Slc5a7",9.72568269006988e-106,7.16121588025026,0.867,0.015,1.6149496106861e-101,"9","Slc5a7"
"Insrr",6.47478099557871e-101,6.61372808494776,0.733,0.01,1.07513738431584e-96,"9","Insrr"
"Ngfr",1.04053610728921e-97,8.19869058566892,0.4,0.001,1.72781020615373e-93,"9","Ngfr"
"Slc10a4",3.80644915542119e-83,6.37271998544397,0.6,0.008,6.32060882257689e-79,"9","Slc10a4"
"Ntrk1",1.17473929108186e-79,6.32422146775278,0.667,0.012,1.95065459284142e-75,"9","Ntrk1"
"Gm12153",6.89127588919691e-39,5.96165138836807,0.333,0.006,1.14429636140115e-34,"9","Gm12153"
"Gm29374",7.23166560430649e-28,4.3708715610516,0.667,0.045,1.20081807359509e-23,"9","Gm29374"
"Gm11906",1.19261158316455e-25,4.50183520487686,0.733,0.063,1.98033153384473e-21,"9","Gm11906"
"Ntsr1",5.96312937341677e-25,4.18076867767166,0.533,0.031,9.90177632455855e-21,"9","Ntsr1"
"D7Ertd443e",1.16316792703216e-20,4.55928030092539,0.467,0.03,1.93144034283691e-16,"9","D7Ertd443e"
"Dysf",2.20361439672706e-20,4.51857085190742,0.6,0.054,3.65910170576529e-16,"9","Dysf"
"Mill2",4.54944479525706e-20,4.6751286296119,0.333,0.015,7.55435308252435e-16,"9","Mill2"
"Acly",2.98939380432571e-19,4.30468128135713,0.867,0.131,4.96388841208284e-15,"9","Acly"
"Triobp",1.55659342180884e-18,4.93565617983512,0.267,0.01,2.58472337691358e-14,"9","Triobp"
"Megf111",1.79303486205321e-17,3.47417673254897,0.867,0.14,2.97733438843935e-13,"9","Megf11"
"Dgcr6",1.79813052309638e-16,3.51686654569517,0.533,0.049,2.98579573360154e-12,"9","Dgcr6"
"Sh3bgrl2",6.17030826303258e-16,3.99481825230327,0.4,0.029,1.02457968707656e-11,"9","Sh3bgrl2"
"Sphkap2",1.03424693956973e-13,3.48652838250328,0.933,0.247,1.71736704315554e-09,"9","Sphkap"
"Adcy12",1.89379861135347e-13,2.90902633995251,0.867,0.169,3.14465259415243e-09,"9","Adcy1"
"Elavl22",6.16100157797496e-13,3.40717785173904,1,0.375,1.02303431202274e-08,"9","Elavl2"
"Ecel12",6.34171202090482e-13,3.09747833431062,0.867,0.2,1.05304128107125e-08,"9","Ecel1"
"Gm14507",1.06598430152577e-12,4.65437006944511,0.267,0.016,1.77006693268355e-08,"9","Gm14507"
"Doc2b",1.51593211337557e-12,2.94130274297627,0.6,0.082,2.51720527426013e-08,"9","Doc2b"
"Antxr1",1.54511757326758e-12,3.47735564321648,0.733,0.135,2.56566773041081e-08,"9","Antxr1"
"Plekhd1",3.25800028320655e-12,3.54763889448999,0.4,0.038,5.40990947026448e-08,"9","Plekhd1"
"Ano12",3.53571273208621e-12,2.64410173399128,0.733,0.129,5.87105099162916e-08,"9","Ano1"
"Col6a2",7.40866648566831e-12,4.22906423471244,0.333,0.028,1.23020906994522e-07,"9","Col6a2"
"C230057M02Rik1",8.3235982592508e-12,3.32094633571992,0.533,0.071,1.3821334909486e-07,"9","C230057M02Rik"
"Rbms13",2.0102242162946e-11,3.03039115627565,0.933,0.317,3.33797731115718e-07,"9","Rbms1"
"Serpine22",2.0292247300395e-11,3.07284665269072,0.8,0.173,3.36952766423059e-07,"9","Serpine2"
"Nfib2",3.96070136314075e-11,1.91655608064058,0.733,0.123,6.57674461349522e-07,"9","Nfib"
"9530059O14Rik2",4.13293072718034e-11,2.89239314249532,1,0.466,6.86273147248295e-07,"9","9530059O14Rik"
"Nckap51",6.47244063324395e-11,2.49825086752783,0.933,0.287,1.07474876715016e-06,"9","Nckap5"
"Sh3bp4",7.05959686408393e-11,3.55483439589419,0.333,0.03,1.17224605928114e-06,"9","Sh3bp4"
"Wipf1",9.37781759053585e-11,3.04604357565844,0.4,0.043,1.55718661090848e-06,"9","Wipf1"
"Inpp4b2",1.47376642953358e-10,2.8352858548054,1,0.53,2.44718915624052e-06,"9","Inpp4b"
"Slc7a141",2.14412011026295e-10,2.86703594479678,0.933,0.447,3.56031144309163e-06,"9","Slc7a14"
"Thsd41",3.64216254040941e-10,3.15628501940392,0.867,0.292,6.04781089834982e-06,"9","Thsd4"
"Lhx83",4.90380353611674e-10,2.62666714065526,0.733,0.154,8.14276577172185e-06,"9","Lhx8"
"Pdzrn3",6.01140782605632e-10,4.40427471931881,0.267,0.022,9.98194269516652e-06,"9","Pdzrn3"
"Sv2c2",6.27544207855231e-10,2.8875461664948,0.8,0.201,1.04203715714361e-05,"9","Sv2c"
"Klf6",1.26324225101705e-09,3.63972329348071,0.333,0.035,2.09761375781381e-05,"9","Klf6"
"Col18a1",1.77998073586323e-09,2.54333875705636,0.467,0.065,2.9556580119009e-05,"9","Col18a1"
"Gm35501",2.49843901532203e-09,3.39133566361131,0.333,0.035,4.14865798494223e-05,"9","Gm35501"
"Asic4",2.83874665344632e-09,3.75574708982019,0.333,0.036,4.71373881804761e-05,"9","Asic4"
"Ctnna23",3.06782028146096e-09,1.83608919813779,1,0.986,5.09411557736592e-05,"9","Ctnna2"
"Dpf32",4.65863826854457e-09,2.13979689661535,0.733,0.159,7.73566884491825e-05,"9","Dpf3"
"Arhgap222",5.24855069214479e-09,2.31416780308885,0.667,0.135,8.71521842430643e-05,"9","Arhgap22"
"Malat13",5.72064977932456e-09,1.1603405785963,1,1,9.49913895856843e-05,"9","Malat1"
"Parp4",5.77063012263159e-09,3.24449427528204,0.333,0.037,9.58213131862975e-05,"9","Parp4"
"Gclm",6.31785945050218e-09,2.52626524369742,0.6,0.113,0.000104908056175589,"9","Gclm"
"Tuba1a",8.33730697795511e-09,2.79703529831082,0.533,0.095,0.000138440982368945,"9","Tuba1a"
"Rimbp2",1.15715942216597e-08,2.95451102953318,0.933,0.611,0.000192146322050659,"9","Rimbp2"
"Mturn",1.23343963975928e-08,2.60473930172051,0.533,0.093,0.000204812652182029,"9","Mturn"
"Kcnj12",1.62992587551165e-08,3.221410662169,0.333,0.039,0.000270649191628709,"9","Kcnj12"
"Rgs12",1.72360339420815e-08,2.93360835118626,0.467,0.075,0.000286204343608263,"9","Rgs12"
"Pld51",2.1190787387651e-08,2.72351623048587,0.8,0.311,0.000351873024571946,"9","Pld5"
"Abcc4",2.75791629265499e-08,2.59136027191931,0.467,0.074,0.000457952000395361,"9","Abcc4"
"Ddah11",3.37657510080435e-08,2.83988242508041,0.667,0.182,0.000560680295488563,"9","Ddah1"
"Ppm1e2",4.90174245819575e-08,1.7374091883578,1,0.594,0.000813934335183404,"9","Ppm1e"
"Parp12",6.97754062046796e-08,3.17632277264046,0.333,0.042,0.0011586206200287,"9","Parp12"
"Rcan2",7.03533408367885e-08,2.30895157344511,0.933,0.423,0.00116821722459487,"9","Rcan2"
"Baz2b1",8.24023339445045e-08,1.57675143715179,1,0.67,0.0013682907551485,"9","Baz2b"
"Pdgfb",9.66762913416112e-08,3.77242583096682,0.267,0.029,0.00160530981772745,"9","Pdgfb"
"Zfp945",9.75482817013446e-08,2.5893439263208,0.533,0.103,0.00161978921765083,"9","Zfp945"
"Sfta3-ps3",1.05916551559129e-07,1.92024112744844,0.8,0.238,0.00175874433863933,"9","Sfta3-ps"
"Mettl24",1.32945940700439e-07,2.62666714065526,0.4,0.061,0.00220756734533078,"9","Mettl24"
"Fbn2",1.36938650700651e-07,2.10161614963429,0.533,0.1,0.00227386629488431,"9","Fbn2"
"Hspa12b",1.42516450684668e-07,3.2917999900604,0.267,0.029,0.00236648566361891,"9","Hspa12b"
"Arhgap42",1.72905230714174e-07,2.97952206520676,0.467,0.086,0.00287109135600886,"9","Arhgap42"
"B3gnt21",1.77323410680433e-07,2.39317701043548,0.6,0.136,0.00294445523434859,"9","B3gnt2"
"Zap70",2.32162086216252e-07,3.49825086752783,0.267,0.03,0.00385505144162086,"9","Zap70"
"Evpl",2.36829198748729e-07,3.42390352606774,0.333,0.047,0.00393254884522264,"9","Evpl"
"Map3k20",2.72954135323292e-07,3.17315549356178,0.333,0.046,0.00453240341704327,"9","Map3k20"
"Chrm21",2.74381224896532e-07,1.4844450680028,0.933,0.281,0.00455610023940691,"9","Chrm2"
"Erc22",2.99854191232228e-07,1.14077620055166,1,0.963,0.00497907884541115,"9","Erc2"
"E130008D07Rik",3.54595096252503e-07,2.8323683714231,0.4,0.066,0.00588805157327281,"9","E130008D07Rik"
"Mcc3",3.61078880508134e-07,2.17461645069006,0.6,0.135,0.00599571481083757,"9","Mcc"
"Ptger3",5.19305317133706e-07,3.17632277264046,0.267,0.031,0.00862306479100518,"9","Ptger3"
"Hcrtr1",5.50714642651666e-07,3.20773572527192,0.267,0.031,0.00914461664123091,"9","Hcrtr1"
"Myrip1",6.48121173224477e-07,2.09258068182405,0.8,0.299,0.0107620520813924,"9","Myrip"
"Tacr1",7.4254556131137e-07,1.93003163064125,0.533,0.11,0.0123299690455753,"9","Tacr1"
"Stmn2",8.73742669322704e-07,1.74822912053617,0.933,0.398,0.0145084970241035,"9","Stmn2"
"Pard6g",1.03339899095102e-06,2.2421692223358,0.533,0.116,0.0171595902447417,"9","Pard6g"
"Tmem132e",1.04896643600798e-06,2.03737871453131,0.667,0.181,0.0174180876699126,"9","Tmem132e"
"Zfp5363",1.14728851552278e-06,2.01819634251642,0.8,0.25,0.0190507258002558,"9","Zfp536"
"Tesc",1.14846142966473e-06,3.63021620773633,0.333,0.052,0.0190702020395828,"9","Tesc"
"Tenm21",1.22824298834132e-06,1.45240776916971,1,0.9,0.0203949748214076,"9","Tenm2"
"Enox21",1.22990223231515e-06,3.08123300412074,0.667,0.213,0.0204225265675931,"9","Enox2"
"Zfp28",1.31632391617479e-06,2.60090404459018,0.4,0.07,0.0218575586280824,"9","Zfp28"
"Stx1a",1.4153601775738e-06,2.21000589889675,0.6,0.148,0.023502055748613,"9","Stx1a"
"Khdrbs32",1.44169460554394e-06,1.90073219493958,0.8,0.275,0.0239393389250571,"9","Khdrbs3"
"Cdh221",1.54566162928944e-06,1.8655352353583,0.8,0.28,0.0256657113543512,"9","Cdh22"
"Mvp",1.64664129895975e-06,2.25617608032968,0.467,0.093,0.0273424787692267,"9","Mvp"
"Gldn1",2.41115652890944e-06,2.5121900584857,0.333,0.052,0.0400372541625413,"9","Gldn"
"Oprd1",2.61007376530728e-06,3.61372808494776,0.267,0.035,0.0433402748729274,"9","Oprd1"
"Hdac91",2.77685222065297e-06,1.81854787683626,0.933,0.47,0.0461096311239425,"9","Hdac9"
"Jpt1",2.83435677880043e-06,2.38277365010789,0.467,0.098,0.0470644943119811,"9","Jpt1"
"Arhgap20",2.84075992174464e-06,1.89719439068637,0.8,0.306,0.0471708185005698,"9","Arhgap20"
"Ptn1",2.86341111295193e-06,2.49096819158413,0.6,0.18,0.0475469415305669,"9","Ptn"
"Fam161a",3.06128208850324e-06,3.15429646631046,0.267,0.035,0.0508325890795964,"9","Fam161a"
"Unc13c2",3.22291924718176e-06,1.90144675416215,0.733,0.242,0.0535165740994532,"9","Unc13c"
"Pde1a4",3.36677029595681e-06,1.44899858607572,1,0.523,0.0559052207643629,"9","Pde1a"
"Chl12",3.5772985586253e-06,1.61202779595792,0.867,0.538,0.0594010425659732,"9","Chl1"
"Ncald",3.79462901005886e-06,1.96804106365717,0.867,0.508,0.0630098147120273,"9","Ncald"
"Sntg12",4.32052435770434e-06,1.05324826942595,1,0.974,0.0717423069596805,"9","Sntg1"
"Hoga1",4.39008023069744e-06,3.24449427528204,0.267,0.037,0.0728972822307309,"9","Hoga1"
"Znrf2",4.40268436098688e-06,2.70683748933924,0.333,0.054,0.0731065738141871,"9","Znrf2"
"Gm4221",4.5752080032567e-06,2.95551660219597,0.333,0.057,0.0759713288940774,"9","Gm4221"
"Ikbkg",5.02419165279516e-06,3.36580057150418,0.267,0.037,0.0834267023946636,"9","Ikbkg"
"Lrrc75a",5.35166828227346e-06,3.07456927383973,0.333,0.057,0.0888644518271509,"9","Lrrc75a"
"Rbfox14",5.47693139273589e-06,1.33145335323427,1,0.939,0.0909444457763795,"9","Rbfox1"
"Izumo4",6.05021877041068e-06,1.58103946624159,0.8,0.261,0.100463882682669,"9","Izumo4"
"Cacnb3",6.25482157006249e-06,2.12830125777752,0.533,0.131,0.103861312170888,"9","Cacnb3"
"Adcy82",6.5167149241172e-06,1.46228865435063,0.933,0.436,0.108210051314966,"9","Adcy8"
"Stum",6.54086157976841e-06,2.91328836680667,0.333,0.058,0.108611006532054,"9","Stum"
"Zgrf1",6.82374833688348e-06,2.73925896703162,0.333,0.057,0.11330834113395,"9","Zgrf1"
"Gpi11",7.05031245546488e-06,2.07875186748633,1,0.704,0.117070438322994,"9","Gpi1"
"Stat2",7.45544623946642e-06,1.83475496425998,0.6,0.159,0.12379768480634,"9","Stat2"
"Kcnc23",7.65192256165941e-06,1.51470288909548,0.933,0.696,0.127060174136355,"9","Kcnc2"
"Gpc63",8.93500344848177e-06,2.01887277946817,1,0.485,0.14836573226204,"9","Gpc6"
"Rbms32",9.10413958606348e-06,1.42619670364715,1,0.815,0.151174237826584,"9","Rbms3"
"Cachd12",1.02213669952006e-05,2.33244197455774,0.533,0.149,0.169725798955305,"9","Cachd1"
"Syt172",1.07028232272498e-05,2.55986121296903,0.6,0.18,0.177720379688483,"9","Syt17"
"Tmtc11",1.12918322183745e-05,1.44571267351408,0.867,0.321,0.187500873986108,"9","Tmtc1"
"Grip21",1.21246839898794e-05,1.53377278036636,0.8,0.285,0.201330377651948,"9","Grip2"
"Tacr3",1.25805574429306e-05,3.18746333024566,0.267,0.04,0.208900156339862,"9","Tacr3"
"Flot1",1.35500710797433e-05,2.04270477518448,0.6,0.181,0.224998930279137,"9","Flot1"
"Slc6a6",1.36370831068868e-05,2.00344142786674,0.8,0.445,0.226443764989855,"9","Slc6a6"
"Gsg1l1",1.38103000571244e-05,2.16086912023395,0.6,0.191,0.22932003244855,"9","Gsg1l"
"Kcnmb22",1.41976722448546e-05,1.35188059406441,0.667,0.188,0.23575234762581,"9","Kcnmb2"
"L3mbtl41",1.43575371025405e-05,2.49825086752783,0.4,0.087,0.238406903587686,"9","L3mbtl4"
"Disc1",1.548782115636e-05,2.48444506800279,0.4,0.084,0.257175270301358,"9","Disc1"
"Garnl3",1.5931698364014e-05,1.2997113810464,1,0.709,0.264545851334453,"9","Garnl3"
"Cdh91",1.626112791535e-05,1.77003131582644,0.6,0.17,0.270016029034387,"9","Cdh9"
"Ankrd35",1.62912600632115e-05,2.3945595644856,0.4,0.084,0.270516373349626,"9","Ankrd35"
"Trpm4",1.66768589804279e-05,2.6751286296119,0.333,0.061,0.276919243370005,"9","Trpm4"
"Coro2a",1.78943028650635e-05,2.53126592475579,0.533,0.159,0.29713489907438,"9","Coro2a"
"Kctd6",1.79529269767429e-05,3.24449427528204,0.267,0.042,0.298108352448816,"9","Kctd6"
"Abcb6",1.8470897549857e-05,2.03629925691201,0.467,0.108,0.306709253815375,"9","Abcb6"
"Clstn2",1.90542673228791e-05,1.49924206993088,1,0.517,0.316396108896407,"9","Clstn2"
"Pip4k2c",1.98946198514416e-05,2.62883497733797,0.333,0.061,0.330350162633188,"9","Pip4k2c"
"Nacad",2.16697860369383e-05,2.23125844812535,0.4,0.084,0.35982679714336,"9","Nacad"
"Lgi11",2.17049428964188e-05,1.47304030473055,0.8,0.292,0.360410576795035,"9","Lgi1"
"Rgs11",2.24020978952942e-05,1.90477686695115,0.6,0.182,0.37198683555136,"9","Rgs11"
"Ppil3",2.50686522117987e-05,2.24117391699043,0.4,0.085,0.416264969976917,"9","Ppil3"
"Lncppara3",2.54034075225584e-05,1.64590849069691,0.733,0.258,0.421823581912082,"9","Lncppara"
"Ptgds",2.71574863934248e-05,3.35499381654759,0.267,0.043,0.450950061562819,"9","Ptgds"
"Pacsin2",3.16236544026809e-05,1.78775748472281,0.6,0.176,0.525110781356516,"9","Pacsin2"
"Zfp687",3.16589069492248e-05,2.45385674816937,0.4,0.09,0.525696149891878,"9","Zfp687"
"Qrfprl",3.17593259394042e-05,3.95076307222533,0.267,0.045,0.527363607223807,"9","Qrfprl"
"Dgkb",3.20866430250724e-05,1.2666100815991,1,0.875,0.532798707431327,"9","Dgkb"
"BC005537",3.24514952972661e-05,1.37851162325373,0.867,0.374,0.538857079411104,"9","BC005537"
"Map1b",3.58859495512983e-05,0.803615541711169,1,0.918,0.595886192299308,"9","Map1b"
"Epha63",3.79720129866921e-05,1.18683043045886,0.933,0.694,0.630525275644023,"9","Epha6"
"Ank22",3.86004152996151e-05,0.546940703619342,1,0.998,0.64095989605011,"9","Ank2"
"Aacs",3.93742425458383e-05,2.30734084095618,0.533,0.159,0.653809297473645,"9","Aacs"
"Cdh131",4.03765165743357e-05,1.95315361965033,0.8,0.648,0.670452057716844,"9","Cdh13"
"Kcnh6",4.15077957191788e-05,2.84819333858478,0.267,0.044,0.689236947916964,"9","Kcnh6"
"2510009E07Rik",4.53661598125384e-05,1.99705672449927,0.6,0.201,0.753305083687201,"9","2510009E07Rik"
"Serinc51",4.98254607773494e-05,1.93424798544231,0.467,0.116,0.827351776207886,"9","Serinc5"
"Cpne52",5.25503864616867e-05,1.67687206793996,0.733,0.305,0.872599167196308,"9","Cpne5"
"Isl1",5.3392520249172e-05,2.4323983202332,0.467,0.125,0.886582798737501,"9","Isl1"
"Flnb",5.36415492878305e-05,1.28169153658611,0.933,0.515,0.890717925924425,"9","Flnb"
"Trpc72",5.37821503762643e-05,1.69906013874752,0.8,0.362,0.893052606997869,"9","Trpc7"
"Lypla2",5.99673576342136e-05,2.16369516431271,0.4,0.091,0.995757973516117,"9","Lypla2"
"Galntl61",6.79580107732936e-05,1.20727775799664,1,0.871,1,"9","Galntl6"
"Sugt1",6.85208305851628e-05,1.75574708982019,0.533,0.148,1,"9","Sugt1"
"Phf242",6.90671561023594e-05,1.55714455658139,0.8,0.374,1,"9","Phf24"
"Ptprs1",6.96530109762754e-05,0.929563906519499,1,0.918,1,"9","Ptprs"
"Dpyd4",7.23805782726601e-05,1.84365417896962,0.8,0.46,1,"9","Dpyd"
"Por",7.38112965600205e-05,1.59039558111714,0.8,0.34,1,"9","Por"
"Fchsd1",7.50338428363325e-05,2.43050626089199,0.333,0.068,1,"9","Fchsd1"
"Csmd21",7.52894248313451e-05,0.810990660137963,1,0.876,1,"9","Csmd2"
"Pttg1ip",7.6309635269339e-05,2.18267826768029,0.4,0.093,1,"9","Pttg1ip"
"Luzp23",7.77563179121023e-05,1.21679403409863,0.933,0.468,1,"9","Luzp2"
"Dscam3",7.93361921129382e-05,0.969107755832667,1,0.939,1,"9","Dscam"
"Zfp940",8.53809354500742e-05,2.40427471931881,0.333,0.069,1,"9","Zfp940"
"Cux21",8.79991985124869e-05,2.0485527566044,0.733,0.433,1,"9","Cux2"
"Elfn11",8.82775006460136e-05,1.62883497733797,0.533,0.151,1,"9","Elfn1"
"Neat11",9.86815941956097e-05,2.85122739867442,0.533,0.185,1,"9","Neat1"
"Flt3l",0.000108113408393503,2.87676249078156,0.267,0.048,1,"9","Flt3l"
"Brd9",0.000109793221541734,1.19477553566553,0.933,0.438,1,"9","Brd9"
"Snap251",0.000114129975578659,1.14280564648769,0.933,0.715,1,"9","Snap25"
"Anxa7",0.000120439203654603,1.81745666201917,0.6,0.216,1,"9","Anxa7"
"Chn24",0.000121386398037663,1.59019257048697,0.667,0.253,1,"9","Chn2"
"Stt3b",0.000123275430911503,2.0567799603962,0.533,0.172,1,"9","Stt3b"
"Fam13c2",0.000123288197246539,1.57530786663394,0.733,0.336,1,"9","Fam13c"
"Sass6",0.000126844396823952,2.40427471931881,0.333,0.071,1,"9","Sass6"
"Alcam2",0.000130211915794425,1.56490560636309,0.867,0.528,1,"9","Alcam"
"Phldb11",0.000131500511422926,1.68160019784022,0.667,0.265,1,"9","Phldb1"
"Cftr",0.000146755302615892,2.69486484767317,0.267,0.05,1,"9","Cftr"
"1700025G04Rik",0.000155425140679854,1.35271810869066,0.867,0.423,1,"9","1700025G04Rik"
"Lmna",0.000155854247801692,1.88580763038456,0.467,0.128,1,"9","Lmna"
"Zfp606",0.000164706355152453,2.52626524369742,0.333,0.075,1,"9","Zfp606"
"Cacnb1",0.000169482935240523,1.75574708982019,0.533,0.164,1,"9","Cacnb1"
"Slc2a133",0.000170458541231595,1.21673417495953,0.933,0.538,1,"9","Slc2a13"
"Lca5",0.000172403262124543,2.16251697311543,0.4,0.102,1,"9","Lca5"
"Mdga13",0.000175370052557446,1.56206596512527,0.533,0.165,1,"9","Mdga1"
"Zfp808",0.000176063877480896,2.39649736872709,0.267,0.049,1,"9","Zfp808"
"Clmp",0.000191342117538525,1.39750943123151,0.8,0.361,1,"9","Clmp"
"Ache",0.000195719699450519,1.1456936081362,0.867,0.376,1,"9","Ache"
"Srebf2",0.000196583592609392,1.49924206993088,0.667,0.247,1,"9","Srebf2"
"Rhoq",0.000197718613672683,2.11896339319818,0.467,0.138,1,"9","Rhoq"
"Wnk11",0.000204167907572939,1.01254096470851,1,0.617,1,"9","Wnk1"
"Cdc42ep3",0.000204328163719696,2.02876558422661,0.4,0.101,1,"9","Cdc42ep3"
"Qk2",0.000215348022057847,1.88420730294272,0.6,0.223,1,"9","Qk"
"Klf9",0.000222605433197363,1.89752105094835,0.4,0.1,1,"9","Klf9"
"Rpl4",0.000222880782902337,2.35738833168798,0.4,0.106,1,"9","Rpl4"
"Arhgef11",0.000240166536709698,1.43951572510235,0.867,0.443,1,"9","Arhgef11"
"Iqgap11",0.000242622095818583,1.40613266553939,0.8,0.357,1,"9","Iqgap1"
"Etl43",0.000246806362219059,0.783300908909773,1,0.573,1,"9","Etl4"
"Diablo",0.000279792544499673,1.96987189517304,0.467,0.142,1,"9","Diablo"
"Gm268714",0.000285377426552388,0.974163504805409,1,0.882,1,"9","Gm26871"
"Tmem150c1",0.000286343376468557,1.47930176472684,0.667,0.268,1,"9","Tmem150c"
"Chrna71",0.000286473846225363,2.24026968942032,0.4,0.111,1,"9","Chrna7"
"Polr3e",0.000286583340483792,1.75078083692684,0.533,0.173,1,"9","Polr3e"
"Pde10a2",0.000287462070668829,1.13138879161726,0.933,0.842,1,"9","Pde10a"
"Ttll12",0.000287810871873705,2.61372808494776,0.267,0.052,1,"9","Ttll12"
"Mgst3",0.000299627331151785,2.80637316289016,0.267,0.054,1,"9","Mgst3"
"Btbd111",0.000301164059740959,1.34864585046511,0.867,0.459,1,"9","Btbd11"
"Rnf41",0.000313071697523363,1.84656225300586,0.533,0.189,1,"9","Rnf41"
"Rnf141",0.000343661594842159,2.25617608032968,0.333,0.078,1,"9","Rnf141"
"Rnasel1",0.000357430937551573,2.09016612889075,0.4,0.111,1,"9","Rnasel"
"Zfp5212",0.000370223681984661,1.55144380669342,0.6,0.21,1,"9","Zfp521"
"Fstl51",0.000373780749557316,1.58468192992274,0.933,0.486,1,"9","Fstl5"
"Wasf2",0.000377728185612925,1.93565617983512,0.467,0.14,1,"9","Wasf2"
"Mcu1",0.000385657058961871,1.51921048616347,0.667,0.291,1,"9","Mcu"
"Galns",0.000386496336034769,1.79354912253257,0.533,0.18,1,"9","Galns"
"Muc3a",0.000387916743809148,2.73925896703162,0.267,0.055,1,"9","Muc3a"
"Hmgcs1",0.000418090816925072,1.99167626549138,0.4,0.11,1,"9","Hmgcs1"
"Rnf1301",0.000432318614726307,1.15131876651057,0.933,0.543,1,"9","Rnf130"
"Cadm21",0.000442615542287409,1.35616455023262,0.933,0.858,1,"9","Cadm2"
"Flrt1",0.000446263674329137,2.02542987166335,0.533,0.215,1,"9","Flrt1"
"Ndufc1",0.000455312980414398,2.57810417521704,0.267,0.055,1,"9","Ndufc1"
"Glra2",0.000465475142156818,1.64410173399128,0.467,0.14,1,"9","Glra2"
"Baz2a",0.000468237481568367,1.14644860448778,0.867,0.465,1,"9","Baz2a"
"Bcas31",0.000477007972918348,1.04387247661681,0.933,0.526,1,"9","Bcas3"
"Sdk11",0.000484779615072861,1.265408491169,1,0.509,1,"9","Sdk1"
"Lipa",0.000485622582620352,2.12187498861809,0.333,0.08,1,"9","Lipa"
"Myo61",0.000489445456283713,1.58030508341031,0.667,0.322,1,"9","Myo6"
"Tead11",0.000523362346279112,1.7008387487178,0.667,0.283,1,"9","Tead1"
"Gm26618",0.000534158599486531,2.01381524276063,0.4,0.113,1,"9","Gm26618"
"Poc5",0.000543491563361197,2.3125585502272,0.333,0.084,1,"9","Poc5"
"Rpl22l1",0.000572779913304076,2.11122774441858,0.333,0.082,1,"9","Rpl22l1"
"Dvl1",0.000577370063190603,1.43780434288401,0.733,0.344,1,"9","Dvl1"
"Dpf2",0.000578977009382627,1.71891032163982,0.467,0.143,1,"9","Dpf2"
"Dennd3",0.000582186619585472,2.38665917640184,0.4,0.118,1,"9","Dennd3"
"Stard13",0.000587727907324076,2.54047910291712,0.267,0.057,1,"9","Stard13"
"Slc7a5",0.000589843765440289,2.47622456119783,0.267,0.057,1,"9","Slc7a5"
"Atpsckmt",0.000589843765440289,2.47622456119783,0.267,0.057,1,"9","Atpsckmt"
"Unc13b1",0.000602661103759494,1.46059832604843,0.733,0.354,1,"9","Unc13b"
"Kcnc4",0.000613566196189641,2.47417673254897,0.333,0.088,1,"9","Kcnc4"
"Dhcr24",0.000619754091524423,1.64794380028567,0.467,0.142,1,"9","Dhcr24"
"Hspbap1",0.000635701435982198,2.07974951294541,0.333,0.082,1,"9","Hspbap1"
"Meg33",0.000636075876189214,0.37253307210006,1,1,1,"9","Meg3"
"Pigg",0.000648820090411562,2.11122774441858,0.333,0.083,1,"9","Pigg"
"Mpped24",0.000659155504238778,1.04713035163517,0.867,0.408,1,"9","Mpped2"
"Rap1b",0.000664264927176383,2.07974951294541,0.333,0.083,1,"9","Rap1b"
"Lrrc41",0.000675329177283809,1.8121095324393,0.467,0.15,1,"9","Lrrc41"
"Unc5b1",0.00070540442715978,2.52626524369742,0.267,0.059,1,"9","Unc5b"
"Brinp32",0.000712071175547174,1.053975064622,0.933,0.72,1,"9","Brinp3"
"Reep11",0.000719117192892285,1.10779980340636,0.933,0.562,1,"9","Reep1"
"Pld2",0.000763444178310159,2.35069367911397,0.267,0.058,1,"9","Pld2"
"Mob2",0.000763530156388516,2.0563514158985,0.467,0.152,1,"9","Mob2"
"Syvn1",0.00076532668956195,1.68891558134198,0.467,0.146,1,"9","Syvn1"
"Stard92",0.000768617306118217,1.49825086752783,0.6,0.236,1,"9","Stard9"
"Utp4",0.000779423062839191,2.09715255920686,0.4,0.117,1,"9","Utp4"
"4930444P10Rik",0.000785560814501706,1.76287152425357,0.4,0.113,1,"9","4930444P10Rik"
"Mtmr10",0.000788728797933612,2.27133588750068,0.333,0.087,1,"9","Mtmr10"
"Cog5",0.000793795677588237,1.09512668979248,0.867,0.375,1,"9","Cog5"
"Lrrc20",0.000803256901172064,2.221410662169,0.4,0.125,1,"9","Lrrc20"
"Dpysl3",0.000811745994113651,1.35257341233219,0.733,0.353,1,"9","Dpysl3"
"Lmbr1l",0.000866604618616066,1.89948256728164,0.4,0.117,1,"9","Lmbr1l"
"Lima12",0.000882541817021004,1.58250935433704,0.467,0.15,1,"9","Lima1"
"Slco3a11",0.00089529972171091,1.27948672862155,0.8,0.486,1,"9","Slco3a1"
"Stn1",0.000900001974852198,2.15429646631046,0.333,0.088,1,"9","Stn1"
"Mnt",0.000909871016719344,2.37532334562268,0.333,0.091,1,"9","Mnt"
"Snph1",0.000944296857413261,1.08800478760128,0.933,0.498,1,"9","Snph"
"Scn9a2",0.000947339462422458,0.876480741920023,0.933,0.513,1,"9","Scn9a"
"Dner1",0.000983277669100431,0.967126518434219,0.933,0.649,1,"9","Dner"
"Carmil11",0.00098429514249216,1.57480909565546,0.8,0.43,1,"9","Carmil1"
"Pnpla7",0.000987065746706918,2.221410662169,0.267,0.059,1,"9","Pnpla7"
"H2afv",0.000988587114841156,2.58398074155371,0.267,0.061,1,"9","H2afv"
"Tmem1642",0.000995785959951538,1.30387282236097,0.667,0.272,1,"9","Tmem164"
"Armcx3",0.00103688388171297,2.15429646631046,0.333,0.089,1,"9","Armcx3"
"Slc38a7",0.00106061759899386,1.72837065088888,0.467,0.155,1,"9","Slc38a7"
"Dtnb1",0.00106271090963272,1.00102709941782,0.867,0.684,1,"9","Dtnb"
"Tmtc42",0.00109138840085225,1.67961602060422,0.4,0.116,1,"9","Tmtc4"
"Trip4",0.00110837437668642,1.29380512595078,0.733,0.338,1,"9","Trip4"
"Calb11",0.0011287150434483,1.71165450563702,0.4,0.119,1,"9","Calb1"
"Uso1",0.00116979815938884,1.43713935322444,0.6,0.24,1,"9","Uso1"
"Man2c1os",0.00118987790314407,1.74160290749992,0.4,0.118,1,"9","Man2c1os"
"Atp2b42",0.00125036533644364,1.53024875761592,0.667,0.342,1,"9","Atp2b4"
"Lactb22",0.00130910888702068,1.83475496425998,0.467,0.17,1,"9","Lactb2"
"Six3os11",0.00131229746913489,2.17632277264046,0.333,0.095,1,"9","Six3os1"
"Dennd1b",0.00131879497770903,1.27190043262269,0.733,0.341,1,"9","Dennd1b"
"Gm5136",0.0013310806956392,2.35069367911397,0.267,0.062,1,"9","Gm5136"
"Msmo1",0.00133831938295765,2.36580057150418,0.333,0.093,1,"9","Msmo1"
"Smurf2",0.00135125449435242,1.24062126613484,0.733,0.353,1,"9","Smurf2"
"Lifr",0.00135839831473627,2.2917999900604,0.267,0.062,1,"9","Lifr"
"Gapdh",0.00136379468437974,1.65953177456089,0.467,0.158,1,"9","Gapdh"
"Mbd2",0.00138129565445575,1.57480909565546,0.467,0.154,1,"9","Mbd2"
"S100pbp",0.00139123072485214,1.7171794335607,0.533,0.218,1,"9","S100pbp"
"Gna13",0.00140434805201822,2.16369516431271,0.333,0.093,1,"9","Gna13"
"Tmtc3",0.0014833177535567,1.79903118754899,0.4,0.123,1,"9","Tmtc3"
"Syt131",0.00148346588396068,1.63644816144784,0.6,0.268,1,"9","Syt13"
"Eef1akmt1",0.00150236461105583,2.17315549356178,0.333,0.094,1,"9","Eef1akmt1"
"Ddx17",0.00151761751499033,1.09490794101782,1,0.763,1,"9","Ddx17"
"Sbk1",0.0015346478815951,1.75574708982019,0.4,0.123,1,"9","Sbk1"
"Kctd17",0.00154430700811011,2.5121900584857,0.267,0.065,1,"9","Kctd17"
"Slc25a1",0.00155366536786337,2.14495860173113,0.333,0.094,1,"9","Slc25a1"
"Taf7",0.00157823188246993,2.335743337648,0.267,0.063,1,"9","Taf7"
"Nmt21",0.00158766419611472,1.06940756872395,0.8,0.422,1,"9","Nmt2"
"Tmem229b",0.00161676300629019,2.11730225882826,0.333,0.094,1,"9","Tmem229b"
"Szrd1",0.00162893025188243,2.01546876161315,0.4,0.132,1,"9","Szrd1"
"Snrpa1",0.00171974700961632,1.96028584634384,0.333,0.092,1,"9","Snrpa1"
"Tatdn2",0.00172258533676379,2.32094633571992,0.267,0.064,1,"9","Tatdn2"
"Lrrc73",0.00172266169984532,1.99901824083255,0.333,0.093,1,"9","Lrrc73"
"Syt18",0.001772086027074,0.76220052979047,1,0.952,1,"9","Syt1"
"Dcaf15",0.00179151086185603,2.23521646169403,0.267,0.064,1,"9","Dcaf15"
"Lyst1",0.0017975685412276,1.07767518470755,0.867,0.483,1,"9","Lyst"
"Cab39",0.00180363040862068,1.52241291820182,0.533,0.208,1,"9","Cab39"
"Ppp2cb1",0.00183144081457116,1.74160290749992,0.4,0.125,1,"9","Ppp2cb"
"Crot",0.00185590598545024,2.24740587070195,0.333,0.099,1,"9","Crot"
"Fam110b1",0.00185943394086652,1.28580124943896,0.6,0.24,1,"9","Fam110b"
"Lrp12",0.00189450913954662,1.93190404497402,0.333,0.093,1,"9","Lrp12"
"Eef1a2",0.00191328061263093,1.70683748933924,0.467,0.17,1,"9","Eef1a2"
"Myh14",0.00193230377616389,2.221410662169,0.267,0.065,1,"9","Myh14"
"Mfsd10",0.0019366625561231,1.83894102534659,0.4,0.129,1,"9","Mfsd10"
"Hmgcr",0.00194744650906591,1.85217685250328,0.4,0.129,1,"9","Hmgcr"
"Gap431",0.00208154486178646,1.08200760550358,0.8,0.439,1,"9","Gap43"
"Miat",0.00208362462371936,0.999644818493168,0.933,0.737,1,"9","Miat"
"Ptpn13",0.00209544564180223,2.96987189517304,0.333,0.096,1,"9","Ptpn13"
"2610037D02Rik",0.00210287836082846,1.18746333024566,0.8,0.422,1,"9","2610037D02Rik"
"Ascc3",0.0021784495963955,1.01257634612727,0.867,0.49,1,"9","Ascc3"
"Lhpp",0.00218564838317757,2.41733087214426,0.267,0.067,1,"9","Lhpp"
"Map3k9",0.00221272025213551,1.90406983677729,0.333,0.095,1,"9","Map3k9"
"Tspan18",0.00223574291650319,2.13568078814312,0.267,0.067,1,"9","Tspan18"
"Cacna1d1",0.00230837875263946,0.734951125548157,1,0.82,1,"9","Cacna1d"
"Eif1a",0.00232447754909047,2.20773572527192,0.267,0.066,1,"9","Eif1a"
"Atmin",0.00232796636342139,1.92256618039468,0.333,0.095,1,"9","Atmin"
"Grip12",0.00234109570588635,0.601782790099381,1,0.929,1,"9","Grip1"
"Vat1",0.00236873463677405,2.14124031348502,0.267,0.066,1,"9","Vat1"
"Rgs7bp2",0.00237566907568784,1.16586300099542,0.8,0.523,1,"9","Rgs7bp"
"Flot2",0.00237888007911463,1.05913923327012,0.733,0.334,1,"9","Flot2"
"Otud7a1",0.00240451518665834,0.842899038915271,0.933,0.862,1,"9","Otud7a"
"Slc22a14",0.00242524226397086,1.84554376017084,0.467,0.182,1,"9","Slc22a14"
"Epb41l2",0.00246515936998417,1.73108503558592,0.4,0.131,1,"9","Epb41l2"
"C130071C03Rik2",0.00246613300612989,1.29941317417027,0.667,0.321,1,"9","C130071C03Rik"
"Lrfn1",0.00251366599788845,1.61372808494776,0.467,0.17,1,"9","Lrfn1"
"Rab12",0.00251487350820479,1.13876676801686,0.8,0.413,1,"9","Rab12"
"Nedd41",0.00253104253179947,0.706187773029731,1,0.734,1,"9","Nedd4"
"Med8",0.00256037385508366,2.06353100238728,0.333,0.099,1,"9","Med8"
"Il34",0.00256526831760318,2.05476079275955,0.333,0.099,1,"9","Il34"
"Brcc3",0.00260145670312746,2.23002379247371,0.333,0.103,1,"9","Brcc3"
"Schip12",0.0026164555283809,1.221410662169,0.933,0.639,1,"9","Schip1"
"Slc29a4",0.00263532161131369,2.45722359926777,0.267,0.069,1,"9","Slc29a4"
"Cnr11",0.00265593163831023,1.75023008485262,0.4,0.135,1,"9","Cnr1"
"Eml6",0.00266413193492176,0.581249358588053,1,0.913,1,"9","Eml6"
"Smurf1",0.00272496191220659,1.12830125777752,0.733,0.334,1,"9","Smurf1"
"Med26",0.00275036715554257,2.17078458909903,0.333,0.103,1,"9","Med26"
"Magi3",0.00279389856755965,1.36493797354671,0.933,0.574,1,"9","Magi3"
"Litaf",0.00284727094733763,2.32832586608551,0.267,0.069,1,"9","Litaf"
"Ubox5",0.00286121985663529,1.90406983677729,0.333,0.098,1,"9","Ubox5"
"Zswim9",0.00289100014222447,2.15429646631046,0.267,0.068,1,"9","Zswim9"
"Gne",0.00290965836955012,2.03737871453131,0.333,0.101,1,"9","Gne"
"Ubtd1",0.00291757221225439,2.18076867767166,0.267,0.068,1,"9","Ubtd1"
"Anxa61",0.00292615510569602,1.60872740388939,0.6,0.284,1,"9","Anxa6"
"Rit1",0.00296645498788719,2.04604357565844,0.333,0.101,1,"9","Rit1"
"Pknox22",0.00299417308054062,2.05665254197785,0.6,0.369,1,"9","Pknox2"
"Zic12",0.00306838599556686,2.09016612889075,0.4,0.154,1,"9","Zic1"
"Cacnb43",0.00307003613485686,1.01523242857291,0.8,0.617,1,"9","Cacnb4"
"Grb141",0.00312321007668719,1.65109493741225,0.467,0.176,1,"9","Grb14"
"Adap11",0.00316329252495641,1.39041587075842,0.6,0.27,1,"9","Adap1"
"Usp20",0.00320065179417447,1.13439690887276,0.733,0.363,1,"9","Usp20"
"Gnao1",0.00321976377051478,0.727657187128293,0.933,0.841,1,"9","Gnao1"
"Pcdh93",0.00323105662542569,0.657317353495444,1,0.937,1,"9","Pcdh9"
"Atp8a21",0.00326900521928728,0.813109494386033,0.933,0.751,1,"9","Atp8a2"
"Tnks",0.00331075458578367,1.33017666177345,0.667,0.365,1,"9","Tnks"
"Map4k3",0.00332960160761535,0.894909837491815,0.867,0.536,1,"9","Map4k3"
"Lmo41",0.00334664438011649,1.76287152425357,0.333,0.099,1,"9","Lmo4"
"Klf13",0.00336198492708222,1.65953177456089,0.467,0.191,1,"9","Klf13"
"Trp53i11",0.00340195265827715,2.51419241139685,0.267,0.074,1,"9","Trp53i11"
"Ghitm",0.00342175079179196,2.12830125777752,0.267,0.069,1,"9","Ghitm"
"Ccdc40",0.00345244778236879,2.10276616567038,0.267,0.069,1,"9","Ccdc40"
"Tmem192",0.00352816845192324,1.76406235803219,0.333,0.099,1,"9","Tmem192"
"Amotl1",0.00354120575497598,1.57559295606099,0.4,0.132,1,"9","Amotl1"
"Rasa41",0.00354382691733804,1.58582208837788,0.4,0.134,1,"9","Rasa4"
"Zpr1",0.00359048464371287,1.58187921890842,0.4,0.133,1,"9","Zpr1"
"Ywhah",0.00361469546791753,1.62018310708506,0.4,0.134,1,"9","Ywhah"
"Mapt",0.00380652985828658,0.540994601010263,1,0.972,1,"9","Mapt"
"Hivep31",0.00394466023839232,0.921508873611638,0.867,0.707,1,"9","Hivep3"
"Me2",0.00395873524127673,1.40427471931881,0.467,0.17,1,"9","Me2"
"Erap1",0.00399113003255412,2.19869058566892,0.267,0.072,1,"9","Erap1"
"Nrip1",0.00407421765701487,1.65372615287968,0.4,0.14,1,"9","Nrip1"
"Fam117b",0.00408947828184044,1.2615997522847,0.6,0.272,1,"9","Fam117b"
"Cpq",0.00409381934617995,1.31604753630708,0.4,0.131,1,"9","Cpq"
"Mthfs1",0.00414654048767322,1.54763889448999,0.467,0.184,1,"9","Mthfs"
"Fbxo22",0.00416371217029566,1.73721113838276,0.4,0.142,1,"9","Fbxo22"
"Ripk1",0.00420670163997061,2.10276616567038,0.267,0.071,1,"9","Ripk1"
"Ablim1",0.00424721137615268,0.956357088698555,0.933,0.596,1,"9","Ablim1"
"Asap11",0.00428798113574973,0.966669463134693,0.8,0.501,1,"9","Asap1"
"8030462N17Rik",0.00431427291262425,1.38972641074966,0.467,0.172,1,"9","8030462N17Rik"
"Hrh1",0.00431727532873884,2.07767518470755,0.267,0.071,1,"9","Hrh1"
"Brdt",0.0043583596453593,1.47987233821297,0.467,0.178,1,"9","Brdt"
"9330159M07Rik1",0.00441975593935253,1.99901824083255,0.333,0.105,1,"9","9330159M07Rik"
"Mtm11",0.00443636708132837,1.81786880172799,0.4,0.147,1,"9","Mtm1"
"Hps3",0.00448867342937235,2.4323983202332,0.267,0.076,1,"9","Hps3"
"Kiz1",0.00449958959785493,1.32832586608551,0.533,0.221,1,"9","Kiz"
"Atf4",0.00455320303381499,1.56310201187779,0.4,0.137,1,"9","Atf4"
"Anapc10",0.00466215041745381,1.25617608032968,0.6,0.258,1,"9","Anapc10"
"Hbp1",0.00481121491410835,1.74747947383659,0.333,0.103,1,"9","Hbp1"
"Tjp1",0.00481942643049478,0.797336968596634,0.933,0.788,1,"9","Tjp1"
"Slc37a1",0.0049050029053107,1.65953177456089,0.4,0.143,1,"9","Slc37a1"
"Atg71",0.00491735195639509,1.26058125944968,0.467,0.17,1,"9","Atg7"
"Sez62",0.00492410919273816,1.35467719303247,0.6,0.283,1,"9","Sez6"
"Msi22",0.00495273515740979,0.55757812383962,1,0.715,1,"9","Msi2"
"Sema6a4",0.00502998498741479,1.12681572988836,0.667,0.357,1,"9","Sema6a"
"Tob2",0.00507668416854896,1.98145986944825,0.267,0.073,1,"9","Tob2"
"2700054A10Rik1",0.00509546010444099,1.28380719930687,0.6,0.301,1,"9","2700054A10Rik"
"Ube2m",0.00511958923275017,1.96987189517304,0.267,0.073,1,"9","Ube2m"
"Rasgef1b1",0.00518659598654477,1.06847105779143,0.8,0.477,1,"9","Rasgef1b"
"Gpr137",0.00520160652341283,1.69884469858571,0.333,0.104,1,"9","Gpr137"
"Gtf2f1",0.00522450063983684,1.79496839961791,0.4,0.15,1,"9","Gtf2f1"
"Wipi1",0.00529263581059963,1.71372387492448,0.333,0.107,1,"9","Wipi1"
"Abcb9",0.00529860364527335,1.27032026264995,0.533,0.22,1,"9","Abcb9"
"Scamp1",0.00537651667180118,1.07815361118877,0.667,0.312,1,"9","Scamp1"
"Syt141",0.00543344344448398,1.10395308062082,0.667,0.34,1,"9","Syt14"
"Cdk142",0.00545448979733412,0.928784703129837,0.8,0.452,1,"9","Cdk14"
"Mpp1",0.00547273012339119,1.78929964953122,0.333,0.106,1,"9","Mpp1"
"Larp1b1",0.00549030049709193,1.79172638692576,0.467,0.207,1,"9","Larp1b"
"Nlk1",0.005525527043936,1.08867342824968,0.733,0.404,1,"9","Nlk"
"Kif1b",0.00556045217270896,0.598005319401826,1,0.962,1,"9","Kif1b"
"Sec16a",0.00558661046222368,1.13260139521115,0.667,0.325,1,"9","Sec16a"
"Kcnn31",0.00559849516812807,1.10386703946732,0.733,0.428,1,"9","Kcnn3"
"Dcbld1",0.00561724522763665,1.62126175763317,0.333,0.105,1,"9","Dcbld1"
"Cpeb11",0.00567308549157498,1.45563821994242,0.6,0.306,1,"9","Cpeb1"
"Faim",0.00569541074583344,1.69884469858571,0.333,0.106,1,"9","Faim"
"Mafg1",0.00570936178247935,1.16086912023395,0.733,0.413,1,"9","Mafg"
"Zfp106",0.00571129777457168,1.00491884227224,0.733,0.351,1,"9","Zfp106"
"Rad501",0.00574330269523164,1.54047910291712,0.467,0.199,1,"9","Rad50"
"Rab21",0.00574405437870217,1.50221976973077,0.4,0.14,1,"9","Rab21"
"Kif1c",0.00576888375454574,1.63644816144784,0.333,0.105,1,"9","Kif1c"
"Chd6",0.00576964751155444,0.775326335173997,0.933,0.833,1,"9","Chd6"
"Herpud2",0.0058883471430698,1.87418854711773,0.333,0.11,1,"9","Herpud2"
"Neo1",0.00589318790089561,1.12187498861809,0.733,0.419,1,"9","Neo1"
"Cdyl21",0.00592107823161514,1.39994879391602,0.467,0.182,1,"9","Cdyl2"
"Map41",0.00592730064409433,1.10668858480341,0.733,0.429,1,"9","Map4"
"Maco1",0.00592805565839336,0.979522065206756,0.8,0.527,1,"9","Maco1"
"Prtg",0.00601738217354433,2.07974951294541,0.267,0.076,1,"9","Prtg"
"Tex2",0.00605015895328344,1.46533624505509,0.533,0.263,1,"9","Tex2"
"Fads1",0.0061624216142287,1.52626524369742,0.4,0.142,1,"9","Fads1"
"Hdac10",0.00620998804168697,2.01679294256053,0.267,0.076,1,"9","Hdac10"
"Slc48a1",0.00627710748254265,1.69884469858571,0.333,0.107,1,"9","Slc48a1"
"Gm36388",0.00627864221946703,1.64410173399128,0.467,0.2,1,"9","Gm36388"
"Slc8a13",0.00631416090787833,0.766772459593474,0.933,0.835,1,"9","Slc8a1"
"Cyb5a",0.00633104295588632,1.99901824083255,0.333,0.115,1,"9","Cyb5a"
"Spin1",0.0063385673938638,1.50221976973077,0.4,0.142,1,"9","Spin1"
"Immp1l",0.00633864610577694,1.49034566944248,0.4,0.142,1,"9","Immp1l"
"Ankrd46",0.00641541629904749,1.99314167449588,0.267,0.076,1,"9","Ankrd46"
"Runx1t14",0.0064527249067969,1.24854679210652,0.667,0.35,1,"9","Runx1t1"
"Zfp597",0.00646764865300174,1.98145986944825,0.267,0.076,1,"9","Zfp597"
"Prune22",0.00648167173055909,1.36106265249751,0.533,0.28,1,"9","Prune2"
"Hdac4",0.00656065547589878,1.06105898743349,0.667,0.351,1,"9","Hdac4"
"Tle2",0.00656518404365944,2.33169271718391,0.333,0.12,1,"9","Tle2"
"Rassf1",0.00669940646574593,1.65179612578128,0.333,0.108,1,"9","Rassf1"
"Shf",0.0067173560019551,2.00491884227224,0.267,0.076,1,"9","Shf"
"Ptprf",0.00674123478226554,1.15065788924712,0.733,0.477,1,"9","Ptprf"
"Mllt1",0.00676134173596095,1.88192419589733,0.333,0.112,1,"9","Mllt1"
"Stx4a",0.00677341914557313,1.46688669661849,0.4,0.143,1,"9","Stx4a"
"Gk5",0.00684310558718084,1.8323683714231,0.333,0.113,1,"9","Gk5"
"Taf2",0.00685967172268753,1.07147003518084,0.6,0.257,1,"9","Taf2"
"Sptbn1",0.00686797372941718,0.571286984759757,0.933,0.88,1,"9","Sptbn1"
"Unc13a",0.00697452142945328,0.958116053423348,0.867,0.693,1,"9","Unc13a"
"Ccdc25",0.00698423747567309,1.78445838646172,0.333,0.111,1,"9","Ccdc25"
"Fut8",0.00699375571910429,1.05607293022234,0.733,0.398,1,"9","Fut8"
"Tbcd",0.00699439417599198,0.968498553764343,0.733,0.45,1,"9","Tbcd"
"Hax1",0.00702807768239148,2.01679294256053,0.267,0.077,1,"9","Hax1"
"Zmiz11",0.00703292542397499,1.55303215326021,0.6,0.344,1,"9","Zmiz1"
"Nxn2",0.00704655902984018,1.60963533031388,0.4,0.15,1,"9","Nxn"
"Sytl2",0.0070485726053705,1.94697149306296,0.267,0.076,1,"9","Sytl2"
"Neto12",0.00716685750874402,1.46059832604843,0.6,0.332,1,"9","Neto1"
"Ntn1",0.00718633460704222,2.91328836680667,0.267,0.081,1,"9","Ntn1"
"Usp37",0.00737303883341296,1.1102636982478,0.6,0.27,1,"9","Usp37"
"Ppm1k",0.0074439857007352,1.66730912515261,0.333,0.11,1,"9","Ppm1k"
"Bdh1",0.00753115312931121,1.99901824083255,0.333,0.118,1,"9","Bdh1"
"Cntn52",0.00754942054322493,0.537142326202481,1,0.847,1,"9","Cntn5"
"Mdga22",0.00758796710723906,0.72119958749765,0.933,0.981,1,"9","Mdga2"
"Osbpl82",0.00759973302440683,1.05913923327012,0.667,0.363,1,"9","Osbpl8"
"Gm26782",0.00768445860546614,1.19756392021463,0.533,0.227,1,"9","Gm26782"
"Dab13",0.00776302826781649,0.821763056891281,0.933,0.898,1,"9","Dab1"
"Psmc3",0.00779586121071458,1.46688669661849,0.4,0.146,1,"9","Psmc3"
"Ccdc171",0.0078040358691557,1.1749362323695,0.467,0.178,1,"9","Ccdc171"
"Tpcn2",0.00784040209436839,2.02876558422661,0.267,0.079,1,"9","Tpcn2"
"Nav31",0.00794981343712936,0.608517228700053,1,0.95,1,"9","Nav3"
"Cisd1",0.00795049287248546,1.92442892441187,0.267,0.078,1,"9","Cisd1"
"Jdp2",0.00800777632856624,1.7015040450362,0.4,0.159,1,"9","Jdp2"
"Sntg21",0.00807329924861099,1.23290630100683,0.467,0.194,1,"9","Sntg2"
"Adra1b",0.00810233105440467,1.73598383499876,0.267,0.077,1,"9","Adra1b"
"Acox3",0.00810946302830246,1.95837625633521,0.267,0.078,1,"9","Acox3"
"Sema6d5",0.00816493299484241,0.980267066535415,0.867,0.656,1,"9","Sema6d"
"Stox1",0.00817665320438911,1.83894102534659,0.333,0.117,1,"9","Stox1"
"Mrpl48",0.00818340585414966,1.78083807078302,0.4,0.158,1,"9","Mrpl48"
"Gm19265",0.00819958382459497,2.35499381654759,0.267,0.081,1,"9","Gm19265"
"Foxn3",0.00823433722130628,0.870088037372261,0.8,0.533,1,"9","Foxn3"
"Sema4d",0.00828925706552446,1.09016612889075,0.667,0.364,1,"9","Sema4d"
"St8sia41",0.00835226075151185,1.55483439589419,0.4,0.155,1,"9","St8sia4"
"Synj1",0.00839924067642508,0.831494275643022,0.933,0.615,1,"9","Synj1"
"Rab6b1",0.00846727749326051,0.910648484933965,0.8,0.481,1,"9","Rab6b"
"Zfp260",0.00849907149439511,1.60623354840084,0.333,0.111,1,"9","Zfp260"
"Nrg33",0.00866424512762025,0.581513460082591,1,0.979,1,"9","Nrg3"
"Celf61",0.00867242304551491,1.11204397925839,0.6,0.288,1,"9","Celf6"
"Olfm11",0.00878512894008902,1.82760699732938,0.533,0.29,1,"9","Olfm1"
"Asic21",0.00879302252445842,0.640571700287713,0.933,0.95,1,"9","Asic2"
"Rhoa1",0.00891689942720527,1.69619024513973,0.4,0.161,1,"9","Rhoa"
"Myh91",0.00894492781066094,1.60374399637514,0.4,0.158,1,"9","Myh9"
"Gm19761",0.00901015587872905,0.951949987175774,0.667,0.345,1,"9","Gm1976"
"Evl",0.00903291305295038,0.807889395337537,0.867,0.674,1,"9","Evl"
"Gnai3",0.00909648576643994,1.94130274297627,0.333,0.121,1,"9","Gnai3"
"Psmc4",0.00914267827129714,1.23002379247371,0.467,0.185,1,"9","Psmc4"
"Adam121",0.00917542477067814,0.957558633734185,0.4,0.14,1,"9","Adam12"
"Rdx",0.00920560020788579,0.939283575339614,0.667,0.327,1,"9","Rdx"
"Usp12",0.00925109703313381,1.54226572239114,0.4,0.155,1,"9","Usp12"
"Ptprg2",0.00925265321152325,0.563160678288589,0.933,0.757,1,"9","Ptprg"
"Gale",0.00931140624423268,1.91328836680667,0.267,0.08,1,"9","Gale"
"Dcbld2",0.00955181101769991,1.63644816144784,0.333,0.114,1,"9","Dcbld2"
"Rabgef1",0.00958521159397902,1.48857295362547,0.467,0.196,1,"9","Rabgef1"
"Rin2",0.00963106728878507,1.65953177456089,0.333,0.115,1,"9","Rin2"
"Fbl",0.00970938335322734,1.62883497733797,0.333,0.114,1,"9","Fbl"
"Tnfrsf211",0.00981578391532619,1.64410173399128,0.4,0.162,1,"9","Tnfrsf21"
"Cdk19",0.00982789898257773,1.54047910291712,0.333,0.112,1,"9","Cdk19"
"Cntfr",0.00987655113530426,1.29983730912582,0.467,0.193,1,"9","Cntfr"
"Dhx35",0.00991850364607037,1.42672957014651,0.4,0.15,1,"9","Dhx35"
"Psen2",0.0099220945428256,1.40427471931881,0.4,0.15,1,"9","Psen2"
"Map71",0.00994773202902486,0.647516398404045,0.933,0.565,1,"9","Map7"
