"gene","p_val","avg_log2FC","pct.1","pct.2","p_val_adj","sig","log10_p"
"Cmss1",6.83461648577182e-66,2.3151835086474,1,0.961,1.20589973274958e-61,"Up",60.918688801088
"AY036118",2.93505222789796e-50,1.63243292055361,0.987,0.85,5.17860615090317e-46,"Up",45.2857871171716
"Gm42418",3.98761276418683e-46,1.07361259932981,1,1,7.03574396113124e-42,"Up",41.152689973406
"Lars2",1.17394729783211e-42,1.52501310686506,1,0.818,2.07131261229497e-38,"Up",37.6837543503828
"Gm19951",1.86206062316246e-42,2.17491388952337,0.981,0.734,3.28541976350785e-38,"Up",37.4834091346799
"AC149090.1",7.23966816033328e-40,1.36999540886591,1,0.919,1.2773670502092e-35,"Up",34.8936842906963
"Gphn",9.67064710789777e-38,1.34612498585044,1,0.978,1.70628897571748e-33,"Up",32.7679474151781
"Camk1d",3.79267189160902e-37,2.12181591223256,0.923,0.64,6.69179028555495e-33,"Up",32.174457677879
"Srrm2",1.06140042582393e-33,1.18991773204838,0.981,0.897,1.87273491132374e-29,"Up",28.7275236933653
"Pabpn1",9.48319524604199e-32,1.26994923880977,0.962,0.828,1.67321496921165e-27,"Up",26.7764482587119
"Chd5",1.83487113559381e-24,1.58770432601265,0.795,0.461,3.23744663164172e-20,"Up",19.4897973820689
"Arglu1",6.9977167191564e-24,1.27050822122335,0.865,0.714,1.23467713792795e-19,"Up",18.9084465934551
"Cdk8",1.96559817213231e-22,1.38047554174602,0.833,0.583,3.46810141491024e-18,"Up",17.4599082112847
"Nrg3",1.27603579900181e-20,-1.25487859548776,0.885,0.947,2.25143756375879e-16,"Down",15.647540092268
"Rbm25",4.40695588319324e-20,0.911967437683855,0.936,0.84,7.77563296030616e-16,"Up",15.1092642479629
"Fam155a",1.31333618664967e-19,-0.916464676885579,0.917,0.974,2.31725036772468e-15,"Down",14.635027040251
"Lsamp",6.57895366372993e-19,-1.10989830796732,1,0.994,1.16079058442851e-14,"Down",13.9352461232679
"EGFP",6.91555120808782e-19,1.06774460663583,0.987,0.727,1.22017985515502e-14,"Up",13.9135761493709
"Ksr2",6.66451711059146e-18,-1.34318849431027,0.308,0.743,1.17588739899276e-13,"Down",12.9296342635808
"Akap8l",7.42148410205538e-18,0.920868095300368,0.91,0.806,1.30944665496665e-13,"Up",12.8829121894308
"Unc5d",9.63706403544194e-18,-1.89572951733905,0.353,0.717,1.70036357841338e-13,"Down",12.7694582061417
"Cadm1",1.09438329968943e-17,-1.28563630129421,0.442,0.804,1.93092989397203e-13,"Down",12.7142334938093
"Gm26871",2.56286199783376e-17,-1.3600760773413,0.417,0.765,4.52191370897789e-13,"Down",12.3446777294901
"Dlg2",3.30613960368788e-17,-0.835786022861035,0.974,0.978,5.83335271674689e-13,"Down",12.2340817629313
"5330434G04Rik",1.32199920836906e-16,-1.74783082222674,0.199,0.591,2.33253540324637e-12,"Down",11.6321717558053
"Chd3",7.71156959210871e-16,1.27419548410326,0.724,0.462,1.36062933883166e-11,"Up",10.8662601687162
"Spock1",1.04157774228458e-15,-1.98420747299889,0.16,0.536,1.83775976848691e-11,"Down",10.7357112601095
"Akap6",1.70001583199068e-15,-1.01903915950623,0.506,0.842,2.99950793396436e-11,"Down",10.5229499849776
"Pbx1",6.40861614915082e-15,-1.7853591903522,0.179,0.552,1.13073623335617e-10,"Down",9.94663869105836
"Adgrb3",8.27020007952638e-15,-0.930639531659809,0.846,0.934,1.45919410203164e-10,"Down",9.83588693440237
"Smyd3",1.10391611774096e-14,-1.50247130871614,0.224,0.6,1.94774959814214e-10,"Down",9.71046687658222
"Gm47283",1.20034404053518e-14,1.22617396924032,0.769,0.563,2.11788702512027e-10,"Up",9.67409721026983
"Gm26917",1.34411520132701e-14,0.678235455393125,0.987,0.95,2.37155686122138e-10,"Up",9.62496645810102
"Anks1b",1.34586744850175e-14,-0.810809766895085,0.795,0.945,2.37464852613649e-10,"Down",9.62440066159925
"Nlgn1",1.61160701121183e-14,-1.0792942792609,0.782,0.923,2.84351941058215e-10,"Down",9.5461438027978
"Pnisr",3.69154603447407e-14,0.644138687370945,0.987,0.96,6.51336382322606e-10,"Up",9.18619466234389
"Pcdh7",4.22222050547976e-14,-1.49892674522783,0.353,0.692,7.44968585986849e-10,"Down",9.12786204029897
"Rtn1",4.58149506119201e-14,-1.00802290098213,0.494,0.826,8.08358988596719e-10,"Down",9.09239572815766
"1700016P03Rik",4.99023270794398e-14,3.06953788845889,0.321,0.095,8.80476658989636e-10,"Up",9.05528215248076
"Atxn1",6.14441541352732e-14,-1.17511191726033,0.321,0.695,1.08412065556276e-09,"Down",8.96492238096265
"Nrxn3",7.408294636996e-14,-1.20662028492006,0.968,0.917,1.30711950575158e-09,"Down",8.88368470445019
"Grid2",8.76034521783685e-14,-1.0477326107841,0.859,0.914,1.54567531023513e-09,"Down",8.81088173019958
"Malat1",8.93006859892748e-14,0.451789996486204,1,1,1.57562130359476e-09,"Up",8.80254815583249
"Cadm2",1.01632138513013e-13,-1.35056802467587,0.385,0.749,1.79319745192359e-09,"Down",8.74637188692442
"Trpm3",1.11275553393386e-13,-2.13520919519395,0.276,0.607,1.9633458640729e-09,"Down",8.70700318810895
"Matk",1.19346556848766e-13,1.08753250469181,0.756,0.589,2.10575064903963e-09,"Up",8.67659305677709
"Gabrb3",1.39923274545922e-13,-1.40268950605893,0.308,0.646,2.46880625608824e-09,"Down",8.60751299075389
"Adgrl3",1.45100066462556e-13,-1.44759132824336,0.359,0.684,2.56014557266535e-09,"Down",8.59173533952884
"Efna5",1.47857030945699e-13,-2.0453943687149,0.141,0.479,2.60878945400591e-09,"Down",8.58356096982779
"Csrnp3",1.55952115148887e-13,-1.69171562531746,0.16,0.505,2.75161911968697e-09,"Down",8.56041168150703
"Tenm2",1.7093468517213e-13,-1.44904639144374,0.615,0.798,3.01597158517706e-09,"Down",8.52057275446637
"Fgf14",1.75818970086452e-13,-0.656406218962024,0.974,0.989,3.10214990820535e-09,"Down",8.50833721918092
"Ncam1",2.11417610827571e-13,-0.871617061222244,0.487,0.846,3.73025232544166e-09,"Down",8.42826179021796
"Hmgcll1",2.13371477279469e-13,-2.80999964331317,0.051,0.354,3.76472634511896e-09,"Down",8.42426658682692
"Zfhx3",2.44045748146718e-13,-1.1934165744714,0.577,0.802,4.30594318030069e-09,"Down",8.3659317052707
"Auts2",3.07653433649084e-13,-1.2126718774262,0.455,0.761,5.42823718330443e-09,"Down",8.26534118438189
"Prickle2",3.12577791669527e-13,-1.56178344651877,0.224,0.558,5.51512255621713e-09,"Down",8.25844483229044
"Rims1",3.25774427018058e-13,-1.15065887353579,0.378,0.741,5.74796399030662e-09,"Down",8.24048596128592
"Pde4d",4.28346040920724e-13,-0.994242280259867,0.622,0.868,7.55773754600525e-09,"Down",8.12160819369722
"Dscam",4.99785307445358e-13,-0.816002324868318,0.712,0.914,8.81821196456590e-09,"Down",8.05461946618843
"Zranb2",5.77938670250316e-13,0.79831242960389,0.846,0.769,1.01971498978966e-08,"Up",7.99152119653028
"Ptprg",5.85627990638871e-13,-1.46394875422563,0.263,0.615,1.03328202668322e-08,"Down",7.98578112483528
"Rtn3",6.34595966230675e-13,-1.111099712495,0.321,0.681,1.1196811228174e-08,"Down",7.95090564368601
"Ccdc85a",7.95839799716274e-13,-1.81267377761149,0.141,0.47,1.40417974261939e-08,"Down",7.85257729659979
"Akt3",1.02795148840511e-12,-1.89572951733905,0.128,0.448,1.81371760614198e-08,"Down",7.74143033119069
"Nrxn1",1.1482504601355e-12,-0.613777442881652,0.994,0.982,2.02597311186308e-08,"Down",7.69336632276991
"Gabrb1",1.23664213770109e-12,-0.946487542212367,0.647,0.855,2.1819313877598e-08,"Down",7.66115891020314
"Grid1",1.36674848620892e-12,-1.20651705462121,0.397,0.714,2.41149102906702e-08,"Down",7.61771434934813
"Tmem108",1.45675783379271e-12,-1.68927863987163,0.167,0.503,2.57030352194386e-08,"Down",7.59001558868349
"Grip1",1.5222835318663e-12,-1.10585471561602,0.481,0.789,2.68591706362489e-08,"Down",7.57090740170682
"Negr1",2.30371231988518e-12,-0.893734548077779,0.788,0.895,4.06467001720541e-08,"Down",7.39097470604133
"Zcchc7",2.48859011641871e-12,-1.08666097702452,0.295,0.65,4.39086840140917e-08,"Down",7.35744957892801
"Lrch1",2.57586472766667e-12,-1.93061503498291,0.109,0.417,4.54485572549507e-08,"Down",7.34247989871613
"Frmd4a",3.25478755805674e-12,-0.649595427257584,0.923,0.967,5.7427471674353e-08,"Down",7.24088030372663
"Map2k4",3.55716402985554e-12,-1.93225539336417,0.109,0.415,6.27626021427711e-08,"Down",7.20229905882603
"Mbd5",3.97243302149342e-12,-1.15876392317285,0.256,0.606,7.00896082312299e-08,"Down",7.15434636751668
"Snx29",4.40604051390815e-12,-2.3107670166179,0.083,0.372,7.77401788273954e-08,"Down",7.10935446468672
"Tmem178b",4.44297209651666e-12,-0.983192358589391,0.397,0.752,7.839179967094e-08,"Down",7.10572936517175
"Dip2c",4.49708808861227e-12,-1.03767393927451,0.314,0.67,7.93466222354749e-08,"Down",7.10047155631578
"Prkn",5.22549819283028e-12,-0.939310150898116,0.462,0.769,9.21986901142974e-08,"Down",7.03527524901333
"Sh3gl2",5.99923137895106e-12,-3.12264449736619,0.032,0.301,1.05850438450213e-07,"Down",6.97530733872049
"Rora",6.77373612790999e-12,-1.09422616354256,0.506,0.787,1.19515800240844e-07,"Down",6.92257467627393
"Sh3kbp1",7.24572627810191e-12,-2.6807166263682,0.038,0.312,1.2784359445083e-07,"Down",6.89332102723365
"Jazf1",9.84216570829872e-12,-1.41219041702092,0.186,0.512,1.73655171757223e-07,"Down",6.76031227810515
"Sybu",1.09922000610206e-11,-1.8811812087699,0.103,0.404,1.93946377876648e-07,"Down",6.71231832682893
"Samd12",1.10724902141951e-11,-1.15876392317285,0.295,0.635,1.95363017339259e-07,"Down",6.7091576457637
"Car10",1.15280290274689e-11,-1.41855525840728,0.353,0.637,2.03400544160661e-07,"Down",6.69164788953689
"Rufy3",1.16090494950327e-11,-1.42558741861975,0.179,0.494,2.04830069290356e-07,"Down",6.68860628808538
"Ttc8",1.29422342669522e-11,-2.11494769088036,0.051,0.332,2.28352781406104e-07,"Down",6.64139369418632
"Celf2",1.62337201661842e-11,-1.4874997311211,0.34,0.653,2.86427758612154e-07,"Down",6.54298489548464
"Gnaq",1.66345224432777e-11,-1.89067628961277,0.109,0.402,2.93499513989192e-07,"Down",6.53239261357135
"Ppp3ca",1.8232827008807e-11,-1.25879274150412,0.295,0.618,3.21699999743391e-07,"Down",6.49254893944445
"Csmd1",1.85868301231433e-11,-0.803226414717741,0.878,0.958,3.27946030692741e-07,"Down",6.48419762122992
"Dgki",2.0689491398031e-11,-1.32457281614293,0.244,0.569,3.65045386226859e-07,"Down",6.43765313619423
"Rbfox2",3.7024305004421e-11,-1.06235096737983,0.269,0.593,6.53256837498004e-07,"Down",6.18491603591045
"Luc7l3",3.84606132796471e-11,0.617753104074166,0.942,0.908,6.78599060706093e-07,"Up",6.16838674582624
"Sorbs2",4.26071720636201e-11,-1.26418488040903,0.269,0.58,7.51760943890513e-07,"Down",6.12392024086407
"Gmds",4.6684022105722e-11,-1.823321021811,0.09,0.376,8.23692886033358e-07,"Down",6.08423468485983
"Ccser1",4.86492131848892e-11,-0.781095734635269,0.692,0.888,8.58366717434185e-07,"Down",6.06632713017876
"Epb41l4b",5.77221085785764e-11,-1.52133400255755,0.135,0.435,1.0184488837604e-06,"Down",5.99206076348059
"Dpp6",6.94024494779709e-11,-0.677409966564256,0.814,0.954,1.22453681858932e-06,"Down",5.91202815225443
"Abr",8.41017725156052e-11,-0.99815733026325,0.333,0.672,1.48389167426534e-06,"Down",5.82859780187771
"Lrrtm3",8.80485155470435e-11,-1.50562991981011,0.167,0.464,1.55352800831204e-06,"Down",5.80868091251154
"Mcph1",9.58472978399182e-11,-2.05327079432553,0.064,0.332,1.69112972308752e-06,"Down",5.7718230772868
"Syt16",9.87823486783655e-11,-1.41768222053441,0.141,0.442,1.74291576008108e-06,"Down",5.75872360303117
"Cdh2",1.03162940975087e-10,-1.71885175525497,0.141,0.426,1.82020693056443e-06,"Down",5.73987923635905
"Slc25a12",1.0349364505287e-10,-1.32674065282564,0.147,0.455,1.82604187331284e-06,"Down",5.73848926779833
"Snap25",1.04012207475167e-10,-1.16052438103728,0.231,0.545,1.83519138869185e-06,"Down",5.73631863728739
"Rnf130",1.14204771433709e-10,-1.61807957420099,0.135,0.418,2.01502898717637e-06,"Down",5.69571870193965
"Cntn1",1.27095631417846e-10,-0.82831454069325,0.359,0.71,2.24247532073647e-06,"Down",5.64927232782766
"Sgcz",1.3781519004221e-10,-1.34693217379105,0.641,0.82,2.43161121310475e-06,"Down",5.61410586258226
"Susd4",1.5109297481932e-10,-1.44971107472705,0.128,0.428,2.66588444771208e-06,"Down",5.57415867893139
"Dennd1a",1.5823764524086e-10,-0.883111112924851,0.353,0.686,2.79194501262974e-06,"Down",5.55409313939653
"Fgf12",1.60066940786236e-10,-0.712183625004335,0.667,0.877,2.82422110323235e-06,"Down",5.54910130614896
"Ntm",1.60614378020449e-10,-1.16780906277585,0.519,0.767,2.8338800857928e-06,"Down",5.54761853065183
"Dock3",1.64735908496967e-10,-0.749694832943146,0.462,0.82,2.90660036952049e-06,"Down",5.53661467557142
"Hcn1",1.86143468520586e-10,-2.14615809186708,0.115,0.385,3.28431535857722e-06,"Down",5.48355514877722
"Foxp1",1.97170002528413e-10,-1.28980739798225,0.179,0.497,3.47886752461133e-06,"Down",5.45856210888556
"Plcb1",2.31797184654674e-10,-1.31016375713142,0.301,0.604,4.08982952604708e-06,"Down",5.38829479405624
"Kdm6b",2.51595836978267e-10,1.88414466829645,0.474,0.246,4.43915694764454e-06,"Up",5.35269950009943
"Slc8a1",2.52396661467792e-10,-1.2272575278566,0.378,0.664,4.45328669493773e-06,"Down",5.351319344837
"Slc4a3",2.7115664202328e-10,1.27290563597006,0.596,0.426,4.78428779185875e-06,"Up",5.32018270388233
"Srrm1",2.93817860749711e-10,0.645979785428221,0.853,0.831,5.18412233506789e-06,"Up",5.28532475852287
"Kcnd2",2.99086263405865e-10,-1.06228766768297,0.878,0.89,5.27707803153308e-06,"Down",5.2776064839139
"Amph",3.38972490638825e-10,-1.49907054737506,0.141,0.426,5.98083062483143e-06,"Down",5.22323849649153
"Ssh2",3.91848131114023e-10,-0.972897377861512,0.282,0.611,6.91376842537582e-06,"Down",5.16028517111495
"Specc1",4.29473289128796e-10,-1.34213118752723,0.192,0.479,7.57762671338848e-06,"Down",5.12046679260926
"Kctd16",5.02292687735115e-10,-2.01380251114009,0.199,0.455,8.86245218239837e-06,"Down",5.05244609505024
"Ank2",5.1318004015531e-10,-0.41577968163164,0.962,0.982,9.05454862850029e-06,"Down",5.04313319449819
"Zfp423",5.18340049845817e-10,-2.009070990415,0.064,0.316,9.1455918394796e-06,"Down",5.03878818474161
"Cdr1os",5.20789431444624e-10,-0.827060190316795,0.545,0.809,9.18880872840895e-06,"Down",5.0367407885283
"Astn1",5.35161687866153e-10,-1.00798804232987,0.256,0.582,9.4423928207104e-06,"Down",5.02491793608881
"Trerf1",5.42864184557594e-10,-0.93604697252654,0.295,0.62,9.57829567233418e-06,"Down",5.01871176085352
"Ctnna2",6.66928673044114e-10,-0.964676871056543,0.885,0.921,1.17672895071904e-05,"Down",4.92932356159441
"Il1rapl1",6.72011788847372e-10,-1.00519477943763,0.737,0.866,1.1856976002423e-05,"Down",4.92602605910996
"Ncam2",6.77469585015524e-10,-1.2260117390223,0.41,0.677,1.19532733580139e-05,"Down",4.92251314855225
"Wwox",7.34159733375724e-10,-0.944686542912979,0.436,0.739,1.29535143356813e-05,"Down",4.88761238991974
"Atp1b1",7.49034102912389e-10,-1.61624727002062,0.154,0.422,1.32159577117862e-05,"Down",4.87890135967013
"Astn2",7.55548033810274e-10,-1.06393655966634,0.423,0.714,1.33308895085485e-05,"Down",4.87514087115886
"Kcnma1",7.66875653843229e-10,-0.820032201904471,0.481,0.763,1.35307540364099e-05,"Down",4.86867800054006
"Lrrc45",8.08487939710154e-10,1.11381425533182,0.622,0.457,1.4264961208246e-05,"Up",4.8457294050141
"Hecw2",8.34974664727928e-10,-1.73021161741952,0.103,0.363,1.47322929844596e-05,"Down",4.83172965281816
"Nptn",9.10703958983818e-10,-1.07643498196992,0.192,0.495,1.60684606523105e-05,"Down",4.79402572636227
"Fchsd2",9.6814561533973e-10,-1.29306501488444,0.186,0.47,1.70819612370542e-05,"Down",4.76746226798354
"Mtss1",1.34626123231887e-09,-1.19920484920134,0.212,0.497,2.37534331830342e-05,"Down",4.62427361110477
"Ambra1",1.3518174305054e-09,-1.09983263995006,0.147,0.435,2.38514667438372e-05,"Down",4.62248490890192
"Dzank1",1.50381564261448e-09,-1.2685387812286,0.147,0.428,2.65333231982899e-05,"Down",4.57620835287122
"Gabrb2",1.6001041228824e-09,-2.43687578576772,0.058,0.292,2.82322371441371e-05,"Down",4.54925470666149
"Agap1",1.76579032771493e-09,-0.933822688511126,0.333,0.653,3.11556045422022e-05,"Down",4.50646381729334
"Clasp1",1.77466611418954e-09,-1.19528979919796,0.192,0.479,3.13122089187603e-05,"Down",4.50428629401227
"Celf1",1.89818526629038e-09,-1.43232899649881,0.122,0.393,3.34915808384274e-05,"Down",4.4750643528124
"Aig1",1.92636961301077e-09,-1.47327454649772,0.128,0.396,3.3988865451962e-05,"Down",4.46866333192108
"Kcnq3",2.01456416052383e-09,-1.15101953227044,0.301,0.578,3.55449700482825e-05,"Down",4.44922184739076
"Elavl2",2.10821062604422e-09,-2.44321731264155,0.045,0.273,3.71972682859243e-05,"Down",4.4294889529114
"Slc7a14",2.10900056317839e-09,-1.89016999199715,0.096,0.347,3.72112059367195e-05,"Down",4.42932625518201
"Rasgef1b",2.17337611350815e-09,-1.76233039192185,0.096,0.354,3.83470481467378e-05,"Down",4.41626806125668
"Csnk1g1",2.19995335356152e-09,-1.46026200927325,0.135,0.4,3.88159769702395e-05,"Down",4.41098947848306
"Sgce",2.23086970947917e-09,-3.62155455390006,0.006,0.209,3.93614651540505e-05,"Down",4.40492874417168
"Ubr4",2.27921739141318e-09,0.962147180297718,0.673,0.545,4.02145116540942e-05,"Up",4.39561720079508
"Lrfn5",2.57797595353661e-09,-0.92265462308189,0.571,0.807,4.54858077242e-05,"Down",4.34212408880529
"Cacnb4",2.68690396521257e-09,-1.31423087192147,0.192,0.468,4.74077335622106e-05,"Down",4.32415080665011
"Nav3",2.72680884902107e-09,-0.788071804378415,0.558,0.809,4.81118153321278e-05,"Down",4.3177482561955
"Plxna4",2.90439115476259e-09,-0.961317858966628,0.295,0.606,5.12450775346311e-05,"Down",4.29034784543747
"Grin2b",3.12137680559891e-09,-0.637908107388174,0.519,0.848,5.50735723579872e-05,"Down",4.25905675200896
"Nova1",3.17885535282306e-09,-1.85660318604923,0.135,0.376,5.608772384521e-05,"Down",4.25113218419307
"Itm2c",3.18698099273198e-09,-2.48405103015012,0.058,0.284,5.6231092635763e-05,"Down",4.25002347755991
"Scml4",3.37706397748386e-09,-1.94319087104532,0.096,0.343,5.95849168187253e-05,"Down",4.22486366259905
"Slc35f1",3.38232946284708e-09,-1.37443333066965,0.199,0.466,5.96778210424738e-05,"Down",4.22418704221276
"Atp6v0c",3.39486795365913e-09,-2.46581874157868,0.058,0.283,5.98990501743617e-05,"Down",4.22258006421009
"Unc5c",3.41210233683675e-09,-1.53206565849264,0.231,0.49,6.02031336311476e-05,"Down",4.22038090270735
"Prkg1",3.46839987200215e-09,-1.36908780978748,0.353,0.615,6.11964473416059e-05,"Down",4.21327378936949
"Ptk2",3.48421591642537e-09,-1.42685386643266,0.128,0.389,6.14755056294093e-05,"Down",4.21129789054924
"Peg3",3.57726259453836e-09,0.643009966621459,0.885,0.897,6.31172212180348e-05,"Up",4.19985212951091
"Tmem117",3.59814680203258e-09,-2.2685387812286,0.058,0.286,6.34857021750628e-05,"Down",4.19732407259225
"Syn2",3.60447621936729e-09,-1.59940364944057,0.128,0.383,6.35973784145165e-05,"Down",4.19656078629459
"Nell1",4.02859583389012e-09,-1.64713492336345,0.179,0.442,7.10805448931573e-05,"Down",4.14824925161541
"Dab1",4.47952164692897e-09,-0.894720286769116,0.558,0.772,7.90366799384147e-05,"Down",4.10217131126848
"Mblac2",4.55006302942126e-09,-2.30571378889161,0.058,0.283,8.02813120911087e-05,"Down",4.09538553816174
"Mgat4c",4.89979814247849e-09,-1.32658214103721,0.391,0.655,8.64520384258904e-05,"Down",4.06322476217399
"Cdh18",4.9293032449401e-09,-1.2348181633846,0.397,0.655,8.69726264537231e-05,"Down",4.06061741463115
"Lonp2",5.10402693874769e-09,-2.05709250527794,0.064,0.294,9.00554513072642e-05,"Down",4.04548999299428
"Tasp1",5.51057169703566e-09,-2.21321170719522,0.045,0.266,9.72285270224972e-05,"Down",4.01220629360478
"Tle4",5.77245122692194e-09,-1.83000533511622,0.077,0.314,0.000101849129447811,"Down",3.9920426787662
"Gm49797",6.58448780667744e-09,-1.53869762149577,0.077,0.316,0.000116176702861017,"Down",3.93488095312735
"Tafa1",6.88635121672931e-09,-3.39049420908863,0.045,0.259,0.000121502780867972,"Down",3.91541378213321
"Igf1r",7.55931684782743e-09,-1.47029684669783,0.103,0.35,0.000133376586463067,"Down",3.87492040177135
"Tspoap1",8.10877355158341e-09,0.972166946653603,0.679,0.569,0.000143071200544138,"Up",3.8444477785639
"Syt11",8.53690235844736e-09,-1.19904193405907,0.179,0.453,0.000150625105212445,"Down",3.82210263672392
"Hivep2",9.78663943858089e-09,-0.991561222126548,0.212,0.495,0.000172675466254321,"Down",3.76276936264826
"Pard3",1.02166009072865e-08,-1.63751212780303,0.109,0.349,0.000180261706408163,"Down",3.74409652209601
"Apbb2",1.0254619465262e-08,-0.93338205881845,0.237,0.523,0.000180932505845083,"Down",3.74248340195747
"Polb",1.13334429946621e-08,-1.16076211606969,0.147,0.418,0.000199967268197818,"Down",3.69904108635814
"Nsg2",1.15052001879767e-08,-2.1181219386755,0.058,0.277,0.000202997752116661,"Down",3.69250877119386
"Mdga2",1.21972224941413e-08,-0.74764451176727,0.872,0.928,0.000215207793686629,"Down",3.66714200487458
"Armh3",1.21997722970606e-08,-1.50514506178475,0.103,0.349,0.000215252782409337,"Down",3.66705122604289
"Sdk1",1.23960598028664e-08,-1.48713655484746,0.231,0.479,0.000218716079161775,"Down",3.66011928813501
"Stox2",1.25289952310962e-08,-1.06470568938782,0.218,0.499,0.000221061591857461,"Down",3.65548670696152
"Prkacb",1.25961114961955e-08,-1.29482547274887,0.128,0.378,0.000222245791238874,"Down",3.65316645469539
"Gpm6a",1.30362475240079e-08,-1.37362704045647,0.167,0.426,0.000230011551313595,"Down",3.63825035291379
"Atp8a2",1.32450636205402e-08,-0.847743326141788,0.333,0.615,0.000233695902520812,"Down",3.63134890219143
"Actl6b",1.43418796144362e-08,1.06350761374936,0.583,0.435,0.000253048123917112,"Up",3.59679687817525
"Dpp10",1.45740575055146e-08,-1.43050626089199,0.378,0.609,0.000257144670627299,"Down",3.58982247208619
"Gns",1.46919159956506e-08,-2.15876392317285,0.038,0.25,0.000259224165827259,"Down",3.58632451439011
"Lrrtm4",1.52231910864372e-08,-1.11685162509436,0.878,0.875,0.000268597983529098,"Down",3.57089725207487
"Efcab1",1.55412809049751e-08,-2.06470568938782,0.071,0.29,0.00027421036028738,"Down",3.56191614060909
"Osbpl9",1.56370724771559e-08,-1.27546014788194,0.167,0.42,0.000275900506786939,"Down",3.55924750178769
"Pde4b",1.6557654158742e-08,-1.18192454111191,0.397,0.639,0.000292143249976844,"Down",3.53440414369113
"Prrc2c",1.87939401916851e-08,0.678773211737065,0.827,0.791,0.000331600280742092,"Up",3.47938511043573
"Lingo2",1.90150863392884e-08,-0.683100754224782,0.949,0.947,0.000335502183370404,"Down",3.47430464919802
"Pafah1b1",1.94557619927057e-08,-0.867337916682827,0.276,0.574,0.0003432774645993,"Down",3.46435470610356
"App",1.98486627231773e-08,-0.786566073851318,0.462,0.739,0.00035020980508774,"Down",3.45567169881257
"Nrf1",2.01215036182065e-08,-1.62315133883439,0.096,0.328,0.000355023809839635,"Down",3.44974251980345
"Fcho2",2.06784579206537e-08,-2.0340088921649,0.064,0.281,0.000364850711552013,"Down",3.4378848024254
"Edil3",2.23551601402088e-08,-1.34762074062553,0.218,0.47,0.000394434445513844,"Down",3.40402516562897
"Umad1",2.24088074114625e-08,-1.97866585832112,0.064,0.281,0.000395380997967844,"Down",3.4029842067371
"Dync1i1",2.336163814204e-08,-1.05401311234597,0.269,0.53,0.000412192743378154,"Down",3.38489965821077
"Gm1043",2.53245517876177e-08,-1.06404526591971,0.179,0.437,0.000446826391740726,"Down",3.34986118325369
"Pcsk1n",2.71934030747669e-08,-1.52499524467704,0.167,0.409,0.000479800403851188,"Down",3.31893939081948
"Arl15",2.72773405095837e-08,-1.39299795715381,0.16,0.413,0.000481281395951095,"Down",3.31760092575655
"Tead1",2.81406257693381e-08,-1.66289534928096,0.045,0.253,0.000496513201074201,"Down",3.30406920018478
"Zc3h6",2.83255698472776e-08,-2.46207633989286,0.038,0.239,0.000499776354385366,"Down",3.30122429523414
"Cacna1c",2.9349492895239e-08,-0.706611537666851,0.551,0.813,0.000517842452643597,"Down",3.28580234904772
"Tcf20",2.96515512151786e-08,-0.912446912283986,0.244,0.528,0.000523171969640612,"Down",3.28135553256704
"Zfp280d",3.11422679079638e-08,-1.30776452845637,0.173,0.418,0.000549474174968112,"Down",3.26005271440046
"Tshz2",3.22136613270842e-08,-0.901647407433769,0.301,0.589,0.000568377840455074,"Down",3.24536286240481
"Thada",3.23759339364394e-08,-1.53442718411754,0.135,0.365,0.000571240978374537,"Down",3.24318064569338
"Prlr",3.26173873305682e-08,-1.79405809944415,0.122,0.35,0.000575501182060545,"Down",3.23995378000666
"Kcnh1",3.41900919797118e-08,-1.8693781903921,0.071,0.29,0.000603249982890035,"Down",3.21950268173706
"Ppp2r2b",3.46474467989523e-08,-0.731651660793004,0.474,0.743,0.000611319551320715,"Down",3.21373171431178
"Dtd1",3.47333159269889e-08,-1.20406000882569,0.179,0.431,0.000612834626215793,"Down",3.2126567042932
"Cntn4",3.5609155256482e-08,-1.46770879430596,0.218,0.464,0.000628287935345369,"Down",3.20184127971306
"Arhgap32",3.57819410290512e-08,-1.36521480064027,0.135,0.372,0.00063133656751658,"Down",3.19973905526201
"B830012L14Rik",3.69034572095145e-08,-0.956841031642439,0.25,0.514,0.000651124599004675,"Down",3.18633589701958
"Neo1",3.89243384512922e-08,-1.41194585098526,0.122,0.356,0.0006867810276346,"Down",3.16318171075546
"Upp2",4.03930832203441e-08,-0.733709713982086,0.397,0.697,0.000712695560339752,"Down",3.14709594658533
"Fto",4.05885477009532e-08,-0.783588012482372,0.244,0.538,0.000716144335635618,"Down",3.14499943879157
"Dpysl2",4.09044447204521e-08,-1.01631965815264,0.186,0.45,0.000721718022647657,"Down",3.14163244942206
"Unc79",4.16532546856713e-08,-0.77562085118747,0.391,0.683,0.000734930025673985,"Down",3.13375400909314
"Sbf2",4.29552240472427e-08,-0.743190205697571,0.308,0.611,0.000757901973089551,"Down",3.12038696230902
"Tnpo1",4.30929798347298e-08,-1.61269820293955,0.09,0.312,0.000760332536203972,"Down",3.11899642475524
"Faf1",4.57082423141047e-08,-1.49394811476247,0.122,0.354,0.000806476227390063,"Down",3.09340842984412
"Rimbp2",4.57127927798119e-08,-0.868572102905902,0.269,0.536,0.000806556515807002,"Down",3.09336519598342
"Ncoa2",4.62623273324663e-08,-1.04584241065667,0.192,0.451,0.000816252503454036,"Down",3.0881754737296
"Cpeb3",4.66747219960582e-08,-0.974075569058793,0.205,0.466,0.000823528794898451,"Down",3.08432121100926
"Tmx4",4.69182443398743e-08,-1.18997599930149,0.128,0.376,0.000827825503132743,"Down",3.08206119825513
"Fbxo11",4.74577397092427e-08,-1.61675356763624,0.115,0.339,0.000837344359429878,"Down",3.07709590085511
"Ncald",4.80734670497962e-08,-0.966665424149997,0.179,0.453,0.000848208252626603,"Down",3.07149750639557
"Ttc3",4.84467681355861e-08,0.4609748444268,0.994,0.991,0.000854794776984281,"Up",3.06813814015073
"Atp8a1",4.89723379879939e-08,-1.01609652072417,0.237,0.501,0.000864067931460165,"Down",3.06345211273111
"Atxn7l1",4.91964034996152e-08,-1.36019672587365,0.173,0.407,0.00086802134334721,"Down",3.06146959604015
"Stxbp5",4.93557048869411e-08,-1.1401482450055,0.173,0.422,0.000870832057025189,"Down",3.0600655921104
"Clasp2",4.95454653433725e-08,-0.621554553900057,0.455,0.767,0.000874180190518465,"Down",3.05839903912524
"Ldlrad4",5.18761331831565e-08,-1.38228831399921,0.115,0.352,0.000915302493883614,"Down",3.03843535433364
"Sorcs1",5.26417986547633e-08,-1.11765557531573,0.372,0.615,0.000928811895464644,"Down",3.03207223114462
"Klf12",5.39960624573393e-08,-1.26178521098487,0.205,0.459,0.000952706525997295,"Down",3.02104085987435
"Ocrl",5.44091679223534e-08,-1.6408492432537,0.083,0.303,0.000959995358822003,"Down",3.01773086658842
"Itm2b",5.58544758660916e-08,-2.80999964331317,0.032,0.22,0.00098549637218132,"Down",3.0063449701106
"Zbtb20",5.60729344450075e-08,-1.29452107459585,0.282,0.53,0.000989350855347712,"Down",3.00464966642119
"Gmcl1",5.7202694753781e-08,-2.11089761190759,0.058,0.261,0.00100928434623571,"Down",2.99598646250042
"Gpcpd1",5.82654211972102e-08,-2.01120673475899,0.064,0.27,0.00102803509160358,"Down",2.9879920606037
"Nsd2",6.10084802941354e-08,-1.19528979919796,0.154,0.396,0.00107643362630973,"Down",2.96801274393257
"Nebl",6.20233782743073e-08,-0.862420841499942,0.327,0.607,0.00109434048627188,"Down",2.9608475333017
"Snap91",6.22559567804625e-08,-0.939109064405228,0.25,0.521,0.00109844410143448,"Down",2.95922203893122
"Reep1",6.23504622636564e-08,-1.17917013383468,0.192,0.437,0.00110011155617995,"Down",2.95856327322645
"Psd3",6.28334743956541e-08,-2.41768222053441,0.045,0.24,0.00110863382223692,"Down",2.95521187607118
"Tmem132d",6.74630919571723e-08,-1.68147414544094,0.141,0.369,0.00119031879449235,"Down",2.92433670907208
"Slc24a3",6.7529317519728e-08,-0.991640129066753,0.301,0.569,0.00119148727831808,"Down",2.92391059031774
"Cadps",6.82138508058727e-08,-0.545998136346247,0.654,0.901,0.00120356518361882,"Down",2.91953038389384
"Opcml",7.1544714371108e-08,-0.911757083047608,0.577,0.761,0.00126233494036383,"Down",2.89882539671473
"Reps1",7.55466202119419e-08,-2.06318626319061,0.045,0.242,0.0013329445670195,"Down",2.87518791115488
"Zfp532",8.06879713129324e-08,-1.38876952861917,0.135,0.365,0.00142365856584538,"Down",2.84659415448366
"Fbxo10",8.0991820878779e-08,-2.15371069544656,0.064,0.264,0.00142901968758518,"Down",2.84496178789853
"Dcc",8.1004599351918e-08,-0.888872226706312,0.635,0.815,0.00142924515096524,"Down",2.84489327255263
"Fam135b",8.29106186636148e-08,-1.41252051541863,0.135,0.367,0.00146287495570082,"Down",2.83479279511191
"Cacnb2",8.42631990271392e-08,-0.850801758233109,0.442,0.697,0.00148673988363484,"Down",2.82776500792975
"Desi2",8.5483988020798e-08,-1.70986297202772,0.051,0.255,0.00150827948463896,"Down",2.82151817611211
"Esrrg",8.54963961652343e-08,-1.48196704690227,0.122,0.349,0.00150849841393939,"Down",2.82145514211328
"Son",9.11382678405673e-08,0.633259345128768,0.814,0.767,0.00160804359777897,"Up",2.79370218070066
"Mast4",9.11661316602036e-08,-0.816527686310665,0.224,0.473,0.00160853522701263,"Down",2.7935694235841
"Caly",9.36699130626084e-08,-1.55284180381604,0.09,0.306,0.00165271194607666,"Down",2.78180283374297
"Gria4",9.47507795521351e-08,-0.593521261398519,0.724,0.89,0.00167178275441787,"Down",2.77682015912637
"Ago3",9.49213705445294e-08,-0.997609131358265,0.167,0.417,0.00167479266188768,"Down",2.77603895064006
"Tia1",9.83968214019009e-08,-0.744753618697729,0.346,0.637,0.00173611351681514,"Down",2.76042188162805
"Cux1",9.92026544922757e-08,-1.20651705462121,0.147,0.382,0.00175033163586171,"Down",2.75687965761119
"Spire1",1.06230511808063e-07,-1.29332188215849,0.147,0.38,0.00187433115034146,"Down",2.7271536770231
"Srgap3",1.06868328740976e-07,-0.713138104060579,0.385,0.672,0.00188558479230578,"Down",2.72455393315891
"Farp1",1.0744347876379e-07,-1.01841203711388,0.192,0.466,0.00189573273930832,"Down",2.72222288958499
"Fbxo38",1.07866879218182e-07,-1.78824509067265,0.071,0.277,0.0019032032169256,"Down",2.72051483689562
"Pcdh15",1.07932050344589e-07,-1.20523717283488,0.538,0.736,0.00190435309627993,"Down",2.72025252362562
"Nyap2",1.09665991820466e-07,-1.44321731264155,0.109,0.334,0.0019349467596803,"Down",2.71333098015161
"Stim1",1.11115117392554e-07,-1.55674625827196,0.083,0.295,0.00196051513127421,"Down",2.70762980146195
"Frmd5",1.13578368256097e-07,-0.770128082645409,0.41,0.69,0.00200397672951058,"Down",2.69810732587057
"Scai",1.16490890787732e-07,-1.6733370960026,0.109,0.323,0.00205536527705875,"Down",2.68711098463283
"Rmst",1.23065412164691e-07,-1.25509198641813,0.385,0.602,0.00217136613223381,"Down",2.6632669403401
"Ankrd10",1.24707937736616e-07,-1.37704023603706,0.128,0.352,0.00220034685342485,"Down",2.65750885342554
"Gm5577",1.25187300084094e-07,-2.11089761190759,0.058,0.253,0.00220880472268376,"Down",2.65584267779522
"Ftx",1.25390553997457e-07,-0.78500582988975,0.365,0.653,0.00221239093473113,"Down",2.65513812972028
"Ankrd55",1.28750183797303e-07,-1.17928932050424,0.147,0.383,0.00227166824291962,"Down",2.64365509320294
"Scfd2",1.29902685668922e-07,-1.99403159095086,0.058,0.255,0.00229200298594246,"Down",2.6397848209204
"9630014M24Rik",1.30068852957888e-07,-1.55049404895962,0.115,0.338,0.00229493484158897,"Down",2.63922964055813
"March7",1.30506021525326e-07,-1.68714289552763,0.077,0.283,0.00230264824379285,"Down",2.63777240048454
"Pced1b",1.32788406491543e-07,-1.85350128194975,0.083,0.288,0.00234291864413679,"Down",2.63024279164883
"St7",1.34513989479749e-07,-1.35179428487795,0.103,0.325,0.00237336483038069,"Down",2.62463549750004
"Xkr6",1.35519506675575e-07,-0.636479586332772,0.365,0.677,0.00239110617578384,"Down",2.62140113884314
"Pten",1.38029694368456e-07,-2.51721789408532,0.038,0.222,0.00243539592743704,"Down",2.61343042454244
"Olfm3",1.42521611403598e-07,-1.70704245296534,0.135,0.352,0.00251465131160509,"Down",2.59952222688814
"Dlc1",1.43338328740946e-07,-1.69779013972714,0.058,0.257,0.00252906147230525,"Down",2.59704061440471
"Vps35l",1.43688948357426e-07,-1.18360799415032,0.128,0.361,0.00253524780481842,"Down",2.59597958465197
"Ralgapa2",1.46448847384608e-07,-0.903310696323454,0.263,0.539,0.00258394346325403,"Down",2.58771699294685
"Erc2",1.51921956351303e-07,-0.58531541046873,0.622,0.855,0.00268051099786239,"Down",2.57178240656919
"Sema6a",1.52796595671444e-07,-1.77477716985297,0.096,0.308,0.00269594313402696,"Down",2.56928927268522
"Pde8b",1.54186454829189e-07,-1.16696107613947,0.179,0.428,0.00272046580900622,"Down",2.56535672796548
"Rfx3",1.59838680497496e-07,-1.40941460455081,0.103,0.323,0.00282019367869781,"Down",2.54972106519079
"Ptprn",1.60179087087391e-07,1.09680461248618,0.673,0.58,0.00282619981256992,"Up",2.54879713674476
"Zmym4",1.66524967955216e-07,-0.824229996979718,0.269,0.536,0.00293816653460182,"Down",2.53192359213702
"Clstn1",1.687240679835e-07,-1.15767550739818,0.141,0.374,0.00297696745550088,"Down",2.52622591307704
"Ulk4",1.72838353878897e-07,-1.18981466913181,0.141,0.374,0.00304955991583925,"Down",2.51576282947705
"Herc3",1.77833644666967e-07,-2.13673761684285,0.058,0.25,0.00313769682650396,"Down",2.50338902153213
"Ttc28",1.81374853919581e-07,-1.11706463189246,0.179,0.422,0.00320017792255709,"Down",2.49482587523113
"Ext1",1.81376431872282e-07,-1.67006938216869,0.077,0.281,0.00320020576395454,"Down",2.494822096906
"Klf7",1.81607989762719e-07,-1.35120794264639,0.103,0.316,0.00320429137137341,"Down",2.49426799969573
"Frmpd4",1.81954147592112e-07,-1.46991217930697,0.212,0.442,0.00321039898011523,"Down",2.49344099124157
"Kat6b",1.89928518113613e-07,-1.06173946877798,0.186,0.422,0.00335109877359659,"Down",2.47481277115137
"Psap",1.90180178449252e-07,-1.28045718246064,0.186,0.411,0.00335553906855861,"Down",2.47423770032537
"Cntnap4",1.91007785380674e-07,-1.42164023410309,0.147,0.369,0.00337014136525661,"Down",2.47235188166183
"Eya3",2.02671793032339e-07,-2.00264472125556,0.045,0.233,0.00357594111626259,"Down",2.44660964118842
"4632427E13Rik",2.03943365857e-07,-1.49297034783864,0.128,0.343,0.0035983767471809,"Down",2.44389336832342
"Nhs",2.06875648793758e-07,-1.65472141783526,0.096,0.306,0.00365011394731708,"Down",2.43769357775761
"Pan3",2.21198603008035e-07,-1.39168701200146,0.115,0.334,0.00390282815147378,"Down",2.40862057106304
"Chpt1",2.23712405244189e-07,-2.26376953708073,0.045,0.229,0.00394718167812847,"Down",2.40371288374058
"Fut9",2.28635702766908e-07,-1.74445157849127,0.077,0.279,0.00403404833961932,"Down",2.39425890198241
"Pakap",2.31045601458724e-07,-0.627730344738249,0.301,0.598,0.00407656859213772,"Down",2.3897052458614
"Grik2",2.33821561844991e-07,-0.755628512950293,0.75,0.857,0.00412554763719302,"Down",2.38451839377471
"Prpf4b",2.38648873236065e-07,0.55119046540146,0.833,0.752,0.00421072071937713,"Up",2.3756435626775
"Ppfia2",2.63898317898608e-07,-0.75093673309456,0.397,0.662,0.00465622192100303,"Down",2.33196632888003
"Rnf150",2.63934256652252e-07,-1.43327907558543,0.103,0.312,0.00465685602437233,"Down",2.33190718890583
"Rims2",2.66191838515585e-07,-0.574028815476179,0.59,0.835,0.00469668879876898,"Down",2.32820821508924
"Mllt3",2.68739248289154e-07,-1.18576702507945,0.179,0.406,0.00474163529681384,"Down",2.32407185286149
"Aff3",2.81084362804888e-07,-0.862046391082763,0.282,0.545,0.00495945249732944,"Down",2.30456626514548
"Kif26b",2.85832274098858e-07,-1.41445831966012,0.154,0.372,0.00504322464420024,"Down",2.29729168629979
"Stag1",2.98963595590032e-07,-0.741482729754541,0.314,0.578,0.00527491368059053,"Down",2.27778464282647
"Gprasp2",3.00961852949698e-07,0.770182517673769,0.705,0.617,0.00531017093344447,"Up",2.27489149883249
"Ndst3",3.02949482099162e-07,-1.90800784711749,0.077,0.275,0.00534524066215761,"Down",2.27203273649933
"Spop",3.07510456025842e-07,-1.0587877992931,0.16,0.393,0.00542571448611996,"Down",2.26554306357204
"Klhl32",3.16526555653586e-07,-0.941025602991898,0.147,0.383,0.00558479454795186,"Down",2.25299279897308
"Asxl2",3.30159190153262e-07,-1.2827526404483,0.115,0.332,0.00582532875106416,"Down",2.23467956030293
"Galntl6",3.30730604379763e-07,-1.22990799606754,0.635,0.804,0.00583541078367655,"Down",2.23392856638732
"Pcdh17",3.33874981242582e-07,-1.24259551397632,0.192,0.417,0.00589089016904412,"Down",2.22981907426328
"Mapkap1",3.37305972889832e-07,-1.41030269016881,0.103,0.31,0.0059514265856682,"Down",2.22537891930974
"Gsk3b",3.41551694915724e-07,-1.18397448597013,0.135,0.356,0.00602633810509304,"Down",2.21994650607504
"Dalrd3",3.49111987152633e-07,-1.85240208567495,0.064,0.255,0.00615973190132105,"Down",2.21043818983406
"Pla2g4e",3.50326295303878e-07,-2.38793487714036,0.032,0.206,0.00618115715434163,"Down",2.20893021444155
"Fyttd1",3.59573593502229e-07,-1.9157672705756,0.051,0.235,0.00634431648375333,"Down",2.19761516053923
"Nrp1",3.75641163109749e-07,-1.17597632414113,0.192,0.417,0.0066278126819084,"Down",2.17862977429662
"Leng8",3.87530257674697e-07,0.833856546461557,0.647,0.494,0.00683758386641236,"Up",2.16509733378513
"Zbtb38",3.93458826961163e-07,-1.23397026736202,0.09,0.297,0.00694218754290277,"Down",2.15850365805907
"Atxn10",3.95369393413703e-07,-1.05327079432553,0.141,0.361,0.00697589757739137,"Down",2.15639990449468
"Tnrc6b",4.07864962326319e-07,-0.596495025297234,0.404,0.712,0.00719636939528557,"Down",2.14288655207792
"P4htm",4.12240199191835e-07,-1.61562159814632,0.077,0.275,0.00727356607454073,"Down",2.13825261159224
"Btbd9",4.18489931688903e-07,-0.809999643313168,0.263,0.512,0.00738383635471901,"Down",2.13171793698622
"Phkb",4.27133757885223e-07,-1.50341209456029,0.096,0.297,0.00753634802412687,"Down",2.12283905428791
"Macrod2",4.31793896880445e-07,-0.652334824998379,0.705,0.857,0.00761857151655857,"Down",2.1181264513157
"Nlk",4.35631675145112e-07,-1.33824775304,0.109,0.319,0.00768628527626036,"Down",2.11428350074514
"Pak7",4.4009109294115e-07,-1.21635141472579,0.141,0.369,0.00776496724385365,"Down",2.10986037198225
"Ndfip1",4.43492682982852e-07,-1.27960608513144,0.115,0.33,0.00782498489854945,"Down",2.1065164919263
"Cop1",4.49897282743574e-07,-1.70081783242471,0.071,0.262,0.00793798765672761,"Down",2.10028958073992
"Slc9a9",4.51163608902967e-07,-1.07163133144687,0.115,0.334,0.00796033071548396,"Down",2.0990688889299
"Pacrg",4.56006684566787e-07,-1.46377863512386,0.096,0.299,0.00804578194249638,"Down",2.09443174189325
"Purg",4.62759511707453e-07,-2.2705779265022,0.026,0.194,0.0081649288245663,"Down",2.08804759674885
"Pag1",4.72702142717502e-07,-2.34503691870264,0.045,0.22,0.00834035660610761,"Down",2.07881537996732
"Supt3",4.74101897254218e-07,-1.60710339760252,0.051,0.239,0.00836505387515342,"Down",2.07753125761773
"Stxbp5l",4.80055236814834e-07,-0.680716626368202,0.282,0.545,0.00847009459836093,"Down",2.07211173921868
"Gpatch2",4.81616301924984e-07,-1.86117229530268,0.071,0.259,0.00849763803116441,"Down",2.07070177223638
"Chn1",4.85104080494066e-07,-1.86366830810675,0.083,0.273,0.0085591763962373,"Down",2.06756802314738
"Ctif",5.16326273213476e-07,-0.688984242351802,0.314,0.582,0.00911006076457856,"Down",2.04047872625059
"Ascc3",5.18418161413406e-07,-1.04011942667423,0.167,0.396,0.00914697003997813,"Down",2.03872274340249
"2210408F21Rik",5.24694692158628e-07,-0.946262251358045,0.16,0.387,0.00925771314844684,"Down",2.03349628002077
"Tmeff2",5.25223563604545e-07,-0.895729517339052,0.224,0.49,0.00926704455623859,"Down",2.03305874887248
"Trim9",5.26672651275331e-07,-0.976649512722619,0.205,0.439,0.00929261225910193,"Down",2.0318621837201
"Elavl1",5.28907137797113e-07,-1.83389026352119,0.045,0.226,0.00933203753929227,"Down",2.03002352287071
"Neto2",5.3749354416964e-07,-2.46475047419119,0.026,0.191,0.00948353609332912,"Down",2.02302969858197
"Shisa9",5.48566052309955e-07,-1.23760060405592,0.186,0.406,0.00967889942695685,"Down",2.01417402285414
"Ica1",5.50896910766434e-07,-1.01801994714248,0.173,0.398,0.00972002509356296,"Down",2.01233261388218
"Slc4a10",5.51793477026419e-07,-1.21518935663566,0.173,0.394,0.00973584410865413,"Down",2.01162638869062
"Arid1b",5.63944036890233e-07,-0.956102135318534,0.173,0.411,0.00995022858689127,"Down",2.00216694207988
"Snrnp70",5.65099579697075e-07,0.630722411428647,0.788,0.804,0.00997061698417518,"Up",2.0012779666099
"Atxn2l",5.71200299051674e-07,-0.980550950404947,0.212,0.444,0.0100782580764677,"Down",1.99661452475076
"Rabgap1l",5.82039841839049e-07,-0.832719719813251,0.263,0.532,0.0102695109694082,"Down",1.98845023686467
"Gabrg2",6.10147118591818e-07,-1.39168701200146,0.122,0.328,0.010765435760434,"Down",1.96796838622863
"Srrt",6.128058268813e-07,1.13022560389716,0.5,0.332,0.0108123460094936,"Up",1.96608006474825
"Camk2g",6.19746254591535e-07,-0.765605523954714,0.256,0.517,0.010934802916013,"Down",1.9611890400849
"Zdhhc2",6.34555494920423e-07,-1.46614370949105,0.122,0.323,0.0111960971523759,"Down",1.95093334166732
"Ldb2",6.36569091161938e-07,-1.69005449094754,0.103,0.299,0.0112316250444612,"Down",1.94955740341936
"Grb10",6.42070182376326e-07,-0.984451604489594,0.231,0.466,0.0113286862978479,"Down",1.94582044906639
"Apc",6.43607971249417e-07,-0.508578975811449,0.404,0.723,0.0113558190447247,"Down",1.94478153658504
"Rars2",6.99549361918211e-07,-1.57671890583398,0.103,0.299,0.0123428489416849,"Down",1.90858458610105
"Pja2",7.00184574978231e-07,-1.21913654115233,0.147,0.361,0.0123540566409159,"Down",1.90819041183912
"Map2",7.10028484124203e-07,-0.569685313979458,0.532,0.817,0.0125277425738874,"Down",1.90212717928747
"Osbpl10",7.17441508814355e-07,-2.17511191726033,0.051,0.226,0.0126585379815205,"Down",1.89761645097141
"Tmtc1",7.19512911424957e-07,-1.66343863493637,0.051,0.235,0.0126950858091819,"Down",1.89636435927799
"Xrcc4",7.28190512579468e-07,-1.86771514116946,0.058,0.239,0.0128481934039521,"Down",1.89115793457808
"March1",7.29619699756669e-07,-0.899707800453308,0.5,0.732,0.0128734099825067,"Down",1.89030639944921
"Map3k7",7.29922513097064e-07,-1.49297034783864,0.083,0.279,0.0128787528210846,"Down",1.89012619203416
"Ttll5",7.36533022658071e-07,-1.34503691870264,0.115,0.321,0.012995388651779,"Down",1.88621072756743
"Gabrg1",7.4894541225151e-07,-2.41445831966012,0.038,0.207,0.0132143928537656,"Down",1.87895278609388
"Acadsb",7.5078985791072e-07,-1.19528979919796,0.154,0.369,0.0132469362529767,"Down",1.87788455359744
"Hs6st2",7.50908094440696e-07,-1.30381425597613,0.077,0.275,0.0132490224183116,"Down",1.87781616504759
"Msi2",7.87189671394503e-07,-0.914108046653907,0.295,0.55,0.0138891745620846,"Down",1.85732356375007
"Htr2c",8.07618913966613e-07,-2.10509199022638,0.147,0.339,0.0142496281180269,"Down",1.84619646957802
"Gabrg3",8.17429592379188e-07,-0.806927051648587,0.583,0.783,0.0144227277279384,"Down",1.84095259501456
"Glg1",8.321396706782e-07,-0.858254811920389,0.231,0.486,0.0146822723494462,"Down",1.83320672422557
"Cbarp",8.47717815088197e-07,1.26218296640128,0.468,0.305,0.0149571331294161,"Up",1.82515164078905
"Sesn1",8.86782168734823e-07,-1.9157672705756,0.051,0.228,0.0156463845851572,"Down",1.80558599908303
"Relch",9.01380081666228e-07,-1.18018290680775,0.103,0.308,0.0159039501609189,"Down",1.79849499391707
"Slc6a6",9.10709554994626e-07,-1.22385895139473,0.122,0.33,0.0160685593883252,"Down",1.79402305775726
"Aatf",9.12206588583001e-07,-2.29482547274887,0.032,0.196,0.0160949730489585,"Down",1.79330974620412
"Fhod3",9.21776447949812e-07,-1.14430587047915,0.154,0.369,0.0162638236476265,"Down",1.78877734349926
"Lrba",9.21879790099705e-07,-0.92568273944068,0.179,0.415,0.0162656470165192,"Down",1.78872865662958
"Fmn2",9.33249307023505e-07,-1.37749313041871,0.122,0.325,0.0164662507731227,"Down",1.78340527477692
"Ica1l",9.42178457608289e-07,-1.75822599358912,0.045,0.218,0.0166237967060406,"Down",1.77926978078212
"Sil1",9.43513830752361e-07,-1.49907054737506,0.058,0.24,0.0166473580297947,"Down",1.77865468012304
"Lgi1",9.45162931610593e-07,-1.66405928241459,0.064,0.246,0.0166764547653373,"Down",1.77789627021499
"Mapk10",9.79517857332292e-07,-0.585749275756138,0.449,0.716,0.017282613074771,"Down",1.76239059298229
"Trpc1",1.00802917839822e-06,-2.92321025376116,0.019,0.172,0.0177856668236582,"Down",1.7499298475203
"Cntn6",1.02561363197374e-06,-1.11445872458491,0.135,0.343,0.0180959269225446,"Down",1.74241916624265
"B3galt1",1.0300872706945e-06,-1.04406464863554,0.321,0.55,0.0181748598041337,"Down",1.74052893048411
"Tbc1d32",1.04559747072749e-06,-1.98188616108877,0.045,0.217,0.0184485217735159,"Down",1.73403842686669
"Cd47",1.10347356041909e-06,-1.81978066410575,0.058,0.235,0.0194696875000344,"Down",1.71064101910656
"Mapk1",1.12575962638856e-06,-1.21024014066393,0.109,0.312,0.0198629028479997,"Down",1.70195728158373
"Gapvd1",1.13044753594123e-06,-0.887485523244143,0.244,0.473,0.0199456163241471,"Down",1.70015253934709
"Ttc7b",1.13087117286095e-06,-1.09391277882288,0.167,0.382,0.0199530909739586,"Down",1.69998981732299
"Tctn2",1.13546818356664e-06,-2.45402406759813,0.038,0.202,0.0200342006308499,"Down",1.69822798133394
"Clstn2",1.14110132277344e-06,-1.25043135339042,0.25,0.472,0.0201335917390146,"Down",1.69607874208655
"Lnpep",1.17547643630969e-06,-1.78025229991912,0.058,0.235,0.0207401062422482,"Down",1.68318902324573
"Cstf3",1.17681406132263e-06,-1.24492056692256,0.128,0.332,0.0207637072979765,"Down",1.68269510191656
"Fndc3b",1.1824097027612e-06,-1.2827526404483,0.135,0.338,0.0208624367955187,"Down",1.68063496604183
"Tmem135",1.19109214960327e-06,-1.47657590958798,0.083,0.272,0.0210156298876001,"Down",1.67745758864168
"Dlg1",1.20688367143006e-06,-0.875200703974379,0.199,0.431,0.021294255498712,"Down",1.67173753936358
"Fbxo21",1.21366887860144e-06,-1.51721789408532,0.058,0.237,0.0214139736940439,"Down",1.66930273516862
"Trim33",1.22618792326446e-06,-1.18706929239299,0.09,0.286,0.0216348597180782,"Down",1.66484591645149
"Phf21a",1.23195158235975e-06,-0.822973174903738,0.237,0.483,0.0217365537191554,"Down",1.66280931118794
"Akap17b",1.25531603883041e-06,-1.50109822872205,0.077,0.264,0.0221487961891237,"Down",1.6546498731713
"Mgat5",1.28605591570404e-06,-1.11145820839449,0.128,0.336,0.0226911705766821,"Down",1.64414309944866
"Zfp740",1.31515949619088e-06,-2.16107408386005,0.045,0.211,0.0232046741507918,"Down",1.63442452573694
"Clvs1",1.32282427003605e-06,-1.31274738074614,0.128,0.33,0.023339911420516,"Down",1.63190079651919
"Syt14",1.346090755406e-06,-1.51721789408532,0.083,0.27,0.0237504252883835,"Down",1.62432860924987
"Ankfy1",1.34955715948176e-06,-1.58356038891402,0.083,0.27,0.0238115865218961,"Down",1.62321166739435
"Fnip1",1.35571304060056e-06,-1.710989637482,0.09,0.273,0.0239202008883563,"Down",1.62123517734507
"Abhd12",1.37606312669129e-06,-1.73325482038195,0.064,0.242,0.0242792578073412,"Down",1.61476459334237
"Ctsb",1.3782665263062e-06,-2.743726423894,0.026,0.18,0.0243181345901465,"Down",1.61406974223965
"Dock11",1.39223162553711e-06,-1.57671890583398,0.09,0.277,0.0245645348009769,"Down",1.60969145604704
"Urgcp",1.40856298612252e-06,-1.42934513805999,0.115,0.31,0.0248526853271457,"Down",1.60462667897274
"Hdac9",1.41112924426796e-06,-1.43874383606224,0.135,0.338,0.0248979643858639,"Down",1.6038361586121
"Lnpk",1.4393752490275e-06,-1.73961031542177,0.058,0.233,0.0253963368938413,"Down",1.59522892044767
"Gas5",1.44046373719591e-06,-1.24591587226793,0.09,0.284,0.0254155421790847,"Down",1.59490062124071
"Rad17",1.4425480241613e-06,-2.00264472125556,0.026,0.183,0.025452317338302,"Down",1.59427267063877
"Rfx7",1.44572743316667e-06,-0.950177301361428,0.192,0.417,0.0255084148307927,"Down",1.59331652891
"Hs3st4",1.45127829794245e-06,-1.97567767365529,0.115,0.301,0.0256063542888966,"Down",1.59165224991586
"Plxdc2",1.50248579475454e-06,-1.31255585136771,0.122,0.325,0.0265098593626491,"Down",1.57659257623475
"Brinp3",1.50337953621457e-06,-1.05327079432553,0.378,0.6,0.02652562853697,"Down",1.57633431649717
"Casc4",1.54826829947093e-06,-0.912890068497235,0.199,0.424,0.027317645875865,"Down",1.56355672911835
"Map4k5",1.55251049226359e-06,-1.27424114059278,0.083,0.277,0.0273924951254988,"Down",1.56236840696174
"Mccc2",1.56016896437203e-06,-2.0365920531789,0.045,0.211,0.0275276212073801,"Down",1.56023131643611
"Dock7",1.56081454241251e-06,-0.658359994898605,0.282,0.539,0.0275390117863263,"Down",1.5600516480822
"Strn3",1.56544027563364e-06,-0.767541248169562,0.218,0.459,0.0276206282232799,"Down",1.55876644774142
"Ddx6",1.56882247366972e-06,-1.45515692595307,0.09,0.277,0.0276803037254285,"Down",1.55782914884122
"Usp36",1.57674195084823e-06,1.74780780956756,0.417,0.266,0.0278200349807661,"Up",1.55564232826402
"Sgip1",1.57740049808473e-06,-0.579953649433285,0.571,0.828,0.027831654388207,"Down",1.55546097726947
"Rap1gap2",1.58200123104143e-06,-1.22277053562007,0.115,0.314,0.027912829720495,"Down",1.55419613378362
"Uty",1.58239534146485e-06,-1.41030269016881,0.109,0.299,0.0279197834048058,"Down",1.55408795519152
"Crim1",1.58329079127567e-06,-1.73370971398209,0.103,0.288,0.027935582721268,"Down",1.55384226505944
"Slf1",1.58827415595918e-06,-0.940032743955885,0.147,0.363,0.0280235092077437,"Down",1.55247748167934
"Mtmr7",1.59654708853144e-06,-1.89572951733905,0.058,0.229,0.0281694768300488,"Down",1.55022121875554
"Myt1l",1.62253596768353e-06,-0.519248429312693,0.724,0.903,0.0286280246138082,"Down",1.54320861806015
"Basp1",1.64219866504339e-06,-1.36521480064027,0.115,0.31,0.0289749532460256,"Down",1.53797725614122
"Pum1",1.66966161827717e-06,-1.10218039480648,0.128,0.334,0.0294595095928823,"Down",1.53077448705475
"Usp14",1.6972582786582e-06,-1.96082454556094,0.058,0.228,0.0299464250686452,"Down",1.52365501519881
"Scamp1",1.70454938000541e-06,-1.59738824276931,0.064,0.24,0.0300750692608155,"Down",1.52179336383665
"Ulk2",1.7153505514802e-06,-0.840123755896514,0.244,0.479,0.0302656451303166,"Down",1.51905006440629
"1700025G04Rik",1.75861537558831e-06,-1.09886003651487,0.122,0.327,0.0310290096868801,"Down",1.50823208501482
"Fbxl17",1.81540009281289e-06,-0.718218021424932,0.372,0.609,0.0320309192375907,"Down",1.4944305975808
"Mbtd1",1.84178586041776e-06,-1.10509199022638,0.186,0.391,0.032496469721211,"Down",1.48816381637109
"Zfand3",1.86839442502126e-06,-1.21862230302858,0.103,0.295,0.032965951235075,"Down",1.48193438813858
"Ephb1",1.88544185648267e-06,-0.772598727375681,0.186,0.418,0.0332667361157802,"Down",1.47798980677893
"Prnp",1.89221568235148e-06,-1.80015185735682,0.058,0.229,0.0333862534994095,"Down",1.47643231337518
"Cnot2",1.89971073847959e-06,-1.3366456484435,0.064,0.246,0.0335184962697338,"Down",1.47471547322809
"Pcsk2",1.91995791155366e-06,-0.884746467790222,0.179,0.394,0.0338757373914529,"Down",1.47011124249234
"Camk2d",1.93266062604826e-06,-1.03461711099384,0.218,0.439,0.0340998640859956,"Down",1.46724735199928
"Elmo1",1.94475469963504e-06,-1.50788002950599,0.154,0.349,0.0343132519203606,"Down",1.46453812122848
"Mdm4",1.95110203609647e-06,-0.849600346609851,0.186,0.418,0.0344252443248862,"Down",1.46312296875954
"Dennd6a",1.9667187740496e-06,-1.50817275448231,0.064,0.242,0.0347007860493312,"Down",1.45966068736992
"Exoc4",1.97256605510287e-06,-0.747630878349918,0.288,0.532,0.034803955476235,"Down",1.45837139559704
"Slc12a6",2.01350210688714e-06,-1.23237911793318,0.122,0.319,0.0355262311739167,"Down",1.44945086251314
"Traf3",2.11519856849625e-06,-0.718851755254972,0.244,0.486,0.0373205635425478,"Down",1.42805180700563
"Tgfbr3l",2.16681291996668e-06,2.21974770008088,0.115,0.026,0.0382312471598922,"Up",1.41758153442082
"Sltm",2.20824106994759e-06,0.681171166391878,0.718,0.688,0.0389622054381552,"Up",1.40935646805337
"Mecp2",2.24804869016999e-06,-1.42624423403783,0.083,0.268,0.0396645710893593,"Down",1.40159723757172
"Rps6ka2",2.24955615812821e-06,-0.965170015836901,0.141,0.345,0.0396911688540141,"Down",1.40130611148906
"Cdh11",2.25758696088341e-06,-2.10218039480648,0.064,0.231,0.0398328643378269,"Down",1.39975846282529
"Robo1",2.26456696007731e-06,-0.732748321316152,0.673,0.787,0.0399560194436041,"Down",1.39841778420446
"Lrp1b",2.28174027632832e-06,-0.869526804888818,0.929,0.91,0.040259025435537,"Down",1.3951367424402
"Ncoa5",2.34111278812557e-06,-1.18576702507945,0.064,0.244,0.0413065940336875,"Down",1.38398061362563
"Fam214a",2.34884473354091e-06,-1.51721789408532,0.071,0.248,0.0414430164785958,"Down",1.38254864147877
"Snhg14",2.35553627019913e-06,0.357782114376235,1,0.985,0.0415610819513934,"Up",1.38131315506569
"Kifc2",2.37260510433346e-06,1.10854513776127,0.545,0.431,0.0418622444608596,"Up",1.378177490502
"Sppl3",2.37513629800723e-06,-1.15611920191728,0.122,0.317,0.0419069048420395,"Down",1.37771441408054
"Abhd18",2.3874122936506e-06,-1.48245247592465,0.115,0.301,0.0421235025091712,"Down",1.37547552501826
"Elovl6",2.41557671989014e-06,-1.17256972269788,0.103,0.297,0.0426204356457416,"Down",1.37038211544831
"Gabra1",2.43050789467802e-06,-2.19528979919796,0.038,0.196,0.042883881293699,"Down",1.3677059148229
"Mpv17l",2.44576308577987e-06,-1.46207633989286,0.071,0.248,0.0431530438855001,"Down",1.36498856504605
"Elavl4",2.47423199851075e-06,-1.14638019871701,0.141,0.345,0.0436553493817237,"Down",1.35996253169222
"Kcnj3",2.53478112475888e-06,-1.34584947577334,0.103,0.294,0.0447236781652458,"Down",1.34946248640113
"Rit2",2.61872501701628e-06,-0.872783585672972,0.295,0.521,0.0462047842002352,"Down",1.33531305379041
"Ap3d1",2.65740729352014e-06,0.980867155955867,0.532,0.418,0.0468872942868693,"Up",1.32894482825894
"Fam76a",2.69227147103122e-06,-1.90678470584805,0.045,0.207,0.0475024378348749,"Down",1.32328410172111
"Lcor",2.7483805372751e-06,-1.16683335314873,0.154,0.356,0.0484924261996819,"Down",1.31432608648101
"Fut8",2.75266088072711e-06,-1.05327079432553,0.154,0.365,0.048567948579549,"Down",1.31365023993642
"Cdc42",2.75509632954944e-06,-1.92864413981179,0.051,0.215,0.0486109196385703,"Down",1.31326616271113
"Atp6v1b2",2.83155999339677e-06,-1.2912142191965,0.09,0.277,0.0499600445234926,"Down",1.3013771832623
"Kcnt1",2.86930490050123e-06,0.9385086988695,0.551,0.422,0.0506260156644438,"Not significant",1.29562625082836
"Slc44a5",2.9014901031109e-06,-1.38597336080707,0.096,0.283,0.0511938913792888,"Not significant",1.29078185735502
"Tenm3",2.91261641783003e-06,-0.817128302154148,0.301,0.532,0.051390204076193,"Not significant",1.28911965767991
"Pwwp2a",2.93156781597016e-06,-1.95017730136143,0.058,0.222,0.0517245825449774,"Not significant",1.2863030057206
"Mprip",2.95302440179704e-06,0.913291013955962,0.577,0.472,0.0521031625453069,"Not significant",1.28313591519776
"Btrc",2.98625761912899e-06,-0.963116357068927,0.154,0.365,0.0526895294319118,"Not significant",1.27827568007661
"Faim2",3.00038996284327e-06,-0.997350421586051,0.179,0.389,0.0529388805044066,"Not significant",1.27622524693908
"Crk",3.01812793729239e-06,-1.96787930309489,0.038,0.196,0.053251849325587,"Not significant",1.27366530548638
"Ube2h",3.03594985817814e-06,-1.05327079432553,0.167,0.369,0.0535662992976951,"Not significant",1.2711083564292
"Ppp2r5e",3.0385351809446e-06,-1.48479641639294,0.096,0.277,0.0536119147325865,"Not significant",1.27073868180758
"Rmdn1",3.04121420965661e-06,-1.02020309263987,0.147,0.352,0.0536591835151812,"Not significant",1.27035593989273
"Uri1",3.06170782248712e-06,-1.47414917219344,0.083,0.262,0.0540207728199628,"Not significant",1.26743920709702
"Gas2",3.06525139904303e-06,-2.54578704628209,0.026,0.172,0.0540832956847152,"Not significant",1.26693685156946
"Cog5",3.10142573929195e-06,-1.52479111379012,0.096,0.277,0.0547215557440671,"Not significant",1.26184156403905
"Npas3",3.13167918365877e-06,-1.36521480064027,0.128,0.319,0.0552553475164752,"Not significant",1.25762568534394
"Scg5",3.14540345604559e-06,-0.699992728003657,0.288,0.532,0.0554974985784684,"Not significant",1.25572659125661
"Tafa2",3.1542463917755e-06,-1.75600475367244,0.122,0.31,0.0556535233364868,"Not significant",1.25450733596257
"Pcmtd1",3.17846247341269e-06,-1.43921538208405,0.096,0.279,0.0560807918808935,"Not significant",1.25118586260427
"Dnajc6",3.22026873380379e-06,-0.643053110109955,0.295,0.541,0.056818421539234,"Not significant",1.24551083549028
"Spata7",3.29910189995188e-06,-1.1294018635415,0.122,0.319,0.058209353922751,"Not significant",1.23500722100959
"Ranbp17",3.34752482779105e-06,-1.26418488040903,0.103,0.29,0.0590637280615452,"Not significant",1.22867914413933
"Tfdp2",3.37644681122821e-06,-2.20811383955554,0.032,0.183,0.0595740275373105,"Not significant",1.22494303817373
"Dcaf17",3.37644853973965e-06,-2.2208248913051,0.032,0.183,0.0595740580351664,"Not significant",1.22494281584451
"Frmd4b",3.46687012219174e-06,-2.44321731264154,0.026,0.172,0.0611694564359511,"Not significant",1.21346537871285
"Sec61a2",3.47721681946303e-06,-0.974899730772659,0.135,0.336,0.0613520135626057,"Not significant",1.21217117923236
"Kif3c",3.47784290254671e-06,-1.15722175836444,0.103,0.294,0.0613630601725342,"Not significant",1.21209299027639
"Scmh1",3.47820667241251e-06,-0.74309930150165,0.224,0.462,0.0613694785280464,"Not significant",1.21204756701025
"Zdhhc17",3.4811574361376e-06,-1.17104225295128,0.141,0.338,0.0614215418032119,"Not significant",1.21167928609837
"Dpysl3",3.49438534657652e-06,-1.16832275159769,0.135,0.33,0.0616549350549962,"Not significant",1.21003215538011
"Magi2",3.60284811617165e-06,-0.444190462790342,0.949,0.963,0.0635686521617325,"Not significant",1.19675699676409
"Fam126b",3.63264986405509e-06,-1.16491615015444,0.096,0.277,0.064094474201388,"Not significant",1.19317941084453
"Ralyl",3.67267138802198e-06,-0.66268846085749,0.75,0.85,0.0648006139702598,"Not significant",1.18842087927396
"Pam",3.80062309616582e-06,-0.686825435950847,0.321,0.552,0.0670581939087497,"Not significant",1.1735481476866
"Ank",3.84159004993799e-06,-1.08550165365985,0.109,0.297,0.0677810148411059,"Not significant",1.16889193304079
"Tro",3.84422896280957e-06,0.66769072169375,0.705,0.644,0.067827575819812,"Not significant",1.16859370448728
"Pakap.1",3.86933431612146e-06,-0.738024064529818,0.186,0.411,0.068270534673647,"Not significant",1.16576669587536
"Gpatch8",3.93760302492138e-06,-0.613544011160346,0.308,0.561,0.0694750677717128,"Not significant",1.15817102090372
"Sh3gl3",3.97955592387858e-06,-1.86514119750563,0.058,0.22,0.0702152847209137,"Not significant",1.15356833876196
"Hivep3",3.99542660951252e-06,-0.720459215076858,0.308,0.556,0.070495307098239,"Not significant",1.15183979320968
"Rnf111",3.99828801136784e-06,-1.73961031542177,0.058,0.222,0.0705457936725741,"Not significant",1.1515288761584
"Bach2",4.05956730168588e-06,-0.881431134286483,0.147,0.352,0.0716270054709456,"Not significant",1.14492320512547
"Trps1",4.07480945657806e-06,-2.23342492808473,0.026,0.172,0.0718959380518633,"Not significant",1.14329564552106
"Ndufs4",4.08285708502002e-06,-1.89572951733905,0.051,0.211,0.0720379304080932,"Not significant",1.14243877260508
"1700012D14Rik",4.20903537103917e-06,-1.70081783242471,0.064,0.231,0.0742642200866152,"Not significant",1.12922037549425
"Aopep",4.22606101851478e-06,-0.863308039646674,0.186,0.4,0.0745646206106748,"Not significant",1.12746718751644
"Tulp3",4.25545025836008e-06,-1.53409171264972,0.096,0.272,0.0750831643585052,"Not significant",1.12445743244816
"Usp45",4.26149602594301e-06,-1.42410848969384,0.071,0.242,0.0751898358817384,"Not significant",1.12384086311603
"Ralgps1",4.32226417481371e-06,-0.724542867332828,0.333,0.576,0.0762620291004131,"Not significant",1.11769164365468
"Zfp329",4.3942580025081e-06,-2.54578704628209,0.026,0.169,0.0775322881962529,"Not significant",1.11051739858767
"Nop53",4.39667363473706e-06,2.26414181943934,0.115,0.028,0.0775749096113006,"Not significant",1.11027872177456
"Stmn3",4.40535715273142e-06,-1.12690282421771,0.128,0.323,0.0777281216027932,"Not significant",1.10942182743666
"Sec23a",4.43693075997176e-06,-3.0697589171141,0.013,0.147,0.0782852063289418,"Not significant",1.10632029945831
"Gm45159",4.43698827038117e-06,-3.0860607294432,0.013,0.147,0.0782862210426054,"Not significant",1.10631467027612
"Reep5",4.44634571636564e-06,-3.0697589171141,0.013,0.147,0.0784513238195554,"Not significant",1.10539972355344
"Ufl1",4.4502920759664e-06,-1.6733370960026,0.071,0.239,0.0785209533883511,"Not significant",1.10501443590868
"Vkorc1l1",4.45547269408929e-06,-3.0365920531789,0.013,0.147,0.0786123602145115,"Not significant",1.10450916450853
"Ints6",4.49705485831382e-06,-1.18079022950284,0.109,0.295,0.079346035920089,"Not significant",1.10047476545652
"Sobp",4.57780380966614e-06,-0.7239286931895,0.25,0.494,0.0807707704177494,"Not significant",1.09274577465759
"Pcnx",4.5873072080775e-06,-1.02183828648887,0.135,0.334,0.0809384483793193,"Not significant",1.0918451254542
"Fnip2",4.61709887117434e-06,-1.98970566554807,0.038,0.191,0.081464092483,"Not significant",1.08903377620264
"Plppr4",4.68226957569093e-06,-0.94348264878742,0.109,0.306,0.0826139643934907,"Not significant",1.08294653686307
"Dclk1",4.74134826305222e-06,-0.456637828403867,0.59,0.829,0.0836563487532933,"Not significant",1.07750109446375
"Cds2",4.74686233161609e-06,-2.1378043045372,0.045,0.198,0.0837536389790343,"Not significant",1.07699631439045
"Apba2",4.74716879901367e-06,-0.766038440699415,0.263,0.492,0.0837590462897973,"Not significant",1.07696827633204
"Mta3",4.76253893594729e-06,-1.3083524636846,0.122,0.305,0.0840302369858539,"Not significant",1.07556441163821
"Rnf180",4.80707385193264e-06,-1.3063211115867,0.128,0.312,0.0848160110434995,"Not significant",1.07152215657017
"Tox",4.80871251714706e-06,-2.12817560333942,0.038,0.193,0.0848449236525428,"Not significant",1.07137413679522
"Zkscan16",4.89552026810174e-06,-1.00264472125556,0.115,0.308,0.0863765596103871,"Not significant",1.06360409794978
"Qrich1",5.02531063749632e-06,-0.887586344030438,0.16,0.371,0.088666580887985,"Not significant",1.05224003823776
"Kdm3b",5.04807207517279e-06,-1.32699547840978,0.071,0.239,0.0890681836943487,"Not significant",1.05027740385994
"Epc1",5.11344462715441e-06,-1.45162955245775,0.096,0.272,0.0902216170015124,"Not significant",1.04468939350365
"Hmg20a",5.12805980314644e-06,-1.14389064669132,0.109,0.297,0.0904794871667157,"Not significant",1.04344986963539
"Agtpbp1",5.13954585274193e-06,-1.24695191902045,0.122,0.306,0.0906821470257785,"Not significant",1.04247820589874
"Lrrc4c",5.14554081040506e-06,-0.696789032865177,0.801,0.855,0.0907879220587868,"Not significant",1.04197192385904
"Abl2",5.2025561029288e-06,-1.35575447139121,0.077,0.251,0.0917938998800758,"Not significant",1.03718617867291
"4930570G19Rik",5.22773069114447e-06,-2.55986223149382,0.026,0.167,0.092238080314553,"Not significant",1.03508974428092
"Amn1",5.28340134723207e-06,-2.55986223149382,0.026,0.167,0.0932203333705627,"Not significant",1.03048934829534
"Fig4",5.30437597788526e-06,-1.94252372881799,0.019,0.16,0.0935904097538076,"Not significant",1.02876865130878
"D130043K22Rik",5.30890231256551e-06,-1.06036021911185,0.16,0.36,0.0936702724029058,"Not significant",1.02839821679453
"Ctdspl2",5.38955008923962e-06,-1.35516113597635,0.071,0.24,0.0950932217745439,"Not significant",1.02185043838146
"Dag1",5.43850556851647e-06,-1.13388925453382,0.077,0.255,0.0959569922509046,"Not significant",1.01792337334809
"Cpeb2",5.51698929841034e-06,-2.2827526404483,0.032,0.178,0.097341759181152,"Not significant",1.01170080935856
"4930402H24Rik",5.64767000632143e-06,-0.448107808988617,0.647,0.881,0.0996474895915353,"Not significant",1.00153363795975
"Mib1",5.75272687766723e-06,-2.10218039480648,0.045,0.196,0.101501113029561,"Not significant",0.993529195386768
"Kmt2a",5.75925467908638e-06,0.473429106927016,0.897,0.862,0.1016162895578,"Not significant",0.993036667071782
"Cdh8",5.78791708261526e-06,-1.12420670113648,0.224,0.433,0.102122009005664,"Not significant",0.990880650081148
"Zmat4",5.87356954358935e-06,-1.19188319775471,0.199,0.393,0.10363326102709,"Not significant",0.984500835689143
"Pigk",5.97250223646612e-06,-1.36521480064027,0.071,0.242,0.105378829460208,"Not significant",0.97724662984556
"Tom1l2",5.97312723852647e-06,-0.715953806424743,0.237,0.466,0.105389856996561,"Not significant",0.977201184781856
"Fktn",5.99761543795445e-06,-1.83914598897268,0.051,0.207,0.105821926787268,"Not significant",0.975424335173455
"Fer",6.01915907434143e-06,-1.0674149766458,0.122,0.308,0.10620204270768,"Not significant",0.973867129882215
"Zfp407",6.02139602945991e-06,-1.68255562603198,0.077,0.242,0.106241511543791,"Not significant",0.973705759037263
"Exoc2",6.08804310291438e-06,-2.32457281614293,0.032,0.176,0.107417432507821,"Not significant",0.968925232346028
"Mapk14",6.11655057673736e-06,-0.981886161088766,0.122,0.319,0.107920418375954,"Not significant",0.966896379699977
"Akap9",6.13260925357807e-06,0.566253817688912,0.795,0.75,0.108203757670131,"Not significant",0.965757656909062
"Gpc6",6.15626040632382e-06,-1.3985733975867,0.199,0.389,0.108621058609178,"Not significant",0.964085968935364
"Ptpro",6.21575868520031e-06,-0.891760615136106,0.224,0.437,0.109670846241674,"Not significant",0.959908805416127
"Nktr",6.2403813536432e-06,0.521554199047473,0.827,0.859,0.110105288603681,"Not significant",0.958191820390336
"Arhgap18",6.24644279008533e-06,-1.10218039480648,0.154,0.345,0.110212236588266,"Not significant",0.957770184179929
"Kcnq5",6.25596982340033e-06,-1.24404911111781,0.256,0.457,0.110380331564075,"Not significant",0.957108305720727
"Robo2",6.26585826541573e-06,-1.6103272984768,0.109,0.288,0.110554803234995,"Not significant",0.95642238403834
"Arl6ip1",6.27709884239811e-06,-1.45402406759813,0.058,0.218,0.110753131975272,"Not significant",0.955643983566784
"Mbtps2",6.30117899507604e-06,-1.88334579288322,0.038,0.189,0.111178002189122,"Not significant",0.953981134273316
"Paip2",6.31967747423018e-06,-0.722536802062828,0.122,0.319,0.111504389355317,"Not significant",0.952708036335347
"Zc3h7b",6.37591197151019e-06,-1.18805822996688,0.109,0.294,0.112496590825326,"Not significant",0.948860638514245
"Atad1",6.4857517762263e-06,-2.00264472125556,0.038,0.187,0.114434604339737,"Not significant",0.941442627629461
"Abi2",6.89867308682672e-06,-1.00949839229663,0.135,0.328,0.121720187943971,"Not significant",0.914637385734128
"Lrrc3b",6.93113771983799e-06,-2.41768222053441,0.032,0.174,0.122292993928822,"Not significant",0.912598422646526
"Eri3",6.99569614420257e-06,-0.996570206845879,0.16,0.354,0.12343206276831,"Not significant",0.908572013117575
"Pdcd4",7.02419654258822e-06,-1.63067594386861,0.045,0.198,0.123934923797427,"Not significant",0.906806295921648
"Tmtc2",7.0272993766577e-06,-1.21111476635964,0.122,0.305,0.123989670201749,"Not significant",0.906614495170427
"Sirpa",7.10066039345231e-06,-1.78025229991912,0.058,0.215,0.125284051982073,"Not significant",0.902104208949947
"Aff2",7.17218790153772e-06,-1.05778627544802,0.231,0.431,0.126546083334731,"Not significant",0.897751291931539
"Fam171a1",7.17823645360133e-06,-1.95610213531853,0.051,0.204,0.126652803987342,"Not significant",0.897385190849748
"AW554918",7.21882658187442e-06,-0.96883000826332,0.167,0.365,0.127368976210592,"Not significant",0.894936342026631
"Per1",7.26014948866026e-06,1.63478519935973,0.224,0.095,0.128098077577922,"Not significant",0.892457387847549
"Itfg1",7.26950120862108e-06,-1.17583743653179,0.135,0.323,0.12826307932491,"Not significant",0.891898337802819
"Snx14",7.33391119165595e-06,-1.43874383606224,0.083,0.251,0.129399529065578,"Not significant",0.888067304228317
"Cdkl1",7.3884224788876e-06,-0.948452620891967,0.141,0.338,0.130361326217493,"Not significant",0.884851229934347
"Elmod1",7.39711025566637e-06,-1.10782695794762,0.173,0.363,0.130514613350977,"Not significant",0.884340858882186
"Agk",7.40572745583439e-06,-2.25418348825153,0.032,0.174,0.130666655230742,"Not significant",0.883835225708587
"Insr",7.47650126429658e-06,-0.932255393364166,0.16,0.36,0.131915388307249,"Not significant",0.879704539805341
"Thoc7",7.55991524494659e-06,-1.32914554593275,0.09,0.261,0.133387144581838,"Not significant",0.87488602428903
"Plcl1",7.60776153506593e-06,-1.27123865243126,0.167,0.358,0.134231344524703,"Not significant",0.872146059691413
"Ift43",7.70760489997109e-06,-2.00264472125556,0.038,0.185,0.13599298085509,"Not significant",0.866483506736916
"Resp18",7.73974698286858e-06,-1.03353872920135,0.141,0.334,0.136560095765733,"Not significant",0.864676187334778
"Klhl24",7.75315725351342e-06,-2.76514540752891,0.019,0.152,0.136796706580991,"Not significant",0.863924358251281
"Mvb12b",7.77970717930464e-06,-1.17019881823513,0.147,0.334,0.137265153471651,"Not significant",0.862439700022892
"Mpdz",7.92894384137668e-06,-1.29682782566002,0.122,0.299,0.13989828513725,"Not significant",0.854187609024927
"Fam169a",7.98444745273468e-06,-1.82755801469747,0.045,0.194,0.140877590856051,"Not significant",0.851158083835707
"Ythdf3",8.07065708542632e-06,-2.19528979919796,0.032,0.174,0.142398673615262,"Not significant",0.846494055953765
"Pias1",8.15428271102905e-06,-1.067641976102,0.154,0.343,0.143874164153397,"Not significant",0.842017186417735
"Arhgap26",8.1621507399558e-06,-0.821636220684235,0.244,0.455,0.14401298765578,"Not significant",0.841598339759675
"Vezt",8.17983739904971e-06,-0.694700855803902,0.237,0.457,0.144325051068833,"Not significant",0.840658280155966
"Zfp148",8.19650053215885e-06,-0.997063688992264,0.167,0.361,0.144619055389411,"Not significant",0.839774479481067
"Tmem132b",8.22442750649026e-06,-0.93061503498291,0.16,0.367,0.145111798924514,"Not significant",0.838297273989
"Serinc1",8.23860720194649e-06,-1.89572951733905,0.045,0.194,0.145361985471144,"Not significant",0.837549153715481
"Gga2",8.25279679113818e-06,-1.34213118752723,0.045,0.202,0.145612346582842,"Not significant",0.836801799298627
"Ptpa",8.38177375264563e-06,-1.7498786508756,0.071,0.229,0.147888016091679,"Not significant",0.830067017051933
"Fbh1",8.49098219655552e-06,-1.70835938143733,0.064,0.222,0.149814889876026,"Not significant",0.824445020617653
"Epn2",8.5588362096513e-06,-1.15876392317285,0.115,0.299,0.151012106083088,"Not significant",0.820988235525802
"Rapgef4",8.60964871195516e-06,-0.721984644739935,0.301,0.53,0.151908641873737,"Not significant",0.818417519018581
"Taz",8.79529839580288e-06,-1.20248530060216,0.115,0.294,0.155184244895546,"Not significant",0.809152372654183
"Ccny",8.90376863276206e-06,-1.21862230302858,0.115,0.295,0.157098093756454,"Not significant",0.80382908469953
"Ptchd4",8.98537393713287e-06,-1.72454286733283,0.109,0.279,0.158537937746772,"Not significant",0.799866795385852
"Bbs9",9.03723992195262e-06,-0.825766959171485,0.212,0.422,0.159453061182932,"Not significant",0.797367138747181
"Cblb",9.04143834015058e-06,-2.21024014066393,0.026,0.163,0.159527138073617,"Not significant",0.79716542600442
"Map2k5",9.06311900728788e-06,-1.35717748157485,0.103,0.273,0.159909671764587,"Not significant",0.796125268167696
"Tspyl2",9.1229488358723e-06,0.846665517243419,0.526,0.387,0.160965309260131,"Not significant",0.79326771167169
"Tmem130",9.14542988303234e-06,-0.78439203028004,0.231,0.442,0.161361964856223,"Not significant",0.792198826489516
"Btbd11",9.16892683321215e-06,-0.815441728381416,0.205,0.415,0.161776545045195,"Not significant",0.791084443761058
"Micu2",9.22653325349115e-06,-1.32831521782874,0.115,0.292,0.162792952724598,"Not significant",0.788364399563924
"Mbnl2",9.25097928048422e-06,-0.471857360685446,0.269,0.499,0.163224278424864,"Not significant",0.787215242630331
"Trmt1l",9.42156911700305e-06,-1.46207633989286,0.077,0.242,0.166234165500402,"Not significant",0.779279712420722
"Rictor",9.43842133212135e-06,-0.832091231438734,0.167,0.369,0.166531505983949,"Not significant",0.778503590502602
"Rims3",9.55647587684423e-06,-1.71885175525497,0.083,0.244,0.16861446037104,"Not significant",0.773105183032438
"Nf1",9.68323828780424e-06,-0.522601090782225,0.353,0.611,0.170851056350018,"Not significant",0.76738233167022
"Morf4l1",9.72738093854135e-06,-1.21024014066393,0.122,0.301,0.171629909279624,"Not significant",0.765407027074591
"Sestd1",9.80612950083187e-06,-1.50817275448231,0.09,0.255,0.173019348912677,"Not significant",0.761905326604589
"G3bp2",9.81427356269603e-06,-0.978191677531025,0.147,0.345,0.173163042740209,"Not significant",0.761544791571791
"Wac",9.81971696371059e-06,-1.31368450000019,0.096,0.268,0.17325908610771,"Not significant",0.761303980710565
"Slit2",9.82588484089604e-06,-1.44321731264154,0.115,0.286,0.17336791213277,"Not significant",0.761031280984555
"N4bp2l2",9.85128875117716e-06,-0.885121417773071,0.192,0.393,0.17381613872577,"Not significant",0.759909902029195
"E130307A14Rik",9.88419351292194e-06,-0.649007766640863,0.244,0.477,0.174396710341995,"Not significant",0.75846171145502
"Pcdh10",9.89790872114841e-06,-2.15611920191728,0.032,0.172,0.174638701475942,"Not significant",0.75785950647854
"Lpp",9.95597325342348e-06,-1.4565551121787,0.071,0.235,0.175663192083404,"Not significant",0.755319229681281
"Cpe",1.00205348660171e-05,-0.667594499149654,0.237,0.468,0.176802317176005,"Not significant",0.752512047410286
"Pbx3",1.0176471613201e-05,-2.07180674576296,0.071,0.228,0.179553665143318,"Not significant",0.74580572540133
"Csmd3",1.02384343021227e-05,-0.516522451776898,0.897,0.93,0.180646934826654,"Not significant",0.743169403036806
"Helz",1.02421274152807e-05,-0.736663031371433,0.218,0.435,0.180712096115213,"Not significant",0.743012776601939
"Pacs1",1.02719339747149e-05,-0.771319175149108,0.244,0.459,0.18123800304987,"Not significant",0.741750731690381
"Cab39l",1.03108628091776e-05,-2.35179428487795,0.026,0.161,0.18192486340513,"Not significant",0.740107942488252
"Khdrbs3",1.03677954851716e-05,-1.58301995248107,0.077,0.239,0.182929383540367,"Not significant",0.737716529162779
"Atp6v1h",1.03858397643662e-05,-2.2827526404483,0.032,0.171,0.183247756802478,"Not significant",0.736961332999351
"Lrrc1",1.04548645277198e-05,-2.2827526404483,0.032,0.171,0.184465629727089,"Not significant",0.734084541214346
"Ahcyl2",1.05122490096405e-05,-1.0490003569473,0.147,0.341,0.185478121526097,"Not significant",0.731707311174883
"Chd4",1.06776620415039e-05,0.666736667261049,0.692,0.617,0.188396669060294,"Not significant",0.724926780001327
"Pid1",1.08119085252665e-05,-1.32622066902441,0.109,0.283,0.190765314019803,"Not significant",0.719500588223217
"Cntnap5a",1.08915703681161e-05,-0.843920494293032,0.462,0.648,0.19217086757504,"Not significant",0.716312449187554
"D630045J12Rik",1.09831597460068e-05,-1.094762923244,0.122,0.301,0.193786870558544,"Not significant",0.712675650593471
"Arhgap44",1.10307881743831e-05,-0.819780664105753,0.179,0.382,0.194627226548816,"Not significant",0.710796406036755
"Ppp1r14c",1.11491857250523e-05,-2.42795055598823,0.026,0.16,0.196716232932823,"Not significant",0.706159800821558
"Zfr",1.12322454210816e-05,-0.601282158873796,0.25,0.484,0.198181738209564,"Not significant",0.702936366804388
"Insyn2b",1.13267749707255e-05,-2.00264472125556,0.032,0.172,0.19984961758348,"Not significant",0.699296678434866
"5031425E22Rik",1.13491202370251e-05,-1.2348181633846,0.135,0.314,0.20024387746207,"Not significant",0.698440753771003
"Zmat1",1.15257750064969e-05,-0.80560787419601,0.173,0.383,0.203360774214631,"Not significant",0.691732813384765
"Ankrd44",1.17585737759533e-05,-1.5087063942298,0.09,0.253,0.20746827570292,"Not significant",0.683048302520535
"Vwc2",1.17884800114788e-05,-2.29332188215849,0.032,0.171,0.207995941322531,"Not significant",0.681945139452748
"Kcnk10",1.1843406476482e-05,-1.43814632309412,0.064,0.222,0.208965063871048,"Not significant",0.679926315976392
"C130073E24Rik",1.19301646885119e-05,-0.884056305106834,0.346,0.545,0.210495825764105,"Not significant",0.67675651201639
"Cacna1e",1.19998087845671e-05,-0.536229862611125,0.545,0.754,0.211724626194902,"Not significant",0.674228625218423
"Gtdc1",1.20450486204916e-05,-1.79354912253257,0.032,0.171,0.212522837859954,"Not significant",0.672594393502514
"Cask",1.21378410209979e-05,-0.912163975424697,0.218,0.418,0.214160066974487,"Not significant",0.669261506003765
"Ar",1.21495639001892e-05,-2.79222494158519,0.026,0.158,0.214366905454938,"Not significant",0.668842261365922
"Cnksr2",1.21757673322937e-05,-1.46614370949105,0.115,0.286,0.21482923881099,"Not significant",0.667906610355634
"Asph",1.2259017463681e-05,-1.46475047419119,0.058,0.213,0.216298104129188,"Not significant",0.66494728717136
"Gabra2",1.23208260915081e-05,-0.638698155705096,0.321,0.56,0.217388655558569,"Not significant",0.662763123344779
"Tmcc3",1.23397848729714e-05,-1.18970156093568,0.327,0.505,0.217723164298708,"Not significant",0.662095362452145
"Chic2",1.24954446170017e-05,-4.23968391855641,0,0.112,0.220469624822379,"Not significant",0.656651236947769
"Ino80d",1.26259721785264e-05,-1.56093927151464,0.071,0.228,0.22277265311792,"Not significant",0.652138122874082
"Mapre2",1.28007294010273e-05,-1.47414917219344,0.09,0.253,0.225856069551725,"Not significant",0.646168233916389
"Znrf3",1.2817456053973e-05,-2.21024014066393,0.026,0.16,0.226151194616299,"Not significant",0.645601113803995
"Plcb4",1.29185350151302e-05,-0.694522425893232,0.25,0.47,0.227934631806957,"Not significant",0.6421896842097
"Hacd3",1.29643162013407e-05,-0.926231605736396,0.154,0.347,0.228742395056455,"Not significant",0.640653335905971
"Pkia",1.30349213223394e-05,-0.990819285858774,0.154,0.345,0.229988151811356,"Not significant",0.638294536745398
"Kif13a",1.31082421929911e-05,-1.37461349864252,0.083,0.246,0.231281825253135,"Not significant",0.635858493915069
"Dennd4a",1.31817517434906e-05,-0.860625716383136,0.128,0.317,0.232578827762147,"Not significant",0.633429822731292
"Stmn2",1.33557261909667e-05,-0.983785694004248,0.154,0.338,0.235648432913416,"Not significant",0.627735443998209
"Golga5",1.33659595136201e-05,-2.41252051541863,0.026,0.158,0.235828989658314,"Not significant",0.627402809610819
"Ssh1",1.33787118124781e-05,-1.49785256921839,0.077,0.237,0.236053991219363,"Not significant",0.626988652085549
"2610037D02Rik",1.34395654747805e-05,-1.17256972269788,0.128,0.303,0.237127693237028,"Not significant",0.625017723467173
"Txndc11",1.34459584723325e-05,-1.00264472125556,0.09,0.262,0.237240491285835,"Not significant",0.624811185285701
"Cspg5",1.35407578330271e-05,-1.07981258177802,0.122,0.301,0.23891313120593,"Not significant",0.621759979787362
"Mpped2",1.37047715022631e-05,-1.72778488002498,0.058,0.209,0.24180698838593,"Not significant",0.616531151888856
"Plcxd3",1.3747388523026e-05,-0.809546606713154,0.224,0.424,0.242558923100272,"Not significant",0.615182744200447
"Pank1",1.37528616533231e-05,-2.65472141783526,0.019,0.147,0.242655491011233,"Not significant",0.615009876659032
"Srsf11",1.37605790643297e-05,0.644387198471027,0.699,0.642,0.242791657011032,"Not significant",0.614766240893007
"Cdh12",1.38748115933934e-05,-1.2212850077309,0.186,0.371,0.244807175753833,"Not significant",0.611175856360549
"Serpinb6a",1.39477423465987e-05,-1.50817275448231,0.077,0.235,0.246093965963388,"Not significant",0.608899034736575
"Zfp398",1.39751899149934e-05,-1.29765151682764,0.071,0.229,0.246578250860143,"Not significant",0.60804523247662
"Nsf",1.40194236083196e-05,-0.708241055003728,0.333,0.576,0.247358710145191,"Not significant",0.606672792389382
"Cdc23",1.43013724319233e-05,-1.70625171847534,0.045,0.189,0.252333415188855,"Not significant",0.598025234336911
"Maml2",1.43087830804559e-05,-1.82256310477708,0.071,0.224,0.252464168671564,"Not significant",0.597800251020368
"Cyld",1.43864280329348e-05,-1.26418488040903,0.115,0.286,0.253834136213101,"Not significant",0.595449973367885
"Slc22a23",1.44090905755677e-05,-1.24453331821781,0.077,0.24,0.254233994115317,"Not significant",0.594766379550577
"Cnnm2",1.45083486133229e-05,-1.43736458639611,0.051,0.198,0.25598530293347,"Not significant",0.591784968430816
"Xrn1",1.46297401081618e-05,-0.577061751615276,0.308,0.543,0.258127134468406,"Not significant",0.588166339778146
"Atrnl1",1.46587097761301e-05,-1.03963892873777,0.205,0.394,0.258638275290039,"Not significant",0.587307204447058
"Atxn2",1.47659050116013e-05,-0.60778510391435,0.25,0.486,0.260529628024693,"Not significant",0.584142880594946
"Gm28905",1.48182396813796e-05,-0.896747291660549,0.308,0.519,0.261453020938261,"Not significant",0.582606335784078
"Gramd4",1.48567819714037e-05,-1.49485008105687,0.058,0.211,0.262133061103447,"Not significant",0.581478200917959
"Snapc3",1.48897088154386e-05,-1.32914554593275,0.077,0.239,0.262714022339599,"Not significant",0.580516746162592
"Nbas",1.49302635563122e-05,-0.963474123974886,0.141,0.33,0.263429570187572,"Not significant",0.579335476722403
"Gm1976",1.49882111036287e-05,-1.44720817283758,0.096,0.259,0.264451996712425,"Not significant",0.577653149545301
"Tbc1d30",1.50091701759721e-05,-2.25418348825153,0.032,0.167,0.264821798584851,"Not significant",0.57704626917392
"Glud1",1.51431318617649e-05,-1.39692366036761,0.077,0.237,0.26718541856898,"Not significant",0.573187246824584
"Dcx",1.52083259576981e-05,-2.21024014066393,0.032,0.167,0.268335703197625,"Not significant",0.571321538770031
"Ctps2",1.52143577998852e-05,-1.52827308259432,0.064,0.217,0.268442129021175,"Not significant",0.571149325441793
"Zc3h13",1.53187331557835e-05,0.895645233959185,0.577,0.481,0.270283727800644,"Not significant",0.568180099839985
"Cdh10",1.54841606637214e-05,-1.25114303393148,0.179,0.354,0.2732025307507,"Not significant",0.563515281981818
"Hs6st3",1.55874238261557e-05,-1.12977020807867,0.417,0.596,0.275024505988691,"Not significant",0.560628606746155
"Glrb",1.56052662621329e-05,-1.58760722197672,0.064,0.217,0.275339317929073,"Not significant",0.560131767755237
"Ablim3",1.58207585817012e-05,-0.634574844723481,0.218,0.435,0.279141464415535,"Not significant",0.554175647462156
"Hap1",1.58954842036363e-05,0.703381245428075,0.667,0.602,0.280459923288958,"Not significant",0.55212918908861
"Erbb4",1.58985018072773e-05,-1.16264060545414,0.365,0.549,0.2805131658876,"Not significant",0.552046750314601
"Ppt1",1.59925858840864e-05,-1.23760060405592,0.096,0.266,0.282173185338821,"Not significant",0.549484259230485
"Lrig2",1.60038430685483e-05,-1.61379115378037,0.064,0.217,0.282371807101466,"Not significant",0.549178666796873
"Stat5b",1.60310026157636e-05,-0.923987777380565,0.154,0.339,0.282851010152533,"Not significant",0.5484422659146
"Tbc1d5",1.63419528181568e-05,-1.10218039480648,0.147,0.328,0.288337415523559,"Not significant",0.540098998606967
"Rcn2",1.63762124864394e-05,-1.60337453783504,0.064,0.217,0.288941893110736,"Not significant",0.539189486096936
"Fam49b",1.63896793804342e-05,-0.762104953208857,0.16,0.352,0.289179502988381,"Not significant",0.53883249303211
"Rabgap1",1.64112645265355e-05,-0.670069382168693,0.263,0.483,0.289560351306193,"Not significant",0.538260905139844
"Napb",1.64248300429575e-05,-1.59288216401739,0.064,0.217,0.289799701277943,"Not significant",0.537902066530158
"Fbxl20",1.64755659360718e-05,-0.667041689471125,0.192,0.4,0.29069488537605,"Not significant",0.53656260934584
"Fnbp1l",1.65429175406033e-05,-0.649321430092667,0.314,0.525,0.291883237086404,"Not significant",0.534790845916125
"Gls",1.6680025662728e-05,-0.686726473229783,0.301,0.532,0.294302372793172,"Not significant",0.531206236416097
"Sema4d",1.69293895614258e-05,-1.24492056692256,0.135,0.305,0.298702149421796,"Not significant",0.524761652258052
"Nedd4l",1.70737244117641e-05,-0.671438812780191,0.282,0.519,0.301248793521166,"Not significant",0.521074683730434
"Kdm4c",1.71652456113719e-05,-0.888312045776569,0.135,0.316,0.302863593567046,"Not significant",0.518752928922693
"Fat3",1.72784412745733e-05,-0.836208705893131,0.365,0.578,0.304860817848571,"Not significant",0.515898389624892
"Enah",1.73148354129224e-05,-0.784698204950308,0.231,0.433,0.305502956025603,"Not significant",0.514984583197542
"Lcorl",1.75247386706143e-05,-1.09284253022714,0.115,0.292,0.309206489104318,"Not significant",0.509751400417923
"Cacng4",1.7816034610498e-05,-0.780252299919116,0.154,0.345,0.314346114667627,"Not significant",0.502591903180306
"Dym",1.78472283980213e-05,-1.0697589171141,0.128,0.303,0.314896497854688,"Not significant",0.501832169375655
"Ptbp2",1.78617242820977e-05,-1.18186928343564,0.141,0.317,0.315152263233331,"Not significant",0.501479569686335
"Ppp1r9a",1.79258224778782e-05,-0.419662584662648,0.41,0.697,0.316283211799684,"Not significant",0.499923859669031
"Chchd6",1.80140229570414e-05,-1.29482547274887,0.103,0.27,0.317839421054039,"Not significant",0.497792239021361
"Vps50",1.82329815096213e-05,-1.70625171847534,0.038,0.178,0.321702725755759,"Not significant",0.492545259347735
"Ikzf4",1.83934964454337e-05,-2.01546876161315,0.038,0.176,0.324534851283232,"Not significant",0.488738658163257
"Armc8",1.84671477516099e-05,-1.35575447139121,0.083,0.244,0.325834354929405,"Not significant",0.48700312699598
"Prr16",1.8638343367561e-05,-1.31630520015933,0.16,0.332,0.328854930377246,"Not significant",0.482995642569876
"Mark3",1.87348788813373e-05,-0.803189111196275,0.231,0.429,0.330558202982315,"Not significant",0.480752061114569
"Cpd",1.88156711679739e-05,-1.93675678559911,0.038,0.176,0.331983702087732,"Not significant",0.478883236377597
"Fndc3a",1.9034463774969e-05,-0.684674639936884,0.25,0.462,0.335844078845553,"Not significant",0.473862304198314
"Slc23a2",1.92043947945335e-05,-1.08458633479174,0.09,0.261,0.338842341754749,"Not significant",0.47000232549168
"Bicdl1",1.92573393613722e-05,-0.876011282724547,0.141,0.334,0.339776495692051,"Not significant",0.468806667092344
"Csde1",1.93711940893547e-05,-1.13673761684285,0.096,0.264,0.341785348512575,"Not significant",0.466246558340041
"Dipk1a",1.95904378685976e-05,-2.60468073533566,0.019,0.143,0.345653685753537,"Not significant",0.461358807814129
"Kdm5b",1.97779361922248e-05,-0.942523728817993,0.154,0.339,0.348961906175615,"Not significant",0.457221979461128
"Sfta3-ps",2.02796138478571e-05,-2.4090690902297,0.045,0.182,0.35781350673159,"Not significant",0.446343269726489
"Usp47",2.0358619275201e-05,-0.898896796417735,0.154,0.341,0.359207478491647,"Not significant",0.444654630151042
"Smg6",2.07332575964165e-05,-0.6384604374609,0.282,0.516,0.365817597031172,"Not significant",0.436735407362272
"Taok1",2.08028316588365e-05,-0.741258168303252,0.199,0.411,0.367045161788512,"Not significant",0.435280496214243
"Tspan3",2.09292647053894e-05,-2.01729149721996,0.032,0.165,0.36927594646189,"Not significant",0.432648980080094
"Grm8",2.10562430267985e-05,-1.56452360886368,0.147,0.316,0.371516351964833,"Not significant",0.430022066393828
"Ube3c",2.12579721821396e-05,-0.796462527100375,0.25,0.457,0.375075661181671,"Not significant",0.425881116487619
"Zc3h14",2.12663758832268e-05,-1.66659551812355,0.058,0.204,0.375223936083655,"Not significant",0.425709465129123
"Nr2c2",2.15055632058917e-05,-1.70625171847534,0.051,0.194,0.379444157204753,"Not significant",0.420852130183104
"Chm",2.15337946293856e-05,-1.43736458639611,0.058,0.207,0.379942272440879,"Not significant",0.420282384080244
"Akap10",2.16218091490177e-05,-1.32182220512689,0.064,0.218,0.381495200625269,"Not significant",0.418510921287274
"Rnasek",2.16592040879254e-05,-1.94252372881799,0.019,0.145,0.382154996927355,"Not significant",0.417760457356545
"Nos1ap",2.1709036562912e-05,-1.01546876161315,0.135,0.316,0.383034241116019,"Not significant",0.416762400801504
"Lims1",2.17819920761961e-05,-1.3366456484435,0.077,0.233,0.384321468192405,"Not significant",0.415305355173728
"Ubr1",2.18637054602234e-05,-0.690549496970884,0.186,0.387,0.385763219140182,"Not significant",0.413679182824709
"Actr10",2.18686711171862e-05,-2.51721789408532,0.013,0.132,0.385850833191633,"Not significant",0.413580557614007
"Stxbp4",2.18763376868144e-05,-1.63440143345566,0.064,0.213,0.385986102146153,"Not significant",0.41342833229689
"Celf6",2.18815404862538e-05,-1.241983034646,0.077,0.237,0.386077900339462,"Not significant",0.413325057312271
"Cenpv",2.19900709562024e-05,-1.51721789408532,0.058,0.206,0.387992811951236,"Not significant",0.411176320175975
"St3gal3",2.2019709026151e-05,-0.925200635830215,0.173,0.367,0.388515746057408,"Not significant",0.410591375094043
"Mapk8",2.21373556149203e-05,-1.81978066410575,0.051,0.193,0.390591502469654,"Not significant",0.408277209257796
"Rgl1",2.21996107538004e-05,-1.00264472125556,0.135,0.312,0.391689932140055,"Not significant",0.407057591260947
"Aplp1",2.26036148403592e-05,-1.1049257715453,0.167,0.345,0.398818180243298,"Not significant",0.399225052468256
"Tcte2",2.26071012020175e-05,-1.54245518558434,0.09,0.246,0.398879693608397,"Not significant",0.399158072434951
"Galnt13",2.26230182085173e-05,-0.609000682253773,0.494,0.719,0.39916053327108,"Not significant",0.398852405836377
"Rpl30",2.2824140395125e-05,-2.39692366036761,0.026,0.152,0.402709133131585,"Not significant",0.395008520818018
"Heatr5a",2.28330422711597e-05,-2.93225539336417,0.013,0.13,0.402866197832342,"Not significant",0.394839170215827
"Celsr3",2.28806628303165e-05,0.811051727675867,0.487,0.328,0.403706414978104,"Not significant",0.393934349506066
"Sec24b",2.29930390954175e-05,-0.722269115812707,0.231,0.442,0.405689181799547,"Not significant",0.39180657313719
"Ppm1h",2.30099411958861e-05,-0.928644139811787,0.186,0.372,0.405987402460214,"Not significant",0.391487442104814
"Ttc21b",2.30798038249452e-05,-1.22208985854168,0.096,0.261,0.407220058687332,"Not significant",0.390170837835668
"Mfhas1",2.3229738489326e-05,-1.42795055598823,0.071,0.224,0.409865505905667,"Not significant",0.387358630171396
"Zdhhc20",2.37774778793395e-05,-0.906260184831221,0.192,0.382,0.419529819703067,"Not significant",0.377237164579671
"Lmtk3",2.41339050218484e-05,0.866439190553747,0.571,0.461,0.425818620205493,"Not significant",0.370775351644318
"Psma3",2.43010507773766e-05,-1.21862230302858,0.115,0.281,0.428767739916033,"Not significant",0.367777897996963
"Clpp",2.43686356743613e-05,-1.63269511150526,0.064,0.211,0.429960207838431,"Not significant",0.366571735852639
"Arih1",2.45138271237462e-05,-0.575893801412929,0.192,0.398,0.432521965771378,"Not significant",0.363991831849896
"Pcbp3",2.46249821794323e-05,-1.31423087192147,0.077,0.233,0.434483185573903,"Not significant",0.362027026013404
"Zfp950",2.46441863174649e-05,-0.833245387533,0.231,0.424,0.434822023385351,"Not significant",0.361688467362868
"Arhgap5",2.49472987765838e-05,-1.08730711832495,0.115,0.286,0.440170139614045,"Not significant",0.356379422574829
"Lrrc49",2.5031378521354e-05,-0.826422481352042,0.192,0.385,0.441653642630769,"Not significant",0.354918183277751
"Tspan5",2.51884952723212e-05,-1.07499556548025,0.109,0.279,0.444425810584834,"Not significant",0.352200726803487
"Arfgef3",2.52710277556638e-05,-0.697790139727143,0.237,0.439,0.445882013720933,"Not significant",0.350780046150721
"Hnrnpr",2.53099059780355e-05,-0.836835828285483,0.231,0.422,0.446567981076459,"Not significant",0.350112419061974
"Slc35f4",2.56094933119777e-05,-0.953317008891995,0.205,0.393,0.451853899996534,"Not significant",0.3450019649277
"Stk39",2.57659488660649e-05,-1.28678815368346,0.115,0.279,0.45461440179285,"Not significant",0.342356810317839
"4930598N05Rik",2.58500095145589e-05,-2.45832420503175,0.019,0.141,0.456097567874876,"Not significant",0.340942243613779
"1500004A13Rik",2.59034963095418e-05,-0.502571118120921,0.295,0.517,0.457041288885555,"Not significant",0.340044564207671
"Spats2",2.59115155408354e-05,-2.58760722197672,0.013,0.13,0.457182780202501,"Not significant",0.339910135678046
"Srsf10",2.59445352966049e-05,-1.01588054841226,0.16,0.339,0.457765380773297,"Not significant",0.339357054622662
"Fnbp1",2.63600473630846e-05,-0.637233991106416,0.314,0.539,0.465096675674265,"Not significant",0.332456764641316
"Kif1a",2.72479467041208e-05,0.630269718237235,0.692,0.688,0.480762771647507,"Not significant",0.318069169736675
"Lrrc8d",2.73506232761846e-05,-2.11585533170355,0.038,0.171,0.482574397085001,"Not significant",0.316435723247091
"Rnf20",2.77130150035055e-05,1.05567177433526,0.429,0.292,0.488968436721851,"Not significant",0.310719174005101
"Tmem59",2.77205640750752e-05,-2.68714289552763,0.019,0.139,0.489101632540626,"Not significant",0.310600887572907
"Maml3",2.77353910386073e-05,-1.03179106691508,0.154,0.332,0.489363239485187,"Not significant",0.310368657559534
"Kansl1",2.81197211597512e-05,-0.635862390583941,0.333,0.56,0.496144360142651,"Not significant",0.304391941067245
"Cobl",2.8168397511667e-05,-1.2208248913051,0.096,0.257,0.497003205695853,"Not significant",0.303640810036226
"Tpp1",2.82724755275335e-05,-1.39692366036761,0.071,0.222,0.498839558207801,"Not significant",0.302039114074496
"Flot2",2.83173696278642e-05,-1.39168701200146,0.096,0.253,0.499631669714035,"Not significant",0.301350041182342
"Pcdh11x",2.86902946139125e-05,-1.01219902796881,0.256,0.444,0.506211558167872,"Not significant",0.295667942956466
"Carmil1",2.87142934656489e-05,-1.0674149766458,0.122,0.294,0.506634993907909,"Not significant",0.2953048162505
"Dennd4c",2.89402686752742e-05,-1.743726423894,0.051,0.191,0.510622100506538,"Not significant",0.29190039219467
"Nop56",2.89843514987199e-05,0.817946027958734,0.603,0.503,0.511399897843414,"Not significant",0.291239363063782
"Fam117b",2.9201526833129e-05,-1.55013251655806,0.071,0.218,0.515231739443729,"Not significant",0.287997391299078
"Agap2",2.92373046707201e-05,1.23586736544416,0.41,0.272,0.515863003610186,"Not significant",0.287465617511624
"Pld5",2.92815442074973e-05,-1.15062074986423,0.122,0.29,0.516643565997082,"Not significant",0.2868089747125
"Plekhm3",2.93704464410038e-05,-1.2208248913051,0.096,0.259,0.51821215700507,"Not significant",0.285492402893443
"March6",2.96041566910099e-05,-1.22676803067113,0.077,0.233,0.522335740656179,"Not significant",0.282050256685114
"Mkln1",2.9726950705125e-05,-0.942523728817993,0.186,0.367,0.524502318241226,"Not significant",0.280252587933441
"Prickle1",2.99680422970098e-05,-0.840893651258952,0.256,0.455,0.528756138288441,"Not significant",0.276744577897138
"Ndrg3",3.00065107772235e-05,-1.52827308259432,0.071,0.218,0.529434876153332,"Not significant",0.27618745324614
"Arnt",3.01570742804391e-05,-0.977698364125333,0.103,0.268,0.532091418604068,"Not significant",0.274013745177802
"Dtna",3.01693451202284e-05,-0.72580451589674,0.256,0.462,0.53230792530131,"Not significant",0.273837067757353
"Fbxl12",3.01771219220961e-05,-1.20427858242521,0.103,0.262,0.532445139193464,"Not significant",0.27372513337835
"Otof",3.02576916775594e-05,1.28073832997003,0.359,0.209,0.533866711958858,"Not significant",0.272567157739736
"Atp9a",3.04942505958986e-05,-0.603632645902795,0.295,0.51,0.538040557514036,"Not significant",0.269184985968071
"Cx3cl1",3.06522092471013e-05,-1.76817946761854,0.058,0.198,0.540827579955855,"Not significant",0.266941169290488
"Ncoa7",3.08784070748307e-05,-0.66010126884591,0.269,0.495,0.544818614428312,"Not significant",0.263748062612533
"Orc3",3.09353557036732e-05,-1.47822376246946,0.071,0.218,0.545823416035609,"Not significant",0.262947836865255
"Gm10125",3.10651195637745e-05,-0.687142895527634,0.173,0.369,0.548112969583238,"Not significant",0.261129921423892
"Exoc6b",3.13391960551758e-05,-0.597875557430547,0.308,0.532,0.552948775197521,"Not significant",0.257315099580435
"Htr7",3.13426667885451e-05,-1.90800784711749,0.045,0.18,0.55301001281709,"Not significant",0.257267005274247
"Cdh7",3.14185867243502e-05,-1.59217995176654,0.058,0.202,0.554349544164436,"Not significant",0.256216305250797
"Plekha5",3.14652445771391e-05,-0.522100115465068,0.365,0.62,0.555172775319043,"Not significant",0.255571839056459
"Gprin3",3.15423250966631e-05,-1.61482869071174,0.038,0.172,0.556532784005523,"Not significant",0.25450924733408
"Gas6",3.1685393600944e-05,-1.58231292230721,0.064,0.209,0.559057084695056,"Not significant",0.252543844524487
"Acat1",3.19726179914849e-05,-0.916573771131896,0.167,0.349,0.564124871841759,"Not significant",0.248624752135078
"N4bp1",3.24632667675182e-05,-1.3304493824796,0.051,0.196,0.57278187884609,"Not significant",0.242010730298033
"Nrp2",3.2629515142743e-05,-0.807320543117287,0.167,0.356,0.575715165178558,"Not significant",0.239792330443043
"Pcdh9",3.26687432639192e-05,-0.823763878750627,0.846,0.877,0.57640730614859,"Not significant",0.239270523000472
"Sae1",3.31920110042987e-05,-1.43232899649881,0.064,0.211,0.585639842159846,"Not significant",0.232369385089061
"Camk1",3.38713506233595e-05,-1.17511191726033,0.083,0.239,0.597626110398554,"Not significant",0.223570436369542
"Cmtm4",3.444949322615e-05,-2.26137898965573,0.006,0.116,0.60782685848219,"Not significant",0.216220113349708
"Chsy3",3.44623100719513e-05,-1.37136702762187,0.115,0.279,0.608052998909508,"Not significant",0.216058565248957
"Lnx1",3.46751881612821e-05,-2.2827526404483,0.032,0.158,0.611809019917661,"Not significant",0.213384124488328
"Arhgap20",3.47662443465896e-05,-1.27827916386899,0.096,0.251,0.613415615251227,"Not significant",0.21224517271101
"Stx18",3.53211812245104e-05,-1.59383917568823,0.051,0.189,0.623206921525261,"Not significant",0.205367731902349
"Atrn",3.53946698225605e-05,-0.762104953208857,0.179,0.369,0.624503554349258,"Not significant",0.204465085504615
"Ctnnd2",3.56098839878301e-05,-0.403713689630164,0.776,0.899,0.628300793081274,"Not significant",0.201832392089562
"C2cd5",3.57261413043343e-05,-0.548544228279227,0.308,0.534,0.630352037173674,"Not significant",0.200416839273666
"Arfgef2",3.59394336633385e-05,-0.688536130827501,0.179,0.374,0.634115367555944,"Not significant",0.197831721716249
"5530601H04Rik",3.60406933756854e-05,-3.32457281614293,0.006,0.114,0.635901993920592,"Not significant",0.196609813249831
"Bcl2",3.60739050875784e-05,-3.30381425597613,0.006,0.114,0.636487981365233,"Not significant",0.196209792601118
"Rab5b",3.61651228861336e-05,-3.21765761222641,0.006,0.114,0.638097428202941,"Not significant",0.195113005760812
"Lin28b",3.62711162690876e-05,-1.1294018635415,0.147,0.316,0.639967575451782,"Not significant",0.193842029389702
"Arhgap6",3.65677880433777e-05,-1.81196115964645,0.064,0.207,0.645202052237357,"Not significant",0.190304259891349
"Rc3h2",3.68466320183777e-05,-0.665175775472423,0.199,0.4,0.650121975332256,"Not significant",0.187005153750957
"Tsc22d1",3.71780870688345e-05,-0.822072475613743,0.147,0.328,0.655970168242515,"Not significant",0.183115910719238
"Tgfbr3",3.75783520436092e-05,-2.0860607294432,0.026,0.149,0.663032443457441,"Not significant",0.178465220207883
"Pibf1",3.76032291636387e-05,-1.06318626319061,0.147,0.317,0.663471375363241,"Not significant",0.178177809483733
"Safb2",3.7655119284771e-05,0.878350963054305,0.59,0.508,0.6643869246605,"Not significant",0.177578923185832
"Arl3",3.79837964240003e-05,-0.709061252062163,0.173,0.365,0.670186104105062,"Not significant",0.17380458123524
"Crppa",3.81087098940745e-05,-1.74708543598392,0.058,0.196,0.672390077371051,"Not significant",0.17237870417783
"Lin52",3.81100291839574e-05,-1.86366830810675,0.026,0.149,0.672413354921745,"Not significant",0.172363669546632
"Esr1",3.81238557484786e-05,-2.69171562531746,0.038,0.165,0.672657310826157,"Not significant",0.172206133281849
"Cnot4",3.87071472632065e-05,-0.531573187062392,0.224,0.433,0.682948906312016,"Not significant",0.165611786123407
"Slco3a1",3.88128469868841e-05,-0.625529705120474,0.199,0.402,0.684813872236582,"Not significant",0.164427450762593
"Ddi2",3.890400265902e-05,-1.41768222053441,0.077,0.226,0.686422222915749,"Not significant",0.163408664650246
"Nln",3.90224365080435e-05,-1.38643128654997,0.077,0.224,0.68851186974792,"Not significant",0.162088568229733
"E230016M11Rik",3.94056960964405e-05,-1.84554376017083,0.045,0.178,0.695274101925596,"Not significant",0.157843947229196
"Ehbp1",3.96026326598801e-05,-0.583360250876534,0.295,0.517,0.698748850650925,"Not significant",0.155678893461687
"Fads1",3.97560087405827e-05,-2.71885175525497,0.013,0.125,0.701455018218841,"Not significant",0.154000173481944
"Phf12",4.00671506698837e-05,-1.07702691757814,0.135,0.301,0.706944806419429,"Not significant",0.150614491723856
"Pdss2",4.01971833245998e-05,-0.868343629543973,0.173,0.354,0.709239102579239,"Not significant",0.149207328392261
"Spink10",4.0304123533466e-05,-1.54401795342904,0.083,0.229,0.711125955624474,"Not significant",0.148053469610662
"Hibadh",4.0424188476069e-05,-2.49907054737506,0.019,0.136,0.713244381471762,"Not significant",0.146761640779083
"Rngtt",4.05450286250476e-05,-1.72454286733283,0.064,0.204,0.715376485060341,"Not significant",0.145465339524454
"Pde11a",4.07636378638775e-05,-2.6677775706607,0.032,0.156,0.719233626470254,"Not significant",0.143130016145399
"Gnal",4.08381480402947e-05,-0.753285252318847,0.173,0.358,0.720548284022961,"Not significant",0.142336911751954
"Slc12a2",4.08387832909964e-05,-1.97289737786151,0.038,0.167,0.720559492386341,"Not significant",0.142330156212296
"Tmem59l",4.13372353079143e-05,-1.32699547840978,0.083,0.233,0.729354179772839,"Not significant",0.13706152385316
"Ablim1",4.14341519193532e-05,-0.74093937589429,0.263,0.453,0.731064176465068,"Not significant",0.136044496829742
"Mir124-2hg",4.15175014950827e-05,-1.85825481192039,0.051,0.185,0.732534796379238,"Not significant",0.135171740917101
"Atf7",4.17383310105174e-05,-1.31867221470324,0.058,0.2,0.73643111234957,"Not significant",0.132867871938377
"9530036O11Rik",4.21884956332987e-05,-1.62352679623166,0.083,0.229,0.744373816953923,"Not significant",0.128208911404269
"Tjp1",4.22430903591847e-05,-0.500566653535158,0.391,0.635,0.745337086297455,"Not significant",0.127647268715243
"Eif2s3y",4.23950165183112e-05,-0.746463986462833,0.147,0.332,0.748017671449082,"Not significant",0.126088142079163
"Axin1",4.25094152364528e-05,-1.50514506178475,0.058,0.198,0.750036122431974,"Not significant",0.124917820081494
"Unc13a",4.26220820384962e-05,0.648082021973186,0.615,0.534,0.752024015487227,"Not significant",0.123768290223456
"Rcan2",4.29183574895838e-05,-0.942523728817993,0.147,0.323,0.757251499546216,"Not significant",0.120759857983218
"Rala",4.29537725104893e-05,-1.60622290014407,0.058,0.196,0.757876362175074,"Not significant",0.120401638173654
"Stt3b",4.30261249676822e-05,-3.30381425597613,0.006,0.112,0.759152948929784,"Not significant",0.119670716615251
"Ptprn2",4.30750400416865e-05,-0.346403064167141,0.865,0.945,0.760016006495517,"Not significant",0.119177261062005
"Eif4g1",4.31641709742178e-05,0.783336550009473,0.59,0.51,0.761588632669098,"Not significant",0.118279546774222
"Pcmt1",4.33120339996615e-05,-0.881790326381178,0.147,0.327,0.764197527890028,"Not significant",0.116794371548756
"Tnr",4.35587702665188e-05,-0.872248083999889,0.295,0.483,0.768550942582458,"Not significant",0.114327340461954
"Hdac7",4.37675235107532e-05,-0.735858180560663,0.192,0.374,0.772234184823729,"Not significant",0.11225097718529
"Memo1",4.37927305776314e-05,-1.3304493824796,0.064,0.207,0.772678938311729,"Not significant",0.112000925595865
"Commd10",4.38255790571664e-05,-1.66659551812355,0.045,0.178,0.773258516884644,"Not significant",0.111675287858073
"Timm9",4.41829961127096e-05,-1.15681565138332,0.083,0.239,0.779564783412647,"Not significant",0.108147788224263
"Fam171b",4.43299576068264e-05,-1.29215133845055,0.096,0.25,0.782157772014845,"Not significant",0.106705634914173
"Dock9",4.45523254102809e-05,-0.645186055688455,0.276,0.486,0.786081229538995,"Not significant",0.104532573912511
"Afg3l1",4.47160028981459e-05,-0.708913518198854,0.154,0.334,0.788969155134885,"Not significant",0.102939975265314
"A530058N18Rik",4.49539323207485e-05,-2.0697589171141,0.026,0.147,0.793167181867287,"Not significant",0.100635263489429
"Tmem255a",4.52218709934652e-05,-1.62155455390006,0.058,0.196,0.7978946918087,"Not significant",0.0980544241684985
"Ano6",4.57454271912131e-05,-0.923987777380565,0.147,0.321,0.807132317361765,"Not significant",0.0930552633081964
"Mipol1",4.59982433623497e-05,-1.78025229991912,0.026,0.147,0.811593005885299,"Not significant",0.0906617042686926
"Rptor",4.62759755914425e-05,-0.684674639936884,0.282,0.479,0.816493313335411,"Not significant",0.0880473675634727
"Wdr33",4.65197679620186e-05,-0.745486881758439,0.244,0.44,0.820794785921857,"Not significant",0.0857654110682216
"Ccnh",4.65690152634064e-05,-2.85825481192039,0.013,0.123,0.821663705307543,"Not significant",0.0853058963448444
"Usp46",4.68160708408358e-05,-2.81978066410575,0.013,0.123,0.826022753915707,"Not significant",0.083007989285033
"Nsg1",4.68315442072598e-05,-1.94422803503024,0.051,0.183,0.826295765992892,"Not significant",0.0828644725983114
"Cdc40",4.70374925897672e-05,-2.31630520015933,0.026,0.145,0.829929519253853,"Not significant",0.0809587879839599
"Slc1a1",4.70901419228422e-05,-1.34368163909063,0.071,0.217,0.830858464086628,"Not significant",0.0804729515485007
"Gm4258",4.71146684116703e-05,-1.83914598897268,0.032,0.158,0.831291209455511,"Not significant",0.0802468119498675
"Sppl2a",4.75307148395804e-05,-2.01729149721996,0.038,0.165,0.838631932629557,"Not significant",0.0764286049651519
"Aplp2",4.76995022301185e-05,-0.639591892981998,0.244,0.446,0.84161001734821,"Not significant",0.0748891039256501
"Ankfn1",4.79164345175116e-05,-1.37888973753735,0.128,0.29,0.845437570626974,"Not significant",0.0729184563491814
"Ppm1f",4.82910144633861e-05,-2.48069201806021,0.019,0.134,0.852046659191984,"Not significant",0.0695366220469602
"Ndst1",4.82910144633861e-05,-2.48069201806021,0.019,0.134,0.852046659191984,"Not significant",0.0695366220469602
"Ndufs1",4.87020919338722e-05,-1.1401482450055,0.09,0.244,0.859299710081241,"Not significant",0.0658553347339266
"Enox1",4.88396611892662e-05,-0.712416666345388,0.423,0.62,0.861726982023413,"Not significant",0.0646303084001152
"Galnt16",4.8896996926671e-05,-0.668705647270958,0.218,0.417,0.862738613774183,"Not significant",0.0641207637173485
"Snd1",4.96805241047308e-05,-0.995265190889966,0.141,0.31,0.876563167303869,"Not significant",0.0572167821109381
"Arid5b",4.99685755930088e-05,-1.36521480064027,0.115,0.268,0.881645547763047,"Not significant",0.0547059812972167
"Gnptab",5.07986915721504e-05,-0.815441728381416,0.096,0.259,0.896292114099021,"Not significant",0.0475504246394974
"Phactr3",5.08366697213333e-05,-0.664403971232596,0.224,0.428,0.896962200563205,"Not significant",0.0472258584416543
"Ube3a",5.09757140072299e-05,-0.830005335116216,0.154,0.33,0.899415497943564,"Not significant",0.0460396333197984
"Gm45323",5.0982107772892e-05,-2.18018290680775,0.026,0.145,0.899528309544906,"Not significant",0.0459851641853899
"2700097O09Rik",5.15377833284266e-05,-1.36521480064027,0.058,0.196,0.909332649046759,"Not significant",0.0412772155482656
"Dmd",5.16408733336169e-05,-0.734209931334334,0.583,0.752,0.911151569098337,"Not significant",0.0404093725904267
"Gm16835",5.17268924778246e-05,-3.12602713676085,0.006,0.11,0.912669290878737,"Not significant",0.0396865621862825
"Ptn",5.17939815107007e-05,-2.16491615015444,0.032,0.154,0.913853009774803,"Not significant",0.0391236534755888
"Fam149b",5.1865884803603e-05,-1.36521480064027,0.051,0.187,0.915121671474772,"Not significant",0.0385211597727366
"Rapgef2",5.18750528865611e-05,-1.0344935872949,0.154,0.323,0.915283433130484,"Not significant",0.0384443984104943
"Ptprk",5.20508195876517e-05,-1.68322784552425,0.192,0.343,0.918384660804527,"Not significant",0.0369753786303175
"Cul5",5.28985044803709e-05,-0.75660103185447,0.179,0.36,0.933341213051664,"Not significant",0.0299595568377172
"Lars",5.33497224323321e-05,-1.6807166263682,0.058,0.193,0.941302502596068,"Not significant",0.0262707866724126
"Lhfpl3",5.34001900169745e-05,-0.613433209344625,0.519,0.708,0.942192952659499,"Not significant",0.0258601484872334
"Dennd1b",5.37441674494559e-05,-1.20475012844703,0.09,0.24,0.948262090478199,"Not significant",0.0230716112726901
"Ank3",5.38625755610674e-05,-0.236935725838581,0.955,0.991,0.950351283199474,"Not significant",0.0221158345471414
"Bend6",5.41693208018542e-05,-0.611413256406053,0.301,0.505,0.955763496227916,"Not significant",0.0196495606425189
"Slc38a2",5.45542714130883e-05,-1.36521480064027,0.09,0.239,0.96255556481253,"Not significant",0.0165741908636749
"Gdpd1",5.46227026695189e-05,-1.40679390439167,0.096,0.246,0.963762965900991,"Not significant",0.0160297661587558
"Brinp2",5.51224918022314e-05,-1.23237911793318,0.128,0.286,0.97258124535857,"Not significant",0.0120741093471283
"Gad2",5.52184905065753e-05,-0.707938095103226,0.282,0.472,0.974275046498014,"Not significant",0.0113184206227155
"Abhd2",5.55236696104048e-05,-1.97664951272262,0.045,0.172,0.979659626605982,"Not significant",0.00892478957644071
"Trak1",5.565127012188e-05,-1.07260727942313,0.115,0.272,0.981911010030451,"Not significant",0.0079278702619118
"Inpp4b",5.57345346821758e-05,-1.15134645161036,0.256,0.415,0.98338012993231,"Not significant",0.00727857126238678
"Mtmr3",5.60012461299054e-05,-1.13933339322394,0.122,0.281,0.988085986716051,"Not significant",0.00520525993527967
"Npat",5.62284842642414e-05,-1.52827308259432,0.064,0.202,0.992095376358276,"Not significant",0.00344657438313121
"Prkci",5.66359726012788e-05,-2.69779013972714,0.013,0.121,0.999285100576963,"Not significant",0.000310587907331575
"Snx30",5.71268115653774e-05,-1.69005449094754,0.064,0.2,1,"Not significant",0
"Slc25a26",5.71907785813084e-05,-2.49907054737506,0.019,0.132,1,"Not significant",0
"Hdac8",5.72391454537799e-05,-0.636446359440685,0.237,0.448,1,"Not significant",0
"Crmp1",5.73487344496458e-05,-0.845543760170835,0.167,0.341,1,"Not significant",0
"Phc3",5.76686676276917e-05,-1.00264472125556,0.128,0.294,1,"Not significant",0
"Fam124a",5.77693637346712e-05,-1.41768222053441,0.051,0.187,1,"Not significant",0
"Etnk1",5.81415660437931e-05,-0.578618438749465,0.263,0.472,1,"Not significant",0
"Slc43a2",5.86069143883378e-05,-1.53768199664504,0.077,0.218,1,"Not significant",0
"Setbp1",5.87211406355955e-05,-0.743041220822043,0.276,0.479,1,"Not significant",0
"Cntnap2",5.91163287534974e-05,-0.65940329017423,0.974,0.98,1,"Not significant",0
"Tango2",5.92484097864973e-05,-0.686678184606919,0.263,0.462,1,"Not significant",0
"Ankrd13c",5.93032141571369e-05,-1.39168701200146,0.051,0.187,1,"Not significant",0
"Sdc2",5.99091415188753e-05,-1.75328525231885,0.038,0.165,1,"Not significant",0
"Isl1",6.06139273953291e-05,-1.58134823150504,0.045,0.176,1,"Not significant",0
"5730522E02Rik",6.07214339001175e-05,-1.32914554593275,0.16,0.321,1,"Not significant",0
"Nfatc3",6.11848640117508e-05,-1.78025229991912,0.051,0.182,1,"Not significant",0
"Kctd8",6.12473477191137e-05,-1.93225539336417,0.058,0.191,1,"Not significant",0
"Spin1",6.17264555726672e-05,-3.12602713676085,0.006,0.108,1,"Not significant",0
"Dock4",6.19650609189588e-05,-0.853501281949755,0.263,0.439,1,"Not significant",0
"Gria3",6.19844606475626e-05,-0.708795495071218,0.474,0.626,1,"Not significant",0
"Ankrd6",6.20295966038291e-05,-1.29609043998545,0.103,0.253,1,"Not significant",0
"Pias2",6.22003856913327e-05,-1.24591587226793,0.109,0.262,1,"Not significant",0
"Cacna2d1",6.24938969618133e-05,-1.46251200199519,0.173,0.328,1,"Not significant",0
"Alk",6.31440210972118e-05,-0.893966908639792,0.186,0.367,1,"Not significant",0
"Nr6a1",6.31665600155438e-05,-1.00264472125556,0.128,0.294,1,"Not significant",0
"Slc38a6",6.32657130337008e-05,-1.16358093947062,0.115,0.272,1,"Not significant",0
"Kcnt2",6.37113898885603e-05,-0.874769898703406,0.115,0.277,1,"Not significant",0
"Rilpl1",6.38518988622438e-05,-2.0197182346145,0.026,0.143,1,"Not significant",0
"Pcmtd2",6.38742947391069e-05,-0.966348592032574,0.103,0.259,1,"Not significant",0
"Aak1",6.39335303907813e-05,-0.461183859170994,0.423,0.662,1,"Not significant",0
"Zfp804b",6.42517839461871e-05,-1.18883477706066,0.417,0.578,1,"Not significant",0
"A730081D07Rik",6.44393622873434e-05,-2.0697589171141,0.019,0.132,1,"Not significant",0
"Zmym3",6.4634711306912e-05,0.922635925364731,0.519,0.431,1,"Not significant",0
"Kcnh7",6.47874924156389e-05,-0.693374849239149,0.41,0.611,1,"Not significant",0
"Naa40",6.53326249805928e-05,-1.07499556548025,0.122,0.283,1,"Not significant",0
"Heatr3",6.53871540013836e-05,-0.941244176591421,0.103,0.262,1,"Not significant",0
"Ptprj",6.54219117448167e-05,-1.08658353975546,0.147,0.31,1,"Not significant",0
"Pigu",6.59489170795526e-05,-1.43232899649881,0.071,0.209,1,"Not significant",0
"Scn2b",6.6198356452258e-05,-2.2996264590127,0.026,0.141,1,"Not significant",0
"Hs2st1",6.62135162303081e-05,-1.25942013661768,0.103,0.253,1,"Not significant",0
"2900060N12Rik",6.6404541885554e-05,-2.81978066410575,0.013,0.119,1,"Not significant",0
"Ppp1r13b",6.67119640144345e-05,-0.798174207916378,0.179,0.356,1,"Not significant",0
"D130040H23Rik",6.71665936735776e-05,-1.06713344770728,0.115,0.272,1,"Not significant",0
"Cyp4x1",6.72930705143303e-05,-2.24840113565752,0.026,0.141,1,"Not significant",0
"Snx24",6.73494577897225e-05,-1.40174067666539,0.058,0.194,1,"Not significant",0
"Ube2g1",6.75098444147535e-05,-1.70625171847534,0.051,0.182,1,"Not significant",0
"Vps41",6.75999394848717e-05,-0.76337848135472,0.186,0.367,1,"Not significant",0
"Gpr45",6.76798905760249e-05,-0.786251040540559,0.16,0.341,1,"Not significant",0
"Mb21d2",6.79622449289818e-05,-2.53513980208258,0.019,0.13,1,"Not significant",0
"Nell2",6.80074168202311e-05,-0.93945089476837,0.16,0.328,1,"Not significant",0
"Zfp652",6.87547429665486e-05,-1.18624465959495,0.103,0.255,1,"Not significant",0
"Slc6a15",6.89565128508185e-05,-1.58760722197672,0.045,0.172,1,"Not significant",0
"Sox11",6.9084391170068e-05,-2.42410848969384,0.019,0.13,1,"Not significant",0
"Hpcal1",6.97764919704947e-05,-2.0281798133627,0.038,0.161,1,"Not significant",0
"Efl1",6.98322539526775e-05,-1.88179032638118,0.045,0.171,1,"Not significant",0
"Gm26782",7.01230045470463e-05,-1.28926594740697,0.051,0.183,1,"Not significant",0
"Pds5a",7.06980111590775e-05,-0.986703177386542,0.128,0.292,1,"Not significant",0
"Got2",7.09840123507097e-05,-1.70986297202772,0.019,0.134,1,"Not significant",0
"Gstz1",7.15188191686232e-05,-1.09799259784304,0.122,0.279,1,"Not significant",0
"Dapk3",7.15472187523913e-05,1.6936788884133,0.135,0.046,1,"Not significant",0
"Phf6",7.21606880457721e-05,-1.70308443939666,0.032,0.152,1,"Not significant",0
"Rbms1",7.23013502285118e-05,-1.51721789408532,0.096,0.24,1,"Not significant",0
"Grik1",7.24811686542967e-05,-1.05102235453251,0.385,0.55,1,"Not significant",0
"Bmpr2",7.30647121900697e-05,-1.11089761190759,0.109,0.264,1,"Not significant",0
"Abi1",7.34636410552413e-05,-1.6807166263682,0.058,0.189,1,"Not significant",0
"Ubr3",7.40993421619565e-05,-0.459502396229035,0.372,0.609,1,"Not significant",0
"Mtmr1",7.41689665977658e-05,-1.75328525231885,0.051,0.18,1,"Not significant",0
"Atxn7l3b",7.45108758264928e-05,-2.0860607294432,0.032,0.15,1,"Not significant",0
"Vsnl1",7.49225460344811e-05,-0.809999643313168,0.301,0.488,1,"Not significant",0
"Cdc123",7.50919995717408e-05,-1.49074568272413,0.045,0.174,1,"Not significant",0
"Nlgn3",7.5549983001677e-05,-2.0197182346145,0.026,0.141,1,"Not significant",0
"Tmem67",7.57823403387002e-05,-1.62527763994277,0.038,0.163,1,"Not significant",0
"Ccl25",7.5829516761101e-05,-1.46475047419119,0.071,0.207,1,"Not significant",0
"Garem1",7.633206326527e-05,-1.78025229991912,0.051,0.18,1,"Not significant",0
"Atl1",7.63454178121215e-05,-0.823879232319374,0.179,0.352,1,"Not significant",0
"Ide",7.70560355527256e-05,-0.652334824998379,0.231,0.417,1,"Not significant",0
"Alkbh8",7.71207698359637e-05,-1.25418348825153,0.096,0.244,1,"Not significant",0
"Gnpat",7.72401093198421e-05,-1.52827308259432,0.071,0.207,1,"Not significant",0
"Pip5k1a",7.82185863201239e-05,-0.885605300065345,0.167,0.334,1,"Not significant",0
"Klhl7",7.87776763410173e-05,-0.704701266911939,0.212,0.4,1,"Not significant",0
"Zfp251",7.93285056090556e-05,-2.24840113565752,0.026,0.139,1,"Not significant",0
"Epha5",7.95788535659635e-05,-0.819287013103199,0.263,0.442,1,"Not significant",0
"Cd81",8.00262210227493e-05,-2.55284180381604,0.019,0.128,1,"Not significant",0
"Spindoc",8.03525619335912e-05,-1.27620979458153,0.051,0.185,1,"Not significant",0
"Klhdc10",8.10159136809739e-05,-0.538591544877889,0.263,0.473,1,"Not significant",0
"Ppp3cb",8.11706908454239e-05,-1.49297034783864,0.058,0.191,1,"Not significant",0
"Psmd9",8.13918900237621e-05,-2.46207633989286,0.019,0.128,1,"Not significant",0
"Rab30",8.17146836797015e-05,-1.6185012299225,0.058,0.189,1,"Not significant",0
"Wdr37",8.20827791911952e-05,-1.14124995948507,0.077,0.222,1,"Not significant",0
"Mfap3",8.27309505308773e-05,-1.36521480064027,0.058,0.191,1,"Not significant",0
"Acaca",8.2925820303224e-05,-0.398301592698615,0.314,0.528,1,"Not significant",0
"Lrrn2",8.36878497507973e-05,-0.964676871056543,0.16,0.325,1,"Not significant",0
"Hmgb1",8.39131420558176e-05,-0.951620718231097,0.154,0.319,1,"Not significant",0
"Wdr47",8.44622651854873e-05,-1.49297034783864,0.064,0.198,1,"Not significant",0
"Acbd5",8.44784058926743e-05,-1.31502904347206,0.058,0.193,1,"Not significant",0
"Asb3",8.44863929654012e-05,-0.767196147093669,0.154,0.325,1,"Not significant",0
"Ofd1",8.47622581934974e-05,-1.37749313041871,0.064,0.2,1,"Not significant",0
"Vwa5b1",8.6228608914644e-05,-1.08403304809622,0.16,0.317,1,"Not significant",0
"Mccc1",8.66866503038865e-05,-1.00264472125556,0.128,0.284,1,"Not significant",0
"Agfg1",8.68407978825943e-05,-1.79520264138509,0.045,0.169,1,"Not significant",0
"Erp29",8.72731742268495e-05,-1.56093927151464,0.077,0.213,1,"Not significant",0
"Ppp1r12b",8.78104893442323e-05,-0.588771155110356,0.218,0.426,1,"Not significant",0
"Naa60",8.79344206283867e-05,-3.0779328485598,0.006,0.105,1,"Not significant",0
"Rmnd1",8.89990752660778e-05,-1.51721789408532,0.071,0.206,1,"Not significant",0
"Lrch3",8.90041657149795e-05,-0.697790139727143,0.205,0.389,1,"Not significant",0
"Nckap5",8.91196571989027e-05,-1.31867221470324,0.141,0.29,1,"Not significant",0
"Htr4",8.91472168894753e-05,-1.41445831966012,0.077,0.215,1,"Not significant",0
"Nploc4",8.92045394199077e-05,-1.37461349864252,0.096,0.239,1,"Not significant",0
"Dnajb4",8.93331061001743e-05,-2.0197182346145,0.026,0.139,1,"Not significant",0
"Adamts16",8.9828183499233e-05,-1.87085484870002,0.045,0.169,1,"Not significant",0
"Ap3s2",8.9885522748214e-05,-2.05327079432553,0.032,0.149,1,"Not significant",0
"Tmem266",9.00569368511045e-05,-2.32457281614293,0.013,0.117,1,"Not significant",0
"Cd200",9.14619344320683e-05,-2.04614635989215,0.038,0.158,1,"Not significant",0
"Brinp1",9.21361109033156e-05,-0.780252299919116,0.186,0.36,1,"Not significant",0
"Smim14",9.25676510277586e-05,-0.652244687543044,0.205,0.387,1,"Not significant",0
"Gatad2b",9.2930871707714e-05,-0.831326484513385,0.173,0.345,1,"Not significant",0
"Cpne8",9.37738649806936e-05,-1.76007441798149,0.058,0.187,1,"Not significant",0
"Fryl",9.41905800521454e-05,-0.880654196876953,0.179,0.349,1,"Not significant",0
"Large1",9.44064619287905e-05,-0.506570649885813,0.417,0.633,1,"Not significant",0
"Nfkb1",9.53665517564406e-05,-1.15464781470061,0.141,0.295,1,"Not significant",0
"Rasgrf2",9.53901522233205e-05,-0.654721417835257,0.276,0.462,1,"Not significant",0
"Lynx1",9.55536652800054e-05,-2.69779013972714,0.013,0.116,1,"Not significant",0
"Thap3",9.55985590160633e-05,-1.2575740774523,0.083,0.224,1,"Not significant",0
"Clmp",9.60271566085581e-05,-1.01729149721997,0.122,0.277,1,"Not significant",0
"Eml6",9.60756859560186e-05,-0.380787604560733,0.571,0.818,1,"Not significant",0
"Mpv17",9.62058849833482e-05,-2.48069201806021,0.019,0.127,1,"Not significant",0
"Caskin1",9.67637255191427e-05,0.687414841943125,0.583,0.483,1,"Not significant",0
"Cnot6",9.7829749434842e-05,-2.40474316482691,0.019,0.127,1,"Not significant",0
"Fbxo8",9.79254674688817e-05,-2.58760722197672,0.006,0.105,1,"Not significant",0
"Parp8",9.80083662118039e-05,-0.756944926427047,0.218,0.394,1,"Not significant",0
"Ago4",9.91015065096219e-05,-1.78025229991912,0.051,0.176,1,"Not significant",0
"Canx",9.96374866482797e-05,-0.932255393364166,0.167,0.332,1,"Not significant",0
"Fam13a",9.96529856050752e-05,-0.980391914408436,0.128,0.283,1,"Not significant",0
"Asxl3",0.000101194443123495,-2.16491615015444,0.032,0.147,1,"Not significant",0
"Nipa1",0.000101335057465519,-1.84736649577765,0.032,0.149,1,"Not significant",0
"Immp2l",0.000101756087332041,-1.4653789625657,0.09,0.229,1,"Not significant",0
"Glra2",0.0001021493902119,-1.98536672982373,0.019,0.128,1,"Not significant",0
"Slc16a7",0.000102359977164638,-1.53027404691077,0.045,0.171,1,"Not significant",0
"Man1a2",0.000102504635515458,-1.44321731264154,0.077,0.213,1,"Not significant",0
"Ptprm",0.000103610012662503,-0.901558596141249,0.25,0.431,1,"Not significant",0
"Rundc3a",0.000104235397136966,0.98368034184736,0.385,0.242,1,"Not significant",0
"Sesn3",0.000104249160946373,-1.03805005738676,0.103,0.255,1,"Not significant",0
"Ptdss1",0.000104266944336125,-1.87711383917171,0.019,0.128,1,"Not significant",0
"Stimate",0.000104665600211361,-1.05089988986278,0.096,0.244,1,"Not significant",0
"Snhg11",0.000105624615824183,0.185789990512389,1,1,1,"Not significant",0
"Synj1",0.000105832810400193,-0.638233295046688,0.276,0.466,1,"Not significant",0
"Galnt14",0.000107487897670747,-2.22871280073541,0.038,0.156,1,"Not significant",0
"Pcnx2",0.000107693406117566,-0.680716626368201,0.199,0.38,1,"Not significant",0
"Rgs7",0.000107883302669987,-0.578921494110498,0.385,0.598,1,"Not significant",0
"Msh3",0.000108448111064173,-1.46377863512386,0.045,0.169,1,"Not significant",0
"Epha3",0.000108734171701321,-2.48807154842581,0.026,0.136,1,"Not significant",0
"Tnks",0.000110528064827979,-1.11017318556001,0.128,0.281,1,"Not significant",0
"Wasf1",0.000111308269589123,-1.81978066410575,0.019,0.127,1,"Not significant",0
"Zdhhc21",0.000112561211289267,-1.51721789408532,0.051,0.178,1,"Not significant",0
"Stx16",0.000112826737449039,-1.12420670113648,0.141,0.294,1,"Not significant",0
"Dtnb",0.00011320035277788,-0.611596717864369,0.288,0.492,1,"Not significant",0
"Bicra",0.000113225861501472,-1.2123633125569,0.115,0.262,1,"Not significant",0
"Add1",0.000113513111894517,-0.68422541214534,0.186,0.365,1,"Not significant",0
"Pip4k2a",0.000113635162859948,-2.53513980208258,0.019,0.125,1,"Not significant",0
"Bicc1",0.000113797260920468,-1.87085484870002,0.051,0.174,1,"Not significant",0
"Gm4876",0.000114743637175926,-1.63586239058394,0.077,0.209,1,"Not significant",0
"St7l",0.000114957236301752,-1.91149683319737,0.038,0.156,1,"Not significant",0
"Mef2a",0.000115054913117236,-0.843817428696582,0.173,0.338,1,"Not significant",0
"Flrt2",0.000115211986435727,-2.01546876161315,0.038,0.156,1,"Not significant",0
"Bckdhb",0.000115283873307475,-1.25418348825153,0.071,0.206,1,"Not significant",0
"Rbm27",0.000115530038083946,-1.5687481947254,0.058,0.185,1,"Not significant",0
"Sacm1l",0.000116098105030734,-1.37749313041871,0.064,0.196,1,"Not significant",0
"Atp6v1a",0.000116631551095733,-1.69354066672579,0.058,0.183,1,"Not significant",0
"Gabbr2",0.000116907912297313,-0.615951847670682,0.365,0.558,1,"Not significant",0
"Ube4a",0.000117032051811678,-0.889550942409928,0.179,0.345,1,"Not significant",0
"Zfp322a",0.000117041984150576,-2.40474316482691,0.019,0.125,1,"Not significant",0
"Sema6d",0.00011704427837821,-0.879194149612752,0.34,0.497,1,"Not significant",0
"Cep126",0.000117362729699326,-1.16653080621654,0.096,0.24,1,"Not significant",0
"Fam172a",0.000118176698677111,-0.547500461021365,0.237,0.437,1,"Not significant",0
"Map2k1",0.000118258528091123,-1.19528979919796,0.077,0.217,1,"Not significant",0
"Zfyve16",0.000118496920695939,-1.17618097625026,0.096,0.24,1,"Not significant",0
"Tomm70a",0.000119017075550032,-1.3107670166179,0.051,0.178,1,"Not significant",0
"Gm40841",0.000119582913954208,-1.04676727448787,0.096,0.244,1,"Not significant",0
"Galnt17",0.000119903896542777,-0.839145988972684,0.237,0.409,1,"Not significant",0
"Atp5c1",0.000120876500996659,-1.83087837298908,0.032,0.147,1,"Not significant",0
"Pdk1",0.000122708936360397,-1.78025229991912,0.032,0.147,1,"Not significant",0
"Nova2",0.000123686483807531,-0.703084439396656,0.205,0.38,1,"Not significant",0
"Gsdme",0.000124242963355129,-3.19528979919796,0.006,0.101,1,"Not significant",0
"Gdi2",0.000124547395670698,-1.30220500311447,0.051,0.18,1,"Not significant",0
"Srpk2",0.000124650061459102,-0.701642465222749,0.288,0.475,1,"Not significant",0
"Bcap29",0.000124946267788589,-3.05327079432553,0.006,0.101,1,"Not significant",0
"Trabd",0.00012495708404712,-2.0365920531789,0.026,0.136,1,"Not significant",0
"Tecpr2",0.000126535941033892,-1.0477326107841,0.071,0.211,1,"Not significant",0
"Gm1604a",0.000127017065357253,-0.876656783872178,0.167,0.336,1,"Not significant",0
"Gm29514",0.000127189459168612,-1.78025229991912,0.038,0.156,1,"Not significant",0
"Ptprr",0.00012745835656447,-0.87745445894448,0.218,0.393,1,"Not significant",0
"Frrs1l",0.000127724205203507,-1.49297034783864,0.058,0.185,1,"Not significant",0
"Sdf2",0.000127991015192548,-1.95017730136143,0.026,0.136,1,"Not significant",0
"Irf2",0.000128922085216435,-0.960824545560937,0.147,0.306,1,"Not significant",0
"Shank3",0.000129220915891726,-0.873361704310597,0.167,0.33,1,"Not significant",0
"Slc16a11",0.000130173892607127,-1.78025229991912,0.058,0.182,1,"Not significant",0
"Etnk2",0.000131068053084004,-2.03179106691508,0.038,0.154,1,"Not significant",0
"Eps15l1",0.000131525712709859,-0.794899075883517,0.237,0.413,1,"Not significant",0
"Reps2",0.00013185900151486,-1.14948610958483,0.096,0.239,1,"Not significant",0
"Casd1",0.000132133937546809,-1.9577904854713,0.038,0.154,1,"Not significant",0
"C78859",0.000132208050590125,-1.45581734942118,0.058,0.185,1,"Not significant",0
"Tpk1",0.000132322271132814,-2.24840113565752,0.026,0.134,1,"Not significant",0
"Gpc3",0.000132342063442786,-2.73444861030599,0.019,0.123,1,"Not significant",0
"Gpr137c",0.000133668916384879,-0.73961031542177,0.167,0.332,1,"Not significant",0
"Faf2",0.000133736507351328,-0.811961159646454,0.122,0.279,1,"Not significant",0
"Sept11",0.000134224302826502,-1.49074568272413,0.051,0.176,1,"Not significant",0
"2700069I18Rik",0.000134374277789524,-1.40244770683925,0.064,0.194,1,"Not significant",0
"Phlpp1",0.000134999451685931,-0.767541248169562,0.16,0.325,1,"Not significant",0
"Vstm2l",0.000135019392721617,-1.64154602908752,0.051,0.174,1,"Not significant",0
"Lpgat1",0.000135733204500379,-0.871994868546691,0.154,0.312,1,"Not significant",0
"Grk5",0.000136482352596983,-2.51721789408532,0.019,0.123,1,"Not significant",0
"Atf6",0.00013664204161145,-1.12602713676085,0.071,0.207,1,"Not significant",0
"Tcf4",0.000136671905094059,-0.904241017194569,0.128,0.284,1,"Not significant",0
"Xiap",0.000136779230423029,-2.1401482450055,0.026,0.134,1,"Not significant",0
"Cdh20",0.000137011646456702,-2.06318626319061,0.038,0.154,1,"Not significant",0
"Srsf1",0.000137555114696282,-1.14524911669836,0.109,0.255,1,"Not significant",0
"Sipa1l1",0.000137557711088872,-0.766831784156794,0.244,0.413,1,"Not significant",0
"Jakmip1",0.000137767621816258,-1.11467133898968,0.122,0.27,1,"Not significant",0
"Ankrd11",0.00013830149880943,0.68631549999981,0.673,0.683,1,"Not significant",0
"Sfmbt1",0.00013848765860471,-0.637808034898911,0.154,0.323,1,"Not significant",0
"T2",0.000138535664587221,-2.54106463603969,0.006,0.101,1,"Not significant",0
"Gpr107",0.000138949463415911,-1.00264472125556,0.09,0.233,1,"Not significant",0
"Pim2",0.000139000140333004,-1.53513980208258,0.026,0.138,1,"Not significant",0
"Gm9801",0.000139655827456922,-0.685859929644161,0.212,0.387,1,"Not significant",0
"Cep162",0.00014069123990708,-0.959055452707881,0.109,0.257,1,"Not significant",0
"Plppr5",0.000141418634578479,-1.84736649577765,0.032,0.145,1,"Not significant",0
"Gm9856",0.000141894176582626,-0.908985614041319,0.109,0.257,1,"Not significant",0
"Snx27",0.00014240676942984,-1.21518935663566,0.096,0.237,1,"Not significant",0
"Agps",0.000142614136582273,-1.81419963184245,0.032,0.145,1,"Not significant",0
"Mettl16",0.000142951183288698,-1.49074568272413,0.058,0.183,1,"Not significant",0
"Kantr",0.000143395143218472,-1.73961031542177,0.051,0.172,1,"Not significant",0
"Phc2",0.000145249614230457,-0.551569398876099,0.288,0.495,1,"Not significant",0
"Nek9",0.000146230234577834,-1.08111877927865,0.115,0.264,1,"Not significant",0
"Fam193b",0.000146305223747813,0.641479851933736,0.59,0.501,1,"Not significant",0
"St3gal5",0.000147209080721971,-1.79520264138509,0.038,0.154,1,"Not significant",0
"Ap4s1",0.000147695849842105,-1.11728728719669,0.096,0.237,1,"Not significant",0
"Med12l",0.000148383230577646,-0.615003785686277,0.314,0.501,1,"Not significant",0
"Clcn3",0.000148407970784882,-0.648148763911771,0.16,0.328,1,"Not significant",0
"R3hdm1",0.000148435650909788,-0.385560069952452,0.41,0.67,1,"Not significant",0
"Tmem196",0.000148861412572027,-1.36521480064027,0.077,0.209,1,"Not significant",0
"Fam120a",0.00014968964706706,-0.642176164516143,0.173,0.349,1,"Not significant",0
"2610316D01Rik",0.000150582713099945,-2.21321170719522,0.019,0.123,1,"Not significant",0
"Nxn",0.000151077588751445,-1.71885175525497,0.032,0.145,1,"Not significant",0
"Cacna2d3",0.000151598934202283,-1.2827526404483,0.16,0.31,1,"Not significant",0
"Nmnat2",0.00015256822538319,-0.113606001604252,0.288,0.495,1,"Not significant",0
"Slc44a1",0.000152939553606821,-1.23342492808473,0.058,0.187,1,"Not significant",0
"Glmn",0.000152953769595781,-0.682277140355818,0.135,0.297,1,"Not significant",0
"Adar",0.000153190203192816,-0.520960295771139,0.301,0.51,1,"Not significant",0
"Gdap1",0.000155495486653466,-1.2705779265022,0.064,0.194,1,"Not significant",0
"Kdm2b",0.000155774178904254,-1.03047892945229,0.096,0.24,1,"Not significant",0
"Xpo7",0.000155947111664685,-0.523760739952094,0.154,0.33,1,"Not significant",0
"Appbp2",0.000156436127028361,-1.37586204483978,0.083,0.217,1,"Not significant",0
"Orc2",0.000156663057232926,-1.63067594386861,0.064,0.189,1,"Not significant",0
"Hnrnph3",0.000156784181518224,-0.863668308106753,0.122,0.277,1,"Not significant",0
"Plekha1",0.00015689310235687,-0.925682739440679,0.096,0.242,1,"Not significant",0
"Spcs2",0.000157429845139656,-2.00264472125556,0.019,0.123,1,"Not significant",0
"Amfr",0.000158444846902948,-1.66922098753037,0.045,0.163,1,"Not significant",0
"Clybl",0.000159963057926823,-2.76007441798149,0.013,0.11,1,"Not significant",0
"Atg10",0.000159985352883143,-2.15876392317285,0.026,0.132,1,"Not significant",0
"Agrn",0.000160165714806046,0.832086639733345,0.481,0.369,1,"Not significant",0
"Tusc3",0.000160305107441062,-1.06677505867528,0.109,0.253,1,"Not significant",0
"Gabpb1",0.000160873382789043,-2.67641648893458,0.013,0.11,1,"Not significant",0
"Clint1",0.000162269221125759,-1.09799259784304,0.115,0.262,1,"Not significant",0
"Rab27b",0.000162643225721101,-0.884949678585809,0.115,0.268,1,"Not significant",0
"Rnf169",0.000162806910595567,-0.830375779344952,0.154,0.316,1,"Not significant",0
"Nxph1",0.000162985204478702,-1.0978019542959,0.122,0.272,1,"Not significant",0
"Tex9",0.000164935232426093,-0.981886161088767,0.083,0.224,1,"Not significant",0
"Spopl",0.000165212105675926,-2.36521480064027,0.019,0.121,1,"Not significant",0
"Uhrf2",0.000166194043689594,-1.10218039480648,0.083,0.222,1,"Not significant",0
"Tm9sf2",0.00016628701554256,-1.51721789408532,0.058,0.182,1,"Not significant",0
"Sec62",0.000167267217430786,-0.858254811920389,0.147,0.301,1,"Not significant",0
"Mindy2",0.000167341621269902,-1.86366830810675,0.032,0.143,1,"Not significant",0
"Tbck",0.000168331728014272,-1.04676727448787,0.115,0.261,1,"Not significant",0
"Usp22",0.000168685448446419,-1.34368163909063,0.083,0.217,1,"Not significant",0
"Gm4924",0.000170357028585018,-0.754020758345936,0.154,0.317,1,"Not significant",0
"Kcnc2",0.00017075455025342,-0.611894593623764,0.333,0.532,1,"Not significant",0
"Rev1",0.000171140753109841,-0.674759171071802,0.231,0.411,1,"Not significant",0
"Ddhd1",0.000171751354620932,-0.88918667147228,0.173,0.332,1,"Not significant",0
"Rgs6",0.00017223504724593,-1.87242214384698,0.096,0.228,1,"Not significant",0
"Dis3l2",0.000172392166607969,-0.633098606135462,0.212,0.4,1,"Not significant",0
"Eml1",0.000172496543792769,-1.1401482450055,0.103,0.242,1,"Not significant",0
"Micu1",0.000173230317583221,-1.28839920358944,0.077,0.209,1,"Not significant",0
"Cnnm1",0.000173438792504591,-1.02716704038963,0.128,0.277,1,"Not significant",0
"Syt9",0.000176777688380949,-1.44321731264155,0.077,0.207,1,"Not significant",0
"Caml",0.000176795886008106,-2.00264472125556,0.032,0.141,1,"Not significant",0
"Shank1",0.000177197492990882,0.85950267364242,0.513,0.407,1,"Not significant",0
"Zfp934",0.000178153733219993,-1.70625171847534,0.051,0.171,1,"Not significant",0
"Ift81",0.000178917288946464,-0.76337848135472,0.192,0.363,1,"Not significant",0
"Zfc3h1",0.000178956187433773,0.982056142361553,0.436,0.325,1,"Not significant",0
"Psmd14",0.000181748007836356,-1.30679811441495,0.071,0.2,1,"Not significant",0
"Ptpn12",0.000181854004501959,-0.796193843788137,0.135,0.288,1,"Not significant",0
"Sergef",0.000183459531500537,-0.727010278642136,0.192,0.369,1,"Not significant",0
"Ppcdc",0.000184362573388188,-1.39692366036761,0.071,0.2,1,"Not significant",0
"Zfp74",0.000186198273811703,-2.00264472125556,0.019,0.121,1,"Not significant",0
"BC052040",0.000186945743923628,-2.21321170719522,0.026,0.13,1,"Not significant",0
"Mlh3",0.000186945743923628,-2.21321170719522,0.026,0.13,1,"Not significant",0
"A330102I10Rik",0.00018780257534616,-1.22676803067113,0.083,0.217,1,"Not significant",0
"Kcnab1",0.00018792202436207,-1.28773604796256,0.122,0.27,1,"Not significant",0
"Thap2",0.000189769547065317,-1.16653080621654,0.096,0.235,1,"Not significant",0
"Pcsk5",0.000189910560924725,-2.81978066410575,0.013,0.108,1,"Not significant",0
"Chst10",0.000190112952204967,-2.1401482450055,0.026,0.13,1,"Not significant",0
"Apex2",0.000190657140637653,-0.817727005337779,0.179,0.341,1,"Not significant",0
"Hcn3",0.000191011755005594,-2.69779013972714,0.013,0.108,1,"Not significant",0
"Mest",0.000191835535834768,-1.5687481947254,0.064,0.187,1,"Not significant",0
"Prkaca",0.000191923431105683,-1.51721789408532,0.058,0.18,1,"Not significant",0
"Abcc1",0.00019213326428191,-1.15306156380866,0.051,0.174,1,"Not significant",0
"0610010F05Rik",0.000192626094780781,-0.566312443613492,0.199,0.38,1,"Not significant",0
"Rmnd5a",0.000192632709110987,-2.63269511150526,0.013,0.108,1,"Not significant",0
"Cryl1",0.000192632917251451,-2.65472141783526,0.013,0.108,1,"Not significant",0
"Spock3",0.000193230553944451,-0.722849988874194,0.442,0.602,1,"Not significant",0
"Lrrc4b",0.000193231924308001,-1.0365920531789,0.115,0.261,1,"Not significant",0
"Cadm3",0.000194214374187989,-1.16798245320222,0.103,0.242,1,"Not significant",0
"Osbp",0.00019469518076353,-1.54578704628209,0.051,0.171,1,"Not significant",0
"Ecd",0.000196347548163367,-1.13019477097607,0.077,0.211,1,"Not significant",0
"Mafg",0.000196475124213063,-0.824646419277569,0.16,0.317,1,"Not significant",0
"Elp2",0.000196508033569013,-1.15222107730607,0.077,0.209,1,"Not significant",0
"Ntng1",0.00019771674941295,-1.53632671703303,0.167,0.317,1,"Not significant",0
"Dclk2",0.000198169144811149,-0.780252299919116,0.16,0.319,1,"Not significant",0
"Pde7b",0.00019880490628624,-1.41194585098526,0.141,0.279,1,"Not significant",0
"Tm9sf3",0.000198836885367547,-1.79732581327806,0.032,0.141,1,"Not significant",0
"Lmln",0.000199524269966139,-1.7498786508756,0.045,0.16,1,"Not significant",0
"Pus10",0.000199525370501655,-1.76514540752891,0.045,0.16,1,"Not significant",0
"Ranbp10",0.000199639391912411,-1.16491615015444,0.096,0.233,1,"Not significant",0
"Ski",0.000201053598746858,-1.1771424524877,0.096,0.233,1,"Not significant",0
"Amz2",0.000201245690985898,-1.78025229991912,0.032,0.141,1,"Not significant",0
"Arhgap17",0.000202515662997341,-1.57995364943328,0.038,0.152,1,"Not significant",0
"Ppip5k2",0.000202994422663861,-0.993655938028309,0.122,0.268,1,"Not significant",0
"Fmnl2",0.000204199673446963,-0.689104411860921,0.199,0.372,1,"Not significant",0
"Chl1",0.000204903076567569,-0.680000826283615,0.269,0.455,1,"Not significant",0
"A830018L16Rik",0.000205316656093342,-0.93945089476837,0.237,0.398,1,"Not significant",0
"2210408I21Rik",0.000206725767980525,-0.738733030480849,0.205,0.374,1,"Not significant",0
"Fbxo28",0.00020688461403909,-2.0365920531789,0.032,0.139,1,"Not significant",0
"Xpo4",0.000207514594012586,-1.23091370892868,0.071,0.2,1,"Not significant",0
"Mdn1",0.000208022514854728,0.669088248940446,0.686,0.664,1,"Not significant",0
"Nrsn2",0.000209852189012518,-1.08691363815317,0.083,0.218,1,"Not significant",0
"Thsd4",0.00020988375401097,-1.0674149766458,0.115,0.259,1,"Not significant",0
"Ric8b",0.000210593560132164,-0.917755823669051,0.09,0.231,1,"Not significant",0
"Plec",0.000210735033433703,1.01981012957213,0.449,0.35,1,"Not significant",0
"Ankrd17",0.000210867512338727,-0.354835654860273,0.397,0.631,1,"Not significant",0
"Lmbrd2",0.000212827936873903,-1.70308443939666,0.038,0.15,1,"Not significant",0
"Rsbn1",0.000213073398669703,-0.969286124309133,0.122,0.27,1,"Not significant",0
"Zfhx4",0.000213541452587453,-0.852402085674951,0.263,0.435,1,"Not significant",0
"Strbp",0.000213598032410167,-0.527048903445016,0.429,0.631,1,"Not significant",0
"Vapa",0.000214046616208865,-1.93225539336417,0.032,0.139,1,"Not significant",0
"Tbc1d19",0.000214167486327718,-0.895729517339052,0.128,0.279,1,"Not significant",0
"Far2",0.000214714108793148,-1.9577904854713,0.038,0.149,1,"Not significant",0
"Tom1",0.000215382511161881,-1.66922098753037,0.045,0.16,1,"Not significant",0
"Tardbp",0.000215805109093834,-0.722536802062828,0.147,0.305,1,"Not significant",0
"Klf8",0.000218234162577315,-2.04328670575291,0.019,0.119,1,"Not significant",0
"Uqcc1",0.000218476221577784,-1.46830829360438,0.064,0.187,1,"Not significant",0
"Egln1",0.000220755516900152,-2.21321170719522,0.026,0.128,1,"Not significant",0
"A930015D03Rik",0.000221429087680531,-0.903634715424398,0.135,0.286,1,"Not significant",0
"Syndig1",0.000221741275644831,-1.2515580188447,0.09,0.22,1,"Not significant",0
"Ptgds",0.000222413295436926,1.61206512285964,0.115,0.039,1,"Not significant",0
"Dennd2a",0.000222573049641109,-1.78025229991912,0.051,0.167,1,"Not significant",0
"Gm17494",0.000223192914860374,-1.3107670166179,0.051,0.171,1,"Not significant",0
"Tmem87a",0.000223836655071882,-1.29682782566002,0.051,0.171,1,"Not significant",0
"Numb",0.000224171315027824,-1.02417788280521,0.083,0.218,1,"Not significant",0
"Syt17",0.000225034335700763,-1.92709368824839,0.032,0.139,1,"Not significant",0
"Hsd17b12",0.000225781881292975,-2.12128921775418,0.026,0.128,1,"Not significant",0
"4931406C07Rik",0.000227037769294058,-2.10218039480648,0.026,0.128,1,"Not significant",0
"Iqcb1",0.000227042965258989,-1.41030269016881,0.077,0.204,1,"Not significant",0
"Ikzf2",0.000227990115745296,-2.63269511150526,0.013,0.106,1,"Not significant",0
"Tgfbrap1",0.000228292867875719,-2.08281506993955,0.026,0.128,1,"Not significant",0
"Psmb2",0.00022901465374221,-1.81419963184245,0.038,0.149,1,"Not significant",0
"Tmem169",0.000231180279651527,-2.51721789408532,0.013,0.106,1,"Not significant",0
"Ero1lb",0.000231180279651527,-2.51721789408532,0.013,0.106,1,"Not significant",0
"Ildr2",0.000231325604754786,-0.583986906298023,0.141,0.303,1,"Not significant",0
"Zic1",0.000233540002207626,-2.18018290680775,0.032,0.138,1,"Not significant",0
"Zfp672",0.000234669744715962,-2.2827526404483,0.019,0.117,1,"Not significant",0
"Copg2",0.000234671393176445,-0.648462427363575,0.179,0.347,1,"Not significant",0
"Aatk",0.000235897618914791,-0.724069464525992,0.205,0.372,1,"Not significant",0
"Ttc5",0.000235970227109553,-1.73444861030599,0.045,0.158,1,"Not significant",0
"Onecut2",0.000236365204752149,-1.95610213531853,0.032,0.139,1,"Not significant",0
"Ctnnd1",0.000236600471649615,-1.79732581327806,0.032,0.139,1,"Not significant",0
"Ergic2",0.00023669834120445,-1.22676803067113,0.09,0.222,1,"Not significant",0
"Dcaf8",0.000236967312488536,-0.805787392026253,0.115,0.264,1,"Not significant",0
"Dner",0.000237522584298298,-0.533706016873891,0.314,0.51,1,"Not significant",0
"Sema5a",0.000239781254442269,-2.10218039480648,0.026,0.128,1,"Not significant",0
"Atrx",0.000241612099820563,0.486319569985882,0.846,0.831,1,"Not significant",0
"Slx4ip",0.000241895299674931,-2.0365920531789,0.032,0.138,1,"Not significant",0
"Syp",0.000241953611275982,-0.736859704405735,0.199,0.363,1,"Not significant",0
"Rprd2",0.000243150993743935,-0.688058601709369,0.147,0.301,1,"Not significant",0
"Prkcz",0.000243919568998562,-0.576718905833984,0.231,0.411,1,"Not significant",0
"Fars2",0.000245402740845702,-0.929115685833599,0.103,0.242,1,"Not significant",0
"Atg13",0.00024551700631178,-1.50109822872204,0.038,0.15,1,"Not significant",0
"D5Ertd579e",0.000245563974233877,-0.829161900400063,0.135,0.284,1,"Not significant",0
"2610035D17Rik",0.000246207520083591,-0.887167503835628,0.103,0.244,1,"Not significant",0
"Mbnl1",0.000246320498470007,-0.842988055267078,0.141,0.294,1,"Not significant",0
"Dnal1",0.000246972318412674,-2.0697589171141,0.032,0.138,1,"Not significant",0
"Rpgr",0.000247387086329822,-0.742184259085596,0.135,0.29,1,"Not significant",0
"Spint2",0.000248667099753008,-2.0197182346145,0.032,0.138,1,"Not significant",0
"Stx12",0.000249118715203289,-1.71885175525497,0.038,0.149,1,"Not significant",0
"Hlf",0.000249566106511901,-2.36521480064027,0.013,0.106,1,"Not significant",0
"Ypel2",0.000249596245369891,-1.40828352253216,0.045,0.16,1,"Not significant",0
"Capza1",0.000250033562050166,-1.05034146328686,0.071,0.198,1,"Not significant",0
"Gfra1",0.000250140529059152,-1.52479111379012,0.071,0.194,1,"Not significant",0
"Sgms1",0.000251443492692389,-0.837396207022725,0.147,0.303,1,"Not significant",0
"Slc10a7",0.000251445278418109,-1.68357628050744,0.045,0.158,1,"Not significant",0
"Daam1",0.000253506020406279,-0.460262009273246,0.231,0.426,1,"Not significant",0
"Cdkl2",0.000253690356853729,-1.02669019522221,0.071,0.198,1,"Not significant",0
"Gle1",0.000253900634472936,-1.47327454649773,0.045,0.16,1,"Not significant",0
"Ints1",0.000253916013585258,0.986548523787853,0.346,0.218,1,"Not significant",0
"Atf2",0.000255480492614456,-1.07909678169344,0.103,0.24,1,"Not significant",0
"Tmem80",0.000255480695172414,-1.89572951733905,0.032,0.138,1,"Not significant",0
"Camta1",0.000255577165634721,-0.40633129619788,0.808,0.912,1,"Not significant",0
"Pnn",0.000256046093124462,0.776027446097955,0.622,0.572,1,"Not significant",0
"Cbfa2t2",0.000256793844431582,-1.11282763900599,0.083,0.217,1,"Not significant",0
"Ube2w",0.000256879566309348,-1.09145398821342,0.083,0.217,1,"Not significant",0
"Kif16b",0.000257050771594597,-1.2827526404483,0.083,0.211,1,"Not significant",0
"Rian",0.000257396680767931,-0.245194705024274,0.929,0.963,1,"Not significant",0
"Fyn",0.000257600245576108,-0.549954680497322,0.244,0.422,1,"Not significant",0
"Slc38a9",0.000259415985142725,-0.911496833197368,0.135,0.281,1,"Not significant",0
"Pgrmc1",0.000259998367470268,-1.06565451878136,0.071,0.198,1,"Not significant",0
"Mid2",0.000260673252670486,-2.00264472125556,0.019,0.117,1,"Not significant",0
"Cpne4",0.000261859415940784,-1.36034904546846,0.141,0.277,1,"Not significant",0
"Pdpr",0.00026331963597962,-1.64007464187086,0.045,0.158,1,"Not significant",0
"Gm14966",0.000263501746566782,-2.15876392317285,0.026,0.127,1,"Not significant",0
"Idh3g",0.000264130639249476,0.868840538221756,0.391,0.259,1,"Not significant",0
"Zfpm2",0.000265267441125364,-1.66041252991311,0.083,0.209,1,"Not significant",0
"Rhbdd2",0.000266143951492478,-1.04077985014233,0.071,0.198,1,"Not significant",0
"Chka",0.000266660493062554,-0.681789661033428,0.205,0.369,1,"Not significant",0
"Socs7",0.00026701281844977,-0.908985614041319,0.122,0.266,1,"Not significant",0
"Arhgef11",0.000268475480123714,-0.813267357147079,0.173,0.321,1,"Not significant",0
"Ppp3cc",0.00026864976254605,-1.26567912708936,0.071,0.196,1,"Not significant",0
"Klhdc2",0.000268840837805812,-1.82464641927757,0.045,0.156,1,"Not significant",0
"Ano3",0.00027007085532667,-1.96787930309489,0.064,0.182,1,"Not significant",0
"Zkscan2",0.000272539068616218,-0.914737632106136,0.154,0.301,1,"Not significant",0
"Sod1",0.000272790150898388,-2.56452360886368,0.013,0.105,1,"Not significant",0
"Creb1",0.000273556548646726,-2.56452360886368,0.013,0.105,1,"Not significant",0
"Scarb1",0.000275158855242243,-1.18397448597013,0.077,0.206,1,"Not significant",0
"Vamp4",0.000275367872123828,-1.76297430848728,0.038,0.147,1,"Not significant",0
"Acer3",0.000275953683665565,-1.27708389036161,0.077,0.202,1,"Not significant",0
"Ston2",0.000277710639115337,-2.2827526404483,0.019,0.116,1,"Not significant",0
"Mrpl33",0.000277977584526587,-1.78025229991912,0.032,0.138,1,"Not significant",0
"Ift74",0.0002788649948102,-1.73444861030599,0.045,0.156,1,"Not significant",0
"Meg3",0.000279052673706525,-0.172132078210708,1,1,1,"Not significant",0
"Tpd52",0.000280056689477314,-2.23968391855641,0.019,0.116,1,"Not significant",0
"Wbp1l",0.000280056689477314,-2.23968391855641,0.019,0.116,1,"Not significant",0
"Rap1a",0.000281223539517272,-2.21765761222641,0.019,0.116,1,"Not significant",0
"Agpat4",0.000281658958657529,-0.905783182002975,0.09,0.226,1,"Not significant",0
"Slc22a15",0.000282011556824543,-1.45010369822678,0.045,0.158,1,"Not significant",0
"Bcas3",0.00028292939684926,-0.612027587466643,0.205,0.387,1,"Not significant",0
"Dok6",0.000284217348536391,-0.606077825475446,0.301,0.495,1,"Not significant",0
"Fgf13",0.000286056071092949,-1.38291680237373,0.16,0.299,1,"Not significant",0
"Rnf165",0.000286107197972157,-0.904241017194569,0.122,0.266,1,"Not significant",0
"Tbkbp1",0.00028708162827973,1.11081332852772,0.385,0.27,1,"Not significant",0
"Zbtb7c",0.000288020975058809,-0.819780664105753,0.141,0.295,1,"Not significant",0
"Ryk",0.000288575304629649,-1.33577102274779,0.045,0.16,1,"Not significant",0
"Pitpnm1",0.000289536236130902,0.913234657580209,0.474,0.369,1,"Not significant",0
"Mia2",0.00029153701601523,-1.35283107618444,0.064,0.185,1,"Not significant",0
"Ldah",0.000292007778106893,-1.16929459066501,0.058,0.18,1,"Not significant",0
"Cemip2",0.000292612780971688,-2.00264472125556,0.032,0.136,1,"Not significant",0
"Slc6a1",0.000292808443752892,-0.85601980753708,0.154,0.306,1,"Not significant",0
"Gbf1",0.000292885971510728,-0.542455185584345,0.282,0.47,1,"Not significant",0
"Epg5",0.000293501650835439,-1.41768222053441,0.058,0.176,1,"Not significant",0
"Sidt1",0.000295775348429997,-0.728721999279034,0.154,0.312,1,"Not significant",0
"Foxk2",0.000296954654441106,-0.992796935299217,0.103,0.239,1,"Not significant",0
"Mmp16",0.000297084626705533,-0.589568738310006,0.385,0.558,1,"Not significant",0
"Gm1604b",0.000298007301807835,-1.2827526404483,0.045,0.156,1,"Not significant",0
"Raph1",0.00029826423592469,-0.748888129009781,0.128,0.279,1,"Not significant",0
"Dcp1a",0.000298736900004821,-1.85825481192039,0.026,0.127,1,"Not significant",0
"Invs",0.000298918211090604,-1.2208248913051,0.064,0.187,1,"Not significant",0
"Snx9",0.000299965194798923,-2.21765761222641,0.013,0.105,1,"Not significant",0
"A230006K03Rik",0.000300139999850796,-0.476675231128815,0.5,0.69,1,"Not significant",0
"Nrg1",0.00030017704229338,-0.831634578700874,0.609,0.697,1,"Not significant",0
"Rab28",0.000303770424874231,-1.65472141783526,0.038,0.147,1,"Not significant",0
"Cpsf6",0.00030470324378627,-0.635862390583941,0.141,0.29,1,"Not significant",0
"Rev3l",0.0003064308930902,-0.332280911278189,0.372,0.628,1,"Not significant",0
"Cdh13",0.000306925107824091,-0.680276176039368,0.321,0.505,1,"Not significant",0
"Shtn1",0.000308821446254335,-0.6463254967142,0.199,0.372,1,"Not significant",0
"Abl1",0.000309226465121351,-0.807733036341223,0.109,0.25,1,"Not significant",0
"Zc3h12c",0.000309348705881532,-1.76007441798149,0.019,0.116,1,"Not significant",0
"Adnp",0.000309607533380077,-0.860625716383136,0.154,0.306,1,"Not significant",0
"Med15",0.000310126324177585,-1.39406966331246,0.051,0.167,1,"Not significant",0
"Setd7",0.000311695489613508,-1.62824920647407,0.058,0.172,1,"Not significant",0
"Mmp24",0.000312461412340949,-1.25057223469915,0.077,0.202,1,"Not significant",0
"Tet1",0.000312928871889718,-1.47732516696181,0.058,0.174,1,"Not significant",0
"Adcy9",0.000312984252305315,-0.845103444269084,0.135,0.283,1,"Not significant",0
"Tcaim",0.000313035076986458,-1.83087837298908,0.038,0.145,1,"Not significant",0
"Snx13",0.000313080657770426,-1.40474316482691,0.064,0.183,1,"Not significant",0
"Vti1a",0.000313762335586113,-0.485156684853023,0.308,0.499,1,"Not significant",0
"Naa35",0.000315481722633349,-1.22348669102861,0.109,0.24,1,"Not significant",0
"Bbs5",0.00031602174297612,-1.47732516696181,0.058,0.174,1,"Not significant",0
"Fry",0.000316024903264885,-0.326819421903262,0.481,0.714,1,"Not significant",0
"Zfp106",0.000316343230149249,-0.703084439396656,0.128,0.279,1,"Not significant",0
"Pip5k1b",0.000317130623654782,-0.821728935895275,0.179,0.338,1,"Not significant",0
"Mnat1",0.000318857477293896,-1.62824920647407,0.058,0.172,1,"Not significant",0
"Slc32a1",0.000319749694800502,-1.59522040608659,0.038,0.147,1,"Not significant",0
"Fam92a",0.000319874733171147,-1.41768222053441,0.071,0.191,1,"Not significant",0
"A230057D06Rik",0.000321109909974932,-0.285960158138024,0.955,0.963,1,"Not significant",0
"Tsc1",0.000321428312352126,-0.45917060871745,0.288,0.484,1,"Not significant",0
"Ireb2",0.000322172504936396,-1.09575412564705,0.071,0.194,1,"Not significant",0
"Mpc2",0.000323488521230051,-2.56452360886368,0.013,0.103,1,"Not significant",0
"Zfand6",0.000323488521230051,-2.56452360886368,0.013,0.103,1,"Not significant",0
"C2cd2",0.00032362139187948,-1.81419963184245,0.032,0.136,1,"Not significant",0
"3830408C21Rik",0.000324414566822037,-2.54106463603969,0.013,0.103,1,"Not significant",0
"Mios",0.000324988934582654,-2.02310882381528,0.026,0.125,1,"Not significant",0
"Rsu1",0.00032533322162221,-2.51721789408532,0.013,0.103,1,"Not significant",0
"Rffl",0.000326244416066456,-2.49297034783864,0.013,0.103,1,"Not significant",0
"Klhl3",0.000326277217340282,-0.538051397502487,0.237,0.411,1,"Not significant",0
"Olfm2",0.00032649737526178,-0.634711457103763,0.128,0.277,1,"Not significant",0
"Minpp1",0.00032704532939642,-2.30381425597613,0.019,0.114,1,"Not significant",0
"Crtc3",0.000327656873596495,-0.780252299919116,0.135,0.283,1,"Not significant",0
"Tmed10",0.000327908303432019,-1.47327454649773,0.051,0.165,1,"Not significant",0
"Mri1",0.000329195946041186,-1.33279332294789,0.045,0.156,1,"Not significant",0
"Maged1",0.000329808735355564,0.861612592036518,0.519,0.424,1,"Not significant",0
"Tmem208",0.000329861470879564,-2.26137898965573,0.019,0.114,1,"Not significant",0
"Tspan7",0.000331047252323591,-0.654721417835257,0.212,0.378,1,"Not significant",0
"Magi1",0.000331132943955849,-0.429631529136042,0.449,0.699,1,"Not significant",0
"Uckl1",0.000331262932724882,-2.23968391855641,0.019,0.114,1,"Not significant",0
"H2afy",0.000331593378701971,-0.890896363603109,0.115,0.257,1,"Not significant",0
"Ccdc112",0.000331607227244381,-1.07361124260971,0.077,0.204,1,"Not significant",0
"G3bp1",0.000331912108295995,-1.12727137576931,0.103,0.235,1,"Not significant",0
"Frmd3",0.000332508525625182,-0.46921252117449,0.192,0.372,1,"Not significant",0
"Zdhhc8",0.000335375984924713,-1.41371331833146,0.071,0.191,1,"Not significant",0
"Mef2d",0.000335957952447741,-1.02045599737202,0.115,0.251,1,"Not significant",0
"Sec23ip",0.000336306561891415,-1.6103272984768,0.051,0.163,1,"Not significant",0
"Bean1",0.000339344941621867,-2.00264472125556,0.032,0.134,1,"Not significant",0
"Nkain3",0.000340152003531694,-0.88468971011211,0.327,0.49,1,"Not significant",0
"Rab27a",0.000340225112920633,-0.801010860085913,0.083,0.218,1,"Not significant",0
"Snph",0.000340486948869076,-0.657509235206876,0.192,0.352,1,"Not significant",0
"Plxnc1",0.000340794409861709,-0.753285252318847,0.147,0.295,1,"Not significant",0
"Vps37a",0.000340927648207029,-1.41371331833146,0.077,0.198,1,"Not significant",0
"Tm9sf4",0.000341102000047539,-0.687888281770456,0.192,0.36,1,"Not significant",0
"Tmem161b",0.000343829323247195,-1.45162955245774,0.038,0.147,1,"Not significant",0
"Ywhae",0.000343985658810457,-0.97550859131805,0.122,0.259,1,"Not significant",0
"Ercc6l2",0.000346016455477013,-1.05089988986278,0.109,0.244,1,"Not significant",0
"Adam23",0.00034848879000679,-0.637999716961358,0.276,0.453,1,"Not significant",0
"Ankrd28",0.000353373499227851,-1.04874113584502,0.115,0.251,1,"Not significant",0
"Xpnpep3",0.000354996897336314,-1.83914598897268,0.026,0.125,1,"Not significant",0
"Gm44643",0.000356208270678834,-1.17511191726033,0.096,0.226,1,"Not significant",0
"Rcan1",0.000357034544188061,-1.40828352253216,0.051,0.165,1,"Not significant",0
"Tmbim6",0.000358237862550711,-1.89572951733905,0.038,0.143,1,"Not significant",0
"Pex14",0.000358269277154243,-0.991756405112828,0.083,0.213,1,"Not significant",0
"Ipo8",0.000360050333640061,-1.13019477097607,0.083,0.211,1,"Not significant",0
"Phka1",0.000361417043143148,-0.880856240857521,0.141,0.286,1,"Not significant",0
"Srr",0.000361736633903535,-1.07227890909262,0.141,0.279,1,"Not significant",0
"Pvt1",0.000361753735162503,-1.4090690902297,0.096,0.222,1,"Not significant",0
"Wbp11",0.000362236103272037,-1.32457281614293,0.058,0.174,1,"Not significant",0
"Slc17a5",0.000363016988274906,-1.40474316482691,0.064,0.182,1,"Not significant",0
"Trim8",0.000363606728082413,-1.47732516696181,0.058,0.172,1,"Not significant",0
"Ndst4",0.000365201920596678,-1.21594926976405,0.109,0.242,1,"Not significant",0
"Hook3",0.000365559989651313,-0.606485232182409,0.199,0.367,1,"Not significant",0
"Rasal2",0.000366287232308575,-0.503073711765052,0.288,0.479,1,"Not significant",0
"Nsmce2",0.000366937865615371,-0.829161900400063,0.135,0.281,1,"Not significant",0
"Slain2",0.000367037503314397,-1.84736649577765,0.038,0.143,1,"Not significant",0
"Nbr1",0.000368105076344187,-0.923210253761159,0.115,0.253,1,"Not significant",0
"Anp32a",0.000368451705878863,-2.1771424524877,0.026,0.123,1,"Not significant",0
"Mfsd6",0.000369066273132486,-1.35056802467587,0.051,0.165,1,"Not significant",0
"Arfgap3",0.00037200716409179,-1.39406966331246,0.051,0.163,1,"Not significant",0
"Adam10",0.000372958155961243,-1.79732581327806,0.038,0.143,1,"Not significant",0
"Chd9",0.00037304427177918,-0.318071817241129,0.545,0.765,1,"Not significant",0
"Arhgap35",0.000373375591497391,-0.830878372989084,0.135,0.279,1,"Not significant",0
"Nipal2",0.000373479751168566,-0.548544228279227,0.295,0.477,1,"Not significant",0
"Usp49",0.000374802979107839,-1.48807154842581,0.051,0.163,1,"Not significant",0
"Gm45341",0.000376581387086771,-2.80015185735682,0.013,0.101,1,"Not significant",0
"Slc25a46",0.000376872790765706,-2.06318626319061,0.026,0.123,1,"Not significant",0
"Prepl",0.000377980153287562,-0.758225993589117,0.154,0.303,1,"Not significant",0
"Zbtb46",0.000378661163711395,-1.24365282075936,0.038,0.147,1,"Not significant",0
"Kat2b",0.000379266923401319,-1.0620232683345,0.077,0.202,1,"Not significant",0
"Tvp23a",0.000380034240022424,-1.48069201806021,0.032,0.136,1,"Not significant",0
"Syn3",0.000381766273788725,-0.479691882809832,0.494,0.675,1,"Not significant",0
"Eif2ak4",0.000382806262317602,-0.753285252318847,0.154,0.306,1,"Not significant",0
"Farp2",0.000383193890128894,-2.00264472125556,0.026,0.123,1,"Not significant",0
"Zfp871",0.000383193890128894,-2.00264472125556,0.026,0.123,1,"Not significant",0
"Bdp1",0.000384434422025311,1.03191963843626,0.494,0.404,1,"Not significant",0
"Col25a1",0.000384459384119396,-1.03875501466484,0.212,0.349,1,"Not significant",0
"Dusp26",0.000384471431200237,-1.16727542302836,0.058,0.172,1,"Not significant",0
"Fbxw2",0.000386180621709916,-1.74548688175844,0.032,0.134,1,"Not significant",0
"Nr2c1",0.000387839345423604,-2.46830829360438,0.013,0.101,1,"Not significant",0
"Gng2",0.000388075041208108,-0.676416488934576,0.147,0.297,1,"Not significant",0
"Jkamp",0.000388298978527603,-1.62527763994277,0.051,0.161,1,"Not significant",0
"Pcdh19",0.000389622695378644,-1.71885175525497,0.064,0.178,1,"Not significant",0
"Tram1",0.000389930916508202,-2.26137898965573,0.019,0.112,1,"Not significant",0
"Anapc1",0.000390730942482671,-0.87978797347003,0.135,0.277,1,"Not significant",0
"Wdr6",0.000392826238372508,-0.691715625317458,0.122,0.264,1,"Not significant",0
"Morc3",0.000393557606301013,-0.944228035030242,0.077,0.206,1,"Not significant",0
"Gm26691",0.000393777803957237,-0.473274546497725,0.237,0.417,1,"Not significant",0
"Med13l",0.000393831396717566,-0.526965870636884,0.244,0.426,1,"Not significant",0
"Bahcc1",0.00039408062016114,-1.47213000455678,0.077,0.196,1,"Not significant",0
"Top2b",0.000394622884677554,-1.05778627544802,0.115,0.25,1,"Not significant",0
"Col16a1",0.000395323917404361,1.05062042884462,0.288,0.169,1,"Not significant",0
"Lingo1",0.000395583048981618,-0.858254811920389,0.135,0.279,1,"Not significant",0
"Rgl2",0.000396922659567863,0.930241082885899,0.397,0.273,1,"Not significant",0
"Sqstm1",0.000398177888460043,-1.70625171847534,0.058,0.169,1,"Not significant",0
"Eml4",0.000398309915293407,-0.629692623343735,0.147,0.303,1,"Not significant",0
"Atf7ip",0.000398361731644746,-0.881181208769897,0.103,0.24,1,"Not significant",0
"Tmem175",0.00039870221096822,-1.20585904090815,0.09,0.217,1,"Not significant",0
"Wdr41",0.000404155082468022,-1.06565451878136,0.071,0.193,1,"Not significant",0
"Ogt",0.000404784598457952,-0.453087556665606,0.327,0.538,1,"Not significant",0
"Rnf32",0.000404823448344103,-1.47327454649773,0.045,0.154,1,"Not significant",0
"Gnb4",0.000406795078967207,-1.67102323016436,0.038,0.143,1,"Not significant",0
"Akap11",0.00041473445827833,-0.855803332926293,0.154,0.299,1,"Not significant",0
"Fam168a",0.000415711262023855,-0.406634728020253,0.34,0.556,1,"Not significant",0
"Plcl2",0.000419035649095386,-1.08837459528145,0.109,0.239,1,"Not significant",0
"Gm16083",0.000419466942882834,-1.12490047130656,0.096,0.226,1,"Not significant",0
"Zup1",0.000420000100766692,-0.600702879588404,0.199,0.365,1,"Not significant",0
"Sos2",0.000422385104702806,-0.88334579288322,0.128,0.268,1,"Not significant",0
"Cdc42se2",0.000423356837462185,-1.59738824276931,0.026,0.123,1,"Not significant",0
"Trim23",0.000423398668036824,-1.58760722197672,0.038,0.143,1,"Not significant",0
"Zfhx2",0.00042518428673909,0.922279797183216,0.423,0.31,1,"Not significant",0
"Tmem30a",0.000426595749899951,-1.41768222053441,0.038,0.143,1,"Not significant",0
"Map3k5",0.000426733097534938,-0.78881431342254,0.109,0.248,1,"Not significant",0
"BC004004",0.000426826924254141,-1.57995364943328,0.045,0.152,1,"Not significant",0
"Jam3",0.000427117127319163,-1.51721789408532,0.064,0.178,1,"Not significant",0
"A330023F24Rik",0.000433133522462092,-0.451952122619154,0.397,0.593,1,"Not significant",0
"Papss1",0.000433509603980672,-1.81419963184245,0.038,0.141,1,"Not significant",0
"Ttll1",0.000434722822181472,-1.91775582366905,0.019,0.112,1,"Not significant",0
"Slc9a6",0.000434722822181472,-1.91775582366905,0.019,0.112,1,"Not significant",0
"Thrb",0.000435460982242338,-1.07361124260971,0.16,0.303,1,"Not significant",0
"Pfdn1",0.000437000698260629,-1.81419963184245,0.038,0.141,1,"Not significant",0
"Actr3b",0.000437173861435215,-1.42235870774388,0.058,0.171,1,"Not significant",0
"Adam19",0.000437741268406466,-1.76514540752891,0.045,0.15,1,"Not significant",0
"Dnajc5",0.000439484303694767,-0.959055452707881,0.122,0.259,1,"Not significant",0
"Ppp6r3",0.000439707301267102,-0.768179467618541,0.218,0.367,1,"Not significant",0
"4931406P16Rik",0.000441112010926369,-1.04328670575291,0.109,0.239,1,"Not significant",0
"Gm32442",0.000443407083507006,-1.69779013972714,0.051,0.16,1,"Not significant",0
"Sdha",0.000446499747151539,-0.780252299919116,0.141,0.288,1,"Not significant",0
"Cbl",0.000449780754182656,-1.10723362253276,0.103,0.231,1,"Not significant",0
"Cand1",0.000451079838019298,-1.72778488002498,0.038,0.141,1,"Not significant",0
"Fam76b",0.000451533008175755,-2.00264472125556,0.026,0.121,1,"Not significant",0
"Rab2a",0.000451946517919081,-1.19528979919796,0.103,0.229,1,"Not significant",0
"P4ha1",0.000452629599753981,-2.34503691870264,0.019,0.11,1,"Not significant",0
"Nfat5",0.000455818044491198,-0.725238197914634,0.205,0.363,1,"Not significant",0
"Pip4k2b",0.000456250605786221,-1.55986223149382,0.058,0.169,1,"Not significant",0
"9930021J03Rik",0.000457139653938538,-0.692121389640451,0.199,0.36,1,"Not significant",0
"Esyt2",0.000459388478074596,-0.793191355626614,0.167,0.319,1,"Not significant",0
"Hdac3",0.000459479676491943,-1.055432135615,0.122,0.255,1,"Not significant",0
"Cdh22",0.000459729304185024,-0.855803332926293,0.141,0.283,1,"Not significant",0
"Ccdc186",0.000460548749495723,-1.17511191726033,0.096,0.222,1,"Not significant",0
"Rragb",0.000461178181284278,-1.03805005738676,0.109,0.242,1,"Not significant",0
"Stx8",0.000461325456251613,-1.13718684463439,0.103,0.231,1,"Not significant",0
"Clcn7",0.000461340723874702,-1.51721789408532,0.058,0.169,1,"Not significant",0
"Rnf138",0.00046864361022776,-2.19528979919796,0.019,0.11,1,"Not significant",0
"Fbxw4",0.000469001181527453,-0.977698364125333,0.122,0.259,1,"Not significant",0
"Taf15",0.000469050394296221,-0.530576276940341,0.167,0.327,1,"Not significant",0
"Mff",0.000471182635561814,-1.56452360886368,0.051,0.16,1,"Not significant",0
"Sdccag8",0.000471452466680773,-0.551983312245999,0.16,0.316,1,"Not significant",0
"Pygo1",0.000471708615985549,-1.68714289552763,0.038,0.141,1,"Not significant",0
"AW551984",0.000472578847685608,-1.03963892873777,0.109,0.239,1,"Not significant",0
"Sbds",0.000472592309534951,-2.12602713676085,0.019,0.11,1,"Not significant",0
"Fam189a1",0.000478783327100139,-0.680716626368201,0.192,0.349,1,"Not significant",0
"Nhsl2",0.0004798844081751,-0.962843713197589,0.096,0.228,1,"Not significant",0
"Neto1",0.000480540107083788,-1.06318626319061,0.083,0.209,1,"Not significant",0
"Asxl1",0.00048392158716491,-0.635862390583941,0.154,0.306,1,"Not significant",0
"Gm31282",0.000484647285863212,-1.13388925453382,0.09,0.215,1,"Not significant",0
"Mcmbp",0.000484910656272903,-1.47732516696181,0.058,0.169,1,"Not significant",0
"Tacc1",0.000486341674381698,-0.908007847117489,0.135,0.275,1,"Not significant",0
"Mbip",0.000486505148080111,-1.32457281614293,0.058,0.171,1,"Not significant",0
"Dpf3",0.000487522477294334,-2.36521480064027,0.026,0.119,1,"Not significant",0
"Sap130",0.000487748011746874,-0.851636933155882,0.09,0.222,1,"Not significant",0
"Brd3",0.000487991786551888,-0.644047916320805,0.147,0.295,1,"Not significant",0
"Cnst",0.000488932256828855,-1.83914598897268,0.026,0.121,1,"Not significant",0
"Macf1",0.000490760051672007,0.295814357996475,0.994,0.996,1,"Not significant",0
"Hibch",0.00049143168103384,-1.8771138391717,0.032,0.13,1,"Not significant",0
"Synrg",0.000492146895628701,-0.910132582466026,0.109,0.242,1,"Not significant",0
"0610030E20Rik",0.000494775391953709,-1.85825481192039,0.032,0.13,1,"Not significant",0
"Rnf170",0.000495019898933597,-1.58760722197672,0.038,0.141,1,"Not significant",0
"Vapb",0.000496385438562386,-1.2208248913051,0.071,0.187,1,"Not significant",0
"Me1",0.000498126010343456,-1.83914598897268,0.032,0.13,1,"Not significant",0
"Fam214b",0.000498159346304403,-1.39168701200146,0.064,0.178,1,"Not significant",0
"Cbx1",0.000502170664443287,-1.56452360886368,0.045,0.15,1,"Not significant",0
"Znrf1",0.000504150761707064,-0.597388242769305,0.224,0.396,1,"Not significant",0
"Dpysl5",0.000506471587060818,-0.610327298476804,0.179,0.339,1,"Not significant",0
"Slc45a1",0.00050813919206358,-0.92647304077016,0.122,0.255,1,"Not significant",0
"Nr3c2",0.000510948687613492,-0.827558014697472,0.205,0.356,1,"Not significant",0
"Cr1l",0.000511361336966391,-1.53315943795434,0.045,0.15,1,"Not significant",0
"Nol11",0.000512142105920005,-1.42235870774388,0.058,0.169,1,"Not significant",0
"Dpy19l4",0.000512684743354986,-1.1067531245963,0.103,0.231,1,"Not significant",0
"Ammecr1",0.000516846914298617,-1.65472141783526,0.019,0.11,1,"Not significant",0
"Nnat",0.000517390349921718,-0.717516544571153,0.154,0.301,1,"Not significant",0
"Slitrk5",0.000518339637986783,-1.55986223149382,0.058,0.167,1,"Not significant",0
"Klhl22",0.00052282113377789,-0.890435217669539,0.103,0.235,1,"Not significant",0
"Tmod2",0.000524441453786097,-0.805343280881947,0.192,0.341,1,"Not significant",0
"Rab10",0.000526072675580326,-1.01345147621215,0.096,0.224,1,"Not significant",0
"Phf20",0.00052616114139905,-0.604303510849034,0.179,0.341,1,"Not significant",0
"Ino80dos",0.000527939227987087,-1.29765151682764,0.083,0.204,1,"Not significant",0
"Cpne1",0.00052844398479467,-1.10955992517208,0.058,0.171,1,"Not significant",0
"Ehmt2",0.000529187599502769,0.74722470614128,0.468,0.36,1,"Not significant",0
"Pcnx4",0.000529739606873978,-1.00264472125556,0.064,0.183,1,"Not significant",0
"Aagab",0.000531720743815673,-2.00264472125556,0.026,0.119,1,"Not significant",0
"Atg5",0.000531720743815673,-2.00264472125556,0.026,0.119,1,"Not significant",0
"Tsnax",0.000531722087130559,-2.02310882381528,0.026,0.119,1,"Not significant",0
"Alg9",0.000531722087130559,-2.02310882381528,0.026,0.119,1,"Not significant",0
"Acss2",0.00053349361831619,-0.8686902645867,0.141,0.281,1,"Not significant",0
"Fgfr1op",0.000534684456154223,-1.98188616108877,0.026,0.119,1,"Not significant",0
"Crebrf",0.000538134728103997,-0.912702595942765,0.122,0.259,1,"Not significant",0
"Rad23b",0.000540612244073335,-1.96082454556094,0.026,0.119,1,"Not significant",0
"Tada2a",0.000542065381761489,-1.17104225295128,0.077,0.196,1,"Not significant",0
"Mboat2",0.000542665636148872,-0.967879303094887,0.115,0.25,1,"Not significant",0
"Nprl3",0.00054365492317538,-1.05327079432553,0.071,0.189,1,"Not significant",0
"Garnl3",0.00054470735657573,-0.452981783357088,0.429,0.624,1,"Not significant",0
"Alkbh1",0.000548713201117207,-1.56452360886368,0.051,0.158,1,"Not significant",0
"Mbd2",0.000548720893367191,-2.23968391855641,0.019,0.108,1,"Not significant",0
"Supt20",0.000550212983272748,-1.0697589171141,0.16,0.292,1,"Not significant",0
"Zxdc",0.000553456355433498,-2.17256972269788,0.019,0.108,1,"Not significant",0
"Snx12",0.000553456355433498,-2.17256972269788,0.019,0.108,1,"Not significant",0
"Fstl5",0.000554393915197732,-1.07072296328488,0.237,0.374,1,"Not significant",0
"Snx25",0.000555354883877141,-1.31502904347206,0.064,0.176,1,"Not significant",0
"Eda",0.000558832457101245,-1.18883477706066,0.096,0.224,1,"Not significant",0
"Trmt13",0.000559677159824321,-1.32774009522161,0.071,0.185,1,"Not significant",0
"6030458C11Rik",0.000560820166552743,-1.51721789408532,0.026,0.121,1,"Not significant",0
"Lyrm1",0.000564610987735399,-1.63823329504669,0.038,0.139,1,"Not significant",0
"Lrrfip2",0.000565318717120773,-0.617821835023728,0.154,0.301,1,"Not significant",0
"Fndc1",0.000572853397762748,-1.89572951733905,0.032,0.128,1,"Not significant",0
"Pofut1",0.000573669476050701,-1.35056802467587,0.051,0.16,1,"Not significant",0
"Tbc1d12",0.000574882721304455,-1.02536479775565,0.083,0.206,1,"Not significant",0
"Acbd6",0.000575376688842314,-0.74093937589429,0.147,0.294,1,"Not significant",0
"Ash1l",0.000577477578216966,-0.287593903517798,0.423,0.681,1,"Not significant",0
"Usp13",0.000580468437549492,-0.771639169614408,0.115,0.255,1,"Not significant",0
"Ift122",0.000580655567579863,-0.850641627810514,0.083,0.209,1,"Not significant",0
"Lrp11",0.000582446299195118,-1.3107670166179,0.038,0.141,1,"Not significant",0
"Camk4",0.000585417989392349,-1.03917059728068,0.186,0.328,1,"Not significant",0
"Tmem63c",0.000585550611436414,-1.13388925453382,0.09,0.211,1,"Not significant",0
"Katnal1",0.000585855711547968,-1.54892675381266,0.045,0.149,1,"Not significant",0
"Rnf13",0.000588633365326516,-1.81978066410575,0.032,0.128,1,"Not significant",0
"Kcmf1",0.000589881577652366,-0.806724511280307,0.122,0.259,1,"Not significant",0
"Zfp608",0.000591900129061666,-1.05327079432553,0.141,0.273,1,"Not significant",0
"Slc37a1",0.000592599931929884,-1.81978066410575,0.032,0.128,1,"Not significant",0
"Tmx2",0.00059648113244774,-1.71885175525497,0.026,0.119,1,"Not significant",0
"Wdfy3",0.000597463980639968,-0.283300048931774,0.468,0.703,1,"Not significant",0
"Pi4kb",0.000597660168887132,-1.03856429551051,0.077,0.196,1,"Not significant",0
"Greb1l",0.000598819450773393,-0.865141197505629,0.186,0.328,1,"Not significant",0
"Vat1l",0.000600328084741072,-0.623789558283366,0.244,0.404,1,"Not significant",0
"Cwc22",0.000601147835520085,-1.51721789408532,0.045,0.149,1,"Not significant",0
"Atp9b",0.00060341721434377,-0.52265178013595,0.218,0.382,1,"Not significant",0
"Ntrk2",0.000603671183611836,0.00283734376085176,0.487,0.736,1,"Not significant",0
"Cdkal1",0.000603772183561349,-0.616132920158009,0.115,0.255,1,"Not significant",0
"Usp54",0.000605415764090353,-1.40174067666539,0.077,0.191,1,"Not significant",0
"Zfand4",0.000605489569484523,-1.91775582366905,0.019,0.108,1,"Not significant",0
"Fbxl5",0.000606762894298491,-1.08837459528145,0.064,0.178,1,"Not significant",0
"Osbpl1a",0.000606823526463876,-0.990470007309461,0.071,0.187,1,"Not significant",0
"Calr",0.000607313354145498,-1.03805005738676,0.122,0.251,1,"Not significant",0
"Slc12a5",0.000611548552747195,-0.442344274768677,0.333,0.519,1,"Not significant",0
"Taf1b",0.000611697150020331,-0.873361704310597,0.122,0.255,1,"Not significant",0
"Gm16759",0.000612466603767133,-1.33577102274779,0.045,0.15,1,"Not significant",0
"Gps2",0.000614037372005427,0.838393327058329,0.314,0.189,1,"Not significant",0
"Glb1",0.000614924186280452,-1.27775195938993,0.096,0.217,1,"Not significant",0
"Scd2",0.000618742597222682,-2.06318626319061,0.026,0.117,1,"Not significant",0
"Pik3c2a",0.000623878253447573,-0.946061192889196,0.141,0.275,1,"Not significant",0
"Myl12b",0.000625756027530688,-1.59522040608659,0.051,0.156,1,"Not significant",0
"Ubn2",0.000626852628206962,-0.34010635204974,0.487,0.719,1,"Not significant",0
"Alcam",0.000627437292524375,-0.716636200623144,0.295,0.442,1,"Not significant",0
"Zyg11b",0.000630648930679132,-0.941244176591421,0.109,0.239,1,"Not significant",0
"Rere",0.00063254905749687,-0.362746545049522,0.583,0.802,1,"Not significant",0
"Fam120b",0.0006332642840219,-0.703084439396656,0.218,0.374,1,"Not significant",0
"Lclat1",0.0006334111935747,-0.992302777034105,0.109,0.237,1,"Not significant",0
"Pkd2",0.000633413348110618,-1.19528979919796,0.083,0.202,1,"Not significant",0
"Dlx6os1",0.000637385603803915,-0.946610686341236,0.038,0.143,1,"Not significant",0
"Mical3",0.000637561167328753,-0.345532434778572,0.571,0.793,1,"Not significant",0
"Syt1",0.000639458375684842,-0.576002490542454,0.91,0.87,1,"Not significant",0
"Csad",0.000640687728623517,-1.36521480064027,0.058,0.167,1,"Not significant",0
"Lrif1",0.000641406270044272,-1.27620979458153,0.064,0.176,1,"Not significant",0
"Klc1",0.000642364714438365,-0.450103698226785,0.256,0.439,1,"Not significant",0
"Mamld1",0.000643081492911474,-1.65472141783526,0.032,0.128,1,"Not significant",0
"Nol4",0.000646841494324579,-0.175553581136697,0.263,0.446,1,"Not significant",0
"Hdgfl3",0.000648190295228068,-0.753285252318847,0.122,0.257,1,"Not significant",0
"Sptlc2",0.000649202307418382,-1.26303440583379,0.064,0.176,1,"Not significant",0
"Acap2",0.000649858789420972,-0.654721417835257,0.135,0.281,1,"Not significant",0
"Cog3",0.000651394374080447,-1.53315943795434,0.051,0.156,1,"Not significant",0
"Slit1",0.000652037369959925,-0.507403604258366,0.199,0.363,1,"Not significant",0
"Dguok",0.000653252038242443,-2.19528979919796,0.019,0.106,1,"Not significant",0
"Heca",0.000653252038242443,-2.19528979919796,0.019,0.106,1,"Not significant",0
"Cbx3",0.000656063796914073,-2.17256972269788,0.019,0.106,1,"Not significant",0
"Erlin1",0.000656063796914073,-2.17256972269788,0.019,0.106,1,"Not significant",0
"Pex1",0.000657798318821232,-1.20527388777058,0.103,0.224,1,"Not significant",0
"Ufd1",0.000658579893519271,-1.57032923054489,0.045,0.147,1,"Not significant",0
"Tmem19",0.000659095423822253,-1.29682782566002,0.051,0.158,1,"Not significant",0
"Dhdds",0.000662646961184839,-0.580943491695709,0.109,0.246,1,"Not significant",0
"Nt5c2",0.000663077140812796,-0.406000415486772,0.231,0.415,1,"Not significant",0
"Utrn",0.000663693337477715,-1.53513980208258,0.083,0.198,1,"Not significant",0
"Lrfn2",0.000667181610431686,-0.791657063191366,0.179,0.325,1,"Not significant",0
"Pde1c",0.000669024401814342,-1.44700889180392,0.135,0.261,1,"Not significant",0
"Wasl",0.000670023045002894,-1.35056802467587,0.051,0.158,1,"Not significant",0
"Tmem245",0.00067108223141635,-1.30220500311447,0.071,0.183,1,"Not significant",0
"Pitpna",0.000673411207389986,-0.292151338450549,0.173,0.339,1,"Not significant",0
"Fgfr1",0.000674684073358447,-0.942523728817993,0.096,0.22,1,"Not significant",0
"Kcnh5",0.000674762212959959,-1.19528979919796,0.071,0.183,1,"Not significant",0
"Pou6f2",0.000678067377533635,-2.06318626319061,0.038,0.136,1,"Not significant",0
"Rbbp4",0.000678668614928544,-1.32082068128182,0.051,0.158,1,"Not significant",0
"Fggy",0.000679075104393166,-1.2827526404483,0.058,0.167,1,"Not significant",0
"Dnmbp",0.000679230245464725,-1.48479641639294,0.038,0.138,1,"Not significant",0
"Grm5",0.000680601435280762,-0.584985789215278,0.724,0.806,1,"Not significant",0
"Zfp644",0.000690380949398185,-0.950177301361428,0.122,0.251,1,"Not significant",0
"Zc2hc1a",0.000691649219722944,-0.559862231493816,0.16,0.31,1,"Not significant",0
"Cacng7",0.000692888598457212,-0.950177301361428,0.096,0.22,1,"Not significant",0
"Rabac1",0.000700822483581522,-1.50109822872204,0.045,0.147,1,"Not significant",0
"Samd5",0.000706867827015022,-0.616247270020621,0.263,0.424,1,"Not significant",0
"Sipa1l3",0.000711508217347668,-0.687142895527634,0.186,0.338,1,"Not significant",0
"AU040320",0.000715920606741373,-1.01157784602557,0.122,0.25,1,"Not significant",0
"Vmp1",0.000716443039232833,-0.790236388491738,0.103,0.231,1,"Not significant",0
"Atp2a2",0.00071918454721161,-0.821124581334644,0.141,0.277,1,"Not significant",0
"Galk2",0.000723046187356827,-1.19528979919796,0.064,0.176,1,"Not significant",0
"9330182L06Rik",0.000725380869131073,-0.74177815210448,0.173,0.319,1,"Not significant",0
"Frs2",0.000727195993304584,-0.885605300065344,0.096,0.222,1,"Not significant",0
"Erg28",0.000727664523772266,-2.08281506993955,0.026,0.116,1,"Not significant",0
"Fbxl4",0.000728374633314625,-1.70986297202772,0.038,0.136,1,"Not significant",0
"Zfp91",0.000729543834696786,-0.509604709975447,0.147,0.297,1,"Not significant",0
"Rtl4",0.000731107155481626,-0.545358374449823,0.365,0.543,1,"Not significant",0
"Cep95",0.000731808202724076,-0.935530525397027,0.109,0.237,1,"Not significant",0
"Smurf2",0.000732844359003591,-1.14948610958483,0.109,0.231,1,"Not significant",0
"Plaa",0.000733084884531245,-1.39692366036761,0.051,0.156,1,"Not significant",0
"Sec11a",0.000733084884531245,-1.39692366036761,0.051,0.156,1,"Not significant",0
"Clock",0.000733785879110414,-0.751683147722345,0.154,0.297,1,"Not significant",0
"Pknox2",0.000738045189699214,-0.886451703751041,0.103,0.233,1,"Not significant",0
"Ckap5",0.000738225416917745,-0.478596600058015,0.212,0.378,1,"Not significant",0
"Zfp827",0.000742182523794815,-1.11728728719669,0.09,0.211,1,"Not significant",0
"Uxs1",0.000742820954055175,-0.963474123974886,0.064,0.178,1,"Not significant",0
"Dnah9",0.000743600329923192,-1.2685387812286,0.045,0.147,1,"Not significant",0
"Tmem241",0.000745859054561482,-1.50271832439021,0.058,0.163,1,"Not significant",0
"Pitpnc1",0.000746265916618131,-0.527865138284831,0.192,0.352,1,"Not significant",0
"Syne2",0.000752122782820064,-1.78025229991912,0.032,0.127,1,"Not significant",0
"Nexmif",0.000753770093549698,-0.648256754109126,0.218,0.367,1,"Not significant",0
"Btbd1",0.000754992042866596,-1.00264472125556,0.09,0.211,1,"Not significant",0
"Hecw1",0.00075783262711039,-0.318672214703242,0.513,0.723,1,"Not significant",0
"Capzb",0.000758659985250787,-0.881181208769897,0.103,0.231,1,"Not significant",0
"Zmym6",0.00075913867219026,-0.749878650875597,0.154,0.292,1,"Not significant",0
"Entpd6",0.000759865864479204,-0.935530525397027,0.109,0.235,1,"Not significant",0
"Cdk7",0.000761000703851263,-1.26567912708936,0.077,0.191,1,"Not significant",0
"Emc7",0.000767253887298575,-2.19528979919796,0.019,0.105,1,"Not significant",0
"Gm44644",0.000767253887298575,-2.19528979919796,0.019,0.105,1,"Not significant",0
"Myo16",0.000768734472898073,-0.851913285046562,0.141,0.277,1,"Not significant",0
"Letm2",0.000770371474275032,-0.718851755254973,0.179,0.323,1,"Not significant",0
"Utp18",0.000773957080927597,-2.14948610958484,0.019,0.105,1,"Not significant",0
"Nr3c1",0.000774364877223157,-1.07361124260971,0.071,0.183,1,"Not significant",0
"Tgs1",0.000776215240712905,-1.02417788280521,0.09,0.209,1,"Not significant",0
"Naaladl2",0.000776468593747412,-0.879105686845401,0.212,0.352,1,"Not significant",0
"Zfand1",0.000777297988226882,-2.12602713676085,0.019,0.105,1,"Not significant",0
"Erc1",0.000777844190094324,-0.339948042029842,0.231,0.404,1,"Not significant",0
"Lrrc4",0.000778604564051763,-1.5687481947254,0.051,0.154,1,"Not significant",0
"Slc9a7",0.000782532140782766,-0.583215452859562,0.205,0.363,1,"Not significant",0
"Fam222b",0.000784933333493502,-0.590874935810631,0.179,0.33,1,"Not significant",0
"Ctdspl",0.00078594326479721,-0.582312922307207,0.199,0.363,1,"Not significant",0
"Vstm5",0.000787726601517491,-1.58760722197672,0.038,0.136,1,"Not significant",0
"Gtf2ird2",0.000792424437472562,-1.27620979458153,0.071,0.182,1,"Not significant",0
"Ablim2",0.000792845825696106,-0.48740223964976,0.34,0.517,1,"Not significant",0
"Ubxn7",0.00079287433877747,-1.12602713676085,0.083,0.2,1,"Not significant",0
"Cyp51",0.000792922970349002,-1.89572951733905,0.032,0.125,1,"Not significant",0
"Cep85l",0.000798257503652632,-0.974899730772659,0.064,0.176,1,"Not significant",0
"St8sia3",0.000800368515643182,-1.55284180381604,0.038,0.136,1,"Not significant",0
"Pus7",0.000804472619762997,-1.0697589171141,0.09,0.209,1,"Not significant",0
"Scarb2",0.000807563877047774,-1.2996264590127,0.045,0.147,1,"Not significant",0
"Serac1",0.000809320217176772,-1.81978066410575,0.032,0.125,1,"Not significant",0
"Cyb5b",0.000814815111972127,-1.80015185735682,0.032,0.125,1,"Not significant",0
"Tubb3",0.000816979445272878,-1.2827526404483,0.077,0.189,1,"Not significant",0
"Trim37",0.000817872619054285,-0.766446500394085,0.16,0.303,1,"Not significant",0
"Lrrc8b",0.000818322052308748,-1.51721789408532,0.038,0.136,1,"Not significant",0
"Dmtf1",0.000818327103575648,-0.579953649433285,0.154,0.301,1,"Not significant",0
"Lgmn",0.000823454312922697,-1.69779013972714,0.026,0.116,1,"Not significant",0
"Dynlt1a",0.000823705807006446,-1.36521480064027,0.058,0.163,1,"Not significant",0
"Tmem29",0.000827032645036478,-1.54578704628209,0.058,0.161,1,"Not significant",0
"Bcl2l1",0.0008280452533667,-1.67641648893458,0.026,0.116,1,"Not significant",0
"Dync1h1",0.000829215521860809,0.520614179440417,0.667,0.642,1,"Not significant",0
"Erich3",0.000829217221862291,-0.978191677531024,0.071,0.185,1,"Not significant",0
"Nsun7",0.000831323009042601,-0.595573531786777,0.167,0.314,1,"Not significant",0
"Lsg1",0.000832130291430041,-1.1181219386755,0.051,0.156,1,"Not significant",0
"Pard3b",0.000834001972437464,-1.5075677240516,0.064,0.172,1,"Not significant",0
"Erbin",0.000834893329785023,-1.12128921775418,0.071,0.183,1,"Not significant",0
"Patz1",0.000837142253642302,-1.33824775304,0.071,0.18,1,"Not significant",0
"Iqsec2",0.000839384821308286,-0.746463986462833,0.179,0.319,1,"Not significant",0
"Radil",0.000846134995453408,-0.921913449142707,0.09,0.211,1,"Not significant",0
"Tnfrsf21",0.000846710966295584,-1.8733617043106,0.019,0.105,1,"Not significant",0
"Ythdc2",0.000847622293756843,-1.0453943687149,0.096,0.217,1,"Not significant",0
"Cnot6l",0.000848155900307913,-1.25418348825153,0.064,0.172,1,"Not significant",0
"Mier1",0.000850243876897645,-0.976649512722619,0.064,0.176,1,"Not significant",0
"Dnajc27",0.000851033424698453,-1.70986297202772,0.038,0.134,1,"Not significant",0
"Timp2",0.000851756693059479,-1.06565451878136,0.083,0.198,1,"Not significant",0
"1110032A03Rik",0.000857777111364631,-1.69171562531746,0.038,0.134,1,"Not significant",0
"Msh2",0.000860154227206231,-1.36521480064027,0.051,0.154,1,"Not significant",0
"Gabra5",0.000860366132560423,-0.546512200879361,0.135,0.266,1,"Not significant",0
"Tbcd",0.000861901480204012,-0.57380142245169,0.186,0.345,1,"Not significant",0
"Brd8",0.000866171585490897,-0.78774683646604,0.167,0.301,1,"Not significant",0
"Hpf1",0.0008677698772143,-1.38291680237373,0.045,0.145,1,"Not significant",0
"Tent2",0.00086869241842985,-1.349095135277,0.051,0.154,1,"Not significant",0
"Prkdc",0.000870138967613116,-0.861172295302683,0.122,0.251,1,"Not significant",0
"Tmed9",0.000871149175305308,-1.56452360886368,0.051,0.152,1,"Not significant",0
"Hspa12a",0.00087198659372469,-0.839145988972684,0.141,0.273,1,"Not significant",0
"Gabra3",0.000874229090322228,-0.808266676088712,0.16,0.297,1,"Not significant",0
"Rc3h1",0.000875028947624138,-0.830878372989084,0.147,0.279,1,"Not significant",0
"Diaph2",0.000875844118672989,-0.895729517339052,0.16,0.295,1,"Not significant",0
"Tdrd3",0.000878674747266178,-1.62155455390006,0.045,0.143,1,"Not significant",0
"Qsox2",0.000880246476785595,-1.65472141783526,0.032,0.125,1,"Not significant",0
"Bcl9",0.00088532129486581,-0.718851755254972,0.147,0.286,1,"Not significant",0
"Kmt5b",0.000890978129473521,-0.761636621751769,0.122,0.253,1,"Not significant",0
"Pacsin1",0.00089217271672112,0.469549849303643,0.769,0.791,1,"Not significant",0
"Gnl3l",0.000896107019866637,-0.567258576584917,0.141,0.283,1,"Not significant",0
"Papola",0.000899557823962988,-0.26367677417821,0.333,0.55,1,"Not significant",0
"Tcf12",0.00090113560125762,-0.738432124224489,0.147,0.288,1,"Not significant",0
"Zfp236",0.000901435178668206,-0.809999643313168,0.109,0.239,1,"Not significant",0
"Ola1",0.000902444962943329,-1.55284180381604,0.045,0.143,1,"Not significant",0
"Reck",0.000904572418222545,-2.21765761222641,0.019,0.103,1,"Not significant",0
"Sorbs1",0.000905998806843436,-0.320248069628781,0.34,0.547,1,"Not significant",0
"Nsmaf",0.000906373074778025,-0.702249787917843,0.167,0.31,1,"Not significant",0
"Dhx30",0.000908693085007644,-0.543213102618267,0.199,0.35,1,"Not significant",0
"Mpc1",0.00091059686413815,-1.08281506993955,0.109,0.228,1,"Not significant",0
"Opa1",0.000911258748851943,-0.641089552247491,0.122,0.259,1,"Not significant",0
"Prdm2",0.000914416432252983,-0.847366495777653,0.141,0.273,1,"Not significant",0
"Alkbh3",0.000916505319590399,-2.12602713676085,0.019,0.103,1,"Not significant",0
"Pdzrn4",0.000921792273253291,-1.33793119899795,0.442,0.56,1,"Not significant",0
"Rnf38",0.000923276055421066,-1.24973758322034,0.064,0.171,1,"Not significant",0
"Grm1",0.000924381598216254,-0.760729741654297,0.244,0.396,1,"Not significant",0
"Nphp1",0.000924427620786288,-2.0779328485598,0.019,0.103,1,"Not significant",0
"Gtpbp8",0.000925587806841646,-1.41030269016881,0.026,0.116,1,"Not significant",0
"Gm14204",0.000930533298217819,-1.40828352253216,0.058,0.161,1,"Not significant",0
"Wdr59",0.000932940506713726,-1.04614635989215,0.064,0.174,1,"Not significant",0
"Fancc",0.00093513921772331,-1.85825481192039,0.032,0.123,1,"Not significant",0
"Dnajb6",0.000937062223266434,-1.30679811441495,0.077,0.187,1,"Not significant",0
"Mboat7",0.00094468579327465,-1.13019477097607,0.09,0.206,1,"Not significant",0
"Stag2",0.000945517718998158,-1.00264472125556,0.103,0.224,1,"Not significant",0
"Mtor",0.000947303477965044,-0.64509271663748,0.179,0.328,1,"Not significant",0
"Pccb",0.000948003979520323,-1.81978066410575,0.032,0.123,1,"Not significant",0
"Cxxc4",0.000949533922626413,-1.11415303647255,0.083,0.196,1,"Not significant",0
"Abcb8",0.000954738950121212,-1.21024014066393,0.051,0.152,1,"Not significant",0
"Cs",0.000956530859282457,-1.0901075625059,0.077,0.189,1,"Not significant",0
"6330403K07Rik",0.000957404016200448,-0.917755823669051,0.083,0.202,1,"Not significant",0
"Nipsnap1",0.000958650362304814,-0.650741566922712,0.135,0.273,1,"Not significant",0
"Hlcs",0.000960689806953864,-0.900161763654312,0.128,0.255,1,"Not significant",0
"Tmem138",0.000960935358190965,-1.80015185735682,0.032,0.123,1,"Not significant",0
"Il1rap",0.00096332468540438,-1.76928118209811,0.064,0.167,1,"Not significant",0
"Atp2c1",0.000964895957222182,-0.579953649433285,0.154,0.299,1,"Not significant",0
"Coq3",0.00097638642522601,-1.46207633989286,0.032,0.125,1,"Not significant",0
"Cpne2",0.000980120844732246,-1.46207633989286,0.032,0.125,1,"Not significant",0
"Slc8a3",0.000980201703606952,-0.387450019114992,0.314,0.51,1,"Not significant",0
"Gm12940",0.000980909814310802,-0.575223497520888,0.167,0.312,1,"Not significant",0
"Mcu",0.000981381483660382,-1.0587877992931,0.083,0.2,1,"Not significant",0
"Trappc8",0.000984141998285663,-0.814199631842453,0.128,0.261,1,"Not significant",0
"Ndufaf4",0.000984688701958438,-1.12339688071617,0.096,0.213,1,"Not significant",0
"Trim44",0.000987177250879611,-0.73961031542177,0.103,0.228,1,"Not significant",0
"Mir100hg",0.000988082520161791,-0.385114358077977,0.481,0.697,1,"Not significant",0
"Dido1",0.000993049469358305,-0.626152265638486,0.244,0.394,1,"Not significant",0
"Fbn1",0.000995101791882371,-1.08691363815317,0.09,0.206,1,"Not significant",0
"Map2k2",0.000997792385523249,0.757746721831454,0.494,0.393,1,"Not significant",0
"Ube2d3",0.001001505693627,-1.69171562531746,0.038,0.132,1,"Not significant",0
"Lrpap1",0.00100843122328249,-0.74177815210448,0.071,0.183,1,"Not significant",0
"Epha7",0.00101034827930524,-2.1771424524877,0.026,0.112,1,"Not significant",0
"Zfp810",0.00101152664814565,-0.790668915864454,0.096,0.218,1,"Not significant",0
"Spryd3",0.00101737406926173,-1.65472141783526,0.038,0.132,1,"Not significant",0
"Eif4ebp2",0.00101860981346456,-0.932255393364166,0.019,0.103,1,"Not significant",0
"Sfxn1",0.00101929196642936,-0.780252299919116,0.167,0.301,1,"Not significant",0
"Ccnt2",0.00102345830007405,-0.795682340488722,0.16,0.295,1,"Not significant",0
"Ube2i",0.00102535599748432,-1.63586239058394,0.038,0.132,1,"Not significant",0
"Gm10069",0.00103199024585294,-1.58760722197672,0.045,0.141,1,"Not significant",0
"Fbxw11",0.00103347570126069,-0.797325813278057,0.045,0.147,1,"Not significant",0
"Gramd1b",0.00103351841038163,-0.486521096862406,0.218,0.38,1,"Not significant",0
"Zfp846",0.00103869629327192,-1.46377863512386,0.058,0.16,1,"Not significant",0
"Amz1",0.00103957612080751,-1.38115634450929,0.045,0.143,1,"Not significant",0
"Cep170",0.00104012366349357,-0.583560388914018,0.218,0.374,1,"Not significant",0
"Syt4",0.00104086945040759,-0.697790139727143,0.141,0.273,1,"Not significant",0
"Zfp618",0.00104224949507147,-0.613791153780375,0.096,0.22,1,"Not significant",0
"Ssbp2",0.00104523178633598,-0.471148245389337,0.244,0.418,1,"Not significant",0
"Afg1l",0.00104541511794558,-1.41252051541863,0.058,0.16,1,"Not significant",0
"Rpap2",0.00104853162972116,-1.61675356763624,0.032,0.123,1,"Not significant",0
"Scg3",0.00104934154122945,-0.797325813278057,0.122,0.251,1,"Not significant",0
"Exoc6",0.00105049918144431,-1.1294018635415,0.071,0.18,1,"Not significant",0
"Dgkh",0.00105150920445159,-0.553481438072094,0.205,0.356,1,"Not significant",0
"Sel1l3",0.00105641774413094,-2.34503691870264,0.019,0.101,1,"Not significant",0
"Sugp2",0.00105708842587793,0.799041450715348,0.455,0.358,1,"Not significant",0
"Sarnp",0.00105735145883326,-1.02669019522221,0.077,0.189,1,"Not significant",0
"Pex5l",0.00106152658595141,-0.792689403157339,0.263,0.42,1,"Not significant",0
"Abhd6",0.00106257510322673,-0.917755823669051,0.083,0.2,1,"Not significant",0
"Abcd3",0.00106385995042748,-1.11585533170355,0.071,0.18,1,"Not significant",0
"Nelfa",0.00106439026169634,-1.55785987858267,0.032,0.123,1,"Not significant",0
"Usp33",0.00106817683164712,-0.493948114762475,0.205,0.371,1,"Not significant",0
"Exd2",0.00106916142629539,-0.917755823669051,0.09,0.207,1,"Not significant",0
"Pcgf5",0.00107821901092119,-0.582806235712899,0.173,0.314,1,"Not significant",0
"Selenoi",0.00107864092474706,-1.49907054737506,0.045,0.141,1,"Not significant",0
"Mfsd10",0.00108162543863182,-1.15876392317285,0.038,0.134,1,"Not significant",0
"Xpr1",0.00108431629534983,-0.635862390583941,0.212,0.367,1,"Not significant",0
"Tmod3",0.00108476116578863,-2.10218039480648,0.019,0.101,1,"Not significant",0
"Rbm28",0.00108510469807288,-0.469123605884277,0.25,0.415,1,"Not significant",0
"Prkar2b",0.00108732719250545,-1.2996264590127,0.045,0.143,1,"Not significant",0
"Igsf8",0.00109016025384537,-0.841281733316676,0.147,0.275,1,"Not significant",0
"Ubap1",0.00109459573105867,-1.85825481192039,0.032,0.121,1,"Not significant",0
"Rft1",0.0010988416449235,-2.05327079432553,0.019,0.101,1,"Not significant",0
"Ppp4r2",0.00109887407669759,-1.3107670166179,0.064,0.169,1,"Not significant",0
"Rps6ka5",0.00110369431718322,-1.25942013661768,0.051,0.152,1,"Not significant",0
"Ergic1",0.00110844359099127,-0.676416488934576,0.16,0.299,1,"Not significant",0
"Nup205",0.00111447178479027,-1.02417788280521,0.103,0.22,1,"Not significant",0
"Hace1",0.00111871338655522,-1.51721789408532,0.038,0.132,1,"Not significant",0
"Nwd2",0.00112450492809643,-1.95017730136143,0.032,0.121,1,"Not significant",0
"Ppp2ca",0.00112486879703592,-1.78025229991912,0.032,0.121,1,"Not significant",0
"Snca",0.00112687413273981,-1.73444861030599,0.045,0.139,1,"Not significant",0
"Smad2",0.0011324859738614,-1.76007441798149,0.032,0.121,1,"Not significant",0
"Aifm1",0.0011324859738614,-1.76007441798149,0.032,0.121,1,"Not significant",0
"Rasa2",0.00113488220582726,-0.637127357820519,0.128,0.259,1,"Not significant",0
"Papolg",0.00113648871952852,-1.51721789408532,0.026,0.112,1,"Not significant",0
"Slc25a36",0.00113851551423226,-0.780252299919116,0.141,0.272,1,"Not significant",0
"Hdac4",0.00113876618591953,-0.986703177386542,0.147,0.273,1,"Not significant",0
"Arhgap1",0.00113959830089912,-1.44321731264155,0.038,0.132,1,"Not significant",0
"B230209E15Rik",0.00113961982457314,-0.662895349280957,0.135,0.272,1,"Not significant",0
"Mtch2",0.00113980456462184,-1.19528979919796,0.051,0.152,1,"Not significant",0
"Zfp961",0.00114924944199608,-0.780252299919116,0.058,0.165,1,"Not significant",0
"B4galt6",0.00115131266071504,-1.63269511150526,0.026,0.112,1,"Not significant",0
"Coro2b",0.00115587587268634,-1.12128921775418,0.083,0.194,1,"Not significant",0
"Cntrob",0.00115879444211909,-1.42410848969384,0.032,0.123,1,"Not significant",0
"Ppp1cc",0.00116059855426387,-1.30571378889161,0.058,0.16,1,"Not significant",0
"Sv2a",0.00116269707713518,-0.46766206961109,0.301,0.475,1,"Not significant",0
"Dnajb14",0.00116605263964225,-1.22771127689034,0.051,0.15,1,"Not significant",0
"Igdcc4",0.00116634387388945,-0.702631402796642,0.147,0.277,1,"Not significant",0
"Caln1",0.00116846667448134,-0.73134269943817,0.192,0.334,1,"Not significant",0
"Zfp654",0.00116846715293328,-1.70986297202772,0.038,0.13,1,"Not significant",0
"Tox2",0.00117365410443264,-0.592179951766544,0.192,0.339,1,"Not significant",0
"Senp1",0.00117654023633587,-1.02669019522221,0.077,0.189,1,"Not significant",0
"Prxl2a",0.00117771501320962,-1.69171562531746,0.038,0.13,1,"Not significant",0
"Atraid",0.00117938647073957,-0.808821452115887,0.115,0.24,1,"Not significant",0
"Ogdh",0.00117976612647164,-0.558588328505182,0.25,0.411,1,"Not significant",0
"Scrn1",0.00118131553059717,-1.23631706745801,0.064,0.169,1,"Not significant",0
"Cdc16",0.00118206612055331,-1.36521480064027,0.045,0.141,1,"Not significant",0
"C1qtnf4",0.00118699731220225,-1.65472141783526,0.038,0.13,1,"Not significant",0
"Lpcat3",0.00118741535091949,-1.12420670113648,0.051,0.152,1,"Not significant",0
"Ano5",0.00119282964343864,-2.02310882381528,0.026,0.11,1,"Not significant",0
"Ppil6",0.00119394873470163,-1.75600475367244,0.019,0.101,1,"Not significant",0
"Cramp1l",0.00119417415667363,-1.26303440583379,0.071,0.176,1,"Not significant",0
"Asap1",0.00119594617240005,-0.66477508249918,0.237,0.383,1,"Not significant",0
"Nsun6",0.00119632350784073,-1.63586239058394,0.038,0.13,1,"Not significant",0
"Gpr155",0.00119632350784073,-1.63586239058394,0.038,0.13,1,"Not significant",0
"Wwp2",0.00119632548508853,-0.682555626031982,0.115,0.244,1,"Not significant",0
"Gnai1",0.00120036940412692,-1.62155455390006,0.045,0.139,1,"Not significant",0
"Gpr89",0.00120333631924414,-1.0697589171141,0.077,0.187,1,"Not significant",0
"Adcy1",0.00120647327389921,-1.98188616108877,0.026,0.11,1,"Not significant",0
"Mark2",0.0012085094959256,-0.517217894085322,0.269,0.439,1,"Not significant",0
"Rbm33",0.00121831014086039,-0.326819421903262,0.199,0.365,1,"Not significant",0
"Samhd1",0.00122014200462005,-1.93945089476837,0.026,0.11,1,"Not significant",0
"Slc20a2",0.00122189480200884,-1.55284180381604,0.045,0.139,1,"Not significant",0
"Larp1b",0.00122535408319567,-0.707739800134748,0.058,0.163,1,"Not significant",0
"Stat2",0.00122562374642268,-1.38291680237373,0.038,0.132,1,"Not significant",0
"Prkce",0.0012314507315556,-0.310767016617896,0.5,0.683,1,"Not significant",0
"Uvssa",0.00123260185684157,-1.48479641639294,0.051,0.149,1,"Not significant",0
"Lrfn1",0.00123383229984413,-1.8733617043106,0.026,0.11,1,"Not significant",0
"Gan",0.0012338337632978,-1.89572951733905,0.026,0.11,1,"Not significant",0
"Hnrnpc",0.00123919744025165,-1.0901075625059,0.083,0.194,1,"Not significant",0
"Pdia6",0.00124171871656783,-1.1294018635415,0.064,0.169,1,"Not significant",0
"Gpr176",0.00124577576291746,-1.11089761190759,0.045,0.143,1,"Not significant",0
"Mycbp2",0.00124713577485107,0.214378527375041,0.987,0.989,1,"Not significant",0
"Phtf2",0.00124914839541675,-1.36521480064027,0.058,0.158,1,"Not significant",0
"Pgr",0.00125473031446955,-0.735264845145806,0.141,0.273,1,"Not significant",0
"Cep112",0.00125653801355728,0.530087820693035,0.731,0.699,1,"Not significant",0
"Nav2",0.00125744615553495,-0.476226774083018,0.712,0.842,1,"Not significant",0
"Dusp11",0.00125971789781039,-0.428408627127466,0.263,0.433,1,"Not significant",0
"Dhx40",0.00126430269030069,-1.53315943795434,0.045,0.139,1,"Not significant",0
"Btbd7",0.00126597801967192,-0.747830822226738,0.141,0.27,1,"Not significant",0
"Acsl6",0.0012660639284489,-0.815441728381416,0.135,0.262,1,"Not significant",0
"4933434E20Rik",0.00126657977071845,-1.25942013661768,0.051,0.15,1,"Not significant",0
"Arsb",0.00127183190346723,-0.676416488934576,0.083,0.2,1,"Not significant",0
"Hs3st5",0.00128411319095209,-0.741258168303252,0.192,0.33,1,"Not significant",0
"Camk2b",0.00128432577690746,0.496387600678416,0.686,0.697,1,"Not significant",0
"Pkig",0.00128491547777747,-1.25942013661768,0.051,0.15,1,"Not significant",0
"Zcchc14",0.00128641554591011,-0.488789485758805,0.16,0.297,1,"Not significant",0
"Sash1",0.00129163684528721,-0.688058601709369,0.16,0.294,1,"Not significant",0
"Prpf40a",0.00129305142807955,-0.585060539866373,0.25,0.4,1,"Not significant",0
"Epb41",0.00129347910835325,-0.39692366036761,0.141,0.286,1,"Not significant",0
"Npepps",0.00129697527117157,-0.466591821015354,0.353,0.528,1,"Not significant",0
"Acvr1b",0.00129963689677869,-1.12817560333942,0.045,0.141,1,"Not significant",0
"Kif2a",0.00130132071903103,-0.850641627810514,0.167,0.295,1,"Not significant",0
"D330023K18Rik",0.00130922829401348,-1.16727542302836,0.064,0.167,1,"Not significant",0
"Atp2b3",0.00131153393880281,-0.720751288170454,0.16,0.294,1,"Not significant",0
"Ppm1a",0.00131206289669374,-1.04077985014233,0.083,0.194,1,"Not significant",0
"Cdc73",0.00131586611225406,-1.78025229991912,0.032,0.119,1,"Not significant",0
"Rpn1",0.0013217292900251,-1.73444861030599,0.045,0.138,1,"Not significant",0
"Atp11c",0.0013220001793303,-1.35056802467587,0.058,0.158,1,"Not significant",0
"Ube2q2",0.00132503710812785,-1.21321170719522,0.045,0.141,1,"Not significant",0
"Cyhr1",0.00134038104384647,-0.915181880005224,0.077,0.187,1,"Not significant",0
"Slc20a1",0.00134276915859301,-0.913146570416461,0.09,0.204,1,"Not significant",0
"Sumo1",0.00135007332672123,-1.349095135277,0.051,0.149,1,"Not significant",0
"Nrip1",0.00135151150344095,-1.72778488002498,0.038,0.128,1,"Not significant",0
"Snx10",0.00135920700557278,-1.37749313041871,0.077,0.182,1,"Not significant",0
"Snx19",0.00136388910129673,-1.58760722197672,0.026,0.11,1,"Not significant",0
"Tnrc6c",0.00136862148955619,-0.352259145536359,0.538,0.741,1,"Not significant",0
"Rnf145",0.00137314089311889,-1.36521480064027,0.032,0.121,1,"Not significant",0
"Lyst",0.00137814013572185,-0.540118296195401,0.218,0.369,1,"Not significant",0
"Asic2",0.00137850535259898,-0.573496927929477,0.962,0.881,1,"Not significant",0
"Rp9",0.00139204879807001,-0.616753567636237,0.199,0.338,1,"Not significant",0
"Slc7a6",0.00139358986116043,-0.85479925328417,0.103,0.222,1,"Not significant",0
"Syt6",0.00140066636947067,-1.65472141783526,0.038,0.128,1,"Not significant",0
"Ano10",0.00140569187820839,-1.61675356763624,0.038,0.128,1,"Not significant",0
"Ezh1",0.00141632939857173,-1.01631965815264,0.071,0.176,1,"Not significant",0
"Lrp8",0.00141968828018563,-0.501677043189544,0.231,0.389,1,"Not significant",0
"Ggps1",0.00142271906799133,-0.947362285754374,0.096,0.211,1,"Not significant",0
"Rras2",0.00142353656766649,-1.93945089476837,0.026,0.108,1,"Not significant",0
"Ilrun",0.00142533616120972,-1.02986618999059,0.071,0.176,1,"Not significant",0
"Nars2",0.00142768534617536,-1.57775943602037,0.038,0.128,1,"Not significant",0
"Klhl12",0.00142851294348201,-1.46830829360438,0.051,0.147,1,"Not significant",0
"Prr14l",0.00143048372650727,-0.458324205031753,0.205,0.358,1,"Not significant",0
"Bmt2",0.00143727550605713,-1.21321170719522,0.038,0.13,1,"Not significant",0
"Stk38",0.00144042984303117,-0.371787454563758,0.276,0.448,1,"Not significant",0
"Dhtkd1",0.00144185925283188,-1.20726244086404,0.077,0.182,1,"Not significant",0
"Oga",0.00144300107613694,-0.346599122472925,0.199,0.354,1,"Not significant",0
"Bbs7",0.00144424974392106,-1.43629789870175,0.058,0.156,1,"Not significant",0
"Zfp207",0.0014456902864618,-0.780252299919116,0.128,0.251,1,"Not significant",0
"Arfgef1",0.00144727281484831,-0.486521096862406,0.224,0.378,1,"Not significant",0
"Dbn1",0.00145243506735728,0.647412807687477,0.577,0.538,1,"Not significant",0
"Ano4",0.00145263570081193,-0.715861712649161,0.173,0.31,1,"Not significant",0
"Npr2",0.00145322455117747,0.83787706473724,0.321,0.207,1,"Not significant",0
"Commd7",0.00145580995338545,-1.8733617043106,0.026,0.108,1,"Not significant",0
"Tomm34",0.00145899658345467,-1.55785987858267,0.032,0.119,1,"Not significant",0
"Ints3",0.00146197889733302,-1.07570818344529,0.128,0.244,1,"Not significant",0
"Rnf216",0.00146327754645675,-0.332793322947894,0.231,0.407,1,"Not significant",0
"Tmem260",0.00146374015825927,-1.19528979919796,0.064,0.165,1,"Not significant",0
"Rdx",0.00146898736342379,-0.555692041899958,0.141,0.273,1,"Not significant",0
"Senp6",0.00147489135750931,-0.427463241326993,0.263,0.428,1,"Not significant",0
"Tmem131l",0.00147556076664574,-0.958589541177628,0.083,0.193,1,"Not significant",0
"Camsap1",0.00147922473736087,-0.780252299919116,0.147,0.275,1,"Not significant",0
"Picalm",0.00148018418364644,-1.00264472125556,0.077,0.183,1,"Not significant",0
"Ybx1",0.00148089836836196,-0.552841803816043,0.179,0.319,1,"Not significant",0
"Tubgcp4",0.00148159891269158,-1.25418348825153,0.038,0.13,1,"Not significant",0
"Zfp157",0.00148703483140694,-1.06036021911185,0.071,0.176,1,"Not significant",0
"St6galnac3",0.00148930542943349,-0.962455631139865,0.122,0.242,1,"Not significant",0
"Naa16",0.0014930788056156,-1.50109822872204,0.045,0.138,1,"Not significant",0
"Slc24a2",0.00149342569682702,-0.39692366036761,0.282,0.457,1,"Not significant",0
"Rhot1",0.00150316846766208,-0.815876209649837,0.083,0.198,1,"Not significant",0
"Rbm6",0.00150337625685619,-0.398053413785475,0.397,0.598,1,"Not significant",0
"Tcp11l1",0.00150364084264389,-0.754257091386171,0.135,0.261,1,"Not significant",0
"Ldhb",0.00150862623365201,-1.21518935663567,0.032,0.121,1,"Not significant",0
"Ric3",0.00151026808665434,-1.00264472125556,0.058,0.16,1,"Not significant",0
"Mttp",0.00151312691345652,-1.55284180381604,0.038,0.128,1,"Not significant",0
"Man1a",0.00152165245293961,-1.54321310261827,0.051,0.147,1,"Not significant",0
"Zfat",0.00152218612118578,-1.45162955245774,0.045,0.138,1,"Not significant",0
"Gm13830",0.00152674915486663,-1.41252051541863,0.051,0.147,1,"Not significant",0
"Ndufaf5",0.00152698356648785,-1.33577102274779,0.058,0.156,1,"Not significant",0
"Prkca",0.00152865551522035,-0.888055589453631,0.231,0.372,1,"Not significant",0
"Ints2",0.00153155485358436,-1.12128921775418,0.083,0.191,1,"Not significant",0
"Prune2",0.00153625810593045,-0.862046391082763,0.083,0.194,1,"Not significant",0
"Cfdp1",0.00153666193456843,-1.00264472125556,0.122,0.239,1,"Not significant",0
"Trim66",0.0015413622780337,-1.46207633989286,0.038,0.128,1,"Not significant",0
"Kif1bp",0.00154354139428991,-1.32082068128182,0.058,0.156,1,"Not significant",0
"Wwc2",0.00154404414740034,-1.71885175525497,0.026,0.108,1,"Not significant",0
"Inpp5k",0.00154739807439873,-1.18135060824009,0.058,0.158,1,"Not significant",0
"Ap4e1",0.00154754797766306,-1.2904470322383,0.058,0.156,1,"Not significant",0
"March2",0.0015495599203014,-1.41768222053441,0.045,0.138,1,"Not significant",0
"Abcg1",0.00155551813046016,-0.963474123974886,0.071,0.176,1,"Not significant",0
"Xylt1",0.00155574789583623,-0.762330391921854,0.103,0.224,1,"Not significant",0
"Zfp397",0.00155919196522342,-1.73961031542177,0.032,0.117,1,"Not significant",0
"2900093K20Rik",0.00155926940279,-1.36521480064027,0.051,0.147,1,"Not significant",0
"Minar2",0.00155926940279,-1.36521480064027,0.051,0.147,1,"Not significant",0
"Oxr1",0.0015643472326586,-0.460634365718955,0.282,0.45,1,"Not significant",0
"Ier3ip1",0.00156640615735066,-0.989705665548065,0.083,0.193,1,"Not significant",0
"Spg7",0.00156742397975021,-0.85479925328417,0.109,0.226,1,"Not significant",0
"Scn9a",0.00156804921512935,-0.377493130418709,0.308,0.494,1,"Not significant",0
"Rorb",0.00157029028000657,-0.649007766640863,0.103,0.22,1,"Not significant",0
"Slc17a6",0.00157874664555703,-1.45402406759813,0.026,0.108,1,"Not significant",0
"Zfp266",0.00158025947176766,-1.69779013972714,0.032,0.117,1,"Not significant",0
"Xrcc6",0.00158026115254431,-1.71885175525497,0.032,0.117,1,"Not significant",0
"Retreg1",0.00158072258970694,-1.0697589171141,0.071,0.174,1,"Not significant",0
"Gap43",0.00158354514104856,-0.393229176809869,0.192,0.339,1,"Not significant",0
"9530059O14Rik",0.00158762015451678,-0.489737157663215,0.179,0.327,1,"Not significant",0
"Atpaf1",0.00158900018554261,-1.38291680237373,0.045,0.138,1,"Not significant",0
"Als2",0.00159037058051584,-1.23091370892868,0.045,0.138,1,"Not significant",0
"1500011B03Rik",0.00159083497955091,-1.67641648893458,0.032,0.117,1,"Not significant",0
"Lgals8",0.00159300120863052,-0.875030524671216,0.135,0.257,1,"Not significant",0
"Cdk12",0.00159544511348544,-0.442147460875136,0.282,0.444,1,"Not significant",0
"Khdrbs1",0.00159622706802469,-0.745486881758439,0.128,0.251,1,"Not significant",0
"Cacna1g",0.00160570609006656,0.699100012841441,0.5,0.424,1,"Not significant",0
"Krit1",0.00160663298384907,-0.728324507875255,0.154,0.284,1,"Not significant",0
"Pdpk1",0.00161215900748433,-0.593839175688235,0.141,0.272,1,"Not significant",0
"Ift52",0.0016222623341476,-1.17511191726033,0.032,0.119,1,"Not significant",0
"Rnps1",0.00162327915930628,-0.76297430848728,0.141,0.266,1,"Not significant",0
"Ccdc173",0.00163765911238855,-1.63586239058394,0.038,0.127,1,"Not significant",0
"Pikfyve",0.00164173320602695,-0.93604697252654,0.103,0.217,1,"Not significant",0
"Ccdc47",0.00164521522447,-0.817727005337779,0.083,0.194,1,"Not significant",0
"Zfp975",0.00164963900531686,-0.987847719327483,0.058,0.158,1,"Not significant",0
"Sec61a1",0.00166763033779747,-1.36521480064027,0.058,0.154,1,"Not significant",0
"Fez1",0.00166888190723142,-1.36521480064027,0.071,0.171,1,"Not significant",0
"Dcaf10",0.00167514020858856,-1.06470568938782,0.058,0.158,1,"Not significant",0
"Kcnh8",0.00167867749940488,-0.963964253091504,0.083,0.191,1,"Not significant",0
"Rubcn",0.00167923129520781,-0.618501229922504,0.147,0.281,1,"Not significant",0
"Usp40",0.00168707946599134,-0.557859878582668,0.192,0.334,1,"Not significant",0
"Mllt10",0.00169511658569084,-0.25829959672376,0.282,0.468,1,"Not significant",0
"Tnpo3",0.00170224185105819,-0.758225993589117,0.173,0.303,1,"Not significant",0
"Aarsd1",0.00170679261341885,-1.27329231119923,0.038,0.128,1,"Not significant",0
"Mcts1",0.00170679261341885,-1.27329231119923,0.038,0.128,1,"Not significant",0
"Avl9",0.00171601852320205,-1.51721789408532,0.032,0.117,1,"Not significant",0
"Zzz3",0.0017204271630276,-0.902242824297726,0.077,0.185,1,"Not significant",0
"Ttll7",0.00172147843755586,-0.633862812937593,0.173,0.308,1,"Not significant",0
"Arhgap24",0.0017234769358226,-1.26723964107697,0.09,0.196,1,"Not significant",0
"Aida",0.00172620140554212,-1.80409904187348,0.026,0.106,1,"Not significant",0
"Gspt1",0.00173202781913945,-0.767541248169562,0.083,0.194,1,"Not significant",0
"Snx6",0.00173279743767242,-1.08064723325684,0.096,0.206,1,"Not significant",0
"Mov10",0.00173338803829416,-1.2348181633846,0.038,0.128,1,"Not significant",0
"Rad52",0.00173573727451742,-1.78025229991912,0.026,0.106,1,"Not significant",0
"Myo1b",0.00173654370385435,-1.53513980208258,0.038,0.127,1,"Not significant",0
"Sugp1",0.00173774079218168,-0.789838348748314,0.135,0.255,1,"Not significant",0
"Nup160",0.00175012562448589,-0.987847719327483,0.064,0.165,1,"Not significant",0
"Wbp2",0.00175030001145315,-1.55284180381604,0.038,0.127,1,"Not significant",0
"Nrg2",0.00175340450904486,-0.491906805556134,0.179,0.325,1,"Not significant",0
"Tango6",0.001755250587494,-1.25418348825153,0.064,0.163,1,"Not significant",0
"Foxj3",0.00175706095488632,-1.07981258177802,0.064,0.165,1,"Not significant",0
"Cyth3",0.00176843061012014,-1.19528979919796,0.051,0.147,1,"Not significant",0
"Depdc5",0.00177205154898885,-0.601282158873796,0.128,0.255,1,"Not significant",0
"Rps6kc1",0.00177333998130115,-0.62684238525982,0.186,0.319,1,"Not significant",0
"Csnk1g3",0.00177391481988826,-0.804099041873484,0.09,0.204,1,"Not significant",0
"Cpeb4",0.00177655592272065,-0.807733036341223,0.135,0.257,1,"Not significant",0
"Runx1t1",0.0017775471104565,-1.12602713676085,0.077,0.182,1,"Not significant",0
"Retreg2",0.0017950619471209,-0.815876209649837,0.09,0.2,1,"Not significant",0
"Tatdn3",0.00179659655954049,-1.1771424524877,0.045,0.138,1,"Not significant",0
"Unk",0.00180223744342947,-0.610327298476804,0.115,0.239,1,"Not significant",0
"Sec63",0.00180364504721123,-1.02669019522221,0.09,0.198,1,"Not significant",0
"Kiz",0.00180532585150568,-1.16929459066501,0.077,0.18,1,"Not significant",0
"Shisal1",0.00181318363375022,-1.2996264590127,0.045,0.136,1,"Not significant",0
"Zfp521",0.00182514184289993,-1.53924420041532,0.071,0.169,1,"Not significant",0
"Pank2",0.00183668667672336,-1.38511435807798,0.038,0.127,1,"Not significant",0
"Map3k2",0.00183825742768359,-0.858254811920389,0.122,0.24,1,"Not significant",0
"Egfem1",0.00183878110207714,-0.538434379995018,0.372,0.527,1,"Not significant",0
"Nfyc",0.00184585219552029,-0.928005920362808,0.071,0.176,1,"Not significant",0
"Dnajc16",0.00185087763919647,-1.36521480064027,0.038,0.127,1,"Not significant",0
"Stip1",0.00185561687908878,-1.29482547274887,0.083,0.185,1,"Not significant",0
"Ppp4r3b",0.00185929231011585,-1.27620979458153,0.077,0.178,1,"Not significant",0
"Carf",0.00187402061034841,-1.34729289264301,0.045,0.136,1,"Not significant",0
"Med23",0.00187658406594495,-1.32914554593275,0.045,0.136,1,"Not significant",0
"Mir99ahg",0.00187739156261186,-0.513694827521625,0.295,0.451,1,"Not significant",0
"Brat1",0.0018833672922617,-1.63269511150526,0.032,0.116,1,"Not significant",0
"Coq2",0.0018904248807206,-1.32914554593275,0.045,0.136,1,"Not significant",0
"Pak1",0.00189192231050007,-0.628249206474066,0.109,0.224,1,"Not significant",0
"Afg3l2",0.00189712049339753,-0.658946003696983,0.135,0.262,1,"Not significant",0
"Tnk2",0.00190509563881564,-0.630675943868606,0.205,0.345,1,"Not significant",0
"Vps53",0.00191538713912526,-0.616132920158009,0.141,0.266,1,"Not significant",0
"Dcaf5",0.00191558558188845,-0.789470829948494,0.128,0.248,1,"Not significant",0
"Focad",0.00191672887143761,-0.541879948319591,0.256,0.411,1,"Not significant",0
"Xkr4",0.00191854165251198,-0.387934877140356,0.788,0.87,1,"Not significant",0
"Patj",0.00192540491753101,-0.675721716447809,0.128,0.253,1,"Not significant",0
"Rad54l2",0.00193110959371479,-0.660953371546772,0.083,0.194,1,"Not significant",0
"Sclt1",0.00193624301435225,-0.335079082666953,0.301,0.473,1,"Not significant",0
"Iglon5",0.00193634493067269,-1.59738824276931,0.038,0.125,1,"Not significant",0
"Fam135a",0.00193792980190787,-0.72580451589674,0.186,0.314,1,"Not significant",0
"Camkk2",0.00194032390360048,-1.14638019871701,0.083,0.187,1,"Not significant",0
"Gm29683",0.00194394555627921,-2.19528979919796,0.032,0.114,1,"Not significant",0
"Edem3",0.00194474183829667,-1.0494389327345,0.058,0.156,1,"Not significant",0
"Zfp738",0.00195136940952351,-1.55785987858267,0.038,0.125,1,"Not significant",0
"Arcn1",0.00195891170653162,-1.18135060824009,0.064,0.161,1,"Not significant",0
"Slc4a1ap",0.001963916198163,-0.865141197505629,0.115,0.231,1,"Not significant",0
"Lrrn3",0.0019694732501894,-1.01729149721996,0.064,0.163,1,"Not significant",0
"Yme1l1",0.00197028018674162,-0.605165593361025,0.173,0.308,1,"Not significant",0
"Prmt7",0.00198256368374579,-0.684036984659813,0.154,0.277,1,"Not significant",0
"Lman2l",0.00198653415446753,-0.876011282724547,0.071,0.174,1,"Not significant",0
"Rasa3",0.00198921620311511,-0.932255393364166,0.109,0.222,1,"Not significant",0
"Bptf",0.00199193559042269,0.475982273809337,0.686,0.67,1,"Not significant",0
"Anapc4",0.00199621136394945,-0.713138104060579,0.167,0.294,1,"Not significant",0
"Lactb2",0.00200065235769685,-1.8733617043106,0.026,0.105,1,"Not significant",0
"Atp6ap2",0.00200487702466552,-0.921114835758965,0.051,0.147,1,"Not significant",0
"Nefm",0.00201166282417427,1.48674011948336,0.218,0.123,1,"Not significant",0
"Emc2",0.00201183847182874,-1.82755801469747,0.026,0.105,1,"Not significant",0
"Msl2",0.00201184305414166,-1.85064162781051,0.026,0.105,1,"Not significant",0
"Pogz",0.00201863607000045,-0.648148763911771,0.186,0.319,1,"Not significant",0
"Syngr1",0.00202959154709132,-0.878099623317261,0.083,0.191,1,"Not significant",0
"H13",0.00203378726857795,-0.600044325214943,0.218,0.354,1,"Not significant",0
"Cryzl1",0.00204175806951301,-0.460634365718955,0.224,0.372,1,"Not significant",0
"Tmem201",0.00204393725260293,-1.04614635989215,0.058,0.156,1,"Not significant",0
"D430041D05Rik",0.00205285891726587,-0.460495304073381,0.308,0.464,1,"Not significant",0
"Kidins220",0.00205611301013663,-0.357910000017039,0.468,0.659,1,"Not significant",0
"Chchd3",0.00205814646604768,-0.391687012001463,0.186,0.323,1,"Not significant",0
"Pou2f1",0.00205906919476151,-0.581706620537036,0.147,0.279,1,"Not significant",0
"Sos1",0.0020814716655493,-0.625277639942775,0.154,0.286,1,"Not significant",0
"Wtap",0.0020818820923499,-1.19528979919796,0.032,0.116,1,"Not significant",0
"Zswim6",0.00208259614479061,-1.21024014066393,0.051,0.145,1,"Not significant",0
"Prrc2b",0.00208499196587676,-0.19528979919796,0.288,0.473,1,"Not significant",0
"Fam227a",0.00209124360376557,-0.72101309654444,0.141,0.266,1,"Not significant",0
"Tdrd7",0.00209256149718606,-1.13388925453382,0.058,0.154,1,"Not significant",0
"Cwc27",0.00209608580419687,-0.712565492407541,0.205,0.338,1,"Not significant",0
"Mad1l1",0.00210105471683224,-1.349095135277,0.051,0.143,1,"Not significant",0
"Mettl17",0.00210588559624334,-0.884588959733851,0.096,0.207,1,"Not significant",0
"Osbpl6",0.00210666497253266,-0.255889810201931,0.5,0.714,1,"Not significant",0
"Git2",0.00211326446483929,-0.533159437954344,0.154,0.283,1,"Not significant",0
"Zfp507",0.00211429220566696,-1.42410848969384,0.038,0.125,1,"Not significant",0
"Srpr",0.0021207039253963,-0.821474962645629,0.122,0.237,1,"Not significant",0
"Rttn",0.00212642584299917,-1.76007441798149,0.032,0.114,1,"Not significant",0
"Nup93",0.0021279526417736,-0.989705665548065,0.077,0.18,1,"Not significant",0
"Syncrip",0.00213047018489772,-0.675282740317574,0.077,0.182,1,"Not significant",0
"Gpm6b",0.00213839235730476,-0.895729517339052,0.071,0.172,1,"Not significant",0
"Pnkd",0.0021443116843495,-0.904241017194569,0.135,0.25,1,"Not significant",0
"Prkar1a",0.00215507086477016,-0.621554553900058,0.103,0.218,1,"Not significant",0
"Pkm",0.00215885357450759,-0.945311546189612,0.115,0.228,1,"Not significant",0
"Atp1a3",0.0021598943699178,-0.242338372002391,0.449,0.697,1,"Not significant",0
"Gpbp1l1",0.00216439486762598,-1.09145398821342,0.096,0.202,1,"Not significant",0
"Ppp2r3a",0.00216871693996782,-0.536758080480967,0.179,0.31,1,"Not significant",0
"Cfap300",0.00216970625811859,-1.67641648893458,0.032,0.114,1,"Not significant",0
"Gna11",0.00217128659901153,-0.895729517339052,0.077,0.182,1,"Not significant",0
"Rbfox1",0.00217725544693287,-0.532053822208842,0.929,0.892,1,"Not significant",0
"Atat1",0.0021777606959256,-0.801947371018435,0.103,0.217,1,"Not significant",0
"Trpc3",0.00218399474192997,-1.0697589171141,0.045,0.136,1,"Not significant",0
"Pafah1b2",0.00218546556554136,-1.58760722197672,0.026,0.105,1,"Not significant",0
"Ubtf",0.00219074450868867,0.947668154644083,0.25,0.149,1,"Not significant",0
"Tbc1d1",0.00220088387019042,-0.873361704310597,0.09,0.196,1,"Not significant",0
"Nudcd3",0.00220352851219668,-0.383493534358581,0.244,0.404,1,"Not significant",0
"Ankmy2",0.00221115771430106,-1.29215133845055,0.045,0.134,1,"Not significant",0
"Nup214",0.00221294132127371,-0.674759171071802,0.115,0.233,1,"Not significant",0
"Ankrd13a",0.00222191441664563,-0.870854848700023,0.083,0.189,1,"Not significant",0
"B130055M24Rik",0.00222210250308524,-1.51721789408532,0.026,0.105,1,"Not significant",0
"Lcmt1",0.00223434048350282,-1.49297034783864,0.026,0.105,1,"Not significant",0
"Stx7",0.00223644271444122,-1.12128921775418,0.045,0.134,1,"Not significant",0
"Heatr5b",0.00224124357351689,-1.14638019871701,0.083,0.185,1,"Not significant",0
"Ints4",0.002246590627812,-1.46830829360438,0.026,0.105,1,"Not significant",0
"Kalrn",0.00224979978692373,-0.272774975144315,0.763,0.917,1,"Not significant",0
"Armc2",0.00225168847871777,-0.853501281949754,0.058,0.152,1,"Not significant",0
"Cdyl2",0.00225251387776931,-1.57775943602037,0.038,0.123,1,"Not significant",0
"Ociad1",0.00226053155021349,-1.01729149721996,0.064,0.161,1,"Not significant",0
"Lsm14a",0.00226999898391421,-1.55785987858267,0.038,0.123,1,"Not significant",0
"Grm3",0.00227316382261755,-0.867715141169455,0.096,0.206,1,"Not significant",0
"Scn8a",0.00227516807198335,-0.242778724979279,0.385,0.607,1,"Not significant",0
"Ubash3b",0.00227759739412744,-0.948196937233188,0.122,0.237,1,"Not significant",0
"Vps45",0.00229223664804411,-1.01729149721996,0.071,0.171,1,"Not significant",0
"Rab12",0.00229509271164344,-0.510492030897009,0.179,0.317,1,"Not significant",0
"Eif2ak1",0.00230072411692576,-1.41768222053441,0.051,0.141,1,"Not significant",0
"Zfp451",0.00231088723696087,-0.741258168303252,0.122,0.239,1,"Not significant",0
"Fam216a",0.00231156827675785,-0.769281182098112,0.103,0.217,1,"Not significant",0
"4930549G23Rik",0.00231659001100003,-0.819780664105753,0.083,0.189,1,"Not significant",0
"Fbxo22",0.00231870820302228,-1.46207633989286,0.045,0.132,1,"Not significant",0
"Rhobtb2",0.00231870820302228,-1.46207633989286,0.045,0.132,1,"Not significant",0
"Tmem62",0.00232304551066007,-1.38291680237373,0.051,0.141,1,"Not significant",0
"Thy1",0.00233238145429334,-1.05588674253254,0.096,0.202,1,"Not significant",0
"C87436",0.00233698774168419,-0.917755823669051,0.103,0.213,1,"Not significant",0
"Stx2",0.00233749285696816,-1.06470568938782,0.064,0.161,1,"Not significant",0
"Ywhaq",0.00234094898234589,-0.800151857356821,0.115,0.231,1,"Not significant",0
"Ep300",0.00234329549676314,-0.450944674666156,0.199,0.345,1,"Not significant",0
"Yaf2",0.00234621185768353,-1.49645933391852,0.032,0.114,1,"Not significant",0
"Cdip1",0.00235386887278169,-0.758225993589117,0.109,0.224,1,"Not significant",0
"Usp15",0.00235997545790123,-0.339948042029842,0.244,0.417,1,"Not significant",0
"Ikbkb",0.00236778663462835,-0.990470007309461,0.083,0.187,1,"Not significant",0
"Tert",0.00236944078480851,-1.80409904187348,0.026,0.103,1,"Not significant",0
"Celf5",0.00237846949699244,0.546492811266022,0.635,0.615,1,"Not significant",0
"Shisa6",0.00237914237908874,-2.06036021911185,0.026,0.103,1,"Not significant",0
"Ddc",0.00238124678461187,-2.0697589171141,0.032,0.112,1,"Not significant",0
"Rnf144a",0.00238262024757514,-1.78025229991912,0.026,0.103,1,"Not significant",0
"Ccar2",0.00238262024757514,-1.78025229991912,0.026,0.103,1,"Not significant",0
"Adk",0.00238939827429194,-1.08837459528145,0.064,0.161,1,"Not significant",0
"Wdr7",0.00239906000985144,-0.330641652092846,0.237,0.393,1,"Not significant",0
"Atpif1",0.00240183452753973,-1.14524911669836,0.051,0.143,1,"Not significant",0
"Gm10862",0.00240902340092672,-1.73134269943817,0.026,0.103,1,"Not significant",0
"Vwc2l",0.00240932052611208,-0.773910773045289,0.128,0.248,1,"Not significant",0
"Ubac1",0.00240952687179094,-1.41030269016881,0.032,0.114,1,"Not significant",0
"L2hgdh",0.00241059073634852,-1.05778627544802,0.045,0.134,1,"Not significant",0
"Jakmip2",0.00241532625919407,-0.319985546647274,0.276,0.446,1,"Not significant",0
"Acvr2b",0.00241571077726687,-0.945311546189612,0.122,0.233,1,"Not significant",0
"Ice1",0.00241667623848401,0.659032745606405,0.519,0.45,1,"Not significant",0
"Zfp354c",0.00241796745918091,-1.22771127689034,0.051,0.141,1,"Not significant",0
"Mthfs",0.00242546598256932,-1.38793487714036,0.032,0.114,1,"Not significant",0
"Elfn2",0.00242784143334946,-0.804099041873484,0.09,0.196,1,"Not significant",0
"Atad2b",0.00243619452710976,-0.506077336480122,0.218,0.367,1,"Not significant",0
"Rph3a",0.00244095786118378,-0.446828566193924,0.173,0.305,1,"Not significant",0
"Podxl2",0.00244341347557336,0.706934985115563,0.519,0.451,1,"Not significant",0
"Cdc7",0.0024545031879707,-1.16491615015444,0.064,0.16,1,"Not significant",0
"Cnrip1",0.0024581290581992,-0.875409532959456,0.115,0.226,1,"Not significant",0
"Dennd5b",0.00245980019653808,-0.406344676600127,0.282,0.437,1,"Not significant",0
"Eif4e",0.00246173141720765,-1.05327079432553,0.058,0.152,1,"Not significant",0
"Ywhaz",0.00246173141720765,-1.05327079432553,0.058,0.152,1,"Not significant",0
"Pknox1",0.00247076521411285,-1.36521480064027,0.045,0.132,1,"Not significant",0
"Tubgcp5",0.00247104193500476,-1.01631965815264,0.077,0.178,1,"Not significant",0
"Lrrc58",0.00247111760299605,-0.937793576905596,0.058,0.152,1,"Not significant",0
"Ina",0.00247404310478404,-1.35056802467587,0.064,0.158,1,"Not significant",0
"Grb14",0.00247637235374778,-1.1771424524877,0.038,0.125,1,"Not significant",0
"Col26a1",0.00247870982313786,-1.76297430848728,0.038,0.121,1,"Not significant",0
"Epb41l1",0.00248552457853447,0.499855619273619,0.718,0.708,1,"Not significant",0
"Rab11fip3",0.00248998739958615,-0.397782663096703,0.282,0.433,1,"Not significant",0
"Wapl",0.00249073197994297,-0.801947371018435,0.167,0.284,1,"Not significant",0
"Aggf1",0.00249250045215239,-1.34729289264301,0.045,0.132,1,"Not significant",0
"Clta",0.00249570048043841,-1.07570818344529,0.051,0.143,1,"Not significant",0
"Hnrnpul1",0.00250510782136823,-0.946610686341236,0.071,0.171,1,"Not significant",0
"P2rx4",0.00251005941910122,-0.640074641870856,0.064,0.163,1,"Not significant",0
"Snap47",0.00251940366664516,-0.834700083941492,0.141,0.255,1,"Not significant",0
"Jpx",0.00252131131664639,-0.712348235417313,0.128,0.248,1,"Not significant",0
"Hacd1",0.00252430962429029,-0.434256445069923,0.231,0.38,1,"Not significant",0
"Gm13481",0.0025254081909915,-1.48596696010088,0.051,0.139,1,"Not significant",0
"Osbpl8",0.00254528549272082,-0.626339616465434,0.122,0.239,1,"Not significant",0
"Abca8b",0.00254984018109376,-1.00264472125556,0.096,0.202,1,"Not significant",0
"Fbrsl1",0.00255096248816883,-0.365214800640272,0.192,0.334,1,"Not significant",0
"Itga3",0.00255498507365607,-1.3107670166179,0.045,0.132,1,"Not significant",0
"Atl3",0.00255612235933277,-1.36521480064027,0.058,0.149,1,"Not significant",0
"Smurf1",0.0025588243552692,-0.789838348748314,0.128,0.242,1,"Not significant",0
"Glra1",0.00255981429838876,-2.23091370892868,0.026,0.101,1,"Not significant",0
"Gfpt1",0.00256119320495062,-1.32457281614293,0.064,0.158,1,"Not significant",0
"Acsl1",0.00257123886147581,-0.979561108142523,0.09,0.194,1,"Not significant",0
"Gabpb2",0.00260402171811019,-1.13870627083159,0.064,0.16,1,"Not significant",0
"Polr3f",0.0026183556317768,-1.59738824276931,0.038,0.121,1,"Not significant",0
"Chp1",0.00262201370773068,-1.19528979919796,0.051,0.141,1,"Not significant",0
"Hira",0.0026228676638171,-0.765605523954714,0.173,0.295,1,"Not significant",0
"Mapk4",0.00263127115649299,-1.3107670166179,0.038,0.123,1,"Not significant",0
"Kcnc1",0.00263348336834266,-0.344381297223106,0.237,0.391,1,"Not significant",0
"Anxa7",0.00263851150326078,-1.33279332294789,0.058,0.149,1,"Not significant",0
"Akap1",0.00263991830143476,-1.49907054737506,0.045,0.13,1,"Not significant",0
"Gfod1",0.00264308826760517,-1.11089761190759,0.038,0.123,1,"Not significant",0
"Dctn4",0.00264455751984943,-0.925682739440679,0.122,0.233,1,"Not significant",0
"Bzw2",0.00264906504870401,-0.402447706839247,0.128,0.25,1,"Not significant",0
"Pacsin2",0.00265907136443181,-1.53768199664504,0.038,0.121,1,"Not significant",0
"Peli1",0.00265907632527422,-1.55785987858267,0.038,0.121,1,"Not significant",0
"Pdia3",0.00265973040848101,-0.758225993589117,0.096,0.206,1,"Not significant",0
"Golga4",0.00266248440834171,0.496161135715878,0.654,0.607,1,"Not significant",0
"Bbx",0.00266565661024248,-0.596169235480144,0.147,0.273,1,"Not significant",0
"Ldlrad3",0.00266897472645852,-1.59738824276931,0.032,0.112,1,"Not significant",0
"Thsd7a",0.00267445485753562,-0.659757007732555,0.173,0.308,1,"Not significant",0
"Me2",0.00267956603319352,-1.51721789408532,0.038,0.121,1,"Not significant",0
"Cdadc1",0.00268242185922159,-0.788245090672646,0.16,0.279,1,"Not significant",0
"Tcf25",0.00268905553783547,0.501518668496264,0.654,0.668,1,"Not significant",0
"Rrp1",0.00269821626567766,0.96820893308492,0.301,0.198,1,"Not significant",0
"Txndc12",0.0027001475765604,-1.49645933391852,0.038,0.121,1,"Not significant",0
"Gtf3c3",0.00271312212162565,-1.51721789408532,0.032,0.112,1,"Not significant",0
"Mindy4",0.00274253397082559,-1.85064162781051,0.026,0.101,1,"Not significant",0
"Senp7",0.00275784422804239,-0.39615850784854,0.333,0.499,1,"Not significant",0
"Luzp2",0.00277346230723566,-0.951620718231097,0.269,0.394,1,"Not significant",0
"Smarcad1",0.00277353493848243,-0.524791113790123,0.173,0.306,1,"Not significant",0
"Slc36a4",0.00278668571491389,-1.43232899649881,0.032,0.112,1,"Not significant",0
"AI480526",0.0027918586394932,-0.829495818938965,0.122,0.235,1,"Not significant",0
"Apba1",0.00279669331949872,-0.202784335744884,0.372,0.602,1,"Not significant",0
"Dars",0.00280290845900939,-1.23968391855641,0.032,0.112,1,"Not significant",0
"Ap1ar",0.00280436236077265,-1.75600475367244,0.026,0.101,1,"Not significant",0
"Fam78b",0.00280586866121962,-1.04328670575291,0.071,0.167,1,"Not significant",0
"Eno2",0.00281475964920511,0.866110745466184,0.423,0.352,1,"Not significant",0
"Cys1",0.00281986814866308,-1.73134269943817,0.026,0.101,1,"Not significant",0
"Tenm1",0.00282171791448153,-0.462903810544102,0.571,0.721,1,"Not significant",0
"Sh3rf3",0.00282309089783032,-0.463778635123862,0.218,0.36,1,"Not significant",0
"Sox5",0.00283188486772248,-1.32914554593275,0.083,0.182,1,"Not significant",0
"Nxpe3",0.0028353924873869,-1.70625171847534,0.026,0.101,1,"Not significant",0
"Stradb",0.00283830380866648,-1.38793487714036,0.032,0.112,1,"Not significant",0
"9330159F19Rik",0.0028468576500728,-0.392436269375296,0.269,0.428,1,"Not significant",0
"C130026L21Rik",0.00284712538799478,-1.42410848969384,0.038,0.121,1,"Not significant",0
"Brwd3",0.00286541188961859,-1.21159161152706,0.058,0.149,1,"Not significant",0
"Arrb1",0.00287052134579885,-0.398229857868235,0.199,0.338,1,"Not significant",0
"Suz12",0.00287391230407059,-1.04077985014233,0.09,0.191,1,"Not significant",0
"Sp3",0.00288609471448971,-0.881790326381178,0.071,0.167,1,"Not significant",0
"Mdh1",0.00289568757159674,-1.19528979919796,0.058,0.149,1,"Not significant",0
"Ubac2",0.00289898476845256,-0.644597200561549,0.109,0.224,1,"Not significant",0
"Ltn1",0.00290231882702704,-0.74093937589429,0.16,0.279,1,"Not significant",0
"Vstm2a",0.0029049008474671,-1.2827526404483,0.051,0.139,1,"Not significant",0
"Aktip",0.00292313667120759,-0.693540666725785,0.083,0.187,1,"Not significant",0
"Sh3d19",0.00293740099114461,-0.991756405112828,0.096,0.2,1,"Not significant",0
"Calb1",0.00294278874899331,-1.2904470322383,0.045,0.13,1,"Not significant",0
"Gripap1",0.00294895389998463,0.671311075384842,0.506,0.453,1,"Not significant",0
"B930095G15Rik",0.00295096962036021,-1.69779013972714,0.032,0.11,1,"Not significant",0
"Csnk2a1",0.00296020635381355,-0.604095344765289,0.135,0.255,1,"Not significant",0
"Cep350",0.00296081724435289,-0.345451545818842,0.353,0.523,1,"Not significant",0
"Kcnmb2",0.00297673143237084,-1.55674625827196,0.071,0.163,1,"Not significant",0
"Zfand5",0.002983571004924,-1.27329231119923,0.045,0.13,1,"Not significant",0
"Lmbr1",0.00298502796458523,-0.716826919777482,0.147,0.27,1,"Not significant",0
"Tor1aip2",0.00299056370646146,-1.63269511150526,0.032,0.11,1,"Not significant",0
"Fzd3",0.00299056370646146,-1.63269511150526,0.032,0.11,1,"Not significant",0
"Dgkb",0.00299181309947266,-0.404284365318865,0.667,0.807,1,"Not significant",0
"Vgll4",0.00300714611831106,-1.32914554593275,0.038,0.121,1,"Not significant",0
"Tapt1",0.00301045534715877,-1.6103272984768,0.032,0.11,1,"Not significant",0
"Ttc26",0.00301045534715877,-1.6103272984768,0.032,0.11,1,"Not significant",0
"Vti1b",0.00301045534715877,-1.6103272984768,0.032,0.11,1,"Not significant",0
"Tnks2",0.00303013334263621,-0.56093927151464,0.179,0.308,1,"Not significant",0
"H3f3b",0.00303040462131452,-1.58760722197672,0.032,0.11,1,"Not significant",0
"Hdlbp",0.00303108862975283,-0.663438634936366,0.141,0.261,1,"Not significant",0
"Meaf6",0.00303193846418436,-0.324572816142926,0.179,0.321,1,"Not significant",0
"Rad9b",0.00303444877407319,-1.00264472125556,0.032,0.112,1,"Not significant",0
"Zfp341",0.00304593865046327,-1.51721789408532,0.026,0.101,1,"Not significant",0
"Trap1",0.00304611335778687,-1.00264472125556,0.077,0.174,1,"Not significant",0
"Ccdc138",0.00305054765456393,-1.49297034783864,0.026,0.101,1,"Not significant",0
"Armc9",0.00305281033685952,-0.396202493123956,0.327,0.506,1,"Not significant",0
"Afap1",0.00306737078382874,-1.46830829360438,0.026,0.101,1,"Not significant",0
"Fam45a",0.00307664629413197,-1.13388925453382,0.058,0.149,1,"Not significant",0
"Cpeb1",0.00308523104242854,-0.65923689895775,0.135,0.255,1,"Not significant",0
"Itgb3bp",0.00308857515349866,-1.53768199664504,0.038,0.119,1,"Not significant",0
"Scfd1",0.00309548833501765,-0.581706620537036,0.16,0.284,1,"Not significant",0
"4930447C04Rik",0.00309791049634437,-0.770974486331105,0.115,0.226,1,"Not significant",0
"Ube2v2",0.00309921046532894,-0.835747412510819,0.077,0.178,1,"Not significant",0
"Wdr44",0.00310136395952369,-0.844382637338832,0.032,0.114,1,"Not significant",0
"Simc1",0.00310780660044297,-0.564523608863679,0.192,0.321,1,"Not significant",0
"Brwd1",0.00310986376010643,0.466293983126109,0.686,0.694,1,"Not significant",0
"Eftud2",0.00312409859920977,-0.711304946201624,0.115,0.228,1,"Not significant",0
"Arhgef9",0.00312428913204726,-0.827558014697472,0.128,0.24,1,"Not significant",0
"Copa",0.00313096347513562,-0.622461054112659,0.173,0.299,1,"Not significant",0
"Rapgef1",0.00313412159338442,-0.469323203981011,0.224,0.361,1,"Not significant",0
"Sars",0.00314518438808614,0.745331653723109,0.423,0.347,1,"Not significant",0
"Trit1",0.00317296178943897,-1.094762923244,0.071,0.165,1,"Not significant",0
"Pkd1",0.00317436797235944,0.571919932360268,0.609,0.606,1,"Not significant",0
"Adamts17",0.00318747225774121,-0.850641627810514,0.096,0.2,1,"Not significant",0
"Ibtk",0.00318757509512546,-0.745486881758439,0.051,0.141,1,"Not significant",0
"Eea1",0.00319691255791811,-0.450362919329071,0.231,0.376,1,"Not significant",0
"Trub1",0.00320328153534299,-1.14524911669836,0.051,0.139,1,"Not significant",0
"Med13",0.00320878414930207,-0.525210684838853,0.154,0.279,1,"Not significant",0
"Ipo11",0.00321672740804828,-0.844382637338831,0.115,0.224,1,"Not significant",0
"Hacd2",0.00322054319933124,-1.45402406759813,0.032,0.11,1,"Not significant",0
"Wdr35",0.00322276784686796,-0.913146570416461,0.096,0.2,1,"Not significant",0
"Fxr1",0.00323520649669444,-0.572010366925702,0.128,0.246,1,"Not significant",0
"Pds5b",0.00323864774021413,-0.318672214703242,0.288,0.455,1,"Not significant",0
"Ice2",0.00325044148043953,-1.20909559872299,0.071,0.163,1,"Not significant",0
"Zfp462",0.00325740102625759,-0.438146323094123,0.321,0.484,1,"Not significant",0
"Sun1",0.00325813448312664,-0.56093927151464,0.109,0.224,1,"Not significant",0
"Elmsan1",0.00326343151582071,-1.1181219386755,0.058,0.147,1,"Not significant",0
"Lman1",0.00326360814761516,-1.41030269016881,0.032,0.11,1,"Not significant",0
"Cpq",0.00326814756178284,-1.23631706745801,0.051,0.138,1,"Not significant",0
"Actr2",0.00328858925843862,-0.531573187062392,0.077,0.178,1,"Not significant",0
"Abhd16a",0.00328982723796959,-1.06470568938782,0.071,0.165,1,"Not significant",0
"Mrap2",0.00329312921477101,-0.831599179919337,0.09,0.193,1,"Not significant",0
"Rcor3",0.00329373857024162,-1.0340088921649,0.071,0.165,1,"Not significant",0
"Trappc9",0.00330222984808691,-0.443217312641545,0.218,0.356,1,"Not significant",0
"Farsb",0.00331021279136891,-0.804099041873484,0.103,0.209,1,"Not significant",0
"Psen1",0.00333314231922794,-0.988838921730533,0.077,0.174,1,"Not significant",0
"Rab36",0.00334203533031734,-0.659958066201404,0.122,0.235,1,"Not significant",0
"Lpin2",0.00335168739686056,-0.474513443131084,0.205,0.339,1,"Not significant",0
"Gart",0.00335473737065536,-1.0281798133627,0.09,0.189,1,"Not significant",0
"Cntnap5b",0.00336289670715868,-0.739225031659061,0.282,0.407,1,"Not significant",0
"Serpini1",0.00336886396972902,-1.06470568938782,0.058,0.149,1,"Not significant",0
"Rapgef5",0.00336924808980833,-0.580943491695709,0.135,0.255,1,"Not significant",0
"Spon1",0.00337336082523712,-1.09710940525906,0.071,0.163,1,"Not significant",0
"Pacs2",0.00337855901441048,-0.56784396715529,0.128,0.244,1,"Not significant",0
"Tshz3",0.00338012011437454,-1.3107670166179,0.032,0.11,1,"Not significant",0
"Ube2r2",0.00338022911899475,-0.636888124747939,0.167,0.294,1,"Not significant",0
"Tbcel",0.00338156304554769,-0.684674639936885,0.115,0.228,1,"Not significant",0
"Styx",0.00338192202632681,-1.34503691870264,0.038,0.119,1,"Not significant",0
"Zswim5",0.00338318328224368,-1.34729289264301,0.045,0.128,1,"Not significant",0
"Ppp1cb",0.0033845032787007,-0.733709713982086,0.09,0.194,1,"Not significant",0
"Sptbn4",0.00338910146179286,0.510055036064782,0.667,0.681,1,"Not significant",0
"Zcwpw2",0.00340940862359735,-1.20811383955554,0.071,0.163,1,"Not significant",0
"Arf3",0.00342032990097758,-0.616132920158009,0.141,0.261,1,"Not significant",0
"Atf1",0.00343158185150416,-1.14524911669836,0.058,0.147,1,"Not significant",0
"Mark1",0.00343644509119591,-0.41030269016881,0.173,0.308,1,"Not significant",0
"Glcci1",0.00343785565428992,-1.67641648893458,0.032,0.108,1,"Not significant",0
"Ube4b",0.00345264669728112,-0.367242481987255,0.333,0.481,1,"Not significant",0
"Extl3",0.00346516027815698,-0.685615425781041,0.09,0.196,1,"Not significant",0
"Ccdc84",0.00346961291946859,-1.11282763900599,0.038,0.119,1,"Not significant",0
"Kpna3",0.00347535164701466,-0.88918667147228,0.09,0.191,1,"Not significant",0
"Smg5",0.00347769014323444,-0.742777594500453,0.141,0.255,1,"Not significant",0
"Stard9",0.00348122750117479,-0.682955098564201,0.09,0.194,1,"Not significant",0
"Amotl1",0.00348401273560641,-1.63269511150526,0.032,0.108,1,"Not significant",0
"Hmgxb3",0.00348683055429083,-0.950177301361428,0.077,0.174,1,"Not significant",0
"Usp32",0.00349711018355751,-0.402614772445466,0.218,0.365,1,"Not significant",0
"Pgap2",0.00350319887224821,-1.43475573389335,0.051,0.136,1,"Not significant",0
"Vps54",0.00350651554810697,-0.670374682146742,0.109,0.218,1,"Not significant",0
"Rab43",0.00350719575618228,-1.6103272984768,0.032,0.108,1,"Not significant",0
"Ube2d1",0.00350720264912331,-1.63269511150526,0.032,0.108,1,"Not significant",0
"Bmerb1",0.00350823685537557,-0.395822786570668,0.231,0.371,1,"Not significant",0
"Lmtk2",0.00351142986743221,-0.658690320038203,0.154,0.275,1,"Not significant",0
"Gnb1",0.00351496075711119,-0.494850081056868,0.231,0.371,1,"Not significant",0
"Acsl3",0.00352893413827044,-1.31630520015933,0.058,0.145,1,"Not significant",0
"Zfp64",0.00352995693220445,-0.780252299919116,0.083,0.183,1,"Not significant",0
"Tpp2",0.00353223696248191,-0.628249206474066,0.141,0.259,1,"Not significant",0
"Sp4",0.00353469534050388,-1.06470568938782,0.064,0.156,1,"Not significant",0
"Ankrd40",0.00353705088130021,-1.40040422910257,0.051,0.136,1,"Not significant",0
"Zfp62",0.0035432304969914,-1.0494389327345,0.064,0.156,1,"Not significant",0
"Dip2b",0.00354785819499985,-0.488071548425806,0.263,0.409,1,"Not significant",0
"Saraf",0.0035506764965062,-0.638896450673574,0.109,0.218,1,"Not significant",0
"Bbip1",0.00355141415896962,-1.2685387812286,0.071,0.161,1,"Not significant",0
"Coq9",0.00355376873997951,-1.56452360886368,0.032,0.108,1,"Not significant",0
"Pak2",0.0035575301811147,-1.07981258177802,0.064,0.156,1,"Not significant",0
"Naa15",0.00355967407385305,-0.43560412853167,0.173,0.303,1,"Not significant",0
"Csnk2a2",0.00356919759303354,-0.73718357802723,0.064,0.16,1,"Not significant",0
"Cenpc1",0.0035849390964197,-0.293917831925675,0.199,0.349,1,"Not significant",0
"Dcaf7",0.00359454106887207,-1.0697589171141,0.083,0.18,1,"Not significant",0
"Smg1",0.00361775035149146,-0.374737574758779,0.481,0.67,1,"Not significant",0
"Me3",0.00361862391245392,-0.542308875048153,0.212,0.347,1,"Not significant",0
"Sh3pxd2b",0.00364002685873587,-1.49645933391852,0.038,0.117,1,"Not significant",0
"Pard6g",0.00364002685873587,-1.49645933391852,0.038,0.117,1,"Not significant",0
"Tmx1",0.00364003341304607,-1.51721789408532,0.038,0.117,1,"Not significant",0
"Dop1a",0.00364045729924467,-0.365214800640272,0.269,0.426,1,"Not significant",0
"Map7",0.00364093424670403,-0.375076049156548,0.301,0.451,1,"Not significant",0
"Hook1",0.00364156122224715,-0.675282740317574,0.192,0.312,1,"Not significant",0
"Clip4",0.00364880621084088,-0.780252299919116,0.071,0.167,1,"Not significant",0
"March8",0.0036647339840469,-1.00264472125556,0.064,0.156,1,"Not significant",0
"8030462N17Rik",0.00367217700825316,-1.19528979919796,0.038,0.119,1,"Not significant",0
"Trpc4ap",0.00369838968020553,-0.38906154259464,0.16,0.29,1,"Not significant",0
"Uhrf1bp1l",0.0037155780524823,-0.401194097745839,0.186,0.316,1,"Not significant",0
"Cfap69",0.00372237901067845,-0.836835828285483,0.128,0.239,1,"Not significant",0
"Rufy1",0.00373218786891853,-0.550770453796348,0.154,0.275,1,"Not significant",0
"mt-Co3",0.00373622944273289,0.306119326514138,0.667,0.578,1,"Not significant",0
"Ppp4r1",0.00373815868852804,-1.13388925453382,0.064,0.154,1,"Not significant",0
"Shc3",0.00374450758801659,-0.901004459379726,0.109,0.213,1,"Not significant",0
"Ube2n",0.00374513341699772,-1.29215133845055,0.051,0.136,1,"Not significant",0
"Kcnj6",0.00375878223871422,-0.247241878832681,0.244,0.407,1,"Not significant",0
"Tbc1d9",0.00376300185312001,-0.889876791093614,0.103,0.204,1,"Not significant",0
"Rpl5",0.00377398966387784,-1.1401482450055,0.045,0.128,1,"Not significant",0
"Tle1",0.00377825363972193,-1.30571378889161,0.064,0.152,1,"Not significant",0
"Pkp2",0.00378731484151472,-1.34503691870264,0.045,0.127,1,"Not significant",0
"Marf1",0.00378795600504923,-0.637127357820519,0.141,0.253,1,"Not significant",0
"Manba",0.00379125486953821,-0.967879303094887,0.051,0.138,1,"Not significant",0
"Tut4",0.00380944507021098,-0.302205003114472,0.34,0.543,1,"Not significant",0
"Slc9a1",0.00380979235339755,-0.906784705848048,0.096,0.198,1,"Not significant",0
"Klhl2",0.00381286068820057,-1.11585533170355,0.083,0.178,1,"Not significant",0
"Cct3",0.00381942785508166,-1.38793487714036,0.032,0.108,1,"Not significant",0
"Cpne3",0.00381942785508166,-1.38793487714036,0.032,0.108,1,"Not significant",0
"Apoo",0.00381964590134321,-1.16491615015444,0.071,0.161,1,"Not significant",0
"Cdc27",0.00383947210033914,-1.01404948452781,0.109,0.209,1,"Not significant",0
"Brsk1",0.0038511389282701,0.927392720576869,0.353,0.262,1,"Not significant",0
"Cacng2",0.00385306743527108,-0.539672744913018,0.231,0.363,1,"Not significant",0
"C2cd3",0.00386281355298573,-0.825340189447654,0.096,0.198,1,"Not significant",0
"Gnl2",0.00386436607386269,0.730709619358263,0.397,0.297,1,"Not significant",0
"Mrpl3",0.00386605927418209,-1.0860607294432,0.064,0.154,1,"Not significant",0
"Hip1",0.00387217278807481,-0.537209369272788,0.173,0.295,1,"Not significant",0
"Bicd1",0.00387454867723859,-0.30954697845564,0.308,0.494,1,"Not significant",0
"Angel2",0.0038783737065215,-1.06036021911185,0.077,0.171,1,"Not significant",0
"Desi1",0.00388754853848793,-1.26567912708936,0.051,0.136,1,"Not significant",0
"Ralgps2",0.00390959215843712,-0.463223004444593,0.192,0.321,1,"Not significant",0
"Sh3gl1",0.00393439919397605,-0.751683147722345,0.071,0.163,1,"Not significant",0
"Phyhipl",0.00393811418890009,-1.00264472125556,0.058,0.147,1,"Not significant",0
"Brms1l",0.00394712138733156,-1.32457281614293,0.038,0.117,1,"Not significant",0
"Yy1",0.00396882959162497,-1.17511191726033,0.038,0.117,1,"Not significant",0
"Wdr34",0.0039719695491679,-0.989705665548065,0.09,0.187,1,"Not significant",0
"Pdzd8",0.0039742559750957,-1.15464781470061,0.038,0.117,1,"Not significant",0
"Cdh9",0.0039862838585314,-1.2348181633846,0.032,0.108,1,"Not significant",0
"Ccdc50",0.00398779499779395,-0.600044325214943,0.205,0.334,1,"Not significant",0
"Slc30a9",0.00399116432955967,-0.731342699438169,0.115,0.224,1,"Not significant",0
"Atad5",0.00399745422168125,-1.21159161152706,0.064,0.152,1,"Not significant",0
"Mei4",0.00400651887902381,-1.34503691870264,0.071,0.16,1,"Not significant",0
"Pcbp2",0.00403027962732239,-0.472130004556784,0.173,0.299,1,"Not significant",0
"Chchd7",0.00404727730774415,-1.2348181633846,0.045,0.127,1,"Not significant",0
"Bicral",0.00404766542921451,-0.190598103873238,0.462,0.661,1,"Not significant",0
"Add3",0.00407029332885897,-1.15306156380866,0.077,0.169,1,"Not significant",0
"Tlk2",0.00407698036933028,-0.658690320038203,0.173,0.29,1,"Not significant",0
"Gm32014",0.0040794900609558,-0.993246023253314,0.103,0.202,1,"Not significant",0
"Slc35b1",0.0040811366151799,-0.957790485471303,0.071,0.163,1,"Not significant",0
"Rb1",0.00409550256359158,-0.576111583138891,0.103,0.211,1,"Not significant",0
"Rbms3",0.0040993340995743,-0.386232581909355,0.494,0.651,1,"Not significant",0
"Pdcd2l",0.00411007024235672,-1.58760722197672,0.032,0.106,1,"Not significant",0
"Rab6a",0.00411678239545039,-1.19528979919796,0.045,0.127,1,"Not significant",0
"Gid4",0.00412564306171284,-1.59738824276931,0.038,0.116,1,"Not significant",0
"Sgtb",0.00413722256974116,-1.56452360886368,0.032,0.106,1,"Not significant",0
"Narf",0.00415412525272589,-1.36521480064027,0.051,0.134,1,"Not significant",0
"Herc4",0.00416022244887364,-0.79863082923397,0.135,0.242,1,"Not significant",0
"Prkar2a",0.00418162705813447,-1.01471755355614,0.083,0.178,1,"Not significant",0
"Fam57a",0.0041862763193992,-1.00264472125556,0.064,0.154,1,"Not significant",0
"Eif4a2",0.00420156013290031,-1.0860607294432,0.058,0.145,1,"Not significant",0
"Dhx32",0.00420543714812324,-0.625924153527822,0.103,0.207,1,"Not significant",0
"Ube2j2",0.00420943112928207,-0.988838921730533,0.077,0.171,1,"Not significant",0
"Arntl2",0.00423382442684097,-1.32914554593275,0.051,0.134,1,"Not significant",0
"Dlgap3",0.00423476470855059,-1.02986618999059,0.077,0.171,1,"Not significant",0
"Fam118a",0.00425369429687836,-1.4753977183907,0.038,0.116,1,"Not significant",0
"Dixdc1",0.00427566142565293,-0.579953649433285,0.212,0.339,1,"Not significant",0
"Hk1",0.00427898881338852,-0.52680394291452,0.122,0.237,1,"Not significant",0
"Zfp771",0.00428478762439395,-1.15876392317285,0.045,0.127,1,"Not significant",0
"Hnrnph2",0.00428607684992352,-1.4753977183907,0.038,0.116,1,"Not significant",0
"Ptprz1",0.00428663756931447,-0.41030269016881,0.34,0.494,1,"Not significant",0
"Ehmt1",0.00430703289984177,-0.239683918556413,0.314,0.497,1,"Not significant",0
"Fbxl18",0.00430973314798858,-1.15464781470061,0.038,0.117,1,"Not significant",0
"Fam20c",0.00431329300493869,-1.14948610958483,0.064,0.152,1,"Not significant",0
"Wdr1",0.00431329398115535,-1.16491615015444,0.064,0.152,1,"Not significant",0
"Ddb1",0.0043177064006306,-0.928005920362808,0.09,0.187,1,"Not significant",0
"Spata5",0.00432361171784234,-1.1181219386755,0.064,0.152,1,"Not significant",0
"Denr",0.00435125097687324,-1.41030269016881,0.038,0.116,1,"Not significant",0
"Ranbp3",0.00435799484560595,-0.754717207811979,0.096,0.196,1,"Not significant",0
"Braf",0.00436866527966431,-0.319278516473413,0.288,0.453,1,"Not significant",0
"Entpd5",0.00439624110207032,-1.10218039480648,0.045,0.127,1,"Not significant",0
"Cacna1b",0.00442976518013883,-0.293991303867069,0.551,0.745,1,"Not significant",0
"Ccdc30",0.00443571099431336,-0.450790532346346,0.34,0.483,1,"Not significant",0
"Atg4c",0.00447018934111685,-1.26567912708936,0.051,0.134,1,"Not significant",0
"Ppm1e",0.00447454432820981,-0.331066578228426,0.263,0.418,1,"Not significant",0
"Mtf2",0.00447507224783023,-0.380504671664867,0.295,0.457,1,"Not significant",0
"Dlgap2",0.00448676543354786,-0.458324205031754,0.641,0.76,1,"Not significant",0
"Map3k3",0.0044877674195709,-0.581706620537036,0.167,0.286,1,"Not significant",0
"Pld3",0.00452057613818033,-0.568099063087506,0.173,0.29,1,"Not significant",0
"Brd4",0.00452387253852765,0.695326741294779,0.487,0.435,1,"Not significant",0
"Slf2",0.00452532651985518,-0.397782663096703,0.295,0.448,1,"Not significant",0
"Shoc2",0.0045287186212637,-1.00264472125556,0.051,0.136,1,"Not significant",0
"Phip",0.00455926753761662,-0.427620457590527,0.333,0.492,1,"Not significant",0
"Paxip1",0.00458477501278247,-1.2705779265022,0.032,0.106,1,"Not significant",0
"Cbx6",0.00459038348457298,-0.642748776169181,0.154,0.27,1,"Not significant",0
"Clpb",0.00459609011364554,-0.545787046282093,0.141,0.257,1,"Not significant",0
"Tmem150c",0.0046068284773509,-0.869061566876972,0.103,0.204,1,"Not significant",0
"Cyth1",0.00461405288289655,-0.419783743179695,0.205,0.341,1,"Not significant",0
"Tra2a",0.00461967633933289,-0.27912139000143,0.385,0.574,1,"Not significant",0
"Pnpla8",0.00463738815324993,-0.757168686806075,0.103,0.204,1,"Not significant",0
"Spred1",0.00463808943610635,-1.2827526404483,0.038,0.116,1,"Not significant",0
"Hyou1",0.00463808943610635,-1.2827526404483,0.038,0.116,1,"Not significant",0
"Morn1",0.00466861507736429,-0.849293944348767,0.083,0.178,1,"Not significant",0
"Xpo6",0.00469556763421054,-0.617246712416594,0.186,0.306,1,"Not significant",0
"Abcc5",0.00469931382159995,-0.361234949727727,0.436,0.62,1,"Not significant",0
"2700049A03Rik",0.00470937095269187,-1.1181219386755,0.058,0.143,1,"Not significant",0
"Exoc3",0.00472677514491085,-0.640074641870856,0.128,0.237,1,"Not significant",0
"Kdm3a",0.00472860704377257,-0.985366729823729,0.051,0.136,1,"Not significant",0
"Hdac11",0.00472964472619799,-0.733709713982086,0.103,0.206,1,"Not significant",0
"Unkl",0.00473632467437023,-0.808266676088712,0.077,0.171,1,"Not significant",0
"Acvr2a",0.00475392059088476,-0.735023045926118,0.135,0.242,1,"Not significant",0
"Galnt7",0.00478126755234111,-0.88334579288322,0.083,0.178,1,"Not significant",0
"Gm7072",0.00478144780920082,-1.6103272984768,0.032,0.105,1,"Not significant",0
"Mctp1",0.00479593001445861,-0.350264459174301,0.282,0.437,1,"Not significant",0
"Thsd7b",0.00480821505520495,-1.02749558520622,0.244,0.363,1,"Not significant",0
"Pls3",0.00485096445035605,-1.17256972269788,0.032,0.106,1,"Not significant",0
"Gnaz",0.00485342938898625,-0.718851755254973,0.115,0.22,1,"Not significant",0
"Scpep1",0.00485484003208194,-1.51721789408532,0.038,0.114,1,"Not significant",0
"Pde9a",0.00486627017180032,-0.718851755254973,0.083,0.18,1,"Not significant",0
"Vcl",0.00487645249532675,-1.51721789408532,0.032,0.105,1,"Not significant",0
"Rnaseh2b",0.00487645403305131,-1.54106463603969,0.032,0.105,1,"Not significant",0
"Lekr1",0.0048775730785597,-0.953317008891995,0.09,0.183,1,"Not significant",0
"Kcnn2",0.00487939004168222,-0.557859878582668,0.269,0.402,1,"Not significant",0
"Ccdc66",0.00488581510504052,-0.895729517339052,0.077,0.169,1,"Not significant",0
"C530008M17Rik",0.00488854076417822,-0.334418284682541,0.423,0.602,1,"Not significant",0
"Tbc1d23",0.00489139446203601,-0.760886975052184,0.128,0.235,1,"Not significant",0
"Rybp",0.0048919754396786,-1.49645933391852,0.038,0.114,1,"Not significant",0
"Flvcr1",0.00490342836588135,-0.979561108142522,0.032,0.106,1,"Not significant",0
"Secisbp2",0.00490968985733467,-0.947362285754374,0.103,0.2,1,"Not significant",0
"Uck2",0.00492007699552593,-1.0365920531789,0.058,0.143,1,"Not significant",0
"Kcnj9",0.00492657702665448,-1.40474316482691,0.045,0.123,1,"Not significant",0
"Oprk1",0.00492928934138494,-1.49645933391852,0.038,0.114,1,"Not significant",0
"Fus",0.00493182784671451,-0.319360906755888,0.378,0.561,1,"Not significant",0
"Larp4b",0.00494371079410603,-0.443217312641545,0.192,0.321,1,"Not significant",0
"Rai1",0.00494512428509997,-0.414124401121218,0.244,0.383,1,"Not significant",0
"Necab1",0.00495251100636394,-1.62155455390006,0.064,0.147,1,"Not significant",0
"Bmpr1a",0.00495522972330669,-0.960824545560937,0.077,0.169,1,"Not significant",0
"Cdk10",0.00496299103557562,0.873972863239154,0.365,0.273,1,"Not significant",0
"Mkrn1",0.00496635961433374,-1.34729289264301,0.051,0.132,1,"Not significant",0
"Cab39",0.00500436643468759,-1.43232899649881,0.038,0.114,1,"Not significant",0
"Mosmo",0.00500436643468759,-1.43232899649881,0.038,0.114,1,"Not significant",0
"Paqr9",0.00500436643468759,-1.43232899649881,0.038,0.114,1,"Not significant",0
"Pfkfb4",0.00500892442775875,-0.660412529913113,0.109,0.211,1,"Not significant",0
"Huwe1",0.00501110636559727,0.401300703776036,0.75,0.791,1,"Not significant",0
"Snx21",0.00501125617894523,-1.36521480064027,0.045,0.123,1,"Not significant",0
"Efcab14",0.00501125617894523,-1.36521480064027,0.045,0.123,1,"Not significant",0
"Txndc15",0.00501125617894523,-1.36521480064027,0.045,0.123,1,"Not significant",0
"Otud4",0.00501310748438189,-0.542092562724351,0.09,0.193,1,"Not significant",0
"Eipr1",0.00501314855644711,-1.32914554593275,0.051,0.132,1,"Not significant",0
"Mtcl1",0.00501795691326666,-0.463778635123862,0.135,0.248,1,"Not significant",0
"Kpnb1",0.00501828174092591,-1.00264472125556,0.038,0.116,1,"Not significant",0
"Upf3b",0.00502583011186901,0.766575071915269,0.404,0.332,1,"Not significant",0
"Bbs4",0.00502885276045897,-0.713138104060579,0.109,0.211,1,"Not significant",0
"Clcn2",0.00504215785416182,-1.41030269016881,0.038,0.114,1,"Not significant",0
"Hdac1",0.00504220220391156,-0.697790139727143,0.135,0.244,1,"Not significant",0
"Ssbp3",0.00504660919347524,-0.570798934290166,0.167,0.284,1,"Not significant",0
"Gm26777",0.00505416469196259,-1.21159161152706,0.058,0.141,1,"Not significant",0
"Nup210",0.00506712851385191,-0.39692366036761,0.186,0.316,1,"Not significant",0
"Arhgef12",0.00507526587321906,-0.299626459012695,0.359,0.53,1,"Not significant",0
"Gm9866",0.00508627832894903,-0.895729517339052,0.09,0.185,1,"Not significant",0
"Nudcd1",0.00509687103842184,-1.32457281614293,0.045,0.123,1,"Not significant",0
"Ndufaf6",0.00509982964404093,-1.03963892873777,0.051,0.134,1,"Not significant",0
"Dus2",0.00512676618330494,-0.873361704310597,0.064,0.152,1,"Not significant",0
"Impact",0.00513033752983803,-0.540425285246647,0.173,0.294,1,"Not significant",0
"Gm12353",0.00513419768302481,-1.07570818344529,0.038,0.116,1,"Not significant",0
"Bcl7c",0.00513486743091208,-1.03963892873777,0.051,0.134,1,"Not significant",0
"Tmem246",0.00514181550860769,-1.23968391855641,0.032,0.105,1,"Not significant",0
"Galnt18",0.00515315697777657,-0.813042235036785,0.128,0.237,1,"Not significant",0
"Atg16l2",0.00516119765380959,-0.805343280881947,0.09,0.187,1,"Not significant",0
"Ptpdc1",0.00516305768621734,-0.842988055267078,0.064,0.152,1,"Not significant",0
"Agpat5",0.0052086602206295,-1.0477326107841,0.032,0.106,1,"Not significant",0
"4930483P17Rik",0.0052086602206295,-1.0477326107841,0.032,0.106,1,"Not significant",0
"Bsg",0.00521366672610927,-0.731342699438169,0.141,0.25,1,"Not significant",0
"Catsperg1",0.0052155032913356,-0.877113839171705,0.051,0.134,1,"Not significant",0
"Arid2",0.00523618223233889,-0.654721417835257,0.167,0.283,1,"Not significant",0
"Olfm1",0.00526296750546111,-0.767541248169562,0.083,0.18,1,"Not significant",0
"Acox1",0.00528133710179307,-0.70835938143733,0.122,0.226,1,"Not significant",0
"Fbxl2",0.00528202563797989,-0.3625845445956,0.25,0.393,1,"Not significant",0
"Gm2824",0.00528316358022429,-1.32457281614293,0.038,0.114,1,"Not significant",0
"Rsph3b",0.00529202980461923,-1.05034146328686,0.103,0.196,1,"Not significant",0
"Mtif2",0.00530137746568375,-0.610327298476804,0.167,0.281,1,"Not significant",0
"Reep3",0.00533324193424951,-1.09341018517875,0.058,0.141,1,"Not significant",0
"Rufy2",0.00533491655601545,0.675427183857074,0.474,0.415,1,"Not significant",0
"Agfg2",0.005340286145101,-1.1771424524877,0.051,0.132,1,"Not significant",0
"Ptprf",0.005359831458016,-0.269544353891383,0.244,0.402,1,"Not significant",0
"Sec24d",0.00537937290614885,-1.2348181633846,0.045,0.123,1,"Not significant",0
"Myrip",0.00538770778841546,-0.814199631842453,0.109,0.209,1,"Not significant",0
"Pea15a",0.00540433188478584,-1.26137898965573,0.038,0.114,1,"Not significant",0
"Mir124a-1hg",0.00541358327404676,-0.533612332335991,0.167,0.281,1,"Not significant",0
"Zfp804a",0.0054286712639126,-0.745486881758439,0.263,0.385,1,"Not significant",0
"Rbm39",0.00543918781376474,-0.255271904026192,0.545,0.771,1,"Not significant",0
"Tax1bp1",0.0054507674623782,-0.490745682724131,0.147,0.261,1,"Not significant",0
"Lias",0.00545843044937267,-0.705150844678397,0.103,0.204,1,"Not significant",0
"Trpc4",0.00546919127718782,-0.688058601709369,0.128,0.235,1,"Not significant",0
"Nfrkb",0.00547390359481196,-0.808266676088712,0.077,0.169,1,"Not significant",0
"Smc1a",0.00550892695062236,-0.517217894085322,0.071,0.161,1,"Not significant",0
"Stxbp1",0.00553592556941178,-0.2788900008159,0.301,0.47,1,"Not significant",0
"Serpine2",0.0055478757789831,-1.1771424524877,0.038,0.114,1,"Not significant",0
"Gtf2f1",0.00554893474209529,1.0834262288681,0.179,0.101,1,"Not significant",0
"Arhgef15",0.00555846694753922,-1.58760722197672,0.032,0.103,1,"Not significant",0
"Hipk2",0.00556640103455611,-0.501536271853052,0.173,0.292,1,"Not significant",0
"Morc2a",0.00556801879465427,-0.915181880005224,0.096,0.191,1,"Not significant",0
"Arhgap12",0.00558739259981111,-0.721835613693794,0.103,0.202,1,"Not significant",0
"Uvrag",0.00558750707614244,-0.57829347083709,0.167,0.284,1,"Not significant",0
"Cwf19l2",0.00560807293446087,-0.673337096002604,0.128,0.235,1,"Not significant",0
"Mtmr12",0.00563193674469584,-1.54106463603969,0.032,0.103,1,"Not significant",0
"Btbd3",0.00563612587227513,-1.44321731264155,0.045,0.121,1,"Not significant",0
"Xpa",0.00565835843944234,-0.791657063191365,0.096,0.194,1,"Not significant",0
"Ppp1r16b",0.00566319712208851,-1.03179106691508,0.071,0.158,1,"Not significant",0
"Stmn1",0.00566884981387127,-1.54106463603969,0.032,0.103,1,"Not significant",0
"Snx5",0.00570586695793773,-1.49297034783864,0.032,0.103,1,"Not significant",0
"Tbc1d13",0.00571166328587283,-1.29215133845055,0.051,0.13,1,"Not significant",0
"Gls2",0.00572404540364915,-1.14524911669836,0.051,0.132,1,"Not significant",0
"Ankrd45",0.0057410361817685,-1.00264472125556,0.058,0.141,1,"Not significant",0
"Dhx29",0.0057410361817685,-1.00264472125556,0.058,0.141,1,"Not significant",0
"Ero1l",0.00574300349058689,-1.46830829360438,0.032,0.103,1,"Not significant",0
"Cdk4",0.00575099562711867,-1.45402406759813,0.038,0.112,1,"Not significant",0
"Fntb",0.00575101195027496,-1.4753977183907,0.038,0.112,1,"Not significant",0
"Ccdc149",0.00576009958658772,-1.10218039480648,0.064,0.149,1,"Not significant",0
"Wwc1",0.00576138466908971,-0.751105954259599,0.122,0.222,1,"Not significant",0
"Ppp1r37",0.00577469371345985,0.854750883301636,0.231,0.141,1,"Not significant",0
"Phactr1",0.00579879280769143,-0.416990446346668,0.641,0.804,1,"Not significant",0
"Gfod2",0.00581514741493982,-0.593839175688235,0.09,0.189,1,"Not significant",0
"Ccz1",0.00581698824759964,-0.780252299919116,0.103,0.202,1,"Not significant",0
"Klhl18",0.00583815977233653,-1.41030269016881,0.038,0.112,1,"Not significant",0
"Atp13a3",0.00584201871204619,-0.757168686806075,0.109,0.209,1,"Not significant",0
"Sgsm2",0.00585465008992258,-0.34886018778997,0.269,0.413,1,"Not significant",0
"AU041133",0.00588034864897626,-1.32457281614293,0.045,0.121,1,"Not significant",0
"Cdk11b",0.00588079003607099,1.20553384086118,0.327,0.239,1,"Not significant",0
"Myo10",0.00590731720625462,-0.876011282724547,0.083,0.174,1,"Not significant",0
"Fkbp3",0.00591495188932143,-0.842988055267078,0.071,0.16,1,"Not significant",0
"Kdm5d",0.00591709718672977,-0.462512001995187,0.199,0.323,1,"Not significant",0
"Cep57",0.00591776458920158,-1.22771127689034,0.064,0.147,1,"Not significant",0
"Pou2f2",0.00592524950550997,-0.105006438885242,0.327,0.481,1,"Not significant",0
"Lmbrd1",0.00592782926968407,-0.460262009273246,0.128,0.24,1,"Not significant",0
"Etfa",0.0059300126783493,-1.30381425597613,0.045,0.121,1,"Not significant",0
"Caprin1",0.00593149022622486,-0.67880703635957,0.135,0.242,1,"Not significant",0
"Mapk1ip1l",0.00594172047756452,-0.844382637338832,0.038,0.116,1,"Not significant",0
"Fam120c",0.00594631818632056,-0.572447414805714,0.192,0.308,1,"Not significant",0
"Tial1",0.00594801112009869,0.545323571983391,0.558,0.514,1,"Not significant",0
"Aff4",0.00595236366407252,-0.190598103873238,0.263,0.42,1,"Not significant",0
"Scn3a",0.00595472986796179,-0.414458319660121,0.365,0.527,1,"Not significant",0
"Eps8",0.00596271855561773,-1.16212293526276,0.051,0.13,1,"Not significant",0
"Nek10",0.0059676466073759,-0.986703177386542,0.058,0.141,1,"Not significant",0
"R3hdm4",0.0059693832994343,-0.661607803420497,0.077,0.169,1,"Not significant",0
"Ssu72",0.00597033775563146,-1.34213118752723,0.038,0.112,1,"Not significant",0
"Zbbx",0.00597133666585021,-1.41768222053441,0.045,0.121,1,"Not significant",0
"Nufip2",0.00597367354239751,-0.711304946201624,0.128,0.233,1,"Not significant",0
"N4bp2l1",0.00598183789269363,-0.0721415684250946,0.173,0.303,1,"Not significant",0
"Vps8",0.00600730533778518,-0.673337096002604,0.135,0.24,1,"Not significant",0
"Grin3a",0.00600981716497352,-0.711127939264296,0.218,0.339,1,"Not significant",0
"Bcl7a",0.00602584525110259,-1.01971823461451,0.064,0.149,1,"Not significant",0
"Zfp641",0.00602997737039086,-1.07981258177802,0.064,0.149,1,"Not significant",0
"Mical2",0.00603609486394566,-0.402252179964802,0.186,0.31,1,"Not significant",0
"Zfp639",0.00604756514711959,-0.862714460111089,0.083,0.174,1,"Not significant",0
"Ccdc92",0.00605574072738966,-1.34213118752723,0.032,0.103,1,"Not significant",0
"Rap1gds1",0.00607803327546833,-0.424108489693841,0.186,0.308,1,"Not significant",0
"Zfp30",0.00608102837296382,-0.942523728817993,0.071,0.158,1,"Not significant",0
"Luzp1",0.00608371289365706,-0.965807953075192,0.096,0.189,1,"Not significant",0
"Sulf1",0.00609576873837932,-0.908007847117489,0.064,0.149,1,"Not significant",0
"Ttc17",0.00609985985184699,-0.21793853814316,0.269,0.433,1,"Not significant",0
"Ppp6c",0.00610527998570633,-1.32457281614293,0.038,0.112,1,"Not significant",0
"Zfyve9",0.00611513841529862,-0.275577588155596,0.282,0.442,1,"Not significant",0
"Hdx",0.00611735043996033,-1.17880167640939,0.064,0.147,1,"Not significant",0
"Bc1",0.00611883890202168,-0.814199631842453,0.109,0.207,1,"Not significant",0
"Per3",0.00613666301252321,-0.923210253761159,0.083,0.174,1,"Not significant",0
"1110051M20Rik",0.00614214590459228,-0.295893740136365,0.449,0.637,1,"Not significant",0
"Anks3",0.00614414539330282,-0.394361146299788,0.212,0.341,1,"Not significant",0
"E130308A19Rik",0.00616254915918477,-0.562660864846489,0.109,0.211,1,"Not significant",0
"L3mbtl3",0.00616914546305846,-0.780252299919116,0.09,0.185,1,"Not significant",0
"Pyroxd1",0.00619358853002487,-1.01841203711388,0.064,0.149,1,"Not significant",0
"Spats2l",0.00620398576945009,-0.950177301361428,0.096,0.189,1,"Not significant",0
"Tab2",0.00622924379871417,-0.76297430848728,0.141,0.246,1,"Not significant",0
"Dcun1d2",0.0062341114379288,-0.642748776169181,0.096,0.194,1,"Not significant",0
"Map6",0.00626948230601506,-0.333850629730937,0.25,0.396,1,"Not significant",0
"Ndufv2",0.00627737294407795,-0.867715141169455,0.077,0.167,1,"Not significant",0
"Washc5",0.00630577873453133,-0.960824545560937,0.077,0.165,1,"Not significant",0
"Fbxo31",0.00633478434052636,-0.983785694004248,0.051,0.13,1,"Not significant",0
"Usp29",0.00636711681901383,-0.0797010518764651,0.84,0.917,1,"Not significant",0
"Cfap97",0.00637436683685347,-0.964676871056544,0.045,0.123,1,"Not significant",0
"Pgap1",0.00638337694071078,-0.325686436453635,0.276,0.418,1,"Not significant",0
"Nup133",0.00638657154854094,-1.19528979919796,0.038,0.112,1,"Not significant",0
"Ick",0.00638657154854094,-1.19528979919796,0.038,0.112,1,"Not significant",0
"Cep78",0.00640363741993045,-1.02536479775565,0.038,0.112,1,"Not significant",0
"Atg4b",0.00640657780687811,-1.15464781470061,0.045,0.121,1,"Not significant",0
"Rnf24",0.00640657780687811,-1.15464781470061,0.045,0.121,1,"Not significant",0
"2610008E11Rik",0.00640657780687811,-1.15464781470061,0.045,0.121,1,"Not significant",0
"Blmh",0.00641202346381376,-0.557859878582668,0.09,0.187,1,"Not significant",0
"Eps15",0.006421118777522,-1.08281506993955,0.051,0.13,1,"Not significant",0
"Zdhhc14",0.00643012980392008,-0.458324205031753,0.199,0.325,1,"Not significant",0
"Mphosph9",0.00643763232908421,-0.583215452859562,0.224,0.343,1,"Not significant",0
"Psmd11",0.00644202996315867,-0.316596095420093,0.224,0.361,1,"Not significant",0
"Tiam1",0.00644863109923117,-0.493469291312713,0.218,0.343,1,"Not significant",0
"Ctnna3",0.00645715905984114,-1.6103272984768,0.032,0.101,1,"Not significant",0
"Mob2",0.00646038474855007,-1.13388925453382,0.045,0.121,1,"Not significant",0
"Polr2a",0.00647879875237058,-0.555185744284342,0.135,0.244,1,"Not significant",0
"Ahcyl1",0.00648840549205105,-0.697790139727143,0.128,0.231,1,"Not significant",0
"Pcyt2",0.00649749261527523,0.847778922693926,0.417,0.343,1,"Not significant",0
"Ccdc191",0.00650212891517766,-1.3107670166179,0.051,0.128,1,"Not significant",0
"Exoc5",0.006503688093615,-0.876011282724547,0.09,0.182,1,"Not significant",0
"Adarb1",0.00650849179444852,-0.28980739798225,0.192,0.319,1,"Not significant",0
"Ptpre",0.00651039650910629,-0.575713543395467,0.122,0.229,1,"Not significant",0
"Fbxo3",0.00651872401796552,-0.748543440191778,0.128,0.229,1,"Not significant",0
"Pbrm1",0.00652672492995146,-0.255985730885514,0.244,0.385,1,"Not significant",0
"Eif4e2",0.00654235730463658,-1.54106463603969,0.032,0.101,1,"Not significant",0
"Tbl1x",0.00656752172296421,-0.535139802082584,0.237,0.354,1,"Not significant",0
"Taf2",0.00658031678263552,-0.678372685899902,0.109,0.209,1,"Not significant",0
"Strn",0.0065851817945336,-1.51721789408532,0.032,0.101,1,"Not significant",0
"Tmem167",0.0065927400028089,-1.12602713676085,0.032,0.103,1,"Not significant",0
"Pdhx",0.00660920327767983,-1.38511435807798,0.045,0.119,1,"Not significant",0
"Wdr17",0.00663363133450502,-0.345849475773341,0.179,0.306,1,"Not significant",0
"5330439K02Rik",0.00665122108915149,-0.795202641385087,0.064,0.149,1,"Not significant",0
"Zc3h4",0.0066560923410532,-0.887167503835628,0.058,0.139,1,"Not significant",0
"Mfsd11",0.00667045981212771,-0.809999643313168,0.083,0.174,1,"Not significant",0
"Nucb2",0.00667123753119233,-1.46830829360438,0.032,0.101,1,"Not significant",0
"Efcab2",0.00667900032373211,-1.02310882381528,0.038,0.112,1,"Not significant",0
"Ppp2r2a",0.00668092052099794,-1.05778627544802,0.051,0.13,1,"Not significant",0
"Ttll3",0.00668640516825918,-1.29215133845055,0.051,0.128,1,"Not significant",0
"Selenoo",0.0067144677426794,-1.44321731264154,0.032,0.101,1,"Not significant",0
"Med1",0.00671584128504684,-1.10857816600463,0.09,0.178,1,"Not significant",0
"Pik3ip1",0.00672180226020217,-1.34503691870264,0.045,0.119,1,"Not significant",0
"Bfar",0.0067486198611331,-1.29215133845055,0.051,0.128,1,"Not significant",0
"Ighmbp2",0.00675446177264279,-1.41030269016881,0.038,0.11,1,"Not significant",0
"Mga",0.00677903398584091,-0.379349084843908,0.333,0.475,1,"Not significant",0
"Rnf214",0.00679474613360361,-0.427236527247656,0.192,0.316,1,"Not significant",0
"Snf8",0.00680510320914365,-1.38793487714036,0.038,0.11,1,"Not significant",0
"Orai2",0.00680510887003372,-1.41030269016881,0.038,0.11,1,"Not significant",0
"Cdkl5",0.006818518591564,-1.16929459066501,0.071,0.154,1,"Not significant",0
"Dpyd",0.0068309505486937,-0.628249206474066,0.237,0.369,1,"Not significant",0
"Mpp5",0.00683687741906836,-1.16727542302836,0.071,0.154,1,"Not significant",0
"Uba6",0.00685744268002604,-0.590149416539173,0.128,0.231,1,"Not significant",0
"Dync2h1",0.00685878400880748,0.323758584791856,0.763,0.802,1,"Not significant",0
"Sik3",0.00686696732438688,-0.180553255941062,0.365,0.558,1,"Not significant",0
"Nme7",0.00687426990379339,-1.19528979919796,0.051,0.128,1,"Not significant",0
"Zdhhc6",0.0068903412446225,-0.957790485471303,0.071,0.156,1,"Not significant",0
"Lrch2",0.00692914979532901,-0.680716626368202,0.09,0.183,1,"Not significant",0
"Fam168b",0.00692952353029915,-1.02536479775565,0.038,0.112,1,"Not significant",0
"Tcerg1l",0.0069305154351184,-0.674457635896519,0.122,0.224,1,"Not significant",0
"Dhx35",0.0069478925359467,-0.873361704310597,0.038,0.112,1,"Not significant",0
"Acp2",0.00695200010979699,-0.885605300065345,0.045,0.121,1,"Not significant",0
"B4galt5",0.0069549010741328,-0.79285233669875,0.09,0.182,1,"Not significant",0
"Klhdc8b",0.00695836020052448,-1.31867221470324,0.038,0.11,1,"Not significant",0
"Otud7b",0.00696962928369569,-0.735858180560662,0.109,0.206,1,"Not significant",0
"Psmd13",0.00698715405987101,-0.927093688248387,0.071,0.156,1,"Not significant",0
"Ube2l3",0.00698715405987101,-0.927093688248387,0.071,0.156,1,"Not significant",0
"Cdh6",0.00698963193376547,-1.89572951733905,0.045,0.117,1,"Not significant",0
"Madd",0.00699818219221495,-0.362187107942704,0.231,0.36,1,"Not significant",0
"Katnal2",0.00702439094077017,-0.792224941585192,0.096,0.191,1,"Not significant",0
"Pstk",0.00707613498643658,-1.2996264590127,0.058,0.136,1,"Not significant",0
"Lzts1",0.00708299437091804,-1.36521480064027,0.032,0.101,1,"Not significant",0
"Smad1",0.00708562734744603,-0.632695111505258,0.103,0.202,1,"Not significant",0
"Aifm3",0.007105654694707,-0.470083918494227,0.237,0.367,1,"Not significant",0
"Pdzd4",0.00713028968081586,-0.287621679970035,0.333,0.483,1,"Not significant",0
"Spast",0.00713265895577841,-0.645322719833007,0.135,0.24,1,"Not significant",0
"Dapk1",0.00713356697463296,-0.369787530430096,0.276,0.418,1,"Not significant",0
"Ak5",0.00713738272785341,-0.433057446421323,0.244,0.365,1,"Not significant",0
"Raf1",0.00714466741746749,-0.669220987530372,0.141,0.246,1,"Not significant",0
"Ccser2",0.0071470623499713,-0.607103397602517,0.128,0.233,1,"Not significant",0
"Adck1",0.00715181607700997,-1.10218039480648,0.058,0.138,1,"Not significant",0
"Rbx1",0.00715282589763642,-1.15876392317285,0.051,0.128,1,"Not significant",0
"Hipk3",0.00721084377592451,-1.26137898965573,0.038,0.11,1,"Not significant",0
"D230025D16Rik",0.00722358820787519,-0.970583512023265,0.064,0.147,1,"Not significant",0
"Celf4",0.00722462597203269,-0.185655739751579,0.91,0.963,1,"Not significant",0
"Snrpn",0.00722906959828788,-0.463778635123862,0.224,0.349,1,"Not significant",0
"Fkbp15",0.00723921167599583,-0.924642209254291,0.109,0.202,1,"Not significant",0
"Erp44",0.00725151929965457,-1.2208248913051,0.032,0.101,1,"Not significant",0
"Calm2",0.00726512623581719,-0.556477324532549,0.141,0.246,1,"Not significant",0
"Selenow",0.00727588284588557,0.793655012293045,0.301,0.211,1,"Not significant",0
"Tmem189",0.00727964169893204,-0.59638810751893,0.16,0.266,1,"Not significant",0
"Nup188",0.00729195607276359,-1.01841203711388,0.071,0.154,1,"Not significant",0
"Ly6h",0.00730269662036622,-0.415888938711357,0.404,0.552,1,"Not significant",0
"Pwwp3a",0.0073027623454889,-0.954281699694165,0.064,0.147,1,"Not significant",0
"Rab3c",0.00731555857376209,-0.487698807165267,0.295,0.431,1,"Not significant",0
"Igf2r",0.00733860175474965,-0.945311546189612,0.045,0.121,1,"Not significant",0
"Rabep1",0.00735637973678788,-0.123839275936251,0.365,0.561,1,"Not significant",0
"Tma7",0.00735644103251574,-0.881790326381178,0.083,0.171,1,"Not significant",0
"Rcan3",0.00736970085174906,-1.21321170719522,0.058,0.136,1,"Not significant",0
"Hnrnpll",0.00736970085174906,-1.21321170719522,0.058,0.136,1,"Not significant",0
"Ppp1r10",0.00738912781180791,-0.802972376419199,0.122,0.218,1,"Not significant",0
"Pcp4",0.00738992515104047,-0.945311546189612,0.051,0.128,1,"Not significant",0
"Rgs17",0.00740349194085518,-0.407034976334899,0.263,0.394,1,"Not significant",0
"Sf3a1",0.00741216076287303,-0.745486881758439,0.058,0.139,1,"Not significant",0
"Zfp941",0.00742710612630397,-0.844382637338831,0.122,0.218,1,"Not significant",0
"Wdr61",0.00743198202600606,-1.13388925453382,0.045,0.119,1,"Not significant",0
"Tbc1d14",0.00744226747814459,-0.780252299919116,0.038,0.112,1,"Not significant",0
"Sema4b",0.00744226747814459,-0.780252299919116,0.038,0.112,1,"Not significant",0
"Plpbp",0.00745383074338763,-0.853501281949754,0.083,0.171,1,"Not significant",0
"Dnm1",0.00745454151414605,0.474236996781669,0.603,0.578,1,"Not significant",0
"Prelid3a",0.00746391048304729,-0.986703177386542,0.071,0.154,1,"Not significant",0
"Ghr",0.007464438830712,-1.08281506993955,0.167,0.266,1,"Not significant",0
"Mtpap",0.00749402535477013,-1.11282763900599,0.045,0.119,1,"Not significant",0
"Gm36388",0.00751665501300492,-1.03179106691508,0.077,0.161,1,"Not significant",0
"Rps6kb1",0.0075293741767991,-0.335014562864573,0.244,0.383,1,"Not significant",0
"Nucks1",0.00753228264679091,-0.646985769055652,0.071,0.158,1,"Not significant",0
"Zfp609",0.00753973845580265,-0.344381297223106,0.244,0.383,1,"Not significant",0
"Src",0.00754421606132508,-0.904241017194569,0.064,0.147,1,"Not significant",0
"Kdm2a",0.00755207678728277,-0.125128727780559,0.263,0.429,1,"Not significant",0
"Fip1l1",0.00756841510517599,-0.630226855914509,0.128,0.229,1,"Not significant",0
"Dtx3",0.00762311829538331,-0.33546745724622,0.192,0.316,1,"Not significant",0
"Specc1l",0.00762669632680258,-0.398229857868235,0.205,0.328,1,"Not significant",0
"Fhl1",0.00762791538580691,-0.54982255951725,0.16,0.27,1,"Not significant",0
"Ctnnbip1",0.00767785736474426,-0.91775582366905,0.077,0.163,1,"Not significant",0
"Rbfox3",0.00768331345350505,0.411878906231244,0.737,0.749,1,"Not significant",0
"Sntg2",0.00769478565630817,-0.854252881362893,0.071,0.156,1,"Not significant",0
"Asap2",0.00770356395176423,-0.572447414805714,0.186,0.303,1,"Not significant",0
"Snrk",0.00772770891925837,-0.937793576905596,0.071,0.154,1,"Not significant",0
"Txndc16",0.00773238543128257,-0.835747412510819,0.09,0.18,1,"Not significant",0
"Map4k3",0.00773908815008804,-0.136050595823284,0.282,0.461,1,"Not significant",0
"Trim46",0.00774221703400673,-0.439596996962848,0.186,0.303,1,"Not significant",0
"Hars",0.00774469212127245,-1.0365920531789,0.064,0.145,1,"Not significant",0
"Pygb",0.00774608224635101,-0.585236317513973,0.141,0.244,1,"Not significant",0
"Ro60",0.0077904706892972,-0.932255393364166,0.058,0.138,1,"Not significant",0
"Gm41804",0.00779065048002008,-0.91775582366905,0.064,0.145,1,"Not significant",0
"Trpc5",0.00779197514297295,-0.809668787895851,0.333,0.439,1,"Not significant",0
"Fyco1",0.00781173480862383,-0.701180728927917,0.122,0.218,1,"Not significant",0
"Psmd1",0.00784384741761259,-0.389667844364811,0.218,0.345,1,"Not significant",0
"Galnt10",0.00784854844033582,-0.913146570416461,0.096,0.185,1,"Not significant",0
"Klhl1",0.00786305044221076,-0.361482081763942,0.128,0.229,1,"Not significant",0
"Slit3",0.00786852274370704,-0.606222900144067,0.147,0.255,1,"Not significant",0
"Wipf2",0.0078717292844729,-0.583986906298023,0.186,0.297,1,"Not significant",0
"Sh3bp5",0.00787291328599558,-1.30381425597613,0.045,0.117,1,"Not significant",0
"Unc13c",0.00788557352360295,-1.17391614840539,0.122,0.215,1,"Not significant",0
"Fhit",0.00788702644887306,-0.643750300014254,0.09,0.183,1,"Not significant",0
"Gm33228",0.00788732604381048,-1.26567912708936,0.051,0.127,1,"Not significant",0
"Megf9",0.00789100673865483,-0.718851755254973,0.071,0.156,1,"Not significant",0
"Kcnb1",0.00791202361995742,-0.373076918413242,0.25,0.383,1,"Not significant",0
"Tpra1",0.00792537487455449,-1.38793487714036,0.038,0.108,1,"Not significant",0
"Actr3",0.00793879280006203,-1.2827526404483,0.045,0.117,1,"Not significant",0
"Ctu2",0.00793879877408109,-1.30381425597613,0.045,0.117,1,"Not significant",0
"Slc41a2",0.00794721118176023,-0.526495707673333,0.141,0.248,1,"Not significant",0
"Lrsam1",0.00795112976869657,-0.845543760170835,0.096,0.187,1,"Not significant",0
"Ift88",0.00796306550763171,-0.544017953429037,0.154,0.262,1,"Not significant",0
"Pspc1",0.00797874593629886,-0.637512127803034,0.109,0.207,1,"Not significant",0
"Ivd",0.00799690432406173,-0.729626226849148,0.16,0.262,1,"Not significant",0
"Zc3h15",0.00800861896078627,-0.680716626368201,0.122,0.222,1,"Not significant",0
"Arhgap39",0.00801231844318622,-0.297387986816696,0.295,0.455,1,"Not significant",0
"Togaram1",0.00802153618063766,-0.830005335116216,0.103,0.194,1,"Not significant",0
"Nup98",0.00803365625001398,-0.760886975052184,0.135,0.233,1,"Not significant",0
"Srp72",0.00804025900006352,-0.509398389626023,0.167,0.277,1,"Not significant",0
"Fastkd1",0.00804343415159118,-1.31867221470324,0.038,0.108,1,"Not significant",0
"Comt",0.00805434056285497,-0.667358243513183,0.147,0.25,1,"Not significant",0
"Rimklb",0.00808341794845622,-0.908007847117489,0.103,0.193,1,"Not significant",0
"Ecpas",0.00809619706507252,-0.145384893371646,0.391,0.582,1,"Not significant",0
"Ewsr1",0.00811002615757566,-0.35283107618444,0.276,0.413,1,"Not significant",0
"Cfap20",0.00811033844939065,-1.19528979919796,0.051,0.127,1,"Not significant",0
"Naxd",0.00811245637986729,-0.592179951766544,0.051,0.13,1,"Not significant",0
"Clec16a",0.00812505767575312,-0.486190998464698,0.212,0.332,1,"Not significant",0
"Tmem132c",0.00813020383989364,-1.26137898965573,0.064,0.143,1,"Not significant",0
"Lemd3",0.00816807193808248,-0.796193843788137,0.071,0.154,1,"Not significant",0
"Slc9a8",0.0081936373260314,-0.625924153527822,0.109,0.207,1,"Not significant",0
"Arid4b",0.00822907521090356,-0.219136541152327,0.378,0.576,1,"Not significant",0
"Pcbd2",0.00823600575250701,-1.32457281614293,0.038,0.108,1,"Not significant",0
"Zfp512",0.00826379076681438,-0.693195565649893,0.186,0.294,1,"Not significant",0
"Acbd3",0.00826451656194787,-0.869889512403792,0.058,0.138,1,"Not significant",0
"Tsga10",0.00828412112314737,-0.506491487492264,0.109,0.209,1,"Not significant",0
"G2e3",0.00833984323959744,-0.964676871056543,0.045,0.119,1,"Not significant",0
"Nipsnap2",0.00836574420309179,-0.548926753812661,0.115,0.217,1,"Not significant",0
"Epb41l3",0.00838299025860682,-0.280325903053759,0.449,0.606,1,"Not significant",0
"Prr14",0.00838320288352307,-0.753285252318847,0.083,0.172,1,"Not significant",0
"Nhlrc2",0.00838558154618547,-1.11282763900599,0.038,0.108,1,"Not significant",0
"Zfp956",0.00842689545922344,-0.654721417835257,0.071,0.154,1,"Not significant",0
"Lamc1",0.00843347525597819,-0.798630829233971,0.051,0.128,1,"Not significant",0
"Phlpp2",0.00843531856418966,-0.558836983287061,0.212,0.323,1,"Not significant",0
"Ctsd",0.00844435930966793,-1.21765761222641,0.038,0.108,1,"Not significant",0
"Cd99l2",0.00847061281143194,-0.932255393364166,0.083,0.169,1,"Not significant",0
"Dph7",0.00855864209464364,-0.921114835758965,0.064,0.145,1,"Not significant",0
"Prmt9",0.00860005684364273,-0.798630829233971,0.058,0.138,1,"Not significant",0
"Ptpn4",0.00860386566998271,-0.437178396160205,0.263,0.393,1,"Not significant",0
"Srgap2",0.00860639581424867,-0.171042252951282,0.404,0.578,1,"Not significant",0
"Adcy3",0.00861414259509507,-0.537681996645037,0.128,0.233,1,"Not significant",0
"Srsf7",0.00861944668556073,-0.502718324390207,0.179,0.295,1,"Not significant",0
"Usp25",0.00862734073704366,-0.697790139727143,0.064,0.145,1,"Not significant",0
"Clip3",0.00869841676585952,-0.682955098564201,0.109,0.204,1,"Not significant",0
"Qser1",0.00873592832833099,-0.666595518123549,0.096,0.189,1,"Not significant",0
"Susd6",0.00880417496983528,-1.25418348825153,0.051,0.125,1,"Not significant",0
"Fam91a1",0.00882698464636975,-0.718851755254973,0.045,0.119,1,"Not significant",0
"Atp2b4",0.00882974109112872,-0.605013498580335,0.212,0.323,1,"Not significant",0
"Shprh",0.00884052083783173,-0.319617934200161,0.212,0.341,1,"Not significant",0
"Trhde",0.00884568918109376,-1.00264472125556,0.071,0.154,1,"Not significant",0
"Pigl",0.00888579889537424,-1.45402406759813,0.038,0.106,1,"Not significant",0
"Limch1",0.00891425123637102,-0.238419838005123,0.494,0.694,1,"Not significant",0
"Ugdh",0.00892023236974463,-0.506875949863863,0.128,0.229,1,"Not significant",0
"Gm5820",0.00894011633203787,-0.688829272155521,0.071,0.152,1,"Not significant",0
"Brox",0.00896724225035964,-1.25418348825153,0.051,0.125,1,"Not significant",0
"Atcay",0.00896843187181123,-0.321398568347783,0.192,0.321,1,"Not significant",0
"Trim2",0.00897288605818561,-0.231099875138487,0.545,0.734,1,"Not significant",0
"Stard7",0.0090083255158279,-1.00264472125556,0.064,0.143,1,"Not significant",0
"Itpr1",0.00904608406637447,-0.950177301361428,0.141,0.235,1,"Not significant",0
"Nup153",0.00904953994739539,-1.19528979919796,0.051,0.125,1,"Not significant",0
"Dync1li2",0.00905104215821084,-0.604095344765289,0.147,0.25,1,"Not significant",0
"Nsd1",0.00907398267416798,-0.0998094903437313,0.526,0.749,1,"Not significant",0
"D3Ertd751e",0.00915120470396521,-0.388893797109783,0.173,0.288,1,"Not significant",0
"Gmeb2",0.00915415619870569,-1.38793487714036,0.038,0.106,1,"Not significant",0
"Smap1",0.00916739003763028,-0.409414604550807,0.096,0.193,1,"Not significant",0
"Kyat1",0.00918136335219979,-1.11089761190759,0.058,0.134,1,"Not significant",0
"Arpp21",0.00919291758612873,-0.656300722909105,0.276,0.394,1,"Not significant",0
"Dnm3",0.00920110350272992,-0.2565369880245,0.532,0.752,1,"Not significant",0
"Slc22a21",0.00921129970027262,-1.26137898965573,0.045,0.116,1,"Not significant",0
"Iqgap1",0.00921832646630942,-0.617821835023728,0.173,0.277,1,"Not significant",0
"Cfap36",0.00921874032200543,-0.430918047691102,0.135,0.242,1,"Not significant",0
"Rps6ka3",0.00923454583998134,-0.0184120371138805,0.064,0.149,1,"Not significant",0
"Impdh1",0.00926066235184061,-0.925682739440679,0.051,0.127,1,"Not significant",0
"Slc1a6",0.00926132630478177,-0.911496833197369,0.071,0.152,1,"Not significant",0
"Cd46",0.00928969184140469,-0.458324205031753,0.199,0.317,1,"Not significant",0
"Rhoa",0.00929010689157934,-1.31867221470324,0.038,0.106,1,"Not significant",0
"Cdkl3",0.00935107290172331,-0.575432508030618,0.141,0.246,1,"Not significant",0
"Scaf8",0.00935590370662752,-0.238102882736933,0.314,0.464,1,"Not significant",0
"Tspan13",0.00945716608480737,-1.40040422910257,0.051,0.123,1,"Not significant",0
"Maea",0.00948027287244367,-1.12128921775418,0.051,0.125,1,"Not significant",0
"Zfp704",0.00949761973188558,-0.309689171935046,0.346,0.499,1,"Not significant",0
"Gda",0.00953614181921192,-1.04614635989215,0.064,0.143,1,"Not significant",0
"Zfp112",0.00956957940118075,-1.19528979919796,0.045,0.116,1,"Not significant",0
"Dmxl2",0.00957948328612019,-0.275908259406244,0.327,0.486,1,"Not significant",0
"Wdr12",0.00959324910528038,-0.834700083941492,0.058,0.136,1,"Not significant",0
"Cherp",0.00962320039982055,-0.494850081056867,0.115,0.211,1,"Not significant",0
"Prkcb",0.0096299570582582,-0.247546036329384,0.385,0.558,1,"Not significant",0
"Chic1",0.00963472583410574,-0.853501281949754,0.083,0.167,1,"Not significant",0
"Shank2",0.00963477532370057,-0.212023814957761,0.423,0.624,1,"Not significant",0
"Emc1",0.00964955712957111,-1.17511191726033,0.045,0.116,1,"Not significant",0
"Rspry1",0.00966749118430382,-0.499070547375063,0.147,0.25,1,"Not significant",0
"Sf3b3",0.0096729846386415,-0.635862390583941,0.09,0.18,1,"Not significant",0
"Fam171a2",0.0096919562403745,-0.796193843788137,0.071,0.15,1,"Not significant",0
"Asb7",0.00974255047758287,-1.04614635989215,0.077,0.158,1,"Not significant",0
"Tmem132e",0.009750309753987,-0.780252299919116,0.077,0.161,1,"Not significant",0
"Kif3b",0.00977059097397071,-0.936756785599107,0.096,0.182,1,"Not significant",0
"Tasor2",0.00978896284979881,-0.682555626031982,0.154,0.253,1,"Not significant",0
"Wnk3",0.00980777897793749,-0.620311387049426,0.128,0.226,1,"Not significant",0
"Pitpnb",0.00989213329549848,-1.11282763900599,0.045,0.116,1,"Not significant",0
"Plxna2",0.00990879054076164,-0.450684142829621,0.282,0.407,1,"Not significant",0
"Slmap",0.00992352318297766,-0.573801422451689,0.147,0.251,1,"Not significant",0
"Tdp1",0.00996144396237618,-1.11282763900599,0.045,0.116,1,"Not significant",0
"Wwp1",0.00997993939787649,-0.701642465222749,0.115,0.209,1,"Not significant",0
"Nolc1",0.00998227964192193,1.26629028601791,0.173,0.103,1,"Not significant",0
"Rapgef6",0.00999034327898343,-0.220318593689482,0.333,0.503,1,"Not significant",0
"Kpna4",0.0100270812859597,-1.0365920531789,0.064,0.141,1,"Not significant",0
"Gdi1",0.0100491432302832,-0.533612332335991,0.179,0.284,1,"Not significant",0
"Nol4l",0.0100509600247447,-0.394069663312457,0.282,0.398,1,"Not significant",0
"Tmem163",0.0100529560970537,-0.834700083941492,0.096,0.18,1,"Not significant",0
"Slc45a4",0.010056061129157,-1.0697589171141,0.045,0.116,1,"Not significant",0
"Eif2b3",0.0100893011628197,-1.27329231119923,0.051,0.123,1,"Not significant",0
"Sh3rf1",0.0101179176124235,-0.568748194725404,0.083,0.172,1,"Not significant",0
"Eno3",0.0101295929398875,1.29775021208216,0.103,0.048,1,"Not significant",0
"Uso1",0.0101342716961591,-0.895729517339052,0.09,0.174,1,"Not significant",0
"Stam2",0.0101774672393379,-0.927093688248387,0.071,0.15,1,"Not significant",0
"Abcb7",0.0101812479640342,-0.382916802373731,0.058,0.134,1,"Not significant",0
"Qtrt1",0.0101935709420487,-1.00264472125556,0.083,0.165,1,"Not significant",0
"Nectin1",0.0102278808667162,-1.22771127689034,0.064,0.139,1,"Not significant",0
"Atp1a1",0.0102283065111856,-0.314588727570304,0.109,0.206,1,"Not significant",0
"Gm15396",0.0102451729794042,-1.34503691870264,0.045,0.114,1,"Not significant",0
"Ahdc1",0.0102995649328954,-0.619316081704058,0.16,0.262,1,"Not significant",0
"Hspa4l",0.0103126656287289,-0.282752640448299,0.173,0.295,1,"Not significant",0
"Zzef1",0.0103365385179486,-0.313934295696579,0.391,0.554,1,"Not significant",0
"Prpsap2",0.0103691221921087,-1.19528979919796,0.051,0.123,1,"Not significant",0
"Wdr48",0.0103772852372089,-0.805343280881947,0.103,0.191,1,"Not significant",0
"Dst",0.010440632147673,0.24029925902186,0.936,0.958,1,"Not significant",0
"Gpatch4",0.0104871418064546,-1.43232899649881,0.038,0.105,1,"Not significant",0
"Foxn3",0.0105210213866373,-0.274145219909199,0.301,0.431,1,"Not significant",0
"Camsap2",0.0105283801135644,-0.438743836062237,0.154,0.261,1,"Not significant",0
"Inpp5b",0.0105722388398895,-0.606716044924424,0.128,0.224,1,"Not significant",0
"Arhgef18",0.0106462124878298,-0.605573768506169,0.077,0.163,1,"Not significant",0
"Smchd1",0.0106723561380456,-0.307000186694977,0.224,0.358,1,"Not significant",0
"Kif13b",0.0107520109430326,-0.56093927151464,0.122,0.217,1,"Not significant",0
"Pi4ka",0.0107897439273112,-0.231134998144682,0.487,0.673,1,"Not significant",0
"Ttc27",0.0107918861833653,-0.93945089476837,0.045,0.116,1,"Not significant",0
"Ubp1",0.0108494442522982,0.601995264242059,0.442,0.372,1,"Not significant",0
"St13",0.0108613728597362,-0.517217894085322,0.083,0.171,1,"Not significant",0
"Ascc1",0.0108901873452491,-0.932255393364166,0.038,0.106,1,"Not significant",0
"Pik3r3",0.0108909211671315,-0.979561108142523,0.096,0.18,1,"Not significant",0
"Ncoa1",0.0109007454386202,-0.169294590665015,0.34,0.497,1,"Not significant",0
"Farsa",0.010905197820964,-1.00264472125556,0.058,0.132,1,"Not significant",0
"Virma",0.0109376238042649,-0.450546854440034,0.135,0.237,1,"Not significant",0
"Snx2",0.0110147354882488,-0.677682566278568,0.077,0.16,1,"Not significant",0
"Znfx1",0.0110289009399038,-1.10218039480648,0.051,0.123,1,"Not significant",0
"Pde4dip",0.0110393246918748,-0.284872692322669,0.506,0.695,1,"Not significant",0
"Mgrn1",0.0110437225229948,-0.517217894085322,0.186,0.294,1,"Not significant",0
"Ptpn23",0.0110668059459533,0.850513890415165,0.288,0.204,1,"Not significant",0
"Csnk1e",0.0110975106132627,-0.40474316482691,0.205,0.316,1,"Not significant",0
"Gm12905",0.0111162757792685,-1.26137898965573,0.038,0.105,1,"Not significant",0
"Wdfy1",0.0111340824474161,-0.491531250421672,0.16,0.264,1,"Not significant",0
"Eif4h",0.0111516803926931,-1.17511191726033,0.045,0.114,1,"Not significant",0
"Nim1k",0.0111790180488754,-0.534091712649718,0.064,0.145,1,"Not significant",0
"Cbx7",0.0112052111190185,-0.618501229922503,0.096,0.185,1,"Not significant",0
"S100pbp",0.0112154544687513,-1.03179106691508,0.083,0.163,1,"Not significant",0
"Fbxw7",0.0112459465887951,-0.58760722197672,0.103,0.194,1,"Not significant",0
"Zfyve26",0.0112804893142559,-0.830005335116216,0.096,0.182,1,"Not significant",0
"Btbd10",0.0113003617949563,-1.0697589171141,0.038,0.105,1,"Not significant",0
"Lrpprc",0.0113126910913495,-0.365214800640272,0.192,0.308,1,"Not significant",0
"Skil",0.0113259423507596,-1.19528979919796,0.058,0.13,1,"Not significant",0
"Smad4",0.0113507278394716,-1.11282763900599,0.045,0.114,1,"Not significant",0
"Dyrk1a",0.0113632809930694,-0.628249206474066,0.128,0.222,1,"Not significant",0
"Nr1d2",0.0113937443581734,-1.0365920531789,0.064,0.139,1,"Not significant",0
"Babam2",0.0113988728804764,-0.643750300014254,0.115,0.207,1,"Not significant",0
"Rb1cc1",0.0114228578229507,-0.224501720414447,0.365,0.523,1,"Not significant",0
"Zfp53",0.0114626079908235,-1.14948610958484,0.038,0.105,1,"Not significant",0
"Gm45847",0.0114656056244432,-0.650191759354743,0.147,0.246,1,"Not significant",0
"Grb2",0.0115276896134613,-0.729268371200311,0.135,0.228,1,"Not significant",0
"Phyh",0.0115465420414979,-1.12602713676085,0.038,0.105,1,"Not significant",0
"Arnt2",0.0115678194066717,-0.672336960752228,0.186,0.286,1,"Not significant",0
"Ccdc107",0.0116653317731329,-1.10218039480648,0.058,0.13,1,"Not significant",0
"Myo1d",0.0116751149852034,-0.438146323094124,0.045,0.117,1,"Not significant",0
"Kcnb2",0.0117337603719178,-0.224034099512086,0.66,0.796,1,"Not significant",0
"Prpf39",0.0117619171280847,-0.274516490348535,0.256,0.396,1,"Not significant",0
"Dgkg",0.0117829071380854,-0.212692845459405,0.288,0.446,1,"Not significant",0
"Lrrcc1",0.0118426621015398,-0.334564587800087,0.282,0.413,1,"Not significant",0
"Vps35",0.0118518049211502,-0.477325166961809,0.096,0.183,1,"Not significant",0
"Nadk",0.0118591442594945,-0.517217894085322,0.09,0.178,1,"Not significant",0
"Ing4",0.0118637397985502,-0.678372685899902,0.109,0.198,1,"Not significant",0
"Kat6a",0.0118795663993062,-0.687142895527634,0.122,0.215,1,"Not significant",0
"Rundc3b",0.0119337358209697,-0.370731805607838,0.25,0.369,1,"Not significant",0
"Edc4",0.011947650927507,0.88356562151328,0.231,0.15,1,"Not significant",0
"Rpl10a",0.0119541130543732,-0.756004753672439,0.103,0.191,1,"Not significant",0
"Cep70",0.0119557127747805,-0.35283107618444,0.231,0.354,1,"Not significant",0
"Fbxo41",0.0119741932782966,-0.628249206474066,0.147,0.246,1,"Not significant",0
"Zfp638",0.012003718516995,-0.283490403205818,0.365,0.527,1,"Not significant",0
"Ccdc88a",0.0120500159454689,0.304517803559636,0.769,0.783,1,"Not significant",0
"Slitrk3",0.0120643847640418,-0.675282740317574,0.077,0.16,1,"Not significant",0
"Stk33",0.012065352839423,-1.34503691870264,0.045,0.112,1,"Not significant",0
"Iffo2",0.0120863018890572,-1.15464781470061,0.051,0.121,1,"Not significant",0
"Scamp5",0.0120912688241814,-0.870854848700023,0.096,0.18,1,"Not significant",0
"Ttc19",0.0121469498163508,-0.524071565126385,0.199,0.306,1,"Not significant",0
"Gucy1b1",0.0121828564641974,-0.905783182002974,0.051,0.123,1,"Not significant",0
"Rab3gap2",0.0121932138717937,-0.469464762636954,0.199,0.305,1,"Not significant",0
"Gnptg",0.0121986108719163,-0.590591080415542,0.109,0.198,1,"Not significant",0
"Lztfl1",0.0121990958471736,-0.91775582366905,0.077,0.156,1,"Not significant",0
"Sdk2",0.0122096192078114,-0.298208112143526,0.224,0.35,1,"Not significant",0
"Stk4",0.0122924102110395,-0.885605300065345,0.051,0.123,1,"Not significant",0
"Dhx36",0.0123398989531861,-0.524791113790123,0.179,0.288,1,"Not significant",0
"Mrpl48",0.0123623222251131,-1.31867221470324,0.038,0.103,1,"Not significant",0
"Mau2",0.0123869790665074,-0.358228370324165,0.192,0.31,1,"Not significant",0
"Pum2",0.0123996980479837,-0.443217312641545,0.141,0.242,1,"Not significant",0
"Trim26",0.0124218511835423,-1.00264472125556,0.058,0.13,1,"Not significant",0
"Ralgapb",0.0124242607653728,-0.112827639005987,0.25,0.394,1,"Not significant",0
"Rprd1b",0.012441703633003,-0.597388242769305,0.051,0.125,1,"Not significant",0
"Wscd2",0.0124500370742804,-0.444649268134677,0.212,0.323,1,"Not significant",0
"Adat1",0.0124597430066853,-1.00264472125556,0.071,0.147,1,"Not significant",0
"Myo6",0.0124598311808594,-0.433694538523039,0.147,0.253,1,"Not significant",0
"Tcaf1",0.0124635313603171,-0.276819684694558,0.34,0.483,1,"Not significant",0
"Skiv2l",0.0125129431794718,1.00264957841395,0.295,0.217,1,"Not significant",0
"Snta1",0.0125131893544869,-0.768756661081286,0.109,0.196,1,"Not significant",0
"Nek4",0.0125392531242369,-0.701642465222749,0.115,0.204,1,"Not significant",0
"Ctns",0.012543542320648,-1.2705779265022,0.038,0.103,1,"Not significant",0
"Dlat",0.0125684550895584,-0.654721417835257,0.141,0.237,1,"Not significant",0
"Med27",0.0126002307121216,-0.754717207811979,0.096,0.182,1,"Not significant",0
"Ift20",0.0126293206149264,-0.923210253761159,0.09,0.171,1,"Not significant",0
"Mmp17",0.0126347508219827,-1.24591587226793,0.038,0.103,1,"Not significant",0
"Mrnip",0.0126520852682626,-0.794327485130839,0.083,0.165,1,"Not significant",0
"Zfr2",0.0127026924878248,0.696185744023871,0.391,0.312,1,"Not significant",0
"Chrm2",0.0127121551298411,-0.957790485471303,0.115,0.202,1,"Not significant",0
"Birc2",0.0127723727937368,-0.937793576905596,0.071,0.147,1,"Not significant",0
"Ccdc82",0.0127736424210763,-0.245042834395059,0.199,0.321,1,"Not significant",0
"Ptch1",0.0127888145177895,-1.1771424524877,0.058,0.128,1,"Not significant",0
"Ei24",0.0128039856538707,-1.03963892873777,0.064,0.138,1,"Not significant",0
"Agl",0.0128163760480233,-0.680716626368202,0.096,0.182,1,"Not significant",0
"Esyt3",0.0128891214219803,-1.23968391855641,0.038,0.103,1,"Not significant",0
"Eef1g",0.0128941005777308,-0.654721417835257,0.083,0.167,1,"Not significant",0
"Tmx3",0.0130134786154297,-0.685615425781041,0.103,0.191,1,"Not significant",0
"Ptma",0.0130233555546117,-0.760074417981486,0.051,0.121,1,"Not significant",0
"Ogfrl1",0.0130365683873862,-0.760074417981486,0.045,0.114,1,"Not significant",0
"Usp8",0.0130496158530558,-0.361482081763942,0.192,0.299,1,"Not significant",0
"Mbtps1",0.0130516592727077,-0.680716626368202,0.096,0.18,1,"Not significant",0
"Coq5",0.0130583185173042,-1.0365920531789,0.064,0.138,1,"Not significant",0
"Mtus2",0.0130824484311141,-0.336645648443501,0.321,0.453,1,"Not significant",0
"Arhgef10l",0.0130834201227966,-0.579953649433285,0.128,0.224,1,"Not significant",0
"Col19a1",0.0130885742936694,-0.987847719327483,0.064,0.138,1,"Not significant",0
"Iars",0.0130902593757462,-0.432328996498809,0.115,0.207,1,"Not significant",0
"Kcnq1ot1",0.0131154193612352,0.34283518845533,0.955,0.95,1,"Not significant",0
"Gm14634",0.0131197652060955,-1.09145398821342,0.045,0.112,1,"Not significant",0
"Cpsf3",0.0131206654302157,-0.842988055267078,0.083,0.163,1,"Not significant",0
"Sfxn4",0.0131403868778996,-0.72778488002498,0.064,0.139,1,"Not significant",0
"Pianp",0.01314467158681,-0.987847719327483,0.083,0.161,1,"Not significant",0
"Aldh7a1",0.0131813134517486,-0.888312045776569,0.077,0.154,1,"Not significant",0
"Hspa14",0.0131954735019762,-0.981886161088767,0.051,0.121,1,"Not significant",0
"Rbm26",0.0132274907422955,-0.350107908250064,0.269,0.391,1,"Not significant",0
"Trio",0.0132840563683197,-0.220093190198532,0.538,0.727,1,"Not significant",0
"Sptlc1",0.013297737003517,-0.796193843788137,0.077,0.156,1,"Not significant",0
"Snx1",0.0133177012939948,-0.895729517339052,0.071,0.147,1,"Not significant",0
"Cdc37l1",0.0133206878785087,-0.201716068357393,0.218,0.347,1,"Not significant",0
"Kansl1l",0.0133340001309827,-1.25418348825153,0.051,0.119,1,"Not significant",0
"Tatdn1",0.0133346454558899,-1.0477326107841,0.045,0.112,1,"Not significant",0
"Xpo1",0.0133683899935557,-0.438146323094123,0.212,0.321,1,"Not significant",0
"Epha6",0.0134325871514167,-0.655525819886143,0.429,0.53,1,"Not significant",0
"Anapc10",0.0134339355063376,-0.878099623317261,0.103,0.185,1,"Not significant",0
"Nvl",0.0134739808488148,-0.327740095221609,0.231,0.354,1,"Not significant",0
"Zfp592",0.0134932480058284,-0.967879303094887,0.064,0.138,1,"Not significant",0
"Ptpn1",0.0135159364896889,-0.402885218606327,0.179,0.288,1,"Not significant",0
"Rnft2",0.0135311908833342,-0.602106791671835,0.167,0.266,1,"Not significant",0
"Tspan33",0.0135632421093098,-1.11089761190759,0.058,0.128,1,"Not significant",0
"Galnt1",0.013582898572688,-0.597388242769305,0.096,0.183,1,"Not significant",0
"Rnf6",0.0135962853246579,-0.883345792883219,0.038,0.103,1,"Not significant",0
"Dcun1d5",0.0136206160630467,-0.967879303094887,0.064,0.138,1,"Not significant",0
"Eif4b",0.0136681510916171,-1.0494389327345,0.077,0.152,1,"Not significant",0
"Srsf4",0.0136697767825273,-0.942523728817993,0.077,0.154,1,"Not significant",0
"Galnt9",0.013712811859795,-0.895729517339052,0.077,0.154,1,"Not significant",0
"Jakmip3",0.0137179495601376,-0.395588449683791,0.205,0.317,1,"Not significant",0
"Prkag1",0.0137281925450524,0.862813155365609,0.308,0.228,1,"Not significant",0
"Epb41l5",0.013745961074077,-0.863668308106753,0.071,0.147,1,"Not significant",0
"Gpatch1",0.0137650494641884,-0.411607706124723,0.147,0.25,1,"Not significant",0
"Rxylt1",0.0137930312079721,-0.497852569218391,0.128,0.222,1,"Not significant",0
"Trnau1ap",0.0138221570017083,-1.15464781470061,0.051,0.119,1,"Not significant",0
"Gm17018",0.013822180603858,-1.19528979919796,0.051,0.119,1,"Not significant",0
"Sertad2",0.0138388824247521,-0.93945089476837,0.038,0.103,1,"Not significant",0
"Tln2",0.0138445068335996,-0.277083890361607,0.224,0.354,1,"Not significant",0
"B230334C09Rik",0.0138663685458223,-0.711865324938866,0.083,0.165,1,"Not significant",0
"Ephb2",0.0139282947760205,-0.319025167620205,0.256,0.385,1,"Not significant",0
"Miga2",0.0139584833629504,-0.361299750636889,0.179,0.286,1,"Not significant",0
"4732463B04Rik",0.0139610767316893,-1.2827526404483,0.045,0.11,1,"Not significant",0
"Prkar1b",0.0139613334344391,-0.345652534261754,0.269,0.389,1,"Not significant",0
"Ap2a2",0.0140477739902963,-0.484796416392945,0.16,0.261,1,"Not significant",0
"Orc4",0.014056718226834,-0.468308293604376,0.109,0.202,1,"Not significant",0
"Lncpint",0.0140597243948986,-0.0388043845509822,0.481,0.675,1,"Not significant",0
"Dnajc8",0.0141305994141555,-0.682955098564201,0.115,0.204,1,"Not significant",0
"Ubxn2b",0.0141412625256716,-0.865141197505629,0.051,0.121,1,"Not significant",0
"Nap1l5",0.014151089546542,-0.406186581696578,0.224,0.338,1,"Not significant",0
"Ralgapa1",0.0141623792719704,-0.144117147208444,0.481,0.686,1,"Not significant",0
"4930444P10Rik",0.0141899802669683,-1.21765761222641,0.045,0.11,1,"Not significant",0
"Tmlhe",0.0142004175221555,-0.506491487492264,0.109,0.198,1,"Not significant",0
"Nelfb",0.0142015146098558,-0.533159437954344,0.077,0.158,1,"Not significant",0
"Glra3",0.0142074628150424,-0.922271304791544,0.135,0.222,1,"Not significant",0
"Synpr",0.0142191547732554,-0.729268371200311,0.064,0.138,1,"Not significant",0
"Heatr6",0.0142338433851763,-0.545787046282093,0.186,0.292,1,"Not significant",0
"Secisbp2l",0.0142869142516972,-0.743726423894002,0.103,0.187,1,"Not significant",0
"Eefsec",0.0143173870183631,-0.832719719813252,0.103,0.185,1,"Not significant",0
"Gm14410",0.0143211408955234,-0.814199631842453,0.064,0.138,1,"Not significant",0
"B3gat3",0.0143351059365126,-0.798630829233971,0.058,0.13,1,"Not significant",0
"Stk40",0.0143422202460692,1.03026990121717,0.179,0.108,1,"Not significant",0
"Gpx3",0.0143464298176106,-1.29482547274887,0.038,0.101,1,"Not significant",0
"Mef2c",0.014346630021937,-1.54892675381266,0.038,0.101,1,"Not significant",0
"Gm11508",0.0143798373283963,-0.123554045599045,0.212,0.341,1,"Not significant",0
"Ranbp9",0.0143838222737446,-0.888312045776569,0.083,0.161,1,"Not significant",0
"Sorcs3",0.0143905687858666,-0.495095083187182,0.295,0.4,1,"Not significant",0
"Pepd",0.0143971475066968,-0.983785694004248,0.058,0.128,1,"Not significant",0
"Slitrk1",0.0144134724344799,-0.964676871056543,0.058,0.128,1,"Not significant",0
"Ptpn13",0.0144506050325282,-1.2705779265022,0.038,0.101,1,"Not significant",0
"Sh3pxd2a",0.0144540538894446,-0.908007847117489,0.103,0.183,1,"Not significant",0
"Pura",0.0145317171923429,-0.525210684838853,0.167,0.268,1,"Not significant",0
"Cc2d1a",0.0145530506925122,0.902890594740944,0.314,0.239,1,"Not significant",0
"Ptpn2",0.0146217117751206,-0.780252299919116,0.09,0.171,1,"Not significant",0
"Arel1",0.0146847974493541,-0.954281699694165,0.077,0.152,1,"Not significant",0
"Dcakd",0.0147080743608939,-0.766038440699415,0.083,0.163,1,"Not significant",0
"Dlg5",0.0148525340513646,-0.425587418619754,0.179,0.286,1,"Not significant",0
"Zbtb9",0.0148903396561765,-0.517217894085322,0.103,0.191,1,"Not significant",0
"Fbxo25",0.0149273029723156,-1.00264472125556,0.051,0.119,1,"Not significant",0
"Bbof1",0.0149726586218674,-0.613791153780375,0.128,0.218,1,"Not significant",0
"Riok3",0.0150134633809181,-0.439596996962848,0.212,0.319,1,"Not significant",0
"Hectd1",0.0150373049611456,-0.509800422522839,0.186,0.292,1,"Not significant",0
"Synj2bp",0.0150539844207294,-0.349866836306836,0.192,0.303,1,"Not significant",0
"Mdm2",0.0150851883889211,-0.550132516558057,0.128,0.22,1,"Not significant",0
"Thbs3",0.0150955874189907,-0.865141197505629,0.051,0.119,1,"Not significant",0
"Ldb1",0.0151289268899055,-0.798630829233971,0.064,0.138,1,"Not significant",0
"Ncoa6",0.015161592064478,-0.288399203589441,0.244,0.372,1,"Not significant",0
"Zmiz2",0.0153961448602893,-0.447676960832245,0.154,0.251,1,"Not significant",0
"Pik3cb",0.0154520076094706,-0.873361704310597,0.045,0.11,1,"Not significant",0
"Iars2",0.0154755372096529,-0.517217894085322,0.186,0.284,1,"Not significant",0
"Aldh4a1",0.0154831644851059,-0.445833260848557,0.135,0.231,1,"Not significant",0
"Stk32a",0.0154933424195163,-1.18135060824009,0.058,0.127,1,"Not significant",0
"Mpzl1",0.0155200268354903,-1.00264472125556,0.045,0.11,1,"Not significant",0
"Ammecr1l",0.0155499897357694,-0.654721417835257,0.096,0.18,1,"Not significant",0
"Lrp6",0.0155602968648395,-0.795202641385087,0.083,0.161,1,"Not significant",0
"Mapk11",0.0155670106755232,-0.517217894085322,0.103,0.189,1,"Not significant",0
"Taf3",0.015600432067704,-0.648462427363575,0.096,0.18,1,"Not significant",0
"Aqr",0.0156172419258206,-1.0340088921649,0.077,0.15,1,"Not significant",0
"Elp4",0.0156279676286719,-0.429345138059988,0.199,0.303,1,"Not significant",0
"Agap3",0.0156379414280234,0.712787711361001,0.417,0.338,1,"Not significant",0
"Oprm1",0.0156522465047794,-0.634711457103763,0.135,0.228,1,"Not significant",0
"Mrtfa",0.0156885296157512,-0.484796416392945,0.122,0.213,1,"Not significant",0
"Idh3b",0.0157016998547848,-0.985366729823729,0.071,0.143,1,"Not significant",0
"Mgat4a",0.0157028945502896,-0.443217312641545,0.115,0.206,1,"Not significant",0
"Osbpl11",0.0157229460038256,-0.839145988972684,0.058,0.128,1,"Not significant",0
"Stim2",0.0157926019159001,-1.15464781470061,0.051,0.117,1,"Not significant",0
"Cds1",0.0157926019159001,-1.15464781470061,0.051,0.117,1,"Not significant",0
"Edrf1",0.0158656261933403,-0.697790139727143,0.09,0.171,1,"Not significant",0
"1600020E01Rik",0.0158988428011518,-0.805343280881947,0.096,0.176,1,"Not significant",0
"Flywch1",0.0159172266427306,0.562892280877942,0.468,0.402,1,"Not significant",0
"B3galt5",0.0159192164709792,-0.749878650875597,0.077,0.154,1,"Not significant",0
"Tada3",0.0159334687963602,-1.13388925453382,0.051,0.117,1,"Not significant",0
"Eprs",0.0159391687298796,1.02110388151705,0.404,0.341,1,"Not significant",0
"Dvl3",0.015950573293187,-1.00264472125556,0.071,0.143,1,"Not significant",0
"Clu",0.0160019105379234,-0.780252299919116,0.064,0.136,1,"Not significant",0
"Ubr5",0.0160407436593646,0.40227273830283,0.635,0.675,1,"Not significant",0
"Tet3",0.016059418545025,0.296915560603344,0.256,0.391,1,"Not significant",0
"Bckdha",0.0160604697728541,-0.760074417981486,0.051,0.119,1,"Not significant",0
"Rsf1",0.0160607917330229,-0.245042834395059,0.237,0.363,1,"Not significant",0
"Cep250",0.0160719038769706,0.750262416779664,0.378,0.308,1,"Not significant",0
"Ints6l",0.0161442701994533,-0.334564587800088,0.16,0.261,1,"Not significant",0
"Nalcn",0.0161589619885656,-0.19528979919796,0.615,0.806,1,"Not significant",0
"Zfp60",0.0162178551744615,-1.09145398821342,0.051,0.117,1,"Not significant",0
"Chordc1",0.0162202487332612,-0.599011985248969,0.122,0.211,1,"Not significant",0
"Cntln",0.0162476780340857,-0.667358243513183,0.167,0.259,1,"Not significant",0
"Eogt",0.0162822562483737,-0.676416488934576,0.045,0.11,1,"Not significant",0
"Ints8",0.0162854884786045,-0.654721417835257,0.096,0.178,1,"Not significant",0
"Afmid",0.0162965496929071,-0.584332089943859,0.096,0.178,1,"Not significant",0
"Sh3glb1",0.016304634078151,-0.525210684838853,0.167,0.268,1,"Not significant",0
"Usp2",0.0163098618630839,1.21974770008088,0.109,0.055,1,"Not significant",0
"Tlk1",0.0163118839548543,-0.811961159646454,0.071,0.145,1,"Not significant",0
"Ercc4",0.0163279997436483,-0.937793576905596,0.071,0.143,1,"Not significant",0
"Col4a3bp",0.0163310510831973,-0.544439362820346,0.096,0.18,1,"Not significant",0
"Tnik",0.016365623596862,-0.153962936909024,0.654,0.859,1,"Not significant",0
"Gm15155",0.0164159446669481,-0.605573768506169,0.064,0.136,1,"Not significant",0
"Clcn5",0.0164575015562148,-0.81677817594423,0.058,0.128,1,"Not significant",0
"Tigd2",0.016533308316357,-1.17256972269788,0.045,0.108,1,"Not significant",0
"Tm6sf1",0.0165400901029404,-0.804099041873484,0.038,0.101,1,"Not significant",0
"Dgke",0.016556610725687,-0.497852569218391,0.147,0.242,1,"Not significant",0
"Csmd2",0.0165987331824189,-0.252755380196538,0.577,0.763,1,"Not significant",0
"Por",0.0166430479802277,-0.181614862300883,0.205,0.314,1,"Not significant",0
"Mink1",0.0166997400656067,0.883320035498407,0.276,0.198,1,"Not significant",0
"Ap3m2",0.0167273176459097,-0.742777594500453,0.058,0.128,1,"Not significant",0
"Tmem87b",0.0167384581287262,-0.610327298476804,0.103,0.187,1,"Not significant",0
"Miga1",0.0167682175685015,-0.423095716720772,0.173,0.275,1,"Not significant",0
"Ufsp2",0.016792010071131,-0.853501281949754,0.09,0.167,1,"Not significant",0
"Tacc2",0.0167930339979147,-0.44720817283758,0.167,0.268,1,"Not significant",0
"Rad50",0.01679425735184,-1.10955992517208,0.077,0.149,1,"Not significant",0
"Klhdc4",0.0168064325109344,1.06774460663583,0.122,0.064,1,"Not significant",0
"Azin2",0.016858867563064,-0.559862231493816,0.09,0.172,1,"Not significant",0
"Ptpn9",0.016863162247772,-0.265679127089357,0.186,0.299,1,"Not significant",0
"Capn7",0.0169796723173759,-0.597388242769305,0.103,0.187,1,"Not significant",0
"Khdc4",0.0169841174438099,-0.672103496063493,0.167,0.257,1,"Not significant",0
"Hnrnpm",0.0170491655647695,-0.455817349421179,0.231,0.338,1,"Not significant",0
"Ndfip2",0.0170695502878947,-0.780252299919116,0.051,0.119,1,"Not significant",0
"Hnrnpdl",0.0171485738525566,-0.186676668893252,0.321,0.459,1,"Not significant",0
"Actr8",0.0171688224984212,-0.914108046653907,0.058,0.127,1,"Not significant",0
"Lpcat1",0.0171791944271549,-0.839145988972684,0.083,0.16,1,"Not significant",0
"Fkbp4",0.01719776220385,-1.09145398821342,0.045,0.108,1,"Not significant",0
"Cbx5",0.0172383694298573,-0.557859878582668,0.135,0.226,1,"Not significant",0
"C2cd2l",0.0173245728267932,-0.960824545560937,0.051,0.117,1,"Not significant",0
"Srek1",0.0173273507657164,0.451581237404169,0.635,0.661,1,"Not significant",0
"Evi5",0.0173472151825149,-0.41030269016881,0.128,0.218,1,"Not significant",0
"Sfi1",0.0174215898583054,-0.224436144857476,0.192,0.305,1,"Not significant",0
"Prrc1",0.0174772343447325,-0.93945089476837,0.051,0.117,1,"Not significant",0
"Ubxn4",0.0175290345374862,-0.123033710156449,0.295,0.448,1,"Not significant",0
"Rnf41",0.0175513823757664,-0.73718357802723,0.09,0.167,1,"Not significant",0
"Mtg2",0.0176138323988267,-1.0494389327345,0.077,0.149,1,"Not significant",0
"Parg",0.0176208941965282,-0.593839175688235,0.109,0.194,1,"Not significant",0
"Zdhhc18",0.0176470409076643,-0.853501281949754,0.083,0.16,1,"Not significant",0
"Ap3s1",0.0176583531560849,-0.635862390583941,0.058,0.127,1,"Not significant",0
"Coro2a",0.0176698274273968,-0.877113839171705,0.058,0.127,1,"Not significant",0
"Araf",0.0177278061514369,-0.262121307676168,0.218,0.332,1,"Not significant",0
"Cntn3",0.017729475419515,-0.652569746980208,0.224,0.328,1,"Not significant",0
"Slc50a1",0.0177546437199301,-0.453087556665607,0.096,0.18,1,"Not significant",0
"Gm30382",0.0177972670228888,-1.26137898965573,0.083,0.156,1,"Not significant",0
"Tcf3",0.0178168234277347,-0.680716626368201,0.071,0.145,1,"Not significant",0
"Tenm4",0.0178313960867976,-0.268304596496181,0.763,0.85,1,"Not significant",0
"Matr3",0.0178411397060974,-0.673337096002604,0.16,0.25,1,"Not significant",0
"Pigt",0.0178681475755754,-1.17511191726033,0.051,0.116,1,"Not significant",0
"Usp31",0.0178681475755754,-1.17511191726033,0.051,0.116,1,"Not significant",0
"Dgcr2",0.0178744472536651,-0.647802003895467,0.09,0.167,1,"Not significant",0
"Nrsn1",0.017934444656052,-0.533159437954344,0.077,0.154,1,"Not significant",0
"Cisd2",0.017953662212503,-0.967879303094887,0.071,0.141,1,"Not significant",0
"Cox10",0.0179734322339665,-0.925682739440679,0.051,0.117,1,"Not significant",0
"Mthfd1",0.0179754111891939,-0.798630829233971,0.064,0.134,1,"Not significant",0
"Trpm2",0.0179758356071093,-0.590149416539173,0.128,0.218,1,"Not significant",0
"Ndufv3",0.0179840277462139,-0.502718324390207,0.083,0.163,1,"Not significant",0
"A330008L17Rik",0.0180068423951678,-0.934375445238535,0.147,0.233,1,"Not significant",0
"Dstyk",0.0180286597780187,-0.835747412510819,0.09,0.167,1,"Not significant",0
"Tox4",0.018036486339284,-0.241583451471895,0.077,0.158,1,"Not significant",0
"Soga1",0.0180587595996659,-0.507880029505986,0.141,0.233,1,"Not significant",0
"Ubap2l",0.0180752050877182,-0.19528979919796,0.237,0.365,1,"Not significant",0
"Plod3",0.0181510676237414,-0.517217894085322,0.064,0.136,1,"Not significant",0
"Iws1",0.0182805184122371,-0.244758475462259,0.16,0.266,1,"Not significant",0
"Lrrfip1",0.018340333533795,-0.143403057532991,0.314,0.473,1,"Not significant",0
"Pot1b",0.0183475837716855,-1.11282763900599,0.051,0.116,1,"Not significant",0
"Ppm1l",0.0184005559009378,-0.312859395579136,0.205,0.31,1,"Not significant",0
"Ogdhl",0.0184447882587618,0.871824396660578,0.244,0.169,1,"Not significant",0
"Psmc1",0.0184889490143453,-0.728721999279034,0.083,0.16,1,"Not significant",0
"Spns2",0.0185904506570086,-0.648462427363575,0.109,0.191,1,"Not significant",0
"Atxn3",0.0186820070983503,-0.954281699694165,0.077,0.149,1,"Not significant",0
"Prpf40b",0.0187492419710844,0.713562312743845,0.404,0.35,1,"Not significant",0
"Serbp1",0.0188268927855744,-0.485966960100882,0.128,0.218,1,"Not significant",0
"Taok2",0.0188982302442517,-0.400964825589474,0.135,0.231,1,"Not significant",0
"Pde10a",0.0189065170042374,0.877876613364012,0.66,0.648,1,"Not significant",0
"Dnajc10",0.018966195529558,-0.371878530921283,0.212,0.321,1,"Not significant",0
"Tm2d3",0.0189768080340879,-0.687142895527634,0.071,0.143,1,"Not significant",0
"Ccnc",0.01897959978147,-0.618501229922503,0.109,0.193,1,"Not significant",0
"Srcin1",0.0189935155396969,-0.264830732451037,0.321,0.457,1,"Not significant",0
"Fance",0.0190885392359913,-1.14948610958484,0.045,0.106,1,"Not significant",0
"Slc1a2",0.0191560150320432,-0.517217894085322,0.083,0.161,1,"Not significant",0
"Serp2",0.0193319312165444,-0.885605300065345,0.058,0.125,1,"Not significant",0
"Sirt4",0.0193706219569438,-1.02310882381528,0.051,0.116,1,"Not significant",0
"Rsrc1",0.0194582778721108,-0.412881234270586,0.199,0.305,1,"Not significant",0
"Sgk1",0.0194816016220752,-0.685615425781041,0.096,0.176,1,"Not significant",0
"E430024P14Rik",0.0194892592946595,-0.747830822226738,0.064,0.134,1,"Not significant",0
"Rsbn1l",0.0194933625518562,-0.369787530430096,0.154,0.25,1,"Not significant",0
"Ddx55",0.019506397015247,-0.149486109584835,0.179,0.292,1,"Not significant",0
"Nat8l",0.0195478914572479,-1.0779328485598,0.045,0.106,1,"Not significant",0
"Pak6",0.0195559445766587,-0.946610686341236,0.09,0.163,1,"Not significant",0
"Abhd14b",0.0195634890673887,-0.981886161088767,0.051,0.116,1,"Not significant",0
"Gtf3c1",0.0195722042734561,-0.628249206474066,0.154,0.242,1,"Not significant",0
"Gm44257",0.0195886396445249,-0.942523728817993,0.071,0.139,1,"Not significant",0
"Pcsk7",0.019636563433034,-0.743726423894002,0.109,0.189,1,"Not significant",0
"Pik3r1",0.0196937949725828,-0.981886161088767,0.045,0.106,1,"Not significant",0
"Slc16a2",0.0197127075729034,-0.981886161088767,0.051,0.116,1,"Not significant",0
"Vps13d",0.0197478325182359,-0.175111917260329,0.321,0.472,1,"Not significant",0
"Usp20",0.0198020415397388,-0.436297898701755,0.199,0.299,1,"Not significant",0
"Dnah7c",0.0198626124089397,-0.981886161088767,0.051,0.116,1,"Not significant",0
"Trappc6b",0.0199080765362055,-0.93945089476837,0.051,0.116,1,"Not significant",0
"Fmn1",0.0200352861999419,-1.1294018635415,0.083,0.154,1,"Not significant",0
"Uqcrc2",0.0201100377866579,-0.614828690711744,0.096,0.176,1,"Not significant",0
"Panx2",0.0201279109127873,-0.780252299919116,0.051,0.116,1,"Not significant",0
"Timmdc1",0.0201480216992197,-0.582312922307207,0.051,0.117,1,"Not significant",0
"Slc25a4",0.0202079022834784,-0.932255393364166,0.064,0.132,1,"Not significant",0
"Dph6",0.0202299586085895,-0.677682566278568,0.083,0.158,1,"Not significant",0
"Aebp2",0.0202569127271323,-0.895729517339052,0.051,0.116,1,"Not significant",0
"Syvn1",0.0202569127271323,-0.895729517339052,0.051,0.116,1,"Not significant",0
"March3",0.0203280212943327,-0.571156701196126,0.083,0.161,1,"Not significant",0
"Esco1",0.0203393229900437,-0.673337096002604,0.109,0.189,1,"Not significant",0
"Cltb",0.0203655098492604,-0.391687012001463,0.173,0.268,1,"Not significant",0
"Cox8a",0.0203779209940549,-1.17511191726033,0.051,0.114,1,"Not significant",0
"Slc22a5",0.0203971955483034,-0.850641627810514,0.045,0.106,1,"Not significant",0
"Rps6kb2",0.0205339144033439,0.829801181764871,0.327,0.259,1,"Not significant",0
"Abcg4",0.0205348496349694,-0.827558014697473,0.045,0.106,1,"Not significant",0
"Slc30a5",0.020556144270199,-1.00264472125556,0.077,0.147,1,"Not significant",0
"Enpp2",0.0206559671278259,-1.36521480064027,0.045,0.105,1,"Not significant",0
"Nom1",0.0207293494549321,-0.675282740317574,0.096,0.174,1,"Not significant",0
"Cpne6",0.0207318187026712,0.7008743898175,0.308,0.226,1,"Not significant",0
"Ddx17",0.0207449791523241,-0.0830802956119348,0.429,0.624,1,"Not significant",0
"Ppp4r4",0.0207454938916199,-0.435340887030915,0.128,0.22,1,"Not significant",0
"Dnah7b",0.0208186154881789,-0.980785287291825,0.103,0.178,1,"Not significant",0
"Scn2a",0.0208402568101793,-0.0852670118701319,0.641,0.833,1,"Not significant",0
"Cox7b",0.020847676506421,-0.865141197505629,0.051,0.116,1,"Not significant",0
"Wbp4",0.0208709550079822,-0.640074641870856,0.09,0.167,1,"Not significant",0
"Txlng",0.0209214484425294,-0.238916731598218,0.224,0.338,1,"Not significant",0
"Gskip",0.0209822524355122,-0.865141197505629,0.051,0.116,1,"Not significant",0
"Mpp6",0.0210064895021228,-0.73718357802723,0.083,0.158,1,"Not significant",0
"Ube2o",0.0210245290509935,0.575228354679273,0.494,0.444,1,"Not significant",0
"Tasor",0.0210346350296855,-0.290770108052188,0.353,0.484,1,"Not significant",0
"Kazn",0.0210589361058198,-0.417682220534408,0.147,0.244,1,"Not significant",0
"Optn",0.0210794972980491,-0.661607803420497,0.103,0.182,1,"Not significant",0
"Zfp410",0.0211017733839454,-0.73961031542177,0.051,0.116,1,"Not significant",0
"Orc6",0.0211043792695066,-1.09145398821342,0.051,0.114,1,"Not significant",0
"Cry2",0.0211243554049215,-0.693540666725785,0.103,0.182,1,"Not significant",0
"Sept6",0.0211587538717734,-1.26137898965573,0.045,0.105,1,"Not significant",0
"Slc35a3",0.0211651836723367,-0.844382637338831,0.051,0.116,1,"Not significant",0
"Phka2",0.0211785793086493,-0.480692018060208,0.109,0.193,1,"Not significant",0
"Pmm2",0.0212132017076109,-0.823321021811002,0.051,0.116,1,"Not significant",0
"Gm1673",0.0213179118236456,-0.945311546189612,0.058,0.123,1,"Not significant",0
"Gfm2",0.0213434692185433,-0.654721417835257,0.141,0.226,1,"Not significant",0
"Zfp949",0.0213549177827907,-0.722536802062828,0.09,0.165,1,"Not significant",0
"Wsb1",0.0213914312009637,-0.314230871921467,0.365,0.495,1,"Not significant",0
"Tmco3",0.021406834758857,-0.73961031542177,0.096,0.172,1,"Not significant",0
"Vps39",0.0214137931492834,-0.673337096002604,0.115,0.196,1,"Not significant",0
"Rin2",0.0214149765529691,-0.780252299919116,0.045,0.106,1,"Not significant",0
"Pik3c2b",0.0215795941536335,-0.671023230164357,0.071,0.141,1,"Not significant",0
"Glt8d1",0.0215923501912763,-0.445268052206307,0.186,0.283,1,"Not significant",0
"Atp10a",0.0216700312633058,-1.17256972269788,0.045,0.105,1,"Not significant",0
"Zfp799",0.021728169820997,-0.680716626368202,0.103,0.182,1,"Not significant",0
"Adcy2",0.0217948256342831,-0.291993881965712,0.314,0.45,1,"Not significant",0
"Rab15",0.0218071703322297,-0.81677817594423,0.064,0.132,1,"Not significant",0
"Acly",0.021920228321586,-0.827558014697473,0.045,0.106,1,"Not significant",0
"Zfp445",0.0219330904678665,-0.230913708928681,0.333,0.479,1,"Not significant",0
"Man2a1",0.0220028238092882,-0.932255393364166,0.058,0.123,1,"Not significant",0
"Ssr1",0.0220155264260683,-1.12602713676085,0.045,0.105,1,"Not significant",0
"Mirg",0.0220866777689075,-0.181350608240086,0.481,0.681,1,"Not significant",0
"Tmem38a",0.0220955883667073,-0.666595518123549,0.115,0.196,1,"Not significant",0
"Msantd2",0.0220956928644746,-0.536326717033026,0.154,0.242,1,"Not significant",0
"Metap1d",0.0221038509279475,-0.297651516827637,0.224,0.332,1,"Not significant",0
"Ppfibp1",0.0221532600190347,-1.0697589171141,0.071,0.138,1,"Not significant",0
"Tmem164",0.0222073997567199,-0.646985769055652,0.077,0.15,1,"Not significant",0
"Ggt7",0.0222484257759676,-0.145901772235796,0.205,0.312,1,"Not significant",0
"Dhx8",0.022266335221377,-0.780252299919116,0.045,0.106,1,"Not significant",0
"Efr3a",0.0224072178218541,-0.605573768506169,0.09,0.167,1,"Not significant",0
"Scaf11",0.0224823420041219,-0.369319198973009,0.173,0.27,1,"Not significant",0
"Lin7a",0.0224978693631601,-0.307499302783985,0.237,0.35,1,"Not significant",0
"Ptprd",0.0225340955642283,-0.362091237761885,0.974,0.928,1,"Not significant",0
"Gtf2a1",0.0226219553606244,-0.834700083941492,0.064,0.13,1,"Not significant",0
"Bsdc1",0.0226462390235108,-0.895729517339052,0.096,0.169,1,"Not significant",0
"Prpf3",0.0228145113228408,-0.697790139727143,0.077,0.149,1,"Not significant",0
"5330417C22Rik",0.0228882069320276,-0.352158647814826,0.295,0.413,1,"Not significant",0
"Jarid2",0.0230170024948953,-0.303349545055413,0.192,0.301,1,"Not significant",0
"Xndc1",0.0230761990084032,-0.914108046653907,0.064,0.13,1,"Not significant",0
"Atg2b",0.0230944051503825,-0.769281182098112,0.128,0.207,1,"Not significant",0
"2810004N23Rik",0.023173344956091,-0.654721417835257,0.135,0.218,1,"Not significant",0
"Ipo7",0.0233131098644962,-0.718851755254973,0.083,0.156,1,"Not significant",0
"Epha4",0.0233175707428241,-0.769759926101474,0.115,0.194,1,"Not significant",0
"Glis2",0.0233688223037856,-0.979561108142522,0.045,0.105,1,"Not significant",0
"Dnajc18",0.0233831919821098,-0.876011282724547,0.096,0.169,1,"Not significant",0
"Sept3",0.0234430269829595,-0.506875949863863,0.141,0.226,1,"Not significant",0
"Herc2",0.0234430802150204,0.475208886209877,0.583,0.651,1,"Not significant",0
"Cttnbp2",0.0234505475572545,-0.211777921986529,0.295,0.417,1,"Not significant",0
"Axin2",0.0234511107311025,-0.628249206474066,0.064,0.132,1,"Not significant",0
"Tmem63b",0.0234945511221157,0.504315267464319,0.532,0.492,1,"Not significant",0
"Eef2k",0.0235419748857395,-0.606222900144067,0.115,0.196,1,"Not significant",0
"Tdg",0.023552895300832,-0.956102135318533,0.045,0.105,1,"Not significant",0
"Zfp292",0.0235542829700427,-0.217116161651138,0.314,0.444,1,"Not significant",0
"Tbce",0.0235587518127695,-0.345849475773341,0.218,0.328,1,"Not significant",0
"Fsd1l",0.0236958667849984,-0.417682220534408,0.16,0.251,1,"Not significant",0
"Apbb3",0.0237764052120611,-0.960824545560937,0.058,0.121,1,"Not significant",0
"Fbxl16",0.0237836829176986,-0.382916802373731,0.115,0.202,1,"Not significant",0
"Ints10",0.0238721130288027,-0.600273633812881,0.147,0.231,1,"Not significant",0
"Atp6v1e1",0.0238916310287533,-0.780252299919116,0.077,0.147,1,"Not significant",0
"Ntrk3",0.024049840855438,-0.221916301243314,0.609,0.782,1,"Not significant",0
"Slc2a3",0.0240729414874121,-0.570329230544884,0.16,0.246,1,"Not significant",0
"Pex3",0.0241768735374474,-0.72580451589674,0.096,0.171,1,"Not significant",0
"Tmem181a",0.0241908622792824,-0.19528979919796,0.237,0.36,1,"Not significant",0
"Chst11",0.0242334662972106,-0.398573397586703,0.167,0.261,1,"Not significant",0
"Tyk2",0.0242483424985062,-1.0697589171141,0.051,0.112,1,"Not significant",0
"Zfp955b",0.0242483703557127,-1.09145398821342,0.051,0.112,1,"Not significant",0
"Hmbox1",0.0242664870412454,-0.641546029087524,0.103,0.18,1,"Not significant",0
"Naa20",0.0242708403038985,-0.709862972027718,0.071,0.139,1,"Not significant",0
"1110002L01Rik",0.0243859401252378,-1.23968391855641,0.045,0.103,1,"Not significant",0
"Gigyf2",0.0244097907821042,-0.282752640448299,0.321,0.45,1,"Not significant",0
"Zfp385a",0.0245080999010486,-0.942523728817993,0.083,0.152,1,"Not significant",0
"Ncdn",0.0245453520682544,-0.547275127941502,0.077,0.149,1,"Not significant",0
"Rnf220",0.024585255552708,-0.839145988972684,0.071,0.139,1,"Not significant",0
"Dchs2",0.0246185025917893,-0.597388242769305,0.083,0.156,1,"Not significant",0
"Kdm6a",0.024639273511577,-0.661607803420497,0.096,0.171,1,"Not significant",0
"Aldh9a1",0.0246694078003473,-1.02536479775565,0.051,0.112,1,"Not significant",0
"Cep192",0.0247757707415176,-0.677682566278568,0.09,0.163,1,"Not significant",0
"Fbxo36",0.0247801533226837,-0.484796416392945,0.115,0.196,1,"Not significant",0
"Nap1l4",0.0247851971308835,-0.795202641385087,0.09,0.161,1,"Not significant",0
"Hsp90b1",0.024790529941188,-0.207673523653792,0.327,0.459,1,"Not significant",0
"Hsd17b4",0.024792091406917,-0.850641627810514,0.045,0.105,1,"Not significant",0
"Usp34",0.0247992225265647,0.323770764624112,0.756,0.804,1,"Not significant",0
"Dnajc17",0.0249696649681007,-1.14948610958484,0.045,0.103,1,"Not significant",0
"Ttc39b",0.0249696649681007,-1.14948610958484,0.045,0.103,1,"Not significant",0
"Ints7",0.0250995660286731,-1.00264472125556,0.051,0.112,1,"Not significant",0
"Gtf2h1",0.0251197535522694,-0.286437687256155,0.09,0.167,1,"Not significant",0
"Msra",0.02513881446844,-0.742777594500453,0.045,0.105,1,"Not significant",0
"Tbk1",0.0251459878688355,-0.701642465222749,0.122,0.2,1,"Not significant",0
"Frmpd3",0.0251667803515708,-0.451629552457745,0.167,0.257,1,"Not significant",0
"Cog4",0.0252037186572564,-0.517217894085322,0.122,0.204,1,"Not significant",0
"Ppp4r3a",0.0252629439456823,-0.421357878677806,0.128,0.211,1,"Not significant",0
"9530026P05Rik",0.0254079602329771,-1.08064723325684,0.058,0.119,1,"Not significant",0
"Cc2d2a",0.0254187487873659,-0.638896450673574,0.122,0.202,1,"Not significant",0
"Eif5b",0.0254812383026802,0.648999058579429,0.442,0.391,1,"Not significant",0
"Cpsf7",0.0255377321464784,-0.293779662597323,0.212,0.312,1,"Not significant",0
"Arhgef17",0.0255713064153843,-0.650191759354743,0.154,0.237,1,"Not significant",0
"Uba2",0.0256337811628642,-0.615621598146316,0.083,0.156,1,"Not significant",0
"Hltf",0.0257391016673453,-0.439215382084049,0.077,0.149,1,"Not significant",0
"Pkn2",0.0257647206637377,-0.375862044839781,0.212,0.314,1,"Not significant",0
"Brf1",0.0257738639498785,-0.489472903602418,0.096,0.174,1,"Not significant",0
"Cers6",0.0257867291829327,-0.143657030782637,0.212,0.328,1,"Not significant",0
"Sucla2",0.0258110230860065,-0.814199631842453,0.071,0.138,1,"Not significant",0
"Pdhb",0.0258657569482843,-0.601282158873797,0.103,0.18,1,"Not significant",0
"Ncbp3",0.0258822113390923,-0.809999643313168,0.083,0.152,1,"Not significant",0
"Hmgn1",0.0259218419138771,-0.830878372989084,0.077,0.145,1,"Not significant",0
"Bcas2",0.0259634733393718,-1.0281798133627,0.045,0.103,1,"Not significant",0
"Slc25a23",0.0259864625039139,-0.209936575162361,0.321,0.47,1,"Not significant",0
"Dgcr8",0.02610401088996,-0.677682566278568,0.083,0.154,1,"Not significant",0
"Hdgf",0.0261403566481686,-0.527486229539149,0.147,0.231,1,"Not significant",0
"Il1rapl2",0.0261655850683667,-1.07313522345472,0.179,0.261,1,"Not significant",0
"Gas7",0.0261858482951591,-0.286437687256155,0.173,0.272,1,"Not significant",0
"Vwa3a",0.0261936579141896,-0.925682739440679,0.051,0.112,1,"Not significant",0
"Guf1",0.0262705106727031,-0.383951363221858,0.16,0.251,1,"Not significant",0
"B130024G19Rik",0.0262831534625409,-1.0494389327345,0.058,0.119,1,"Not significant",0
"Cspp1",0.0262885490306902,-0.151788160561373,0.353,0.494,1,"Not significant",0
"Atg7",0.0263022530625215,-0.697790139727143,0.071,0.138,1,"Not significant",0
"Krba1",0.0263174240645144,-0.493948114762475,0.122,0.204,1,"Not significant",0
"Zfp800",0.0263654107737097,-0.647802003895467,0.096,0.171,1,"Not significant",0
"Syt13",0.0264175424970232,-0.528273082594318,0.135,0.218,1,"Not significant",0
"Tubb2a",0.0264561983212618,-1.00264472125556,0.045,0.103,1,"Not significant",0
"Gm49336",0.0264680058926712,-1.00264472125556,0.058,0.119,1,"Not significant",0
"Tsn",0.0264916378123759,-0.830878372989084,0.077,0.145,1,"Not significant",0
"Thumpd3",0.0266328518945268,-1.00264472125556,0.045,0.103,1,"Not significant",0
"Yeats2",0.0267237577454261,-0.157487766485575,0.308,0.446,1,"Not significant",0
"Vps11",0.0267387091998412,-0.811961159646454,0.077,0.145,1,"Not significant",0
"Ndufaf7",0.0267829134180005,-0.667777570660703,0.103,0.178,1,"Not significant",0
"Adap1",0.0268039671488454,-0.495684732535681,0.122,0.204,1,"Not significant",0
"Terf1",0.0268526831218225,-0.858254811920389,0.064,0.128,1,"Not significant",0
"Gm20342",0.0269930682851116,-0.723668771552748,0.064,0.128,1,"Not significant",0
"Srp68",0.0270820030651081,-0.932255393364166,0.045,0.103,1,"Not significant",0
"Zfp369",0.0270820030651081,-0.932255393364166,0.045,0.103,1,"Not significant",0
"Ift46",0.0271498081434818,-0.819780664105753,0.064,0.128,1,"Not significant",0
"Zfp933",0.0272347998602094,-0.597388242769305,0.064,0.128,1,"Not significant",0
"Cdc14b",0.0272468191639125,-0.279354063986434,0.205,0.314,1,"Not significant",0
"Slc35f3",0.0273423725015224,-0.561195591145924,0.308,0.409,1,"Not significant",0
"Chfr",0.0274642996308511,-0.280012478103387,0.263,0.38,1,"Not significant",0
"Ddhd2",0.0274720361825376,-0.225878119031383,0.282,0.404,1,"Not significant",0
"Slc8a2",0.0275528886698982,-0.780252299919116,0.083,0.152,1,"Not significant",0
"Smpd3",0.0276294333107157,-0.509180575019904,0.167,0.253,1,"Not significant",0
"Polk",0.0276660806309522,-0.764132634555839,0.077,0.145,1,"Not significant",0
"Auh",0.0276734325518199,-0.706251718475339,0.109,0.183,1,"Not significant",0
"Dzip1",0.0277814513056215,-0.166907997828137,0.288,0.418,1,"Not significant",0
"Kcnn3",0.0279118829636153,-0.220824891305097,0.218,0.321,1,"Not significant",0
"Ap2b1",0.02804344713055,-0.18820037441164,0.192,0.299,1,"Not significant",0
"Tubgcp6",0.0281750180049797,0.726707688800767,0.16,0.097,1,"Not significant",0
"Slc22a14",0.0282112321145813,-1.00264472125556,0.064,0.127,1,"Not significant",0
"Clcn4",0.0282904731295294,-0.432328996498809,0.167,0.255,1,"Not significant",0
"mt-Nd1",0.0283177342025879,0.43000126107017,0.519,0.446,1,"Not significant",0
"Zfyve28",0.028321815136659,-0.389667844364811,0.115,0.196,1,"Not significant",0
"Rasgrf1",0.0283603355709343,-0.250279033795612,0.667,0.78,1,"Not significant",0
"Nsun2",0.0283741445323484,-0.527865138284831,0.122,0.2,1,"Not significant",0
"Itih3",0.0284211861583525,1.1188187912301,0.109,0.059,1,"Not significant",0
"3110039M20Rik",0.0284648646837883,-0.638233295046688,0.077,0.145,1,"Not significant",0
"Mfsd14a",0.0285312071730313,-0.713138104060579,0.051,0.112,1,"Not significant",0
"Sdad1",0.028533041429469,-0.675282740317574,0.103,0.176,1,"Not significant",0
"5031439G07Rik",0.0285718477438293,0.471437132320669,0.513,0.475,1,"Not significant",0
"Fgfr2",0.0286158796880173,-0.543213102618266,0.167,0.251,1,"Not significant",0
"5430405H02Rik",0.0286182042483556,-0.714663958291539,0.077,0.145,1,"Not significant",0
"Kptn",0.0286613919462903,-0.844382637338831,0.058,0.119,1,"Not significant",0
"Flnb",0.0287186695953875,-0.32631344982388,0.288,0.4,1,"Not significant",0
"Vdac3",0.0287403009491376,-1.12602713676085,0.045,0.101,1,"Not significant",0
"Gm11613",0.0287427587707897,-0.690054490947538,0.045,0.103,1,"Not significant",0
"Kansl2",0.0287783435752862,-0.925682739440679,0.064,0.127,1,"Not significant",0
"Oaz1",0.0289644897635698,-1.10218039480648,0.045,0.101,1,"Not significant",0
"2310061I04Rik",0.028987671381384,-0.552841803816043,0.071,0.138,1,"Not significant",0
"Pold3",0.0290008329981331,-0.873361704310597,0.083,0.15,1,"Not significant",0
"Kat7",0.0290328218739037,-0.645951208207525,0.071,0.138,1,"Not significant",0
"Mok",0.0291898484824949,-1.0779328485598,0.045,0.101,1,"Not significant",0
"Mmaa",0.0292423738004476,-0.606716044924424,0.135,0.215,1,"Not significant",0
"Gpld1",0.0292634453943789,-0.517217894085322,0.09,0.161,1,"Not significant",0
"Psma7",0.0293603113423185,-0.413713318331462,0.122,0.204,1,"Not significant",0
"Wdr60",0.0293677512677468,-0.229237131121298,0.16,0.253,1,"Not significant",0
"Uchl1",0.0294430825244773,0.784246098242325,0.365,0.314,1,"Not significant",0
"Rbm34",0.0295053008881894,-0.917755823669051,0.051,0.11,1,"Not significant",0
"Galnt11",0.0296096924613708,-0.714663958291539,0.077,0.143,1,"Not significant",0
"Sgcd",0.0296151445895131,-0.659875746436417,0.513,0.591,1,"Not significant",0
"Msl1",0.0296275527370713,-0.667777570660703,0.109,0.183,1,"Not significant",0
"Slc35e2",0.0296440862763237,-1.0281798133627,0.045,0.101,1,"Not significant",0
"Cops4",0.0296440862763237,-1.0281798133627,0.045,0.101,1,"Not significant",0
"Sms",0.029670161378236,-0.337063760326123,0.212,0.308,1,"Not significant",0
"Slc26a11",0.0296880702874244,-0.932255393364166,0.071,0.134,1,"Not significant",0
"Kpna6",0.0297114076551826,-0.814199631842453,0.077,0.143,1,"Not significant",0
"Adam17",0.0297141115415476,-1.02310882381528,0.058,0.117,1,"Not significant",0
"Apopt1",0.0297767705278366,-0.489472903602418,0.09,0.163,1,"Not significant",0
"Mrs2",0.0297874043381849,-0.722536802062828,0.096,0.167,1,"Not significant",0
"Rab14",0.0298062425871592,-0.427020085113744,0.154,0.244,1,"Not significant",0
"Prrc2a",0.029873880291067,0.584263423780562,0.41,0.339,1,"Not significant",0
"Zfp711",0.0298923998269417,-0.539244200415321,0.051,0.112,1,"Not significant",0
"Sec22a",0.029927014845603,-0.290447032238299,0.083,0.156,1,"Not significant",0
"Samd4",0.0299509677958215,-0.294825472748874,0.308,0.426,1,"Not significant",0
"Inha",0.03002034998647,-0.724542867332828,0.128,0.204,1,"Not significant",0
"Alms1",0.0301353722950803,0.0213341416788759,0.173,0.273,1,"Not significant",0
"Atp1b3",0.0302383583643156,-0.610327298476804,0.103,0.176,1,"Not significant",0
"Ctnnbl1",0.0303147574813282,-0.618501229922503,0.109,0.183,1,"Not significant",0
"Kctd1",0.030318981806617,-0.780252299919116,0.058,0.119,1,"Not significant",0
"Igsf9b",0.030351478480558,-0.147984084419603,0.115,0.196,1,"Not significant",0
"Qk",0.03035880632849,-0.707739800134748,0.09,0.16,1,"Not significant",0
"Fam189a2",0.0305477519242853,-1.00264472125556,0.058,0.117,1,"Not significant",0
"Slc29a1",0.0305545314462328,-0.690054490947538,0.051,0.11,1,"Not significant",0
"Siah3",0.0307154019931514,-0.760074417981486,0.051,0.11,1,"Not significant",0
"Trappc12",0.0307548253430689,-0.406793904391672,0.077,0.145,1,"Not significant",0
"Ctnnal1",0.03079056144824,-0.383951363221858,0.147,0.233,1,"Not significant",0
"Cul3",0.0308983098984709,-0.709862972027718,0.071,0.136,1,"Not significant",0
"Rab3b",0.0309224013443526,-0.964676871056543,0.058,0.117,1,"Not significant",0
"Ate1",0.0311667575256667,-0.307182679268857,0.135,0.22,1,"Not significant",0
"Pik3cd",0.0312131209572031,-0.492970347838645,0.045,0.101,1,"Not significant",0
"Nono",0.0312902496913757,-0.66477508249918,0.064,0.127,1,"Not significant",0
"Brdt",0.0313943835216287,-0.597388242769305,0.064,0.128,1,"Not significant",0
"Sap30bp",0.0314656679451965,-0.564523608863679,0.077,0.145,1,"Not significant",0
"A330040F15Rik",0.0315760976954955,-0.517217894085322,0.083,0.152,1,"Not significant",0
"Pnmal1",0.0316152307759455,-0.654721417835257,0.071,0.136,1,"Not significant",0
"Eif4e3",0.0316538554586063,-0.693540666725785,0.103,0.174,1,"Not significant",0
"Zfp444",0.0317895766632009,-0.905783182002974,0.058,0.117,1,"Not significant",0
"Tle2",0.031888472745724,0.887172360994013,0.141,0.084,1,"Not significant",0
"Pnma2",0.0319012728716269,-1.02536479775565,0.051,0.108,1,"Not significant",0
"Mllt6",0.0320457951234705,-0.36109869216804,0.192,0.286,1,"Not significant",0
"Atg16l1",0.0320706961910872,-0.19528979919796,0.205,0.305,1,"Not significant",0
"Gnai2",0.0321546395156275,-0.503412094560292,0.103,0.176,1,"Not significant",0
"Strn4",0.0321980921608642,-0.381702923428841,0.135,0.22,1,"Not significant",0
"F8",0.0322569787068963,-0.447676960832245,0.064,0.128,1,"Not significant",0
"Kdm5c",0.0323119893888369,-0.176674121030613,0.154,0.251,1,"Not significant",0
"Actn4",0.0323473948320893,-0.205273887770582,0.147,0.239,1,"Not significant",0
"Usp28",0.0323897915098484,-0.654721417835257,0.09,0.16,1,"Not significant",0
"Banf2",0.0324109421600577,-0.839145988972684,0.045,0.101,1,"Not significant",0
"Pcgf3",0.0324116744361054,-0.844382637338831,0.058,0.117,1,"Not significant",0
"Zfp280c",0.0324486177482296,-0.450103698226785,0.103,0.176,1,"Not significant",0
"Ube2e2",0.0324513229449911,-0.185808746187074,0.564,0.727,1,"Not significant",0
"Atp11b",0.0325128176622547,-0.221569123996809,0.269,0.387,1,"Not significant",0
"Hspa5",0.0326285560194232,-0.222770535620067,0.154,0.246,1,"Not significant",0
"Castor2",0.0326884766735417,-0.239683918556413,0.16,0.255,1,"Not significant",0
"Slc6a7",0.0327581097978523,-0.483859297138891,0.167,0.251,1,"Not significant",0
"Kmt5a",0.0329767693540409,-0.761636621751769,0.071,0.134,1,"Not significant",0
"Ngly1",0.0330261582133229,-0.642748776169181,0.045,0.101,1,"Not significant",0
"Rtel1",0.0330485987430094,0.940365300159606,0.179,0.117,1,"Not significant",0
"Khdrbs2",0.0330498619952268,-0.38373488861107,0.385,0.501,1,"Not significant",0
"Mgat5b",0.0330747504956033,-0.335220060342435,0.109,0.185,1,"Not significant",0
"Mtdh",0.0330961600238334,-0.172206186084918,0.244,0.367,1,"Not significant",0
"Tprkb",0.0331229901624099,-0.885605300065345,0.064,0.125,1,"Not significant",0
"Trank1",0.0333233884140284,0.382583276736877,0.603,0.582,1,"Not significant",0
"Phf3",0.0333618995051885,-0.382916802373731,0.25,0.349,1,"Not significant",0
"Ube2k",0.0334112620083668,-0.357910000017039,0.199,0.292,1,"Not significant",0
"Psmd12",0.0335448623289874,-0.517217894085322,0.096,0.169,1,"Not significant",0
"Fam20b",0.0335901278830962,-0.76297430848728,0.071,0.134,1,"Not significant",0
"Sacs",0.0336444144872233,-0.375862044839781,0.212,0.306,1,"Not significant",0
"Map4",0.0337638088379259,-0.24492056692256,0.205,0.306,1,"Not significant",0
"Cdc5l",0.0338552439225169,-0.610327298476804,0.103,0.174,1,"Not significant",0
"Gm32618",0.0338712786241607,-0.517217894085322,0.077,0.143,1,"Not significant",0
"Atp5d",0.033906198797614,0.857177620696176,0.205,0.139,1,"Not significant",0
"B3galnt2",0.033945781516792,-1.00264472125556,0.058,0.116,1,"Not significant",0
"BC005537",0.0339698988998729,-0.482866389294545,0.167,0.251,1,"Not significant",0
"Rab3gap1",0.0340341171668138,-0.31528957530859,0.237,0.336,1,"Not significant",0
"Gramd1a",0.03413449255329,0.519667174034487,0.423,0.363,1,"Not significant",0
"Aftph",0.0341514293569517,-0.310767016617896,0.16,0.248,1,"Not significant",0
"Ncan",0.0341938448893294,-0.735858180560662,0.051,0.108,1,"Not significant",0
"Ppargc1a",0.0343564253872198,-0.950177301361428,0.058,0.116,1,"Not significant",0
"Rnf215",0.0343681789225065,-0.709862972027718,0.071,0.134,1,"Not significant",0
"Prmt3",0.0344492767139332,-0.745486881758439,0.077,0.141,1,"Not significant",0
"Ddr1",0.0345062363550469,-0.724542867332828,0.135,0.207,1,"Not significant",0
"E230029C05Rik",0.0347892609684658,-0.852402085674951,0.064,0.125,1,"Not significant",0
"Gars",0.0348192838616541,-0.35283107618444,0.115,0.193,1,"Not significant",0
"Zmynd11",0.0348847746146538,-0.192635345751982,0.468,0.609,1,"Not significant",0
"Adipor1",0.0348876667723347,-0.93945089476837,0.058,0.116,1,"Not significant",0
"Gemin5",0.034932467470297,-0.628249206474066,0.077,0.141,1,"Not significant",0
"Reln",0.0349548919335515,-1.26929038064174,0.135,0.206,1,"Not significant",0
"Gdap2",0.0349988351214892,-0.697790139727143,0.058,0.117,1,"Not significant",0
"Phf8",0.0350164351598918,-0.263034405833794,0.109,0.187,1,"Not significant",0
"Ttc37",0.0351620544311644,-0.167275423028363,0.154,0.244,1,"Not significant",0
"Usf2",0.0352058076873905,-0.917755823669051,0.058,0.116,1,"Not significant",0
"Dnajc7",0.0352676072283044,-0.37622779336269,0.244,0.349,1,"Not significant",0
"Hfm1",0.0353053906580241,-0.925682739440679,0.058,0.116,1,"Not significant",0
"Mgat3",0.0354271500321828,-0.446251372731179,0.109,0.183,1,"Not significant",0
"Ppp6r1",0.0355460311103681,0.683403904579907,0.263,0.194,1,"Not significant",0
"Dip2a",0.0355848267813118,-0.301084463220556,0.199,0.294,1,"Not significant",0
"Ubxn11",0.0356019421536166,-0.453087556665607,0.103,0.176,1,"Not significant",0
"Scap",0.0356846182600168,-0.529190535751398,0.115,0.191,1,"Not significant",0
"Zfp952",0.0357083913329554,-0.780252299919116,0.051,0.108,1,"Not significant",0
"Cald1",0.035758176784248,-0.19528979919796,0.051,0.11,1,"Not significant",0
"Csnk1a1",0.0357601385491801,0.0286062127288759,0.282,0.413,1,"Not significant",0
"Ywhag",0.0357638817123726,-0.244199399678906,0.115,0.198,1,"Not significant",0
"Prdm11",0.0358347931803148,-0.618501229922503,0.109,0.18,1,"Not significant",0
"Idh2",0.0358532798935237,-0.499070547375063,0.071,0.136,1,"Not significant",0
"Brd9",0.0359090158657782,0.645720677040883,0.378,0.325,1,"Not significant",0
"Arrb2",0.0363444987319325,0.554731947793693,0.205,0.136,1,"Not significant",0
"Odf2l",0.0364013230316656,-0.583560388914018,0.083,0.15,1,"Not significant",0
"Anks6",0.0365341583732773,-0.735858180560662,0.051,0.108,1,"Not significant",0
"Scamp2",0.0366330419073015,-0.780252299919116,0.071,0.132,1,"Not significant",0
"Nedd4",0.0368573098111157,-0.224793793508043,0.423,0.583,1,"Not significant",0
"Plppr2",0.0368762427969118,-0.239683918556413,0.205,0.303,1,"Not significant",0
"Abat",0.0369851010332359,-0.296375924312274,0.263,0.371,1,"Not significant",0
"Tmem39b",0.0370932980828788,-0.536326717033027,0.064,0.127,1,"Not significant",0
"Gtpbp3",0.0371407596026604,-0.956102135318533,0.051,0.106,1,"Not significant",0
"Rab11fip2",0.0372953503107638,-0.517217894085322,0.077,0.143,1,"Not significant",0
"Smyd5",0.0376357022581939,-0.814199631842453,0.077,0.139,1,"Not significant",0
"Clk1",0.0376948532483443,0.501397784082025,0.494,0.477,1,"Not significant",0
"Ttc13",0.0378326264740808,-0.262752766976699,0.218,0.306,1,"Not significant",0
"Faah",0.0378332304739249,-0.469912179306966,0.16,0.24,1,"Not significant",0
"Dnajc11",0.0379177911166927,-0.456249876793895,0.135,0.215,1,"Not significant",0
"Mbd1",0.0379192077298891,-0.985366729823729,0.071,0.13,1,"Not significant",0
"B3gntl1",0.0379445265202624,-0.917755823669051,0.051,0.106,1,"Not significant",0
"Agpat3",0.0379602802130685,-0.517217894085322,0.167,0.248,1,"Not significant",0
"Mapk8ip3",0.0382124800418843,0.529292070512414,0.487,0.475,1,"Not significant",0
"Calcoco1",0.0384416709581217,-0.839145988972684,0.064,0.123,1,"Not significant",0
"Cfap74",0.0384695003592403,-0.707739800134748,0.083,0.149,1,"Not significant",0
"Pcbp4",0.0385182881964135,0.640079499029241,0.372,0.31,1,"Not significant",0
"Bace1",0.0386451478724266,-0.470924241811387,0.09,0.158,1,"Not significant",0
"Pde3b",0.038813105013304,-0.503412094560292,0.103,0.174,1,"Not significant",0
"Ankle2",0.038915833723602,-0.691715625317459,0.071,0.132,1,"Not significant",0
"Adcyap1r1",0.0389484050712901,-0.417682220534408,0.173,0.255,1,"Not significant",0
"Morc2b",0.0389695646756173,-0.72778488002498,0.077,0.139,1,"Not significant",0
"Hsf1",0.0389984170469384,-0.662415809625257,0.09,0.156,1,"Not significant",0
"Donson",0.0390448347078167,-0.517217894085322,0.071,0.132,1,"Not significant",0
"Cplane1",0.0390519487897668,0.181366608353028,0.84,0.901,1,"Not significant",0
"Erlec1",0.0392644380774937,-0.680716626368201,0.147,0.22,1,"Not significant",0
"Dzip1l",0.0392872590275764,-0.275016991668694,0.09,0.161,1,"Not significant",0
"Cables1",0.0393557781917194,-0.690054490947538,0.051,0.106,1,"Not significant",0
"Eif4enif1",0.0393687000590378,-0.421798329006639,0.115,0.189,1,"Not significant",0
"Fem1b",0.0394612997042146,-0.697790139727143,0.058,0.116,1,"Not significant",0
"Nfe2l1",0.039464067693149,-0.517217894085322,0.083,0.149,1,"Not significant",0
"Blcap",0.0395547497498441,-0.804099041873484,0.051,0.106,1,"Not significant",0
"Gpr158",0.0395682888359816,0.405645391994425,0.853,0.883,1,"Not significant",0
"Gdpd2",0.0396366265087747,-0.529190535751398,0.115,0.189,1,"Not significant",0
"Rpn2",0.0396775557694512,-0.548926753812661,0.147,0.224,1,"Not significant",0
"Gm13052",0.0396851895184433,-0.239011176627278,0.237,0.347,1,"Not significant",0
"Coro7",0.0397030919400566,-0.470296846697829,0.122,0.196,1,"Not significant",0
"Stx1a",0.03973447412758,-0.66477508249918,0.064,0.123,1,"Not significant",0
"Dctn1",0.0397525561299384,0.550468913426253,0.404,0.341,1,"Not significant",0
"Itfg2",0.0397863195744013,-0.497852569218391,0.064,0.125,1,"Not significant",0
"Cdon",0.0398162321787423,-0.676416488934576,0.058,0.116,1,"Not significant",0
"Fam184b",0.0398351043770582,-0.692789458668776,0.083,0.147,1,"Not significant",0
"Gpr108",0.0398824432885391,-0.780252299919116,0.051,0.106,1,"Not significant",0
"Ap1m1",0.0399186632037249,-0.780252299919116,0.064,0.123,1,"Not significant",0
"Cyfip1",0.040015279822934,-0.230913708928681,0.224,0.334,1,"Not significant",0
"Srsf9",0.0401346350548411,-0.635862390583941,0.071,0.132,1,"Not significant",0
"Clmn",0.0401763384735568,-0.355754471391206,0.141,0.218,1,"Not significant",0
"Grik4",0.0401781906305276,-0.374839219528672,0.34,0.44,1,"Not significant",0
"Sorl1",0.0402621329528476,-0.483534767829033,0.122,0.194,1,"Not significant",0
"Bcat1",0.0407310012443218,-0.742777594500453,0.064,0.123,1,"Not significant",0
"Trim35",0.0408050884939431,-0.376619563912521,0.115,0.191,1,"Not significant",0
"Sirt2",0.0410406444962682,-0.471414204472197,0.167,0.248,1,"Not significant",0
"Ago2",0.041179217239193,-0.0828150699395471,0.231,0.334,1,"Not significant",0
"Slc25a27",0.0412001490689808,-0.373207591393803,0.192,0.281,1,"Not significant",0
"Nob1",0.0412011422043948,-0.640074641870856,0.096,0.161,1,"Not significant",0
"Sin3b",0.0412457647060967,-0.276209794581527,0.109,0.185,1,"Not significant",0
"Unc13b",0.0413572588101937,-0.427236527247656,0.186,0.272,1,"Not significant",0
"Uggt1",0.0413679923765412,-0.320820681281819,0.154,0.237,1,"Not significant",0
"Las1l",0.0414195910150557,0.633098822731841,0.359,0.295,1,"Not significant",0
"Gabra4",0.041426059124048,-1.00264472125556,0.051,0.105,1,"Not significant",0
"Serinc3",0.0416501749082233,-0.844382637338831,0.058,0.114,1,"Not significant",0
"Slc39a11",0.0416889254541259,-0.967879303094887,0.071,0.128,1,"Not significant",0
"Gm17276",0.0416941800256428,-0.219492147523585,0.436,0.574,1,"Not significant",0
"Drg1",0.041728303898382,-0.530892830982399,0.103,0.172,1,"Not significant",0
"Slc25a11",0.0417705446052122,-0.979561108142522,0.051,0.105,1,"Not significant",0
"Rgs9",0.0417942007837575,-0.391687012001463,0.16,0.244,1,"Not significant",0
"Lamtor4",0.0420191014830245,-0.450103698226785,0.109,0.18,1,"Not significant",0
"Gorasp2",0.0421170338417583,-0.956102135318533,0.051,0.105,1,"Not significant",0
"Stk3",0.0421759331812548,-0.44720817283758,0.179,0.262,1,"Not significant",0
"Larp4",0.0422154341552064,-0.376619563912521,0.128,0.206,1,"Not significant",0
"Mrpl38",0.0423853705999194,-0.648462427363575,0.109,0.176,1,"Not significant",0
"Sdhb",0.0423957389016383,-0.862714460111089,0.096,0.16,1,"Not significant",0
"Ccdc6",0.0424655331251305,-0.932255393364166,0.051,0.105,1,"Not significant",0
"Nup85",0.0424740744234299,-0.680716626368201,0.077,0.138,1,"Not significant",0
"Kcna6",0.0424857157409974,-0.616753567636236,0.071,0.13,1,"Not significant",0
"Ralbp1",0.0425744852196576,-0.308500409645951,0.212,0.306,1,"Not significant",0
"Bcl11a",0.0425870041574374,-0.972897377861512,0.077,0.136,1,"Not significant",0
"A830082K12Rik",0.0425974650494947,-0.808266676088712,0.071,0.13,1,"Not significant",0
"Dctn2",0.0426951880230737,-0.517217894085322,0.103,0.172,1,"Not significant",0
"Slc3a2",0.0427836405798285,-0.490745682724131,0.103,0.171,1,"Not significant",0
"Ddx39b",0.0428204993599211,-0.200155554369776,0.282,0.402,1,"Not significant",0
"Sdhc",0.0428244341422728,-0.758225993589117,0.058,0.114,1,"Not significant",0
"Camkmt",0.0429861465965216,-0.305933862881952,0.276,0.38,1,"Not significant",0
"Gm12743",0.0430464567774336,-0.19528979919796,0.071,0.134,1,"Not significant",0
"Ahi1",0.0430468457330636,0.201936423964423,0.981,0.98,1,"Not significant",0
"Nin",0.043109386246571,-0.225663448241479,0.199,0.29,1,"Not significant",0
"Oxa1l",0.0431440886846335,-0.624133098001834,0.064,0.123,1,"Not significant",0
"Pomt2",0.0432756325969701,-0.917755823669051,0.051,0.105,1,"Not significant",0
"Dpm1",0.0432801713695724,-0.422358707743881,0.103,0.172,1,"Not significant",0
"Agbl4",0.0433046035112188,-0.175532988417171,0.821,0.877,1,"Not significant",0
"Tkt",0.0433965859607865,-0.646985769055652,0.09,0.154,1,"Not significant",0
"Tbc1d8",0.0436183394281952,-0.654721417835257,0.096,0.161,1,"Not significant",0
"Cyb5r4",0.0437803172049888,-0.490745682724131,0.167,0.246,1,"Not significant",0
"Ptcd3",0.0439085662918721,-0.426615345304416,0.109,0.18,1,"Not significant",0
"Ngef",0.0439609931976334,-0.735858180560662,0.051,0.105,1,"Not significant",0
"Six3",0.043998315394717,-0.544439362820346,0.09,0.152,1,"Not significant",0
"Slc7a6os",0.0441386387212329,-1.00264472125556,0.058,0.112,1,"Not significant",0
"Ascc2",0.0441508961156695,-0.248927762800033,0.135,0.217,1,"Not significant",0
"Wnk1",0.0441913318825302,-0.101123088023436,0.314,0.448,1,"Not significant",0
"Acyp2",0.0441986721844632,-0.153469623503333,0.353,0.464,1,"Not significant",0
"Bscl2",0.0442486986803108,-0.287212288638999,0.167,0.255,1,"Not significant",0
"Gcc2",0.0442970181759629,-0.410795834949168,0.218,0.303,1,"Not significant",0
"Map7d1",0.0443030428382476,0.676125994740628,0.276,0.209,1,"Not significant",0
"Dlk2",0.0443564116612766,-0.718851755254973,0.058,0.114,1,"Not significant",0
"Cnbp",0.0443584770983139,-0.850641627810514,0.051,0.105,1,"Not significant",0
"Epn1",0.0443800722584114,0.9448878588503,0.224,0.167,1,"Not significant",0
"Rtn4",0.0445318321022497,-0.118876683678792,0.237,0.35,1,"Not significant",0
"Flrt1",0.0447196863614768,-0.824646419277569,0.077,0.138,1,"Not significant",0
"Zc3h12b",0.0448061489319382,3.43789403174366e-05,0.244,0.358,1,"Not significant",0
"Nwd1",0.0449334640920222,-0.93945089476837,0.058,0.112,1,"Not significant",0
"Setd5",0.0449789677146319,-0.158763923172846,0.455,0.62,1,"Not significant",0
"Baz2b",0.0451341746309013,-0.173359159128457,0.391,0.532,1,"Not significant",0
"Nbeal2",0.0451708838798419,0.80471020080204,0.192,0.132,1,"Not significant",0
"Zkscan3",0.0452685410460262,-0.387934877140355,0.135,0.209,1,"Not significant",0
"Mapk9",0.0453686855428556,-0.501098228722045,0.083,0.147,1,"Not significant",0
"Rnf14",0.0454257261811762,-0.625277639942775,0.09,0.154,1,"Not significant",0
"Azi2",0.0454394103442397,-0.517217894085322,0.096,0.163,1,"Not significant",0
"Ppib",0.0455589527731748,-0.496459333918525,0.141,0.215,1,"Not significant",0
"Suds3",0.0456870405384217,-0.501098228722045,0.09,0.154,1,"Not significant",0
"Tsen2",0.0457321365051424,-0.663438634936366,0.077,0.138,1,"Not significant",0
"Nudc",0.0457386680250215,-0.873361704310597,0.058,0.112,1,"Not significant",0
"Gng7",0.0458188381567334,-0.376619563912521,0.115,0.187,1,"Not significant",0
"Stx5a",0.0458468363804973,-0.224436144857476,0.205,0.301,1,"Not significant",0
"Tbc1d16",0.0458611174939121,-0.349095135276995,0.077,0.139,1,"Not significant",0
"Git1",0.0458867969497253,1.08034464341547,0.115,0.068,1,"Not significant",0
"Morf4l2",0.0459316515623274,-0.605573768506169,0.096,0.161,1,"Not significant",0
"Cops5",0.0459649941700247,-0.830878372989084,0.083,0.143,1,"Not significant",0
"Bex2",0.0459735963974221,-0.834700083941492,0.071,0.128,1,"Not significant",0
"Ptges3",0.0461451768259402,-0.850641627810514,0.058,0.112,1,"Not significant",0
"Gprasp1",0.0461669194152684,0.43844999928124,0.654,0.714,1,"Not significant",0
"Hmgxb4",0.0462338499392807,-0.437364586396107,0.128,0.198,1,"Not significant",0
"Stam",0.0464146637733224,-0.735858180560662,0.051,0.105,1,"Not significant",0
"Sumf2",0.0464439477165005,-0.780252299919116,0.071,0.128,1,"Not significant",0
"Trim24",0.0464963246724948,-0.251143033931477,0.16,0.242,1,"Not significant",0
"Nceh1",0.046770737836501,-0.564523608863679,0.09,0.154,1,"Not significant",0
"Smyd2",0.0468318184287286,-0.54106463603969,0.128,0.198,1,"Not significant",0
"Lonp1",0.0468764976873289,0.905237076756005,0.218,0.16,1,"Not significant",0
"Grk3",0.0469580281487784,-0.478743746270686,0.186,0.266,1,"Not significant",0
"Gm20754",0.0469681527146591,-1.00264472125556,0.103,0.165,1,"Not significant",0
"Dpp8",0.0469817174579142,-0.458324205031753,0.154,0.231,1,"Not significant",0
"Ppil2",0.0471446034405533,-0.401740676665386,0.122,0.194,1,"Not significant",0
"Thoc5",0.0471896900706412,-0.795202641385087,0.096,0.158,1,"Not significant",0
"Ext2",0.0471937402238052,-0.15371069544656,0.179,0.272,1,"Not significant",0
"Wiz",0.0473613915356684,-0.447676960832245,0.077,0.138,1,"Not significant",0
"Soga3",0.0474032344036034,-0.225791887595304,0.397,0.53,1,"Not significant",0
"Snapc1",0.0475586007802562,-0.654721417835257,0.083,0.145,1,"Not significant",0
"Trip4",0.0477557152641391,-0.240804458450328,0.173,0.261,1,"Not significant",0
"Dlg4",0.0477946310331436,-0.20022209474019,0.288,0.407,1,"Not significant",0
"Nmt2",0.0478423627085001,-0.239683918556413,0.199,0.292,1,"Not significant",0
"Ddx5",0.0479113898253119,0.396715978527316,0.615,0.626,1,"Not significant",0
"Ampd3",0.0480997531842166,-0.932255393364166,0.051,0.103,1,"Not significant",0
"Mrpl41",0.0481581793606921,-0.811961159646454,0.083,0.143,1,"Not significant",0
"Ubl3",0.048192481870908,-0.844382637338831,0.064,0.119,1,"Not significant",0
"Ttc39c",0.0482301676043028,-0.570329230544885,0.071,0.13,1,"Not significant",0
"Parm1",0.0483335402107238,-0.885605300065344,0.103,0.167,1,"Not significant",0
"Iqce",0.0483344011806025,-0.221191662640717,0.282,0.38,1,"Not significant",0
"Hmgcl",0.0483804799477007,-0.604680735335662,0.077,0.138,1,"Not significant",0
"Atg2a",0.0484294505287015,0.759622311273502,0.263,0.202,1,"Not significant",0
"Spire2",0.0485615387899513,-0.693540666725785,0.109,0.174,1,"Not significant",0
"AW549877",0.0486509730513896,-0.823321021811002,0.064,0.119,1,"Not significant",0
"Wdr11",0.0486872841104697,-0.735858180560662,0.058,0.112,1,"Not significant",0
"Slc38a7",0.0487328838903357,-0.593839175688235,0.051,0.105,1,"Not significant",0
"Fbl",0.0488886182146526,-0.883345792883219,0.051,0.103,1,"Not significant",0
"Cnpy3",0.0488886182146526,-0.883345792883219,0.051,0.103,1,"Not significant",0
"Sept4",0.0489027933571052,-0.539244200415321,0.051,0.105,1,"Not significant",0
"Fam110b",0.0490392124809916,-0.241583451471895,0.09,0.156,1,"Not significant",0
"Mmel1",0.0490965501725043,-1.05778627544802,0.058,0.11,1,"Not significant",0
"Fam160a2",0.0491164155495526,-0.713138104060579,0.058,0.112,1,"Not significant",0
"Ctnnb1",0.0492864221879994,-0.858254811920389,0.051,0.103,1,"Not significant",0
"Bbs1",0.0492968737823061,-0.917755823669051,0.051,0.103,1,"Not significant",0
"Parp1",0.0493525404031988,-0.482866389294545,0.077,0.138,1,"Not significant",0
"Usp37",0.0493568949495018,-0.208113839555543,0.115,0.187,1,"Not significant",0
"Gm7854",0.0494718547052019,-0.73961031542177,0.058,0.112,1,"Not significant",0
"Plekha7",0.0495179948940133,-0.110897611907587,0.244,0.354,1,"Not significant",0
"Arid1a",0.0495227189323192,-0.128738606289354,0.237,0.341,1,"Not significant",0
"Nenf",0.0495614891828178,-0.552841803816044,0.077,0.138,1,"Not significant",0
"Zranb1",0.0496488774071915,-0.0375503362037652,0.25,0.352,1,"Not significant",0
"Cdk14",0.0498974303578058,-0.185094032092071,0.237,0.339,1,"Not significant",0
"Prdm15",0.0499521228560515,-0.453087556665607,0.103,0.171,1,"Not significant",0
"Asphd2",0.0499924944545659,-0.555185744284342,0.071,0.128,1,"Not significant",0
"Phf2",0.0500103131355838,-0.697790139727143,0.058,0.112,1,"Not significant",0
"Abca2",0.0500574168429687,0.606770823190131,0.308,0.246,1,"Not significant",0
"Sel1l",0.050125843919911,-0.324572816142926,0.224,0.314,1,"Not significant",0
"Immt",0.0501289983358644,-0.623151338834387,0.115,0.182,1,"Not significant",0
"Vwa8",0.0501717709531889,-0.182194141586276,0.321,0.442,1,"Not significant",0
"Xrn2",0.0502117234413207,-0.324572816142926,0.147,0.228,1,"Not significant",0
"Ubxn2a",0.0502121417913277,-0.827558014697473,0.051,0.103,1,"Not significant",0
"Dimt1",0.0502121417913277,-0.827558014697473,0.051,0.103,1,"Not significant",0
"Baz1b",0.0502890256627267,0.476656003117836,0.538,0.534,1,"Not significant",0
"Otud7a",0.0503056854362413,-0.0618067937237077,0.545,0.706,1,"Not significant",0
"Usf3",0.0503705189828464,-0.780252299919116,0.064,0.119,1,"Not significant",0
"Zcchc8",0.0503818576087781,-0.321822205126891,0.141,0.218,1,"Not significant",0
"Mecr",0.0504452389836263,-0.378889737537349,0.167,0.244,1,"Not significant",0
"Ctsa",0.0505685499479333,-0.827558014697473,0.051,0.103,1,"Not significant",0
"Dffa",0.0506215050468088,-0.804099041873484,0.051,0.103,1,"Not significant",0
"Aacs",0.0508141714682056,-0.536326717033027,0.071,0.128,1,"Not significant",0
"Mesd",0.0508341953135113,-0.666595518123549,0.051,0.103,1,"Not significant",0
"Pgbd5",0.0509556089942873,-0.484796416392945,0.083,0.145,1,"Not significant",0
"Fbxo16",0.0510219557249042,-0.638233295046688,0.077,0.136,1,"Not significant",0
"Srrm4",0.051095671102028,0.0570182000427756,0.346,0.466,1,"Not significant",0
"Ripor2",0.0512266094316633,0.0230557890757862,0.263,0.358,1,"Not significant",0
"Tent4b",0.0513796858313367,-0.408283522532158,0.167,0.242,1,"Not significant",0
"Chid1",0.0514215096104592,-0.703084439396656,0.09,0.15,1,"Not significant",0
"Trpv2",0.0514789460902087,-0.624133098001834,0.064,0.119,1,"Not significant",0
"Tsc22d4",0.0515791678105423,-0.873361704310597,0.058,0.11,1,"Not significant",0
"Stoml1",0.0515791678105423,-0.873361704310597,0.058,0.11,1,"Not significant",0
"Tmem50a",0.051628458972456,-0.663438634936366,0.083,0.143,1,"Not significant",0
"Itsn1",0.0516293068635052,-0.19528979919796,0.359,0.488,1,"Not significant",0
"Ank1",0.0517367134574147,-0.26869574092422,0.359,0.47,1,"Not significant",0
"Ddx25",0.0518127793656288,-0.718851755254973,0.064,0.119,1,"Not significant",0
"Cdk18",0.0519177396943377,-0.593839175688235,0.051,0.103,1,"Not significant",0
"Exosc1",0.0520330737026179,-0.850641627810514,0.058,0.11,1,"Not significant",0
"Ptpra",0.0522379540807732,-0.346069751373569,0.263,0.354,1,"Not significant",0
"Pcnx3",0.0523503564519794,-0.365214800640272,0.058,0.112,1,"Not significant",0
"Abcb10",0.0524484860101907,-0.683576280507442,0.103,0.165,1,"Not significant",0
"Habp4",0.0525309837012518,-0.628249206474066,0.077,0.136,1,"Not significant",0
"Arl2",0.0526245994143387,-0.704303446685817,0.064,0.119,1,"Not significant",0
"Xrcc5",0.0527770062494101,-0.662415809625257,0.096,0.158,1,"Not significant",0
"Srgap1",0.0530225774705722,-0.218522105435677,0.288,0.406,1,"Not significant",0
"Ssh3",0.0531802607068538,0.73230170527399,0.295,0.237,1,"Not significant",0
"Bbs2",0.0532881135018038,-0.408283522532158,0.103,0.169,1,"Not significant",0
"Fcho1",0.0533803113613162,-0.646985769055652,0.09,0.15,1,"Not significant",0
"Arl2bp",0.0535345270450008,-0.557859878582668,0.064,0.119,1,"Not significant",0
"Tmem127",0.0536809498773762,-0.666595518123549,0.051,0.103,1,"Not significant",0
"Palm",0.0537353913312503,-0.380644841209878,0.154,0.228,1,"Not significant",0
"Zfp24",0.0537926973039585,-0.564523608863679,0.051,0.103,1,"Not significant",0
"Crtac1",0.0539517356070682,-0.348536059493642,0.115,0.183,1,"Not significant",0
"Ctcf",0.053996981553143,-0.496459333918525,0.147,0.22,1,"Not significant",0
"Ntmt1",0.0541345753812592,-0.844382637338831,0.064,0.117,1,"Not significant",0
"Cog6",0.0541767283930584,-0.745486881758439,0.077,0.134,1,"Not significant",0
"Dazap1",0.0541882165357535,-0.372482801104311,0.212,0.299,1,"Not significant",0
"Chmp3",0.054226097539002,-0.72778488002498,0.077,0.134,1,"Not significant",0
"Pdcd7",0.0544280054729808,0.610830467208005,0.301,0.239,1,"Not significant",0
"Drc1",0.0544393949886335,-0.531573187062392,0.109,0.174,1,"Not significant",0
"Xpot",0.0546461513104976,-0.780252299919116,0.058,0.11,1,"Not significant",0
"Dnah1",0.0547703922806399,-0.477325166961809,0.115,0.182,1,"Not significant",0
"Myo5a",0.0548643325177457,-0.148204663128219,0.372,0.516,1,"Not significant",0
"Kmt2d",0.0550940550608216,0.597268120931564,0.365,0.308,1,"Not significant",0
"Rpl6",0.0551561056868109,-0.223486691028612,0.173,0.257,1,"Not significant",0
"Cul2",0.0552296128497792,-0.0227103443096695,0.192,0.29,1,"Not significant",0
"Ccdc34",0.0552359792305273,-0.385621011302109,0.179,0.259,1,"Not significant",0
"Dnajb12",0.0553052878786271,-0.883345792883219,0.051,0.101,1,"Not significant",0
"Noc2l",0.0553442857333831,0.591716477467842,0.301,0.235,1,"Not significant",0
"Glt1d1",0.0553746838554631,-0.701642465222749,0.128,0.193,1,"Not significant",0
"Ap3b1",0.0553767725707883,-0.184947854976501,0.141,0.222,1,"Not significant",0
"Zmiz1",0.0555999336171075,-0.292900595824382,0.218,0.299,1,"Not significant",0
"Zic4",0.0556175839414101,-1.02310882381528,0.058,0.108,1,"Not significant",0
"Gm49380",0.0557508535968747,-0.858254811920389,0.051,0.101,1,"Not significant",0
"Antxr1",0.0558201869829881,-1.11089761190759,0.064,0.116,1,"Not significant",0
"Spns1",0.0559231588793604,-0.691715625317459,0.077,0.134,1,"Not significant",0
"Zfp1",0.0559970139317229,-0.595220406086595,0.09,0.15,1,"Not significant",0
"Fam234a",0.0560295803273383,-0.731342699438169,0.083,0.141,1,"Not significant",0
"Pmepa1",0.0560974273402418,-0.621554553900058,0.071,0.127,1,"Not significant",0
"Rps6ka1",0.0561074748153294,-0.960824545560937,0.058,0.108,1,"Not significant",0
"Trim41",0.0561549975691442,-0.577759436020373,0.064,0.119,1,"Not significant",0
"Rusc2",0.0564086479692207,-0.703084439396656,0.09,0.149,1,"Not significant",0
"U2af2",0.0564086479692207,-0.703084439396656,0.09,0.149,1,"Not significant",0
"Grin2d",0.0566045962147196,0.696906911267525,0.269,0.206,1,"Not significant",0
"Rnf19a",0.0566333375190703,-0.616753567636236,0.071,0.127,1,"Not significant",0
"Prmt2",0.057107312321606,-0.331267468716934,0.205,0.286,1,"Not significant",0
"Sppl2b",0.0571109518010797,-0.654721417835257,0.077,0.134,1,"Not significant",0
"Anks1",0.057115201123585,-0.235553669411687,0.224,0.319,1,"Not significant",0
"Mettl26",0.0571972046628428,-0.597388242769305,0.071,0.127,1,"Not significant",0
"Nicn1",0.0573167400253013,-0.591218475529099,0.096,0.158,1,"Not significant",0
"Fgd1",0.0573255014415806,-0.576718905833984,0.103,0.165,1,"Not significant",0
"Prkag2",0.0573497015805109,-0.255071027523377,0.263,0.354,1,"Not significant",0
"Kcnip4",0.0573788295254537,-0.706288559983554,0.936,0.846,1,"Not significant",0
"Pdss1",0.0573962679363765,-0.595220406086595,0.096,0.158,1,"Not significant",0
"Noct",0.0575972933182892,-0.895729517339052,0.058,0.108,1,"Not significant",0
"Mlec",0.0576348643340132,-0.780252299919116,0.051,0.101,1,"Not significant",0
"Csnk1g2",0.0577040778026881,0.911625404718552,0.186,0.132,1,"Not significant",0
"Scn3b",0.0578878131422161,-0.463778635123862,0.109,0.172,1,"Not significant",0
"Usp4",0.0579978101171172,-0.136873112972638,0.25,0.35,1,"Not significant",0
"Slc6a11",0.0580378731012684,-0.780252299919116,0.051,0.101,1,"Not significant",0
"Rasgef1a",0.0584842879925247,-0.0120679751421896,0.346,0.481,1,"Not significant",0
"Catspere2",0.0585188379037637,-0.271640685328074,0.263,0.367,1,"Not significant",0
"Pdcd6ip",0.058688278500395,-0.654721417835257,0.103,0.163,1,"Not significant",0
"Syn1",0.0587357872864686,-0.140654542621114,0.282,0.394,1,"Not significant",0
"Vps33a",0.0587480287839428,-0.158763923172845,0.128,0.198,1,"Not significant",0
"Ophn1",0.0589081555930073,-0.258792741504118,0.237,0.325,1,"Not significant",0
"Adra1a",0.0589564726867243,-0.583560388914018,0.071,0.127,1,"Not significant",0
"Bcor",0.0589689861201428,0.576904283279228,0.192,0.132,1,"Not significant",0
"Akr1a1",0.0590082722279113,-0.780252299919116,0.077,0.132,1,"Not significant",0
"Myl6",0.0590257628184873,0.711600796410559,0.212,0.152,1,"Not significant",0
"Wdr66",0.059181469498604,-0.19528979919796,0.051,0.105,1,"Not significant",0
"Arid4a",0.0592944811674111,0.0432222875017653,0.321,0.457,1,"Not significant",0
"Dus3l",0.0595440970159587,0.609453909403106,0.314,0.253,1,"Not significant",0
"Luc7l2",0.0596017764697102,-0.197487354902205,0.526,0.659,1,"Not significant",0
"Mysm1",0.0598228224921731,-0.258025554545922,0.212,0.295,1,"Not significant",0
"Tfdp1",0.0599028140410423,-0.473274546497725,0.096,0.158,1,"Not significant",0
"Kif1c",0.0599151232681086,0.95671329424709,0.122,0.075,1,"Not significant",0
"Pisd",0.0599445856141099,-0.248401135657522,0.083,0.143,1,"Not significant",0
"Vps4b",0.0599890203639905,-0.621554553900058,0.083,0.141,1,"Not significant",0
"6030443J06Rik",0.0601331242101648,-0.691715625317459,0.064,0.117,1,"Not significant",0
"Meis3",0.0601430571387025,-0.780252299919116,0.058,0.108,1,"Not significant",0
"Cuta",0.0602573858939201,0.80471020080204,0.109,0.064,1,"Not significant",0
"Inpp1",0.0603962903403314,-0.690054490947538,0.051,0.101,1,"Not significant",0
"Eml5",0.0604295151412095,-0.19528979919796,0.481,0.637,1,"Not significant",0
"Tcea2",0.0604315292094712,-0.473274546497725,0.096,0.158,1,"Not significant",0
"Ttyh3",0.0604721324700445,-0.34729289264301,0.077,0.136,1,"Not significant",0
"Pde1a",0.0605303425505532,-0.591218475529099,0.301,0.389,1,"Not significant",0
"Fbxw8",0.0605414336496959,-0.186465948810954,0.179,0.259,1,"Not significant",0
"Vipas39",0.0605495402747535,-0.615621598146316,0.096,0.156,1,"Not significant",0
"Gclc",0.0605819112087115,-0.610327298476804,0.115,0.178,1,"Not significant",0
"Amy1",0.0605932916672292,-0.125748865944883,0.301,0.424,1,"Not significant",0
"Clpx",0.0606836252710382,-0.517217894085322,0.109,0.172,1,"Not significant",0
"Pptc7",0.0607014796629852,-0.624133098001834,0.064,0.117,1,"Not significant",0
"Ddb2",0.0609914647223349,-0.517217894085322,0.064,0.117,1,"Not significant",0
"Gm13629",0.0610557970315122,-0.53232478647553,0.071,0.127,1,"Not significant",0
"Inpp5f",0.0611797554931739,-0.0790967816934371,0.16,0.246,1,"Not significant",0
"Taf1d",0.061202899485643,0.0276492010580358,0.34,0.481,1,"Not significant",0
"Usp48",0.0615992676844426,0.394304150254842,0.468,0.418,1,"Not significant",0
"Pcsk1",0.0616612870295212,0.644245528608794,0.103,0.059,1,"Not significant",0
"Pcnp",0.0616870072647999,-0.64459720056155,0.071,0.125,1,"Not significant",0
"Pi4k2a",0.0617614865159817,-0.0102579053654392,0.096,0.163,1,"Not significant",0
"Ccdc57",0.0618636201364108,-0.136873112972638,0.237,0.338,1,"Not significant",0
"Ifnar1",0.0618761669928897,-0.823321021811002,0.064,0.116,1,"Not significant",0
"Ago1",0.0619202844240922,-0.252320744234339,0.141,0.213,1,"Not significant",0
"Slc39a10",0.0621519545267307,-0.713138104060579,0.058,0.108,1,"Not significant",0
"Gck",0.0622049181488173,-0.163109393448809,0.128,0.202,1,"Not significant",0
"Nrcam",0.0624728378700193,-0.16905825762478,0.378,0.501,1,"Not significant",0
"Setd1b",0.0625878490218306,-0.501098228722045,0.083,0.141,1,"Not significant",0
"Stx6",0.0629756079453622,-0.539244200415321,0.064,0.117,1,"Not significant",0
"Dnm1l",0.0630888353876028,-0.138362731113124,0.301,0.424,1,"Not significant",0
"Upf2",0.0631303209054596,-0.270057567599932,0.205,0.294,1,"Not significant",0
"4833420G17Rik",0.063155772463415,-0.123736538172926,0.128,0.2,1,"Not significant",0
"Pcolce2",0.0632468873437778,-0.408283522532158,0.09,0.149,1,"Not significant",0
"Ppp4c",0.0632880915355561,-0.54106463603969,0.058,0.108,1,"Not significant",0
"Cep120",0.0633968165426812,-0.139333393223944,0.186,0.273,1,"Not significant",0
"Gnas",0.0634843484774379,0.418837177072452,0.699,0.736,1,"Not significant",0
"Dexi",0.063600803774357,-0.503412094560292,0.109,0.172,1,"Not significant",0
"Stx17",0.0641209328635223,-0.534091712649718,0.083,0.141,1,"Not significant",0
"Gm26549",0.0645920491400721,-0.238358521089846,0.135,0.207,1,"Not significant",0
"Tmem131",0.0647165889534645,-0.312859395579136,0.25,0.336,1,"Not significant",0
"Map4k4",0.0648499454914768,-0.276209794581527,0.224,0.312,1,"Not significant",0
"Pik3ca",0.0650906247917304,-0.128175603339423,0.135,0.207,1,"Not significant",0
"Cox18",0.0651168986789889,-0.697790139727143,0.064,0.116,1,"Not significant",0
"Galc",0.0651168986789889,-0.697790139727143,0.064,0.116,1,"Not significant",0
"Eef2",0.0651216652001519,-0.338247753040003,0.115,0.18,1,"Not significant",0
"Rpgrip1l",0.065159531116206,-0.277083890361607,0.135,0.204,1,"Not significant",0
"Stau2",0.0651690189917079,0.0231006915809921,0.538,0.721,1,"Not significant",0
"Psd2",0.0652422942141549,-0.480692018060208,0.128,0.193,1,"Not significant",0
"Polr3b",0.0653132379759233,-0.610327298476804,0.058,0.108,1,"Not significant",0
"Pcgf6",0.0654987053139934,-0.780252299919116,0.083,0.138,1,"Not significant",0
"Eef1a1",0.0657101702945121,-0.53232478647553,0.096,0.156,1,"Not significant",0
"Jmjd1c",0.065727105176112,-0.175481318117779,0.404,0.532,1,"Not significant",0
"Ppid",0.0660866003100412,-0.379714370335387,0.103,0.165,1,"Not significant",0
"Rsph3a",0.0661043782147041,-0.429755052834982,0.077,0.132,1,"Not significant",0
"Fam234b",0.0663202184476611,-0.654721417835257,0.064,0.116,1,"Not significant",0
"Polr3a",0.0663398793342389,-0.53232478647553,0.096,0.156,1,"Not significant",0
"Wasf3",0.0663598229431482,-0.074435404323574,0.212,0.301,1,"Not significant",0
"Supt16",0.066392690363279,-0.307499302783985,0.167,0.24,1,"Not significant",0
"Mrps15",0.0664649424439324,-0.289617181746113,0.186,0.264,1,"Not significant",0
"Col11a1",0.066970381074614,0.793365227208031,0.346,0.295,1,"Not significant",0
"Ifrd1",0.0669844261134959,1.31167018952192,0.109,0.066,1,"Not significant",0
"Clvs2",0.0671040611193061,-0.103756249732017,0.224,0.314,1,"Not significant",0
"Zfp282",0.0672280354318487,-0.365214800640272,0.115,0.18,1,"Not significant",0
"Cgn",0.0673222976520304,-0.528713532923151,0.135,0.198,1,"Not significant",0
"Kcnq2",0.0673629075277883,-0.150895679839506,0.372,0.499,1,"Not significant",0
"Nfs1",0.0674460892450665,-0.406793904391672,0.09,0.149,1,"Not significant",0
"2700054A10Rik",0.0676431778223988,-0.594696646763039,0.147,0.213,1,"Not significant",0
"Gde1",0.0678704520330196,-0.624133098001834,0.064,0.116,1,"Not significant",0
"N4bp2",0.0679268910086439,-0.189643236056818,0.244,0.343,1,"Not significant",0
"Ints9",0.0683013067810469,-0.718851755254973,0.058,0.106,1,"Not significant",0
"Dus1l",0.0683958457094847,0.700373540987305,0.122,0.075,1,"Not significant",0
"Wrn",0.0684215241392913,-0.517217894085322,0.103,0.163,1,"Not significant",0
"Plppr1",0.0685908716066243,-0.0563133860491492,0.179,0.261,1,"Not significant",0
"Setd4",0.0685991921591205,-0.58760722197672,0.083,0.139,1,"Not significant",0
"Phactr2",0.0686075409423629,-0.628249206474066,0.071,0.123,1,"Not significant",0
"Rnmt",0.0687618813630983,-0.66477508249918,0.071,0.123,1,"Not significant",0
"Hspa8",0.0687906508555607,-0.318672214703242,0.122,0.191,1,"Not significant",0
"Cltc",0.068952959807196,0.00085272298066319,0.224,0.321,1,"Not significant",0
"March4",0.0690524578104462,-0.151346451610363,0.096,0.158,1,"Not significant",0
"Rnf166",0.0693327409861226,-0.801947371018435,0.064,0.114,1,"Not significant",0
"Atp2b2",0.0694237718082943,-0.221393553133859,0.513,0.65,1,"Not significant",0
"Cacng8",0.0695981971921588,-0.241983034646001,0.167,0.242,1,"Not significant",0
"Snx4",0.0698154047935996,-0.490745682724131,0.115,0.178,1,"Not significant",0
"Rpl27a",0.0699462162612968,-0.454024067598128,0.064,0.116,1,"Not significant",0
"Decr2",0.0703391382726154,-0.517217894085322,0.083,0.139,1,"Not significant",0
"Gucy1a2",0.0704624089356404,0.442355016039147,0.635,0.714,1,"Not significant",0
"Ubap2",0.0704752662897016,-0.436297898701755,0.186,0.257,1,"Not significant",0
"Dmpk",0.0706866820850995,-0.663438634936366,0.083,0.138,1,"Not significant",0
"Pxk",0.0707969319476471,-0.257574077452302,0.231,0.316,1,"Not significant",0
"Stk19",0.0708054448459921,0.791413378188582,0.237,0.182,1,"Not significant",0
"Tsta3",0.0709894475651279,-0.666595518123549,0.058,0.106,1,"Not significant",0
"Phtf1",0.0709948315436819,-0.16832275159769,0.231,0.323,1,"Not significant",0
"Vldlr",0.0710332522158542,-0.576718905833984,0.103,0.161,1,"Not significant",0
"Rcor1",0.0710591564072596,-0.601282158873797,0.103,0.16,1,"Not significant",0
"Myef2",0.0713970646079571,-0.238916731598218,0.263,0.358,1,"Not significant",0
"Chn2",0.0714686300745697,-0.58760722197672,0.096,0.154,1,"Not significant",0
"Zbtb4",0.0715223991390704,-0.360349045468456,0.16,0.233,1,"Not significant",0
"Nol9",0.071541784939713,-0.780252299919116,0.071,0.121,1,"Not significant",0
"Ddx3x",0.0715814983473146,-0.269290380641737,0.077,0.134,1,"Not significant",0
"Ankrd16",0.071591182862335,-0.642748776169181,0.058,0.106,1,"Not significant",0
"Cacnb1",0.071605735589991,-0.462076339892861,0.077,0.132,1,"Not significant",0
"Tbc1d4",0.0716559204610654,-0.461183859170994,0.096,0.154,1,"Not significant",0
"Rpl13a",0.0717867171274603,0.791654047976594,0.237,0.183,1,"Not significant",0
"Cdk5rap2",0.0718571101199743,-0.292151338450549,0.077,0.132,1,"Not significant",0
"Mras",0.0719567757461829,-0.19528979919796,0.077,0.134,1,"Not significant",0
"Kdm5a",0.0719814421953675,-0.115510725218962,0.321,0.431,1,"Not significant",0
"Pign",0.0720571398136037,-0.646985769055652,0.096,0.152,1,"Not significant",0
"Jag2",0.0722685640065935,-0.39692366036761,0.154,0.222,1,"Not significant",0
"Stambpl1",0.072434240667679,-0.796193843788137,0.09,0.143,1,"Not significant",0
"Mrps5",0.0725052697268561,-0.484796416392945,0.141,0.206,1,"Not significant",0
"Mars",0.0728405652679361,-0.697790139727143,0.064,0.114,1,"Not significant",0
"Grk4",0.0728419486336445,-0.673337096002604,0.064,0.114,1,"Not significant",0
"Actr1a",0.0729456436316445,-0.439215382084049,0.09,0.147,1,"Not significant",0
"Kifap3",0.0729596848196336,-0.152729336969914,0.34,0.462,1,"Not significant",0
"Spice1",0.0729647687739191,-0.41030269016881,0.058,0.108,1,"Not significant",0
"Ccdc62",0.0730451805932673,-0.624133098001834,0.064,0.114,1,"Not significant",0
"Ccdc93",0.073087516676675,-0.531573187062392,0.109,0.169,1,"Not significant",0
"Hnrnpl",0.0738301353413572,-0.0772340376762475,0.282,0.391,1,"Not significant",0
"Ppp2r5c",0.0738528431397809,-0.186572582096851,0.321,0.431,1,"Not significant",0
"Cox16",0.0739019837192916,-0.172082408036634,0.628,0.804,1,"Not significant",0
"Mterf3",0.073984835189033,-0.494850081056867,0.058,0.106,1,"Not significant",0
"Ptp4a2",0.0740419048887642,-0.461183859170994,0.103,0.163,1,"Not significant",0
"Lig1",0.0740990164299722,0.663354351556499,0.173,0.119,1,"Not significant",0
"Pck2",0.0745188621277778,-0.631388914004633,0.09,0.145,1,"Not significant",0
"Oxsr1",0.0746537938779478,-0.37851162325373,0.122,0.185,1,"Not significant",0
"Babam1",0.0747204227686002,-0.827558014697473,0.058,0.105,1,"Not significant",0
"Rnf217",0.0748276771153055,0.0677446066358343,0.173,0.253,1,"Not significant",0
"Gkap1",0.0751108942108824,-0.19528979919796,0.269,0.369,1,"Not significant",0
"Elavl3",0.0751245631271575,0.19737988705243,0.84,0.848,1,"Not significant",0
"Maco1",0.0752683744758703,-0.370548244943313,0.288,0.367,1,"Not significant",0
"mt-Atp6",0.0752773532968122,0.223539279243258,0.519,0.477,1,"Not significant",0
"Iqsec1",0.0752785579874926,-0.137513467918759,0.397,0.53,1,"Not significant",0
"Usp10",0.0753156845476997,-0.245915872267928,0.16,0.237,1,"Not significant",0
"Gtf2h2",0.0754015957365133,-0.413194829542094,0.115,0.178,1,"Not significant",0
"mt-Co1",0.0755906769574476,0.436899668721452,0.5,0.464,1,"Not significant",0
"Irf3",0.0756938014522779,-0.801947371018435,0.058,0.105,1,"Not significant",0
"Dcaf11",0.0757416827772561,-0.345036918702642,0.147,0.217,1,"Not significant",0
"Pdxdc1",0.0765476308757429,-0.307182679268857,0.147,0.218,1,"Not significant",0
"5730455P16Rik",0.0765865708394332,-0.714663958291539,0.083,0.136,1,"Not significant",0
"Mettl2",0.0766311384350167,-0.756004753672439,0.058,0.105,1,"Not significant",0
"Ash2l",0.0768439660153004,-0.275016991668694,0.103,0.165,1,"Not significant",0
"Psmd4",0.0769480006650423,0.460062029414594,0.321,0.253,1,"Not significant",0
"Riok1",0.0769534880155382,-0.141708758993116,0.205,0.292,1,"Not significant",0
"Ythdc1",0.076963398829807,0.692235471543628,0.385,0.323,1,"Not significant",0
"Gtf2a2",0.0770264555939921,-0.535139802082584,0.083,0.138,1,"Not significant",0
"Lncppara",0.077220558099771,-0.237934136606453,0.103,0.163,1,"Not significant",0
"Phf14",0.077354608987016,-0.165974232373404,0.34,0.448,1,"Not significant",0
"Efr3b",0.0773860313670826,-0.0714835975835616,0.269,0.372,1,"Not significant",0
"Fam98a",0.077537789005833,-0.475397718390695,0.064,0.114,1,"Not significant",0
"D10Wsu102e",0.0778525461484074,-0.517217894085322,0.083,0.138,1,"Not significant",0
"Rcc1l",0.0780788295397623,-0.576718905833984,0.103,0.16,1,"Not significant",0
"Wdr20",0.0783228275255402,-0.432328996498809,0.135,0.198,1,"Not significant",0
"Limk1",0.0785218766631616,-0.475397718390695,0.103,0.161,1,"Not significant",0
"Ppil4",0.0789023797927242,-0.324572816142926,0.16,0.229,1,"Not significant",0
"Ell",0.0789422039200754,-0.599011985248969,0.135,0.194,1,"Not significant",0
"Kdm4a",0.0790068733305311,-0.758225993589117,0.064,0.112,1,"Not significant",0
"Atp13a2",0.0793119453069323,-0.222089858541675,0.173,0.25,1,"Not significant",0
"Slc22a17",0.0793351631715935,-0.226899405714782,0.333,0.431,1,"Not significant",0
"Sparcl1",0.07934087528292,-0.663438634936366,0.071,0.121,1,"Not significant",0
"Mfn2",0.0795203666221528,-0.259420136617675,0.096,0.156,1,"Not significant",0
"Cd2ap",0.0796382331481824,-0.257574077452302,0.16,0.231,1,"Not significant",0
"Hdac5",0.0797933335237229,0.590116150026,0.256,0.196,1,"Not significant",0
"2510002D24Rik",0.0798840017135022,-0.517217894085322,0.096,0.152,1,"Not significant",0
"Cit",0.0804488146168769,0.34227817545232,0.647,0.684,1,"Not significant",0
"Pak3",0.0805491522942555,0.00710984627016986,0.506,0.64,1,"Not significant",0
"Cxxc1",0.0806576068280205,0.660320291466865,0.115,0.072,1,"Not significant",0
"Fam219a",0.0808391548342714,-0.204167950544412,0.314,0.417,1,"Not significant",0
"Rrnad1",0.0809442358320737,-0.354488394047213,0.154,0.218,1,"Not significant",0
"Nbeal1",0.0822708061619064,-0.109898307967315,0.308,0.428,1,"Not significant",0
"Cttn",0.0824798212309846,-0.365214800640272,0.141,0.207,1,"Not significant",0
"Lancl1",0.0827186158914208,-0.221442087053928,0.179,0.253,1,"Not significant",0
"Tnpo2",0.0829336782772808,-0.683576280507442,0.109,0.163,1,"Not significant",0
"Ankrd26",0.0829840216180044,-0.293779662597323,0.212,0.292,1,"Not significant",0
"Hbs1l",0.0830589744024118,-0.342131187527231,0.141,0.207,1,"Not significant",0
"Plppr3",0.0831070621194191,-0.0654523615553781,0.244,0.327,1,"Not significant",0
"Cct6a",0.0834736897160629,-0.451629552457745,0.09,0.145,1,"Not significant",0
"Rgs10",0.0840664260604815,-0.54106463603969,0.058,0.105,1,"Not significant",0
"Zfp2",0.0840664260604815,-0.54106463603969,0.058,0.105,1,"Not significant",0
"Cul4a",0.0841606986736946,-0.19528979919796,0.179,0.255,1,"Not significant",0
"Mrtfb",0.0841634246652852,-0.158348220809823,0.333,0.451,1,"Not significant",0
"Ndufs2",0.0843052961897379,-0.425587418619754,0.058,0.105,1,"Not significant",0
"Sik2",0.08438365723582,0.836142708638697,0.359,0.325,1,"Not significant",0
"Ccdc88c",0.0844176330925316,-0.356753221892076,0.083,0.138,1,"Not significant",0
"Bsn",0.0844278141119026,-0.121289217754183,0.314,0.413,1,"Not significant",0
"Helq",0.0845566098618638,-0.455817349421179,0.128,0.189,1,"Not significant",0
"Coro1c",0.0846222546729433,-0.329939325892742,0.109,0.169,1,"Not significant",0
"Npc1",0.0846731523318261,-0.559862231493816,0.109,0.165,1,"Not significant",0
"Slc4a7",0.0847492236863172,-0.221442087053928,0.192,0.266,1,"Not significant",0
"Syt5",0.0849112455260618,-0.458324205031754,0.103,0.16,1,"Not significant",0
"Micu3",0.0849348256056111,-0.125128727780559,0.314,0.413,1,"Not significant",0
"Smarcd1",0.0853019940487082,-0.339679708533135,0.077,0.13,1,"Not significant",0
"Mxd4",0.0853025714767826,-0.66477508249918,0.071,0.119,1,"Not significant",0
"Atp6v1c1",0.0854665284046447,-0.492970347838645,0.058,0.105,1,"Not significant",0
"Ip6k2",0.0855907274800537,-0.22871280073541,0.141,0.207,1,"Not significant",0
"Rprd1a",0.0856189090290505,-0.230913708928681,0.141,0.209,1,"Not significant",0
"Rasa1",0.0856257338889511,-0.204750128447026,0.173,0.25,1,"Not significant",0
"Stxbp2",0.0858569532865653,0.752242780907904,0.141,0.094,1,"Not significant",0
"Cux2",0.0859361274526934,-0.19528979919796,0.263,0.35,1,"Not significant",0
"Sorcs2",0.0861782368721267,-0.430918047691102,0.141,0.204,1,"Not significant",0
"Rsph10b",0.0861893379253356,-0.780252299919116,0.058,0.103,1,"Not significant",0
"Man1c1",0.0864979810319036,-0.547275127941502,0.096,0.15,1,"Not significant",0
"Mtch1",0.0868482400788758,-0.139195237127034,0.237,0.328,1,"Not significant",0
"Catsper2",0.0870068980302458,-0.603374537835037,0.071,0.119,1,"Not significant",0
"Gapdh",0.0872151187716076,-0.517217894085322,0.09,0.143,1,"Not significant",0
"Hspa9",0.0872162972016156,-0.559862231493816,0.103,0.158,1,"Not significant",0
"Dgka",0.0873637779833714,-0.349095135276995,0.09,0.145,1,"Not significant",0
"Snx3",0.0874072602997613,-0.706251718475339,0.058,0.103,1,"Not significant",0
"Pfas",0.0874072602997613,-0.706251718475339,0.058,0.103,1,"Not significant",0
"Fsd1",0.0874314946526923,-0.365214800640272,0.103,0.161,1,"Not significant",0
"Usp12",0.0875517419286666,-0.758225993589117,0.058,0.103,1,"Not significant",0
"Med17",0.0877703265905545,-0.635862390583941,0.083,0.134,1,"Not significant",0
"Mthfr",0.0880345643940013,-0.412520515418629,0.103,0.16,1,"Not significant",0
"Fdft1",0.0881244789796524,-0.616753567636236,0.077,0.127,1,"Not significant",0
"0610043K17Rik",0.0882799822930151,-0.735858180560662,0.058,0.103,1,"Not significant",0
"Sncaip",0.0886428856968322,-0.540118296195401,0.135,0.194,1,"Not significant",0
"Gab2",0.0887956765277169,-0.10920082248425,0.269,0.369,1,"Not significant",0
"Tmem184b",0.0888319768266523,-0.340340132001243,0.115,0.178,1,"Not significant",0
"Scrib",0.0891673934071536,0.657868812472769,0.256,0.202,1,"Not significant",0
"Zswim8",0.0893761631777014,-0.176832894490399,0.269,0.354,1,"Not significant",0
"Scn5a",0.0895597205821645,-0.299626459012695,0.167,0.229,1,"Not significant",0
"Rimkla",0.0897531502633255,-0.19528979919796,0.064,0.114,1,"Not significant",0
"Tyw1",0.0898207928396453,-0.597388242769305,0.077,0.127,1,"Not significant",0
"Filip1l",0.0902241343680298,0.766236052987404,0.173,0.125,1,"Not significant",0
"Zfp239",0.090272820511979,-0.557859878582668,0.071,0.119,1,"Not significant",0
"Oip5os1",0.0906603630160149,-0.618501229922503,0.058,0.103,1,"Not significant",0
"Zer1",0.0907057936593057,-0.130194770976075,0.212,0.295,1,"Not significant",0
"Chmp4b",0.0908277107923058,-0.438146323094123,0.071,0.119,1,"Not significant",0
"Ankrd24",0.0910410589476787,0.503329483318764,0.385,0.336,1,"Not significant",0
"Itch",0.0910549685693597,0.00872409282363373,0.333,0.451,1,"Not significant",0
"Map9",0.0913953997247366,0.867904027289234,0.269,0.218,1,"Not significant",0
"Tbc1d9b",0.0916209695488312,-0.111458208394489,0.25,0.338,1,"Not significant",0
"Zfp40",0.0921627838380505,-0.797325813278057,0.083,0.132,1,"Not significant",0
"Prpf6",0.0922148564608212,-0.233763947012595,0.179,0.25,1,"Not significant",0
"Prpf19",0.0922272211034069,-0.373627040456472,0.096,0.15,1,"Not significant",0
"Def8",0.0923626228775488,-0.676416488934576,0.064,0.11,1,"Not significant",0
"Ccdc148",0.092560303290726,-0.0204559973720243,0.301,0.398,1,"Not significant",0
"Kmt5c",0.0925819763598357,-0.146380198717013,0.128,0.191,1,"Not significant",0
"Tbc1d10b",0.0926060557104134,-0.432328996498809,0.064,0.112,1,"Not significant",0
"Hgsnat",0.0926602607565924,-0.564523608863679,0.103,0.156,1,"Not significant",0
"Dsel",0.092813278761929,-0.342131187527231,0.058,0.105,1,"Not significant",0
"Ilkap",0.0929003109761054,-0.119340945964661,0.167,0.242,1,"Not significant",0
"1700030K09Rik",0.0929901175436589,-0.357561228096837,0.096,0.152,1,"Not significant",0
"Dlgap1",0.0931231999768618,-0.246407370600242,0.859,0.857,1,"Not significant",0
"E4f1",0.0931704751522297,0.529703153302171,0.244,0.187,1,"Not significant",0
"Hjurp",0.0934771032609806,-0.157106605310072,0.282,0.376,1,"Not significant",0
"Gsg1l",0.0935090444484504,-0.610327298476804,0.103,0.156,1,"Not significant",0
"Srsf2",0.0938237060319243,-0.26024524103873,0.179,0.251,1,"Not significant",0
"Strip1",0.09398698830221,-0.550770453796348,0.09,0.141,1,"Not significant",0
"Keap1",0.09398698830221,-0.550770453796348,0.09,0.141,1,"Not significant",0
"Wdr26",0.0940041999938967,-0.157106605310072,0.288,0.383,1,"Not significant",0
"Ube2f",0.0940407028542535,-0.66477508249918,0.071,0.117,1,"Not significant",0
"Acin1",0.0941693855804266,0.393395787565914,0.59,0.587,1,"Not significant",0
"Nckap1",0.0942818008352923,-0.131159461778244,0.301,0.393,1,"Not significant",0
"Zfp932",0.0943530923774687,-0.425587418619754,0.058,0.103,1,"Not significant",0
"Sbf1",0.0944390511437015,-0.539244200415321,0.141,0.2,1,"Not significant",0
"Sf1",0.0945101800546678,-0.010257905365439,0.218,0.305,1,"Not significant",0
"Snapc4",0.0945394415988275,0.534062610858371,0.295,0.24,1,"Not significant",0
"Ccdc187",0.0946058708996751,-0.271640685328075,0.083,0.136,1,"Not significant",0
"Cog2",0.0947265049453565,-0.404743164826909,0.077,0.127,1,"Not significant",0
"Cirbp",0.0950548394153524,-0.517217894085322,0.083,0.134,1,"Not significant",0
"Becn1",0.0951190028740709,0.645511605952787,0.154,0.106,1,"Not significant",0
"Hnrnpu",0.0951654238085586,0.304016616978488,0.583,0.617,1,"Not significant",0
"Dab2ip",0.0951961009596817,-0.19528979919796,0.179,0.25,1,"Not significant",0
"Strada",0.0953488377912621,-0.506077336480121,0.135,0.193,1,"Not significant",0
"Nsd3",0.0953714009969695,-0.145707770347399,0.397,0.523,1,"Not significant",0
"4732471J01Rik",0.0954104820322973,-0.16960315553431,0.314,0.413,1,"Not significant",0
"Tsc22d2",0.0954719824486615,-0.478223762469458,0.071,0.119,1,"Not significant",0
"Zfp131",0.0957200756459729,-0.438146323094123,0.071,0.119,1,"Not significant",0
"Rae1",0.0957762054610667,-0.425587418619754,0.141,0.202,1,"Not significant",0
"Cops3",0.0966082669521287,-0.261378989655732,0.154,0.22,1,"Not significant",0
"Elp3",0.0966164590223561,-0.654721417835257,0.077,0.125,1,"Not significant",0
"Gtpbp2",0.0966783534984253,-0.280178696784473,0.154,0.22,1,"Not significant",0
"Eif5",0.0969973026740436,-0.223486691028612,0.179,0.25,1,"Not significant",0
"Psmc6",0.0970469919529562,-0.480692018060208,0.083,0.134,1,"Not significant",0
"Grik5",0.0971854793103022,0.365918348223779,0.468,0.44,1,"Not significant",0
"Pinx1",0.0973750665083024,-0.536326717033027,0.071,0.117,1,"Not significant",0
"Bcr",0.097884963192674,-0.259420136617675,0.212,0.288,1,"Not significant",0
"Hif1a",0.0979230654905445,-0.706251718475339,0.058,0.101,1,"Not significant",0
"Ifnar2",0.0979230654905445,-0.706251718475339,0.058,0.101,1,"Not significant",0
"Ergic3",0.0979550684140875,-0.344153185112443,0.115,0.172,1,"Not significant",0
"Nsa2",0.0981716149184203,-0.667777570660703,0.109,0.161,1,"Not significant",0
"Tarsl2",0.0983726182907235,-0.497852569218391,0.071,0.117,1,"Not significant",0
"Zfp169",0.0988609281937471,-0.465378962565704,0.083,0.134,1,"Not significant",0
"Dnttip1",0.09889494533446,-0.356753221892076,0.09,0.143,1,"Not significant",0
"Plekha6",0.0989643733778905,-0.223005177409783,0.449,0.55,1,"Not significant",0
"Ankib1",0.0995860627524863,-0.0348251270047137,0.288,0.398,1,"Not significant",0
"Dgkd",0.0996751101587965,-0.19528979919796,0.224,0.303,1,"Not significant",0
"Fndc5",0.0998081679407984,-0.760074417981486,0.071,0.116,1,"Not significant",0
"Fdxr",0.100152462998162,0.472866637049595,0.167,0.116,1,"Not significant",0
"Ensa",0.100172788178743,-0.472130004556784,0.064,0.11,1,"Not significant",0
"Tcp1",0.100172788178743,-0.472130004556784,0.064,0.11,1,"Not significant",0
"A230087F16Rik",0.10029909067354,-0.713138104060579,0.064,0.108,1,"Not significant",0
"Slc38a10",0.100452644556005,-0.406793904391672,0.09,0.141,1,"Not significant",0
"Rabgef1",0.100457595540913,-0.365214800640272,0.083,0.134,1,"Not significant",0
"Fbxo34",0.100796066437099,-0.365214800640272,0.096,0.15,1,"Not significant",0
"Ipo4",0.100953097142156,0.692500697216015,0.282,0.233,1,"Not significant",0
"Trpc7",0.100990972513319,0.193984604015802,0.205,0.292,1,"Not significant",0
"Zfp160",0.101301253083569,-0.517217894085322,0.071,0.117,1,"Not significant",0
"Appl1",0.101895875990524,-0.159956726085679,0.282,0.367,1,"Not significant",0
"Ap1b1",0.101917906621657,-0.28980739798225,0.244,0.316,1,"Not significant",0
"Stk32c",0.102058108205987,-0.666595518123549,0.064,0.108,1,"Not significant",0
"Top3b",0.102181056192505,-0.221762010559151,0.115,0.174,1,"Not significant",0
"Dync1li1",0.102186250999212,-0.495949277331671,0.218,0.279,1,"Not significant",0
"Napg",0.102270877648428,-0.182578747448406,0.256,0.339,1,"Not significant",0
"Kat2a",0.10230355995688,-0.462076339892861,0.083,0.132,1,"Not significant",0
"Trappc3",0.10262869838276,-0.697790139727143,0.071,0.116,1,"Not significant",0
"Setdb1",0.102903635225186,-0.306573132731704,0.244,0.316,1,"Not significant",0
"Chpf2",0.1029994493142,-0.35283107618444,0.141,0.202,1,"Not significant",0
"Washc2",0.103074106871239,-0.308500409645951,0.224,0.297,1,"Not significant",0
"Fbxo42",0.103136511456465,-0.398823193283092,0.167,0.228,1,"Not significant",0
"Nrbp2",0.103266725828936,0.571511024509009,0.391,0.372,1,"Not significant",0
"Fxyd6",0.103315834287778,-0.213211707195222,0.083,0.136,1,"Not significant",0
"Hars2",0.103393905967485,-0.470924241811387,0.103,0.154,1,"Not significant",0
"Zeb1",0.103530498608335,0.2838780375006,0.686,0.705,1,"Not significant",0
"Lztr1",0.103560182549856,-0.218622303028583,0.218,0.292,1,"Not significant",0
"Nt5c3b",0.103608827457001,-0.427950555988235,0.109,0.163,1,"Not significant",0
"Fbxl6",0.103896956650341,-0.302205003114472,0.058,0.101,1,"Not significant",0
"Tnip2",0.104120406651437,-0.482866389294545,0.083,0.132,1,"Not significant",0
"Eif2d",0.10430371285393,-0.424108489693841,0.071,0.117,1,"Not significant",0
"Ptpn5",0.104675280307691,0.0132968226134578,0.378,0.521,1,"Not significant",0
"Ddx3y",0.104697151097287,-0.372827984750147,0.103,0.156,1,"Not significant",0
"Btbd8",0.104924631893427,0.12021202652997,0.141,0.211,1,"Not significant",0
"Traf3ip1",0.104986670148638,-0.54106463603969,0.058,0.101,1,"Not significant",0
"Rbm5",0.105076147643926,0.399392891457894,0.603,0.684,1,"Not significant",0
"Snrnp40",0.105122256273794,-0.673337096002604,0.083,0.13,1,"Not significant",0
"Trpm7",0.10518696011016,-0.102180394806478,0.346,0.448,1,"Not significant",0
"Gmps",0.105231584126561,-0.66477508249918,0.077,0.123,1,"Not significant",0
"Pabpc1",0.105295859467643,-0.517217894085322,0.103,0.154,1,"Not significant",0
"Ttf1",0.10544776644181,-0.349095135276995,0.096,0.149,1,"Not significant",0
"Ivns1abp",0.10558218487501,0.404172271218312,0.237,0.185,1,"Not significant",0
"Zfp651",0.105735559963679,-0.58760722197672,0.064,0.108,1,"Not significant",0
"Chd7",0.105794627774269,-0.282752640448299,0.115,0.171,1,"Not significant",0
"Tsc2",0.105842641201483,0.521403399941986,0.256,0.202,1,"Not significant",0
"Micos10",0.106035708641175,-0.350568024675871,0.109,0.163,1,"Not significant",0
"Yipf5",0.106504332923838,-0.517217894085322,0.096,0.147,1,"Not significant",0
"Abhd8",0.106839810538827,-0.449046391443743,0.064,0.108,1,"Not significant",0
"Gm35256",0.106911012337222,-0.324572816142926,0.064,0.11,1,"Not significant",0
"Zfp438",0.107146347476363,-0.0971094052590566,0.071,0.117,1,"Not significant",0
"Tnrc18",0.107464414585374,-0.128947304369264,0.327,0.428,1,"Not significant",0
"Npm1",0.107488002899844,-0.324572816142926,0.071,0.117,1,"Not significant",0
"Josd2",0.107640898838587,-0.163580939470622,0.096,0.15,1,"Not significant",0
"Rexo1",0.107752977499763,-0.292900595824382,0.122,0.178,1,"Not significant",0
"Pxdn",0.107756644542637,-0.184642554998451,0.147,0.213,1,"Not significant",0
"Clip1",0.107879040396342,0.465352299788302,0.532,0.538,1,"Not significant",0
"Chuk",0.107906357895456,-0.225037142592012,0.167,0.231,1,"Not significant",0
"Sept8",0.107997214570094,-0.464750474191186,0.16,0.218,1,"Not significant",0
"Atm",0.10826786825152,-0.381156344509294,0.096,0.149,1,"Not significant",0
"Atp5b",0.108292855883583,-0.543213102618266,0.128,0.182,1,"Not significant",0
"Zmym5",0.108613677417865,-0.127474414970388,0.218,0.294,1,"Not significant",0
"Usp16",0.108699561265762,-0.303814255976129,0.167,0.229,1,"Not significant",0
"Drp2",0.108735538074409,-0.539244200415321,0.141,0.196,1,"Not significant",0
"Sept7",0.109004949551303,-0.293591872809764,0.199,0.268,1,"Not significant",0
"Disp3",0.109099188379189,0.147597914325049,0.09,0.143,1,"Not significant",0
"Tarbp2",0.109225823959534,-0.443217312641545,0.083,0.132,1,"Not significant",0
"Dtx1",0.109557958197377,-0.186244659594953,0.173,0.24,1,"Not significant",0
"Spock2",0.109938801052808,-0.134869013512653,0.423,0.552,1,"Not significant",0
"Atp1a2",0.111144952832748,0.961435704489494,0.128,0.088,1,"Not significant",0
"Prpsap1",0.112015177096341,-0.544439362820346,0.115,0.167,1,"Not significant",0
"C130071C03Rik",0.112114552940806,-0.278705807385597,0.096,0.149,1,"Not significant",0
"Cars2",0.112386889653115,-0.494850081056867,0.071,0.116,1,"Not significant",0
"Cntn5",0.112397820517113,-0.627899927924753,0.788,0.732,1,"Not significant",0
"Ppm1g",0.112429947276629,-0.149486109584835,0.064,0.11,1,"Not significant",0
"Zc3h3",0.112501212936096,-0.555185744284342,0.083,0.13,1,"Not significant",0
"Ilf3",0.112621903571171,-0.168654672694493,0.186,0.255,1,"Not significant",0
"L3mbtl1",0.112819106367538,-0.429086983806657,0.135,0.191,1,"Not significant",0
"Adgrl2",0.113059982627486,-0.12711829655638,0.231,0.316,1,"Not significant",0
"Copb1",0.113133839430559,-0.461183859170994,0.109,0.161,1,"Not significant",0
"Topors",0.113490369520934,-0.237109974892586,0.071,0.117,1,"Not significant",0
"Myo9b",0.1135356624133,0.400596350559433,0.442,0.417,1,"Not significant",0
"Rpl21",0.113861558602043,-0.310767016617896,0.083,0.132,1,"Not significant",0
"Kirrel3",0.114106404689246,-0.416661566058948,0.622,0.629,1,"Not significant",0
"Ercc5",0.114406122272589,-0.0869136381531679,0.154,0.22,1,"Not significant",0
"Fgd4",0.114569863127259,-0.0538700446107369,0.301,0.404,1,"Not significant",0
"H2afy2",0.114668075345686,-0.654721417835257,0.064,0.106,1,"Not significant",0
"Gba2",0.114804095131932,-0.517217894085322,0.083,0.13,1,"Not significant",0
"Hp1bp3",0.114873323603288,-0.0774533089041014,0.212,0.29,1,"Not significant",0
"Plch2",0.115183185278401,-0.338247753040003,0.103,0.154,1,"Not significant",0
"Mybbp1a",0.115354448474015,0.64716892381556,0.237,0.187,1,"Not significant",0
"Mrpl21",0.115638699655618,-0.475397718390695,0.077,0.123,1,"Not significant",0
"Terf2",0.11574210889322,-0.398823193283092,0.167,0.228,1,"Not significant",0
"Cwc25",0.115933583094041,1.28533604170846,0.109,0.072,1,"Not significant",0
"Ppp2r3d",0.115938353233077,-0.404743164826909,0.077,0.123,1,"Not significant",0
"Wdr5",0.116267927937308,-0.406793904391672,0.096,0.147,1,"Not significant",0
"Cir1",0.116395606296752,-0.402885218606327,0.109,0.161,1,"Not significant",0
"Glyr1",0.116559642656538,-0.188595146623951,0.25,0.325,1,"Not significant",0
"Gpi1",0.116565477816014,0.283425072020933,0.538,0.556,1,"Not significant",0
"Rock2",0.116645245502408,0.00872409282363373,0.327,0.451,1,"Not significant",0
"Ankrd12",0.11678023549226,0.257537944094664,0.724,0.796,1,"Not significant",0
"Dnajb5",0.11693232715971,0.83787706473724,0.109,0.072,1,"Not significant",0
"Nol8",0.116953581005158,-0.539244200415321,0.064,0.106,1,"Not significant",0
"Adcy7",0.117157724628283,-0.494850081056867,0.064,0.106,1,"Not significant",0
"Schip1",0.117209074649105,-0.397763494508464,0.397,0.49,1,"Not significant",0
"Abca3",0.11725737776134,-0.209364984409682,0.224,0.295,1,"Not significant",0
"Sema4a",0.117286544114504,-0.131724670420494,0.122,0.18,1,"Not significant",0
"Wdr18",0.117600817274904,-0.458324205031753,0.077,0.123,1,"Not significant",0
"Vdac1",0.117600817274904,-0.458324205031753,0.077,0.123,1,"Not significant",0
"Med25",0.117949488821933,-0.208113839555543,0.128,0.187,1,"Not significant",0
"Lrrc7",0.118640796679995,-0.172507323742788,0.763,0.861,1,"Not significant",0
"Mcoln1",0.118741731137319,0.545975932401872,0.16,0.114,1,"Not significant",0
"Fam114a2",0.119193044289649,-0.138706270831592,0.179,0.244,1,"Not significant",0
"Gabbr1",0.119358886339954,-0.177323252668511,0.391,0.499,1,"Not significant",0
"B230307C23Rik",0.119396139339056,-0.0355093551611905,0.135,0.194,1,"Not significant",0
"Sgsm1",0.11953537042624,0.273664593557844,0.603,0.629,1,"Not significant",0
"Smc5",0.119745013047533,-0.102180394806478,0.308,0.407,1,"Not significant",0
"Jph3",0.119871722087265,-0.610327298476803,0.09,0.136,1,"Not significant",0
"Rint1",0.119983306216941,-0.0281798133627014,0.058,0.101,1,"Not significant",0
"Kctd20",0.120282587771267,-0.443217312641545,0.083,0.13,1,"Not significant",0
"Spag6l",0.120352448885036,0.646280838197557,0.231,0.182,1,"Not significant",0
"Kin",0.120873089426014,-0.604680735335661,0.096,0.143,1,"Not significant",0
"Dcp1b",0.121014273200391,-0.436297898701755,0.122,0.174,1,"Not significant",0
"Ttll11",0.121055418018043,-0.115855331703555,0.359,0.459,1,"Not significant",0
"Prmt5",0.121843732779563,-0.390305781603103,0.096,0.145,1,"Not significant",0
"Ogfod1",0.121861915999605,-0.00702316176613826,0.192,0.264,1,"Not significant",0
"Atp5a1",0.12205102653388,-0.282752640448299,0.141,0.2,1,"Not significant",0
"Hmgn3",0.122125965606409,-0.455817349421179,0.128,0.18,1,"Not significant",0
"Gaa",0.12228258591545,-0.145104042029743,0.417,0.536,1,"Not significant",0
"Nup155",0.122330430744101,-0.539244200415321,0.071,0.114,1,"Not significant",0
"Apaf1",0.122343366053451,-0.780252299919116,0.064,0.105,1,"Not significant",0
"Ccm2",0.122746286532094,-0.123736538172926,0.128,0.187,1,"Not significant",0
"Otud5",0.122748319150671,-0.245915872267928,0.128,0.187,1,"Not significant",0
"Psme4",0.122791723050535,-0.0373057287021809,0.327,0.437,1,"Not significant",0
"Thoc1",0.123417991038527,-0.232126567378331,0.282,0.36,1,"Not significant",0
"Vps33b",0.123433486292365,-0.517217894085322,0.071,0.114,1,"Not significant",0
"Evi5l",0.123654441930419,-0.147195510996915,0.269,0.349,1,"Not significant",0
"Map3k10",0.123738353781526,-0.099074483938657,0.135,0.193,1,"Not significant",0
"Kras",0.123742450473216,-0.411607706124723,0.09,0.138,1,"Not significant",0
"Sec24c",0.123742450473216,-0.411607706124723,0.09,0.138,1,"Not significant",0
"Phrf1",0.12389486308384,-0.159956726085679,0.135,0.194,1,"Not significant",0
"Deaf1",0.124094941503192,-0.399648297704146,0.128,0.182,1,"Not significant",0
"Sirt7",0.124341392240381,-0.332793322947895,0.205,0.27,1,"Not significant",0
"2510009E07Rik",0.12442518076356,-0.275016991668694,0.103,0.154,1,"Not significant",0
"Hcfc2",0.124543601234802,-0.494850081056867,0.071,0.114,1,"Not significant",0
"B230217O12Rik",0.124755069132566,-0.316305200159326,0.096,0.147,1,"Not significant",0
"Fam228b",0.12478338282213,-0.449046391443743,0.064,0.106,1,"Not significant",0
"Mark4",0.124935443800004,-0.53232478647553,0.109,0.158,1,"Not significant",0
"Glrx2",0.125428200768265,-0.534091712649718,0.096,0.143,1,"Not significant",0
"Copz1",0.125430185908118,-0.417682220534408,0.09,0.138,1,"Not significant",0
"Mapk1ip1",0.125532885415363,-0.400404229102572,0.096,0.145,1,"Not significant",0
"Kif5c",0.125924242207252,-0.0916111530962909,0.462,0.582,1,"Not significant",0
"Baiap3",0.126061650585123,0.329148618126436,0.654,0.699,1,"Not significant",0
"Pan2",0.126843239942307,-0.535139802082584,0.09,0.136,1,"Not significant",0
"Sft2d3",0.127214146085336,-0.355754471391206,0.083,0.13,1,"Not significant",0
"Adcy5",0.127236245390432,-0.210240140663931,0.205,0.272,1,"Not significant",0
"Ppp1r21",0.127342292427657,-0.371612571838423,0.135,0.189,1,"Not significant",0
"Zc3h7a",0.12739498257897,-0.100744162690959,0.269,0.363,1,"Not significant",0
"Snhg20",0.127472163035588,-0.081907999780217,0.321,0.426,1,"Not significant",0
"Zw10",0.127738287272231,-0.497852569218391,0.083,0.128,1,"Not significant",0
"Ccdc136",0.127865262956993,-0.267439584953795,0.199,0.262,1,"Not significant",0
"Mat2a",0.127913322756183,-0.287212288638999,0.179,0.242,1,"Not significant",0
"Dbnl",0.128057227363811,-0.324572816142926,0.115,0.169,1,"Not significant",0
"Efemp2",0.128068746786551,0.740579863382325,0.115,0.077,1,"Not significant",0
"Rpl41",0.128481094059474,-0.304914290372458,0.083,0.13,1,"Not significant",0
"Odf2",0.128494609914861,0.301624707135292,0.5,0.484,1,"Not significant",0
"Ckmt1",0.128514400462158,-0.351794284877951,0.115,0.165,1,"Not significant",0
"Tbc1d22a",0.128520005062715,-0.478223762469458,0.077,0.121,1,"Not significant",0
"Ttyh1",0.128579919786565,-0.320820681281819,0.16,0.22,1,"Not significant",0
"Kctd3",0.128823477284983,-0.248401135657522,0.09,0.139,1,"Not significant",0
"Syne1",0.129154164656995,0.236217000402433,0.974,0.947,1,"Not significant",0
"Ptprs",0.12991585408259,0.290137027972282,0.66,0.771,1,"Not significant",0
"Sncb",0.130136552801895,-0.34729289264301,0.083,0.13,1,"Not significant",0
"Cacna1i",0.130322553230617,-0.130194770976075,0.224,0.299,1,"Not significant",0
"Mid1",0.130870093896757,-0.291505114457263,0.147,0.204,1,"Not significant",0
"Gspt2",0.131252232876724,-0.624133098001834,0.077,0.119,1,"Not significant",0
"4933406I18Rik",0.131670815426423,0.0101338834657392,0.41,0.541,1,"Not significant",0
"Dot1l",0.131779259868733,0.158818701438552,0.269,0.387,1,"Not significant",0
"Hps4",0.13185938946569,-0.230055217358636,0.192,0.261,1,"Not significant",0
"Zfyve1",0.132337103307931,-0.263034405833794,0.122,0.176,1,"Not significant",0
"Zmym2",0.132394537363692,0.0532085134779535,0.295,0.402,1,"Not significant",0
"Fam185a",0.1324830207617,-0.20909559872299,0.109,0.161,1,"Not significant",0
"Parp6",0.132774887238594,-0.176180976250255,0.186,0.25,1,"Not significant",0
"Ano8",0.133091578525423,0.679179318718182,0.122,0.083,1,"Not significant",0
"Cnot7",0.134124013281034,-0.447676960832245,0.09,0.136,1,"Not significant",0
"Atr",0.134166587505243,-0.220824891305097,0.135,0.191,1,"Not significant",0
"Wdfy2",0.134230392416486,-0.271640685328075,0.109,0.161,1,"Not significant",0
"Bicd2",0.134326776689443,-0.429755052834982,0.09,0.136,1,"Not significant",0
"Tbc1d24",0.134412970019668,-0.244533318217809,0.173,0.235,1,"Not significant",0
"Heatr1",0.134413415909012,-0.434755733893349,0.096,0.143,1,"Not significant",0
"Cfap44",0.134455495766475,-0.173263492867961,0.135,0.191,1,"Not significant",0
"Fkbp8",0.134514367661273,-0.327740095221609,0.135,0.189,1,"Not significant",0
"Plekhh2",0.134674157842801,-0.475397718390695,0.071,0.112,1,"Not significant",0
"Sema4g",0.134827463175768,0.712144082065968,0.308,0.272,1,"Not significant",0
"Clasrp",0.13487526530808,0.53431240655476,0.397,0.374,1,"Not significant",0
"Scn1a",0.134904061247817,-0.0538173732450792,0.513,0.664,1,"Not significant",0
"Dnm2",0.134915770245394,-0.306036864705499,0.224,0.29,1,"Not significant",0
"Trafd1",0.135001390604,-0.421798329006639,0.147,0.2,1,"Not significant",0
"Zfp536",0.135505292195412,-1.22208985854168,0.103,0.143,1,"Not significant",0
"Asap3",0.135898889593781,-0.517217894085322,0.064,0.105,1,"Not significant",0
"Hdac2",0.135898889593781,-0.517217894085322,0.064,0.105,1,"Not significant",0
"Ppp1r12a",0.136073696902131,0.0971284134169284,0.372,0.517,1,"Not significant",0
"Cntrl",0.136126661748382,0.697069477614071,0.269,0.226,1,"Not significant",0
"Rheb",0.136629575344871,-0.517217894085322,0.071,0.112,1,"Not significant",0
"A330074K22Rik",0.1370344851776,-0.494850081056867,0.064,0.105,1,"Not significant",0
"Ptov1",0.137163381821053,-0.455817349421179,0.135,0.185,1,"Not significant",0
"Mrps9",0.137364222041634,-0.536326717033027,0.09,0.134,1,"Not significant",0
"Inpp4a",0.137366379218462,-0.243042930646328,0.25,0.319,1,"Not significant",0
"Tbc1d22b",0.137717341081445,-0.254183488251528,0.115,0.169,1,"Not significant",0
"Lca5l",0.137912996938956,-0.458324205031753,0.071,0.112,1,"Not significant",0
"Sox2ot",0.13804188928848,-0.787594275260284,0.269,0.321,1,"Not significant",0
"Vgf",0.13808826615434,-0.517217894085322,0.115,0.163,1,"Not significant",0
"Rfc1",0.138217674613022,-0.326534332476212,0.109,0.158,1,"Not significant",0
"Nrxn2",0.138326756398835,0.193845836638127,0.692,0.756,1,"Not significant",0
"Sart3",0.138366366216614,0.821584019366437,0.186,0.145,1,"Not significant",0
"Ak2",0.138439272419382,-0.443217312641545,0.083,0.127,1,"Not significant",0
"Pnma3",0.138982443379872,0.422240563979627,0.263,0.209,1,"Not significant",0
"Fam50a",0.139060913874588,0.64716892381556,0.186,0.141,1,"Not significant",0
"Klhl5",0.139159320371664,-0.517217894085322,0.083,0.127,1,"Not significant",0
"Tub",0.139213028194298,-0.301489203029885,0.179,0.237,1,"Not significant",0
"mt-Co2",0.13924258399287,0.382840668040771,0.494,0.444,1,"Not significant",0
"Snw1",0.139348359893385,-0.324572816142926,0.077,0.121,1,"Not significant",0
"Gtf3c2",0.139368035504332,-0.0228226031931942,0.263,0.349,1,"Not significant",0
"Rab3ip",0.139420477380359,-0.17511191726033,0.071,0.114,1,"Not significant",0
"Stac",0.139458444975796,-0.293321882158486,0.122,0.172,1,"Not significant",0
"Ddrgk1",0.139719553820541,-0.359265534309086,0.147,0.202,1,"Not significant",0
"Pcca",0.139828534265393,-0.0792660028584762,0.378,0.483,1,"Not significant",0
"Abcb6",0.14048074344138,0.855336273872008,0.135,0.095,1,"Not significant",0
"Pnpt1",0.140668410941877,-0.531573187062392,0.109,0.156,1,"Not significant",0
"Nckap5l",0.140934752055821,0.639124135084065,0.179,0.136,1,"Not significant",0
"Stat3",0.141157973412346,0.158993669001787,0.109,0.163,1,"Not significant",0
"Ift172",0.141482934642819,0.622871877816227,0.288,0.244,1,"Not significant",0
"Arrdc1",0.141875070131668,-0.482866389294545,0.096,0.141,1,"Not significant",0
"Ints13",0.141881361787501,-0.377493130418709,0.064,0.105,1,"Not significant",0
"Srebf2",0.142753761696923,-0.220824891305097,0.122,0.174,1,"Not significant",0
"Agbl5",0.143334868983944,-0.406793904391672,0.096,0.141,1,"Not significant",0
"Ppfia4",0.143837023022447,-0.280457182460637,0.192,0.253,1,"Not significant",0
"Ddx41",0.143878214523343,0.564659112969086,0.269,0.224,1,"Not significant",0
"Rpl36",0.144045094719679,0.59660200547184,0.154,0.112,1,"Not significant",0
"BC005624",0.144060442444361,-0.468308293604376,0.103,0.149,1,"Not significant",0
"Cnbd2",0.144549775782264,-0.446828566193924,0.115,0.163,1,"Not significant",0
"Hspd1",0.144758297148175,0.750262416779664,0.173,0.132,1,"Not significant",0
"Prdm16",0.1450935567046,-0.313934295696579,0.09,0.136,1,"Not significant",0
"Rlf",0.14512704259956,-0.32914554593275,0.173,0.231,1,"Not significant",0
"Wdr73",0.145145692197988,-0.616753567636236,0.083,0.125,1,"Not significant",0
"Lonrf2",0.145245091452515,-0.0542459177427761,0.205,0.275,1,"Not significant",0
"Ece2",0.145301070042541,-0.00721745104538807,0.333,0.435,1,"Not significant",0
"Creld1",0.145607469439392,-0.269836752563014,0.154,0.213,1,"Not significant",0
"Atn1",0.145615471634193,-0.124900471306562,0.09,0.138,1,"Not significant",0
"Trub2",0.145623989435316,-0.417682220534407,0.077,0.119,1,"Not significant",0
"P3h3",0.145710002901068,-0.144663726127992,0.263,0.338,1,"Not significant",0
"Zcrb1",0.146659689585175,-0.277083890361607,0.147,0.202,1,"Not significant",0
"Pfkm",0.146713765911803,-0.31728032357657,0.173,0.229,1,"Not significant",0
"Rnf10",0.146762423637648,-0.327740095221609,0.135,0.187,1,"Not significant",0
"Ppm1b",0.147088243573929,-0.324572816142926,0.077,0.119,1,"Not significant",0
"Lemd2",0.147134392343771,-0.582312922307207,0.071,0.11,1,"Not significant",0
"Pde7a",0.147527572829271,-0.224241172894089,0.179,0.24,1,"Not significant",0
"Dap3",0.147702853023641,-0.19528979919796,0.128,0.182,1,"Not significant",0
"Ube2b",0.147895037073706,-0.0676920184211877,0.429,0.574,1,"Not significant",0
"Dgkz",0.14792449047353,0.347665175001621,0.404,0.374,1,"Not significant",0
"Vps13c",0.148349675499372,-0.122123386635988,0.346,0.45,1,"Not significant",0
"Cyfip2",0.148407261024725,-0.125211363461819,0.417,0.532,1,"Not significant",0
"Slc25a28",0.148536917678061,-0.225037142592012,0.122,0.174,1,"Not significant",0
"Ryr2",0.148699480160512,-0.11432095767869,0.641,0.774,1,"Not significant",0
"Ppig",0.149692777802745,0.397800582406597,0.5,0.516,1,"Not significant",0
"Chmp7",0.150063561453685,-0.401740676665386,0.064,0.103,1,"Not significant",0
"Jdp2",0.150840508430402,-0.494850081056867,0.064,0.103,1,"Not significant",0
"Nudt3",0.151216427893936,-0.365214800640272,0.141,0.193,1,"Not significant",0
"Actg1",0.151294502709769,-0.35283107618444,0.064,0.103,1,"Not significant",0
"Larp1",0.151390600024454,-0.303471450927376,0.288,0.354,1,"Not significant",0
"Jade2",0.151397003074412,-0.393229176809868,0.083,0.127,1,"Not significant",0
"Cdh4",0.15161854990599,-0.0650334132466181,0.346,0.446,1,"Not significant",0
"Polr3e",0.151740993318708,-0.374613498642522,0.083,0.127,1,"Not significant",0
"Kmt2e",0.152035747373705,0.208680396178047,0.705,0.772,1,"Not significant",0
"Ap1g1",0.152054884698229,-0.319617934200161,0.128,0.178,1,"Not significant",0
"Paxbp1",0.152478425454546,0.0405231379008097,0.244,0.327,1,"Not significant",0
"Dhx9",0.152713676465075,-0.329939325892742,0.115,0.163,1,"Not significant",0
"Pms2",0.152812663603213,-0.536326717033027,0.083,0.125,1,"Not significant",0
"Rgs20",0.153019595398525,-0.125211363461819,0.199,0.266,1,"Not significant",0
"Rpl17",0.153686922267228,-0.472130004556784,0.071,0.11,1,"Not significant",0
"Sphkap",0.153695177954677,-0.287212288638999,0.147,0.202,1,"Not significant",0
"Tfcp2",0.15377349675015,-0.270577926502197,0.128,0.18,1,"Not significant",0
"Trak2",0.154407411356129,0.0365258760251139,0.128,0.185,1,"Not significant",0
"Rftn1",0.154714195334376,-0.203653272132586,0.192,0.255,1,"Not significant",0
"Ttc4",0.154793218145472,-0.0551121411496993,0.321,0.413,1,"Not significant",0
"Acsl4",0.154799793237664,0.660320291466865,0.173,0.132,1,"Not significant",0
"Supt5",0.154833424823002,0.485759805714574,0.372,0.339,1,"Not significant",0
"Htt",0.155406368642779,-0.137186844634391,0.404,0.494,1,"Not significant",0
"Epc2",0.155643751441263,-0.350568024675871,0.115,0.163,1,"Not significant",0
"Rasgrp1",0.15577264476166,0.915741513190784,0.103,0.07,1,"Not significant",0
"B3gat1",0.156297201075812,-0.267439584953795,0.179,0.235,1,"Not significant",0
"Slc39a13",0.156363900425612,-0.425587418619754,0.071,0.11,1,"Not significant",0
"Mlxip",0.156378859769846,-0.241093488811085,0.147,0.202,1,"Not significant",0
"Atp6v0d1",0.15654995348719,-0.329145545932751,0.096,0.141,1,"Not significant",0
"Pcdh1",0.156578978183485,0.016214305995752,0.083,0.128,1,"Not significant",0
"Oxct1",0.156845451002472,-0.0851068814475369,0.321,0.417,1,"Not significant",0
"Zhx2",0.157042241713335,-0.429755052834982,0.083,0.125,1,"Not significant",0
"Senp5",0.157184153232479,-0.0126634770805546,0.288,0.387,1,"Not significant",0
"Ubqln4",0.157344821933338,-0.282752640448299,0.096,0.141,1,"Not significant",0
"Prpf8",0.157745363821095,-0.19528979919796,0.09,0.134,1,"Not significant",0
"Man2b1",0.158270318455916,-0.277751959389932,0.077,0.119,1,"Not significant",0
"Jmy",0.158276233094127,-0.64459720056155,0.077,0.116,1,"Not significant",0
"Ncoa3",0.158465125517681,-0.180182906807751,0.115,0.165,1,"Not significant",0
"Cmc2",0.158690053226993,-0.618501229922503,0.064,0.101,1,"Not significant",0
"Fxr2",0.158775682817674,0.0438978646814663,0.205,0.279,1,"Not significant",0
"Fam193a",0.15884306615454,0.315963015340187,0.571,0.602,1,"Not significant",0
"Grk6",0.158929686766142,-0.438146323094123,0.083,0.125,1,"Not significant",0
"Ulk1",0.15921351041628,-0.439215382084049,0.103,0.147,1,"Not significant",0
"Myt1",0.159288777812452,-0.181869283435638,0.128,0.182,1,"Not significant",0
"Pdrg1",0.159984522046136,-0.593839175688235,0.064,0.101,1,"Not significant",0
"Ptdss2",0.160048216415231,-0.180182906807751,0.109,0.158,1,"Not significant",0
"Setd2",0.160054496568019,-0.0643957323470079,0.378,0.472,1,"Not significant",0
"Washc4",0.160120849047495,-0.278279163868991,0.199,0.255,1,"Not significant",0
"Sys1",0.160251045743581,-0.282752640448299,0.115,0.163,1,"Not significant",0
"Atad3a",0.160452410213053,0.816988530580477,0.224,0.187,1,"Not significant",0
"Plxna1",0.160455419100381,-0.175660992449027,0.173,0.231,1,"Not significant",0
"Clptm1",0.160738694860988,-0.413713318331462,0.147,0.196,1,"Not significant",0
"Ddah1",0.160757127789096,-0.451629552457745,0.077,0.117,1,"Not significant",0
"Fras1",0.16085553951049,-0.839145988972684,0.077,0.116,1,"Not significant",0
"Mtrex",0.161061393380455,-0.339679708533135,0.103,0.147,1,"Not significant",0
"Fgd5",0.161194201794047,-0.447676960832245,0.083,0.125,1,"Not significant",0
"Map2k7",0.161286193096122,-0.568748194725404,0.064,0.101,1,"Not significant",0
"Kcnab2",0.161593616191579,-0.443217312641545,0.077,0.117,1,"Not significant",0
"Celsr2",0.161850206349051,0.656811505689727,0.321,0.284,1,"Not significant",0
"Ern1",0.162379369879072,-0.603374537835037,0.071,0.108,1,"Not significant",0
"Ipmk",0.16245660290491,-0.219136541152327,0.064,0.103,1,"Not significant",0
"Ddx1",0.162510921510839,-0.19528979919796,0.122,0.171,1,"Not significant",0
"Birc6",0.163016330499872,-0.101676748426467,0.558,0.714,1,"Not significant",0
"Calm1",0.163150688300112,-0.0697589171141006,0.295,0.378,1,"Not significant",0
"Cep290",0.163189129410168,-0.0228855136931881,0.321,0.409,1,"Not significant",0
"Ttll4",0.163778203208062,-0.294825472748874,0.103,0.149,1,"Not significant",0
"Nxpe4",0.163846067375521,-0.135583553073692,0.154,0.211,1,"Not significant",0
"Kcnk2",0.164493935304597,-0.102180394806478,0.09,0.134,1,"Not significant",0
"Klhl23",0.164761245853963,-0.517217894085322,0.064,0.101,1,"Not significant",0
"Prmt1",0.164761245853963,-0.517217894085322,0.064,0.101,1,"Not significant",0
"Tceal5",0.16493819665108,-0.603374537835037,0.071,0.108,1,"Not significant",0
"Mettl25",0.164972530749558,-0.332793322947895,0.103,0.147,1,"Not significant",0
"Dscaml1",0.165148937197402,0.307415019404118,0.397,0.36,1,"Not significant",0
"Cachd1",0.16538092009603,-0.834700083941492,0.071,0.106,1,"Not significant",0
"Eif3c",0.165408555274251,-0.286437687256155,0.109,0.154,1,"Not significant",0
"D930016D06Rik",0.165469076474941,-0.243652820759359,0.109,0.154,1,"Not significant",0
"Tmc4",0.165498337763229,-0.165905992416865,0.276,0.347,1,"Not significant",0
"Tulp4",0.16562818179754,0.325542364103481,0.378,0.534,1,"Not significant",0
"Slc6a17",0.165632420471466,0.812404592592041,0.295,0.261,1,"Not significant",0
"Osbpl2",0.165649098361563,-0.30571378889161,0.109,0.156,1,"Not significant",0
"Lrp3",0.165696184597864,-0.50014438072638,0.103,0.145,1,"Not significant",0
"Ntan1",0.165845586155198,-0.237934136606453,0.122,0.171,1,"Not significant",0
"Zfp692",0.165946793912378,0.0271026221384882,0.237,0.314,1,"Not significant",0
"Mgll",0.166074334389471,-0.517217894085322,0.083,0.123,1,"Not significant",0
"Zhx3",0.166243810367875,-0.0304789294522896,0.192,0.257,1,"Not significant",0
"Mphosph8",0.166577957215402,-0.118668517595047,0.231,0.305,1,"Not significant",0
"Sh2b2",0.166756007825051,-0.517217894085322,0.071,0.108,1,"Not significant",0
"Cadm4",0.167003808562531,-0.310767016617896,0.109,0.154,1,"Not significant",0
"Mtf1",0.167430968781571,-0.461183859170994,0.122,0.167,1,"Not significant",0
"Emc8",0.167436115737135,-0.468308293604376,0.064,0.101,1,"Not significant",0
"Trip11",0.167533435337247,-0.0791927342750884,0.34,0.426,1,"Not significant",0
"Kif5b",0.168428918278976,-0.0474443312265658,0.301,0.387,1,"Not significant",0
"Cplx2",0.168478651737118,-0.357561228096837,0.09,0.134,1,"Not significant",0
"Pgm2l1",0.168582257887003,-0.576718905833984,0.115,0.158,1,"Not significant",0
"Pitpnm2",0.168771684273974,0.440961930220051,0.314,0.268,1,"Not significant",0
"Miat",0.168791182711747,0.305904343830599,0.577,0.589,1,"Not significant",0
"Iscu",0.168962650498891,-0.237109974892586,0.077,0.117,1,"Not significant",0
"Ncs1",0.169253362106649,-0.298383292162064,0.135,0.183,1,"Not significant",0
"Uggt2",0.169433599285643,0.0470131650517476,0.462,0.578,1,"Not significant",0
"Diablo",0.169434268779487,-0.336645648443501,0.083,0.125,1,"Not significant",0
"Atl2",0.169629661614663,-0.472130004556784,0.071,0.108,1,"Not significant",0
"Gtf2i",0.170723815013078,-0.0460478454299665,0.442,0.589,1,"Not significant",0
"Fnbp4",0.171235494443917,0.0457183003058355,0.25,0.334,1,"Not significant",0
"Setd3",0.171444845604184,-0.142822379303824,0.096,0.141,1,"Not significant",0
"Ckb",0.171683397130778,0.533683004214716,0.295,0.259,1,"Not significant",0
"Fam118b",0.171813776383721,-0.449046391443743,0.064,0.101,1,"Not significant",0
"Unc45a",0.172199840659506,0.476905539578009,0.25,0.204,1,"Not significant",0
"Coq8b",0.172412294064217,-0.215189356635665,0.237,0.299,1,"Not significant",0
"Arhgef33",0.172587517784715,-0.373627040456472,0.09,0.132,1,"Not significant",0
"Cnot1",0.172717135908143,-0.0599379463030736,0.282,0.365,1,"Not significant",0
"Efcab12",0.17278738018013,-0.234818163384597,0.083,0.125,1,"Not significant",0
"Anapc2",0.172926645181264,0.777229464379933,0.128,0.094,1,"Not significant",0
"Polr1a",0.173042330503139,-0.313934295696579,0.186,0.237,1,"Not significant",0
"Dgkk",0.173442959851804,-0.595220406086595,0.096,0.136,1,"Not significant",0
"Cabin1",0.173799168067386,-0.0968271603122715,0.295,0.38,1,"Not significant",0
"Wdr19",0.174167831524577,-0.676416488934576,0.071,0.106,1,"Not significant",0
"Ncapd3",0.17447671131078,-0.0340088921648991,0.218,0.288,1,"Not significant",0
"Cfap46",0.174538478091337,0.537229889937054,0.385,0.36,1,"Not significant",0
"Rbck1",0.174690336262799,-0.304914290372458,0.096,0.139,1,"Not significant",0
"9530052E02Rik",0.174709386869373,-0.185767025079453,0.173,0.229,1,"Not significant",0
"Mgat4b",0.174730387232891,-0.427950555988235,0.109,0.152,1,"Not significant",0
"Crtc1",0.17494786359948,-0.0417445409445043,0.224,0.294,1,"Not significant",0
"Rhbdd3",0.176217728348858,-0.332793322947894,0.071,0.108,1,"Not significant",0
"Nmt1",0.176463013500122,-0.310767016617896,0.141,0.189,1,"Not significant",0
"Tmem179",0.176486244207034,-0.27210539624879,0.154,0.204,1,"Not significant",0
"Pomgnt1",0.176492562834428,-0.287212288638999,0.096,0.139,1,"Not significant",0
"Cmas",0.176509250486334,-0.273292311199233,0.083,0.125,1,"Not significant",0
"Dbndd2",0.176539420968157,-0.327740095221609,0.064,0.101,1,"Not significant",0
"Kdm4b",0.176698309778563,0.533683004214716,0.314,0.273,1,"Not significant",0
"Ssb",0.177037087124658,-0.00264472125556381,0.186,0.25,1,"Not significant",0
"Pgp",0.177061130348928,0.574412581380246,0.141,0.103,1,"Not significant",0
"Ssbp4",0.177759337280542,0.534062610858371,0.282,0.239,1,"Not significant",0
"Dennd5a",0.1781144930213,-0.0432867057529098,0.192,0.257,1,"Not significant",0
"Golga1",0.178455815922208,-0.0790967816934371,0.186,0.244,1,"Not significant",0
"Tctn1",0.178553997166662,-0.577759436020373,0.083,0.121,1,"Not significant",0
"Crebzf",0.178722652408455,0.56827000497996,0.308,0.27,1,"Not significant",0
"Eif4g3",0.179201059769287,0.011516816168172,0.615,0.794,1,"Not significant",0
"Fam13b",0.179253430738145,0.00325588018412049,0.276,0.358,1,"Not significant",0
"Ajm1",0.179483045344356,0.674313563546365,0.179,0.141,1,"Not significant",0
"Spag1",0.180671132987024,-0.381156344509294,0.109,0.152,1,"Not significant",0
"Zfyve27",0.180894213729992,-0.140842015175584,0.128,0.178,1,"Not significant",0
"Mcf2l",0.18104875319059,-0.0840999401811218,0.34,0.418,1,"Not significant",0
"Ddx47",0.181475874719588,-0.365214800640272,0.083,0.123,1,"Not significant",0
"Galnt2",0.181666846985091,-0.104777506292517,0.154,0.207,1,"Not significant",0
"Ampd2",0.182058759690482,-0.137186844634392,0.173,0.229,1,"Not significant",0
"Carm1",0.18248422535362,-0.482866389294545,0.103,0.143,1,"Not significant",0
"Ubn1",0.182921042798865,-0.169294590665015,0.192,0.253,1,"Not significant",0
"Ppp2r2d",0.182943585773471,-0.147461274107345,0.103,0.147,1,"Not significant",0
"Zscan18",0.183031881726038,-0.207262440864036,0.147,0.198,1,"Not significant",0
"Zfp287",0.183404250235163,-0.146380198717013,0.064,0.101,1,"Not significant",0
"Kpna1",0.183797949061116,-0.00264472125556381,0.135,0.187,1,"Not significant",0
"Gse1",0.185042967172518,0.274014751871156,0.673,0.699,1,"Not significant",0
"Mtmr4",0.1856571998616,-0.455156925953071,0.109,0.15,1,"Not significant",0
"Drosha",0.187077323292253,0.662416318336919,0.308,0.281,1,"Not significant",0
"Lig3",0.187266705331293,-0.241583451471895,0.109,0.152,1,"Not significant",0
"Rpl10",0.187490682832361,0.45893536396031,0.301,0.261,1,"Not significant",0
"Rbl2",0.187678905111784,-0.475397718390695,0.077,0.114,1,"Not significant",0
"Asic1",0.18778034336784,-0.00264472125556381,0.16,0.217,1,"Not significant",0
"Shc2",0.187867723359512,-0.105493128847314,0.122,0.171,1,"Not significant",0
"Usp21",0.187918349340884,-0.149486109584835,0.071,0.108,1,"Not significant",0
"Rps9",0.188547394741711,0.709552967761701,0.115,0.083,1,"Not significant",0
"A330076H08Rik",0.188863658826114,0.186732642852921,0.788,0.848,1,"Not significant",0
"Sdf4",0.188984363982159,-0.342131187527231,0.071,0.106,1,"Not significant",0
"Spag9",0.189416756831544,-0.0197182346145052,0.449,0.6,1,"Not significant",0
"Pigb",0.189914108215121,-0.354488394047213,0.077,0.114,1,"Not significant",0
"Crat",0.190026109262368,0.308752706139629,0.218,0.171,1,"Not significant",0
"Abce1",0.190130544301582,-0.443217312641545,0.09,0.128,1,"Not significant",0
"Cep131",0.190176296847628,0.857177620696176,0.173,0.138,1,"Not significant",0
"Nap1l1",0.190596123182586,-0.0697589171141009,0.205,0.272,1,"Not significant",0
"Nphp4",0.191016268566606,-0.241093488811085,0.154,0.204,1,"Not significant",0
"Gpc5",0.191515276904632,-0.462463935392677,0.288,0.349,1,"Not significant",0
"Dlgap4",0.191645653085981,-0.142308507511788,0.378,0.477,1,"Not significant",0
"Psma1",0.191651025813067,-0.412520515418629,0.109,0.15,1,"Not significant",0
"Eif2b4",0.192366130086467,-0.534091712649718,0.103,0.141,1,"Not significant",0
"Gpsm1",0.192557584543673,-0.0883745952814479,0.186,0.246,1,"Not significant",0
"Nfx1",0.192615204383073,-0.00485914232100582,0.353,0.44,1,"Not significant",0
"Npdc1",0.193020784035718,0.0111610782694667,0.25,0.323,1,"Not significant",0
"Adcy8",0.193558054948192,-0.365214800640272,0.244,0.294,1,"Not significant",0
"Ube2d2a",0.194547130273933,-0.207673523653792,0.141,0.191,1,"Not significant",0
"Rock1",0.194808203774838,-0.0112067347589877,0.462,0.583,1,"Not significant",0
"Adam22",0.195016707281299,0.00063041077729703,0.526,0.699,1,"Not significant",0
"Dpf1",0.195270856247196,0.0414104588223716,0.16,0.217,1,"Not significant",0
"Rassf5",0.195973560783232,-0.0558867425325436,0.077,0.116,1,"Not significant",0
"Chga",0.197041301105735,-0.218129775556071,0.224,0.277,1,"Not significant",0
"Ten1",0.197336835346982,-0.265679127089357,0.071,0.106,1,"Not significant",0
"Utp20",0.197748821335237,-0.0921963062338564,0.135,0.182,1,"Not significant",0
"Med12",0.198038458837578,-0.37586204483978,0.077,0.114,1,"Not significant",0
"Txnrd1",0.198069843671554,-0.034825127004714,0.077,0.114,1,"Not significant",0
"Megf11",0.19830682050879,-0.601282158873797,0.071,0.105,1,"Not significant",0
"Prpf18",0.19846679112113,-0.365214800640272,0.096,0.136,1,"Not significant",0
"Pabpc4",0.198863531480125,-0.229778175583251,0.147,0.194,1,"Not significant",0
"Slc25a51",0.199115771843034,-0.09145398821342,0.077,0.116,1,"Not significant",0
"Irak1bp1",0.19912173568899,-0.534091712649718,0.096,0.134,1,"Not significant",0
"Tcea1",0.199184241761917,-0.138706270831593,0.179,0.237,1,"Not significant",0
"1110004F10Rik",0.19953526559448,-0.336645648443501,0.077,0.114,1,"Not significant",0
"Coil",0.199555609237643,-0.0134514762121469,0.077,0.116,1,"Not significant",0
"Galns",0.199753361224277,-0.243652820759359,0.103,0.143,1,"Not significant",0
"Rnf123",0.19996710338506,0.00562289472803679,0.103,0.149,1,"Not significant",0
"Gys1",0.200147165389762,-0.365214800640272,0.141,0.185,1,"Not significant",0
"Trrap",0.200892051068614,0.320298998482535,0.564,0.607,1,"Not significant",0
"Fkbp2",0.201027900961492,-0.0901075625059033,0.147,0.198,1,"Not significant",0
"Smarcc1",0.20116184440068,0.00787315065843552,0.25,0.319,1,"Not significant",0
"Rps2",0.201256998391441,-0.150895679839506,0.154,0.204,1,"Not significant",0
"Chkb",0.202211116736388,0.680721483526587,0.173,0.138,1,"Not significant",0
"Cuedc2",0.202260695617973,-0.254183488251528,0.09,0.128,1,"Not significant",0
"Dclre1c",0.202439429426701,-0.517217894085322,0.071,0.105,1,"Not significant",0
"Txnl1",0.202439429426701,-0.517217894085322,0.071,0.105,1,"Not significant",0
"Mapt",0.202545057047201,-0.0288286530592186,0.814,0.916,1,"Not significant",0
"Ndufv1",0.203516975167022,0.582317779465592,0.103,0.072,1,"Not significant",0
"Adgrg1",0.203625733514376,-0.492970347838645,0.071,0.105,1,"Not significant",0
"Mlh1",0.203625733514376,-0.492970347838645,0.071,0.105,1,"Not significant",0
"Cntfr",0.204175082679005,-0.142822379303824,0.096,0.138,1,"Not significant",0
"Rpl13",0.204948032626362,-0.50014438072638,0.096,0.134,1,"Not significant",0
"Kcnip3",0.205056840478315,-0.310767016617895,0.071,0.105,1,"Not significant",0
"Zfp335",0.205131700294721,0.509254317275869,0.128,0.094,1,"Not significant",0
"Sh2d5",0.20607820516949,0.762065863393547,0.205,0.169,1,"Not significant",0
"Gm14827",0.206097161230919,-0.118421035813689,0.231,0.292,1,"Not significant",0
"Fastk",0.207035009380625,-0.287212288638999,0.103,0.143,1,"Not significant",0
"Arhgef28",0.207323749342707,-0.25829959672376,0.147,0.193,1,"Not significant",0
"Mtss2",0.207422590035931,0.513478903137594,0.192,0.152,1,"Not significant",0
"Ppfia1",0.207660716046811,0.770494485464127,0.378,0.376,1,"Not significant",0
"Nos1",0.208022658336466,-0.387934877140355,0.09,0.127,1,"Not significant",0
"Syngap1",0.208218612131523,0.601893317802353,0.237,0.202,1,"Not significant",0
"Hexa",0.208535328676899,-0.286437687256155,0.115,0.158,1,"Not significant",0
"Cep83",0.208711867549393,-0.0828150699395471,0.179,0.239,1,"Not significant",0
"Map1a",0.209198308610741,0.53912009006449,0.333,0.312,1,"Not significant",0
"Senp3",0.209561740161106,-0.432328996498809,0.077,0.112,1,"Not significant",0
"Atp6v1g2",0.209561740161106,-0.432328996498809,0.077,0.112,1,"Not significant",0
"Bmp1",0.209596106489266,0.748126672435673,0.122,0.09,1,"Not significant",0
"Gria2",0.21002208473843,-0.060543658409324,0.987,0.983,1,"Not significant",0
"Clcn6",0.210370560451538,-0.129401863541502,0.122,0.167,1,"Not significant",0
"Mcm3ap",0.210467588864976,-0.03774852221148,0.122,0.169,1,"Not significant",0
"L1cam",0.21166735549649,0.418034924600057,0.417,0.4,1,"Not significant",0
"Rap1gap",0.211679222676788,0.0901124196642886,0.282,0.372,1,"Not significant",0
"Ddx42",0.2117990738604,-0.0828150699395469,0.224,0.286,1,"Not significant",0
"Dcun1d4",0.212031960296091,-0.332793322947895,0.103,0.141,1,"Not significant",0
"Cope",0.212568889301519,-0.121289217754183,0.09,0.13,1,"Not significant",0
"Ache",0.21303213986276,0.548370447542255,0.34,0.314,1,"Not significant",0
"Hdhd5",0.213165446148818,-0.387934877140355,0.071,0.105,1,"Not significant",0
"Caprin2",0.214121197471091,-0.434076658785076,0.135,0.176,1,"Not significant",0
"Fhad1",0.21432007435292,-0.517217894085322,0.083,0.117,1,"Not significant",0
"Zfp326",0.214676357829625,-0.144305870479155,0.173,0.226,1,"Not significant",0
"Dpp9",0.214911028462872,-0.365214800640272,0.071,0.105,1,"Not significant",0
"Ankrd42",0.215209429719619,0.0204388918574774,0.244,0.31,1,"Not significant",0
"Itgb1",0.216254197391038,-0.19528979919796,0.103,0.143,1,"Not significant",0
"Sez6",0.217093190863333,-0.135911252119028,0.135,0.182,1,"Not significant",0
"Speg",0.217317318591117,-0.147761429115374,0.244,0.299,1,"Not significant",0
"Amd1",0.217382016857573,-0.374613498642522,0.09,0.127,1,"Not significant",0
"Mthfd1l",0.2176803582697,-0.355754471391206,0.09,0.127,1,"Not significant",0
"Ryr1",0.21781526447941,1.02043889185748,0.128,0.097,1,"Not significant",0
"Micall1",0.220083920474974,-0.329145545932751,0.096,0.134,1,"Not significant",0
"Spen",0.220190889614098,0.286473813881697,0.282,0.235,1,"Not significant",0
"Zcchc12",0.220435445744639,-0.0532707943255319,0.199,0.255,1,"Not significant",0
"Fbn2",0.220456125082061,-0.534091712649718,0.077,0.11,1,"Not significant",0
"Atp5l",0.220782229448227,-0.539244200415321,0.071,0.103,1,"Not significant",0
"Hdac6",0.22120381077735,0.565244266106651,0.288,0.261,1,"Not significant",0
"Hspa4",0.221434497555744,0.302209860272857,0.141,0.189,1,"Not significant",0
"Nomo1",0.221573378314842,-0.140148245005499,0.09,0.128,1,"Not significant",0
"Zdbf2",0.221685786588411,0.232292953399998,0.231,0.294,1,"Not significant",0
"Paf1",0.221866531857297,0.421853107272347,0.25,0.209,1,"Not significant",0
"Clptm1l",0.222249100447175,-0.54106463603969,0.071,0.103,1,"Not significant",0
"Smarca2",0.22250312955439,-0.0709616641957581,0.359,0.453,1,"Not significant",0
"Lats1",0.222867309133803,-0.290447032238299,0.115,0.156,1,"Not significant",0
"Tsg101",0.222900362242573,-0.288399203589441,0.077,0.112,1,"Not significant",0
"Dhps",0.223225631625891,0.442140121417332,0.218,0.178,1,"Not significant",0
"Mapk8ip1",0.223265646817684,-0.20909559872299,0.128,0.172,1,"Not significant",0
"Nup35",0.223593005689327,-0.494850081056867,0.077,0.11,1,"Not significant",0
"Ccdc171",0.224108075174809,-0.0592282496219312,0.103,0.143,1,"Not significant",0
"Actb",0.224359073204375,-0.264002549281974,0.205,0.257,1,"Not significant",0
"Rpl3",0.224374472737387,-0.304914290372458,0.096,0.134,1,"Not significant",0
"Ankrd13b",0.224619028986149,0.64355540898746,0.224,0.189,1,"Not significant",0
"Zfp384",0.224908647730287,-0.290447032238299,0.115,0.156,1,"Not significant",0
"Rab7",0.226066513906168,-0.210240140663931,0.115,0.158,1,"Not significant",0
"Lhfpl4",0.226832049085627,-0.04571344314745,0.147,0.196,1,"Not significant",0
"Megf6",0.227271923638968,0.258741831696748,0.09,0.128,1,"Not significant",0
"Dpf2",0.227891742392341,-0.173916148405393,0.077,0.112,1,"Not significant",0
"Tomm40",0.227979029530108,0.513331169274285,0.372,0.361,1,"Not significant",0
"Pou6f1",0.228138199272563,0.0038103008817354,0.237,0.301,1,"Not significant",0
"Fam160b2",0.228388267171313,0.64716892381556,0.135,0.103,1,"Not significant",0
"Neurl1a",0.228398815563744,-0.319617934200161,0.135,0.176,1,"Not significant",0
"Gm15446",0.228446946611557,-0.282752640448299,0.103,0.141,1,"Not significant",0
"Gnao1",0.228515491551693,-0.133228831065708,0.583,0.706,1,"Not significant",0
"Sez6l2",0.229315205563255,0.0251002692273405,0.256,0.321,1,"Not significant",0
"Adam11",0.229329922413113,-0.0202030926398686,0.147,0.198,1,"Not significant",0
"Itpk1",0.229875321080665,-0.263034405833794,0.135,0.176,1,"Not significant",0
"Poldip3",0.229905268742622,-0.425587418619754,0.071,0.103,1,"Not significant",0
"Cmtr1",0.230035477960573,0.15088584193608,0.256,0.343,1,"Not significant",0
"Psmd2",0.231091001182537,-0.336645648443501,0.09,0.125,1,"Not significant",0
"Atp6ap1",0.231121860484808,0.0162143059957522,0.218,0.279,1,"Not significant",0
"Hnrnpa1",0.231215750713884,-0.248401135657522,0.103,0.141,1,"Not significant",0
"Clip2",0.231605165218642,-0.155543620405203,0.218,0.273,1,"Not significant",0
"Prpf38b",0.231713807098602,0.536221364876138,0.385,0.372,1,"Not significant",0
"Eif3b",0.231759098545466,-0.401740676665386,0.071,0.103,1,"Not significant",0
"Phf1",0.233338730256402,-0.394069663312457,0.128,0.167,1,"Not significant",0
"Klhl29",0.233684232794402,-0.189621049111268,0.628,0.717,1,"Not significant",0
"Sptb",0.23382535441629,-0.118668517595047,0.135,0.18,1,"Not significant",0
"Myh10",0.233898306404434,0.0986764661877251,0.327,0.429,1,"Not significant",0
"Whrn",0.234162834661557,-0.408283522532158,0.103,0.139,1,"Not significant",0
"Sfxn5",0.234265886676257,0.128407388542458,0.192,0.257,1,"Not significant",0
"Gulp1",0.234582804049743,-0.731342699438169,0.071,0.101,1,"Not significant",0
"Ahctf1",0.235328072973747,0.067744606635834,0.167,0.222,1,"Not significant",0
"Il11ra1",0.23575372680774,0.683694799840674,0.173,0.141,1,"Not significant",0
"Srrm3",0.23631903432812,-0.030834266808679,0.519,0.655,1,"Not significant",0
"Sntb2",0.236353948070259,-0.597388242769305,0.083,0.116,1,"Not significant",0
"Coro6",0.236924509458421,0.757404486023684,0.263,0.233,1,"Not significant",0
"Appl2",0.237391640093793,-0.365214800640272,0.071,0.103,1,"Not significant",0
"Telo2",0.237460429836204,-0.0432867057529096,0.09,0.127,1,"Not significant",0
"Clk3",0.237919293256742,-0.0860607294432012,0.103,0.143,1,"Not significant",0
"Trim39",0.238020018401502,0.0111610782694669,0.128,0.172,1,"Not significant",0
"Phc1",0.238927648396373,-0.282752640448299,0.128,0.169,1,"Not significant",0
"Epha10",0.239404492448307,0.0551759331327784,0.282,0.358,1,"Not significant",0
"Rnpep",0.239557187869427,-0.0184120371138805,0.167,0.218,1,"Not significant",0
"Zfp942",0.23961688600986,0.26281642197277,0.115,0.158,1,"Not significant",0
"Rapgef3",0.240360066891067,-0.0697589171141009,0.09,0.127,1,"Not significant",0
"Ncaph2",0.24088037023214,-0.278705807385597,0.115,0.154,1,"Not significant",0
"Tut7",0.241057011321162,-0.145901772235796,0.25,0.297,1,"Not significant",0
"Ndufs3",0.241667089946544,-0.237109974892586,0.083,0.117,1,"Not significant",0
"Sox6",0.241887362161406,-0.92647304077016,0.09,0.121,1,"Not significant",0
"Hsp90ab1",0.243219379612487,0.546912443334394,0.34,0.317,1,"Not significant",0
"Mtmr14",0.243388580753328,-0.310767016617895,0.077,0.11,1,"Not significant",0
"Adam9",0.243472734594719,-0.19528979919796,0.071,0.103,1,"Not significant",0
"Mapre1",0.243733028902776,-0.288399203589441,0.077,0.11,1,"Not significant",0
"Prdm10",0.243738707045515,-0.0628395031743103,0.237,0.292,1,"Not significant",0
"R3hdm2",0.244396942938997,0.0757819257012524,0.372,0.462,1,"Not significant",0
"Taf6",0.24499469415917,-0.429755052834982,0.096,0.13,1,"Not significant",0
"Zfp426",0.245774094975986,-0.265679127089357,0.077,0.11,1,"Not significant",0
"Ssrp1",0.245818822107277,0.524602281609305,0.25,0.215,1,"Not significant",0
"Dcaf6",0.24591961411399,0.0204388918574774,0.256,0.325,1,"Not significant",0
"Gtf2ird1",0.246252744245264,-0.128540981343374,0.365,0.442,1,"Not significant",0
"Usp11",0.246375191617962,0.505591988822764,0.365,0.36,1,"Not significant",0
"Capn2",0.24708560488229,-0.17019881823513,0.135,0.176,1,"Not significant",0
"Ubxn6",0.247287205715134,-0.268538781228598,0.128,0.167,1,"Not significant",0
"Fndc4",0.248025248194872,-0.269290380641737,0.096,0.132,1,"Not significant",0
"Ermard",0.248691200397202,-0.239683918556413,0.122,0.161,1,"Not significant",0
"Zfp57",0.248866575586897,-0.0934101851787461,0.147,0.193,1,"Not significant",0
"Prkaa2",0.249063456005455,-0.449046391443743,0.077,0.108,1,"Not significant",0
"Armcx1",0.250103022502244,-0.443217312641545,0.071,0.101,1,"Not significant",0
"Ctbp2",0.250609508837366,-0.0129130567093909,0.167,0.215,1,"Not significant",0
"Sulf2",0.250799204998145,-0.0626520306198408,0.147,0.193,1,"Not significant",0
"Pdcd11",0.251160096263979,0.587680964232685,0.288,0.268,1,"Not significant",0
"Gab3",0.251553291650292,-0.348536059493642,0.135,0.174,1,"Not significant",0
"Adamts10",0.252355649357897,-0.171042252951282,0.135,0.178,1,"Not significant",0
"Scaf4",0.254742033813406,0.067744606635834,0.192,0.25,1,"Not significant",0
"Trappc10",0.255402709496753,-0.206517054621214,0.167,0.211,1,"Not significant",0
"Gpc1",0.255419055461489,0.585700418860245,0.256,0.228,1,"Not significant",0
"Arhgef7",0.255489010805301,0.0391754544390628,0.282,0.356,1,"Not significant",0
"Adam15",0.255679571604813,0.495025701669425,0.295,0.262,1,"Not significant",0
"Suco",0.255765087338249,-0.210240140663931,0.128,0.167,1,"Not significant",0
"Numbl",0.257259547084768,-0.251873327564327,0.135,0.174,1,"Not significant",0
"Tmem151a",0.257539995505059,-0.502718324390207,0.122,0.156,1,"Not significant",0
"Dync1i2",0.257826382637407,0.0432500447150857,0.449,0.598,1,"Not significant",0
"Add2",0.257940207980033,0.134415646281122,0.314,0.409,1,"Not significant",0
"Elac2",0.258405017978551,0.80471020080204,0.122,0.094,1,"Not significant",0
"Map3k13",0.259250920183726,-0.167275423028363,0.122,0.161,1,"Not significant",0
"Tecr",0.259426520449919,-0.00774559294842919,0.423,0.512,1,"Not significant",0
"Slc25a3",0.259569820841805,-0.206877773473172,0.147,0.191,1,"Not significant",0
"Dlk1",0.259745565594096,-0.172569722697876,0.115,0.154,1,"Not significant",0
"Far1",0.259774535244831,0.0898674175339742,0.192,0.25,1,"Not significant",0
"Arfrp1",0.259851026097227,-0.19528979919796,0.083,0.117,1,"Not significant",0
"Tef",0.259907440736157,-0.0999419226104787,0.199,0.251,1,"Not significant",0
"Sntg1",0.260083056687161,-0.0888577213810304,0.942,0.917,1,"Not significant",0
"4933439C10Rik",0.260509732051908,0.466541464907467,0.237,0.204,1,"Not significant",0
"Nipal3",0.260558316740722,-0.423095716720772,0.109,0.143,1,"Not significant",0
"2900026A02Rik",0.260840109846924,-0.0102579053654392,0.115,0.156,1,"Not significant",0
"Snrnp48",0.261356730311305,0.34876475794299,0.41,0.398,1,"Not significant",0
"Exoc1",0.261939756461862,-0.105091990226382,0.154,0.198,1,"Not significant",0
"Tmem214",0.262114137208182,0.383008971242186,0.346,0.314,1,"Not significant",0
"Fam49a",0.262367423483756,-0.241583451471895,0.109,0.145,1,"Not significant",0
"Kif5a",0.263230663145322,0.0810941602948538,0.455,0.56,1,"Not significant",0
"Efcc1",0.264178581021425,-0.354488394047213,0.071,0.101,1,"Not significant",0
"Vegfa",0.264362353512076,-0.154647814700614,0.083,0.117,1,"Not significant",0
"Rexo2",0.264571694826813,-0.297651516827637,0.09,0.123,1,"Not significant",0
"Nipbl",0.264589348734504,0.120832674008197,0.429,0.569,1,"Not significant",0
"Kansl3",0.264749013362659,0.572979914886256,0.269,0.242,1,"Not significant",0
"Rogdi",0.264943187002515,-0.19528979919796,0.147,0.191,1,"Not significant",0
"Dgat1",0.265092193113601,-0.241583451471895,0.122,0.16,1,"Not significant",0
"Mib2",0.265203387284101,0.138447597979036,0.186,0.239,1,"Not significant",0
"Copg1",0.265282423828474,-0.19528979919796,0.141,0.182,1,"Not significant",0
"Clstn3",0.265715958976348,0.0290641384717745,0.34,0.433,1,"Not significant",0
"Wdr75",0.265716664681589,-0.517217894085322,0.077,0.106,1,"Not significant",0
"Hnrnpa3",0.265897998030742,-0.0302305529274633,0.167,0.217,1,"Not significant",0
"Ip6k1",0.265916093224714,-0.0871409953423374,0.359,0.44,1,"Not significant",0
"Elmo2",0.266094771023813,-0.114671338989675,0.103,0.139,1,"Not significant",0
"Pitrm1",0.266143573695144,-0.288399203589441,0.077,0.108,1,"Not significant",0
"3300002I08Rik",0.266395497980205,-0.178011807766124,0.096,0.13,1,"Not significant",0
"Tmem25",0.26651602393662,-0.156119201917282,0.135,0.172,1,"Not significant",0
"Izumo4",0.266708238223978,-0.104777506292517,0.179,0.226,1,"Not significant",0
"Clk4",0.266752986526435,0.0132968226134575,0.218,0.275,1,"Not significant",0
"3110082I17Rik",0.267201497840757,-0.423095716720772,0.103,0.136,1,"Not significant",0
"Ino80",0.267348540535395,-0.106022461100872,0.333,0.402,1,"Not significant",0
"Arntl",0.267386557380901,-0.131159461778244,0.109,0.145,1,"Not significant",0
"Prpf4",0.26809904469668,-0.251143033931478,0.103,0.138,1,"Not significant",0
"Spg11",0.268121557338619,-0.19528979919796,0.122,0.16,1,"Not significant",0
"Hdgfl2",0.268249000346817,0.511351258111449,0.231,0.196,1,"Not significant",0
"Cxadr",0.269060313813024,0.0333345758500028,0.128,0.171,1,"Not significant",0
"Aamp",0.26949425761628,0.515203583607055,0.103,0.075,1,"Not significant",0
"Cacng3",0.270352546073198,-0.429755052834982,0.083,0.114,1,"Not significant",0
"Limk2",0.27038373278777,-0.116901900513244,0.237,0.29,1,"Not significant",0
"Rreb1",0.270484304850488,0.12021202652997,0.16,0.206,1,"Not significant",0
"Gm40437",0.271107752955336,-0.277751959389932,0.071,0.101,1,"Not significant",0
"Smg9",0.271111831336697,-0.17019881823513,0.141,0.182,1,"Not significant",0
"Prkcsh",0.271139928363017,0.595256835173091,0.16,0.128,1,"Not significant",0
"Col4a1",0.271952110632467,0.489668491499918,0.321,0.295,1,"Not significant",0
"Nxf1",0.272208590111721,-0.131159461778244,0.231,0.279,1,"Not significant",0
"Cluap1",0.272688057831181,-0.146380198717013,0.218,0.268,1,"Not significant",0
"Tmed8",0.272742162372676,-0.239683918556413,0.077,0.108,1,"Not significant",0
"Chmp2a",0.273555093285327,-0.131159461778244,0.103,0.138,1,"Not significant",0
"Zwint",0.273841270502312,-0.0253647977556473,0.295,0.36,1,"Not significant",0
"Trnp1",0.274820117332657,-0.0749955654802479,0.103,0.139,1,"Not significant",0
"Ppp6r2",0.275573334478665,-0.104524335274777,0.346,0.422,1,"Not significant",0
"Mast2",0.276210673040752,0.0275615675983437,0.423,0.534,1,"Not significant",0
"Zcchc18",0.27623957372036,0.129145151299978,0.481,0.642,1,"Not significant",0
"Snrnp27",0.276579215264067,-0.0766453026993408,0.083,0.116,1,"Not significant",0
"Grk2",0.276827178758558,-0.401740676665386,0.077,0.106,1,"Not significant",0
"Gmip",0.277738402422488,-0.208113839555543,0.141,0.18,1,"Not significant",0
"Entr1",0.278508410678292,-0.133889254533817,0.199,0.248,1,"Not significant",0
"Cstf2",0.278523294569692,0.0763835249097067,0.269,0.345,1,"Not significant",0
"Tmsb10",0.278808569490983,-0.0577862754480245,0.103,0.138,1,"Not significant",0
"Pde1b",0.27905121100647,-0.273292311199233,0.096,0.128,1,"Not significant",0
"mt-Cytb",0.28048888061233,0.27853703128849,0.442,0.411,1,"Not significant",0
"Odr4",0.280699751028422,-0.257574077452302,0.09,0.121,1,"Not significant",0
"Phldb1",0.280795616407414,0.155617362661168,0.173,0.228,1,"Not significant",0
"Nsfl1c",0.281016839421289,-0.19528979919796,0.09,0.123,1,"Not significant",0
"Stx3",0.2826798128105,-0.310767016617896,0.135,0.171,1,"Not significant",0
"Kmt2c",0.283661658178436,0.259792418976287,0.583,0.644,1,"Not significant",0
"Csnk1d",0.283990537707484,-0.287212288638999,0.103,0.136,1,"Not significant",0
"Tex2",0.285400632692262,-0.09145398821342,0.16,0.202,1,"Not significant",0
"Trappc11",0.28593419561939,-0.296827825660022,0.135,0.171,1,"Not significant",0
"Klf13",0.287529091314339,-0.323045346396333,0.141,0.176,1,"Not significant",0
"Arhgef40",0.290455814929693,0.0809199953835673,0.135,0.176,1,"Not significant",0
"Map3k4",0.29068878459825,-0.027412626404506,0.282,0.345,1,"Not significant",0
"Cap2",0.290893834409718,0.251317779081754,0.263,0.347,1,"Not significant",0
"Nyap1",0.291348302298449,-0.296827825660022,0.128,0.163,1,"Not significant",0
"Plxnb1",0.291730903435171,0.659279761280477,0.147,0.119,1,"Not significant",0
"Tmem147",0.292132196350618,0.40361189248107,0.199,0.165,1,"Not significant",0
"2210016L21Rik",0.292341067268179,0.0650251052822421,0.224,0.281,1,"Not significant",0
"Abcb9",0.29562684133586,-0.22385895139473,0.128,0.165,1,"Not significant",0
"Ppargc1b",0.295628438779264,0.067744606635834,0.224,0.279,1,"Not significant",0
"Smarca1",0.295633641785762,-0.102180394806478,0.231,0.286,1,"Not significant",0
"Traf7",0.296004825264098,0.674313563546365,0.16,0.132,1,"Not significant",0
"Cdk16",0.296067676239692,-0.409414604550807,0.141,0.174,1,"Not significant",0
"Mdga1",0.296411650486073,0.689232983382105,0.128,0.101,1,"Not significant",0
"Nek1",0.296713755880579,-0.00835837244995741,0.295,0.369,1,"Not significant",0
"Pmvk",0.297657256113359,0.80471020080204,0.109,0.084,1,"Not significant",0
"Zfp612",0.297677295723154,-0.0517624878202547,0.276,0.339,1,"Not significant",0
"U2af1",0.297743135933498,-0.065654518781364,0.147,0.189,1,"Not significant",0
"Fubp1",0.297825703671008,0.0348299841630991,0.41,0.516,1,"Not significant",0
"Akap13",0.298003205157652,-0.184947854976501,0.16,0.2,1,"Not significant",0
"Smarcal1",0.298164913976333,-0.142822379303824,0.103,0.136,1,"Not significant",0
"Spred2",0.299306970333401,0.0731990367279423,0.205,0.264,1,"Not significant",0
"Prkcg",0.299576661135013,0.0553608821800018,0.231,0.294,1,"Not significant",0
"Rnf8",0.299683661852385,-0.0112067347589879,0.205,0.257,1,"Not significant",0
"Washc1",0.299799856233702,0.650382054410746,0.147,0.119,1,"Not significant",0
"Camkk1",0.300048026593062,0.126638295689403,0.083,0.116,1,"Not significant",0
"Grina",0.300409191925096,0.418129147572425,0.372,0.363,1,"Not significant",0
"Lsm7",0.301631259912671,-0.25829959672376,0.154,0.189,1,"Not significant",0
"Adam12",0.301657829858552,-0.351794284877951,0.103,0.134,1,"Not significant",0
"Osbp2",0.302236567190518,-0.00264472125556381,0.256,0.314,1,"Not significant",0
"Meis2",0.302747538522156,-1.17801180776612,0.083,0.11,1,"Not significant",0
"Slc35c2",0.30290324888141,-0.447676960832245,0.103,0.132,1,"Not significant",0
"Map2k3",0.303165581923202,-0.310767016617895,0.077,0.105,1,"Not significant",0
"Lzts3",0.303200492350924,-0.357561228096837,0.109,0.141,1,"Not significant",0
"Zfp276",0.303677303168661,0.661752246959997,0.122,0.095,1,"Not significant",0
"Ilf2",0.30374980703442,-0.0722789090926164,0.231,0.279,1,"Not significant",0
"Gria1",0.30389025570071,-0.12343661836036,0.853,0.888,1,"Not significant",0
"Cep89",0.304043124363567,-0.00264472125556381,0.147,0.187,1,"Not significant",0
"Cdan1",0.304061239444746,0.692817320731143,0.147,0.119,1,"Not significant",0
"Ppwd1",0.304319458054919,0.0942168179970251,0.186,0.239,1,"Not significant",0
"Samd4b",0.304585677388815,-0.133889254533817,0.115,0.15,1,"Not significant",0
"Adarb2",0.304905268315495,-0.115484430336139,0.513,0.477,1,"Not significant",0
"Tpm1",0.304970830448145,-0.124206701136477,0.122,0.158,1,"Not significant",0
"Shisa7",0.305346028022513,0.398717841126203,0.34,0.321,1,"Not significant",0
"Aimp1",0.306724245281113,-0.156815651383324,0.096,0.128,1,"Not significant",0
"Shfl",0.30740871530871,0.366268097188253,0.391,0.38,1,"Not significant",0
"6430548M08Rik",0.307739319631848,0.100695028437121,0.128,0.171,1,"Not significant",0
"Slc27a1",0.307854280658106,0.549896301773215,0.205,0.178,1,"Not significant",0
"Vps37d",0.307992365309917,-0.332793322947894,0.083,0.112,1,"Not significant",0
"Prxl2c",0.308499813104709,0.00824359488717219,0.083,0.114,1,"Not significant",0
"Cyp46a1",0.30932242263698,0.508317198021816,0.244,0.217,1,"Not significant",0
"Tmem200a",0.309496624630797,0.147597914325049,0.096,0.13,1,"Not significant",0
"Smc6",0.309605533655724,0.0657140714084632,0.288,0.349,1,"Not significant",0
"Cfp",0.309953372878218,0.685411272429696,0.128,0.103,1,"Not significant",0
"Vps13b",0.310008944785437,-0.0412815698625325,0.571,0.703,1,"Not significant",0
"Jph4",0.3104074715612,0.363441159950017,0.391,0.389,1,"Not significant",0
"Ddx50",0.310888321969557,0.0608085594254576,0.333,0.409,1,"Not significant",0
"Smap2",0.311271587006682,-0.358228370324166,0.135,0.167,1,"Not significant",0
"Mir9-3hg",0.31139115327711,-0.227711276890337,0.109,0.141,1,"Not significant",0
"Disp2",0.311417493605752,-0.0499504360339205,0.263,0.312,1,"Not significant",0
"Resf1",0.312449982844049,0.0353231289434566,0.173,0.222,1,"Not significant",0
"Phf20l1",0.312647526314885,-0.000786775034981424,0.391,0.479,1,"Not significant",0
"Lrp1",0.313001154776296,0.0502571799069931,0.417,0.516,1,"Not significant",0
"Lage3",0.313283894133909,-0.297651516827637,0.09,0.119,1,"Not significant",0
"Uba5",0.313412852033814,-0.220824891305097,0.141,0.178,1,"Not significant",0
"Stk16",0.31417859531763,-0.140842015175584,0.135,0.171,1,"Not significant",0
"Myo18a",0.314346480570347,0.115724635537656,0.359,0.457,1,"Not significant",0
"Ncln",0.314507181511069,-0.0811187792786487,0.103,0.134,1,"Not significant",0
"Acot7",0.31478601782297,0.370479136289885,0.34,0.323,1,"Not significant",0
"Plcg1",0.315655498275271,-0.127271375769309,0.179,0.222,1,"Not significant",0
"Wipi2",0.315988265999054,-0.0108652280605321,0.218,0.272,1,"Not significant",0
"Cep63",0.316646630574562,-0.19528979919796,0.122,0.156,1,"Not significant",0
"Mthfd2l",0.318505370675316,-0.110897611907587,0.103,0.136,1,"Not significant",0
"Cnot3",0.318866203483598,-0.212777225926801,0.218,0.259,1,"Not significant",0
"Ndrg4",0.319772228255214,0.0391754544390635,0.256,0.319,1,"Not significant",0
"A630089N07Rik",0.319905777492251,-0.0487411358450178,0.186,0.228,1,"Not significant",0
"Akap8",0.320704600082613,0.357251223830819,0.41,0.406,1,"Not significant",0
"Ranbp2",0.320726392453295,0.689232983382104,0.314,0.314,1,"Not significant",0
"Atp5h",0.320789120398913,-0.160524381037283,0.103,0.134,1,"Not significant",0
"Mast3",0.320797922450818,0.518406015645399,0.186,0.158,1,"Not significant",0
"Cdk17",0.320839600720503,-0.136396110144391,0.122,0.156,1,"Not significant",0
"Med14",0.321118433458894,0.769944782641364,0.167,0.141,1,"Not significant",0
"Nkain2",0.321372340744196,-0.0252939645634944,0.987,0.91,1,"Not significant",0
"Got1",0.321756883842371,-0.454024067598128,0.083,0.11,1,"Not significant",0
"Nagk",0.324519338015532,-0.158763923172845,0.154,0.191,1,"Not significant",0
"Atp2b1",0.324600309463338,0.234950106724554,0.487,0.523,1,"Not significant",0
"Dcaf1",0.324712165954576,-0.140842015175584,0.128,0.163,1,"Not significant",0
"Chrm3",0.324989846249309,-0.394069663312457,0.327,0.365,1,"Not significant",0
"Brd1",0.325552991960002,0.345278582164743,0.263,0.229,1,"Not significant",0
"Pick1",0.325847699736882,-0.289265947406973,0.141,0.174,1,"Not significant",0
"Adgrb2",0.325927692370912,0.036035746908496,0.224,0.279,1,"Not significant",0
"Trir",0.326254545622372,0.456786897381734,0.122,0.095,1,"Not significant",0
"Rnf227",0.326996039705814,-0.106753124596302,0.103,0.134,1,"Not significant",0
"Tmem120b",0.327973285080543,-0.176180976250255,0.096,0.127,1,"Not significant",0
"Rusc1",0.328400423404572,0.590116150026,0.224,0.204,1,"Not significant",0
"Dvl1",0.329062525700917,0.347361896665232,0.288,0.262,1,"Not significant",0
"Cep295",0.329731575891643,-0.00721745104538796,0.192,0.237,1,"Not significant",0
"Rapgefl1",0.329999164011898,0.488682707354362,0.218,0.187,1,"Not significant",0
"Trip12",0.330045857361567,0.0550029377442519,0.41,0.539,1,"Not significant",0
"Fstl4",0.330084645689012,-0.214918605946892,0.269,0.306,1,"Not significant",0
"Megf8",0.33174080588712,0.455125763011813,0.353,0.339,1,"Not significant",0
"Ciz1",0.333367067072123,-0.19528979919796,0.167,0.202,1,"Not significant",0
"Dock6",0.334268389986509,-0.156815651383324,0.09,0.119,1,"Not significant",0
"Acap3",0.335473623765999,-0.0811187792786487,0.109,0.141,1,"Not significant",0
"D8Ertd738e",0.335810510071554,-0.126027136760846,0.077,0.105,1,"Not significant",0
"Trim3",0.33593270309734,-0.00264472125556381,0.115,0.15,1,"Not significant",0
"Rab11fip4",0.337688420498717,-0.0365920531789015,0.263,0.319,1,"Not significant",0
"Gm32647",0.338018100432953,-0.634464204358314,0.346,0.385,1,"Not significant",0
"Gm37494",0.338794026087851,-0.121289217754183,0.096,0.127,1,"Not significant",0
"2410002F23Rik",0.339398479304394,-0.232764504616623,0.103,0.132,1,"Not significant",0
"Apbb1",0.339739741130604,-0.00887667496707856,0.154,0.194,1,"Not significant",0
"Csf2ra",0.340251644799927,-0.30571378889161,0.122,0.152,1,"Not significant",0
"Cyc1",0.341398498147332,-0.318672214703242,0.077,0.103,1,"Not significant",0
"Cars",0.341418950174141,0.168400820080664,0.186,0.235,1,"Not significant",0
"Kif21a",0.341543104824535,0.213773799036251,0.628,0.714,1,"Not significant",0
"Lrrc8c",0.341750449227867,0.219747700080884,0.115,0.152,1,"Not significant",0
"Atp6v0a2",0.34302852156284,-0.0202030926398686,0.16,0.198,1,"Not significant",0
"Rsrc2",0.34342733310714,3.43789403174366e-05,0.308,0.376,1,"Not significant",0
"3010001F23Rik",0.34344220609111,-0.0697589171141009,0.09,0.117,1,"Not significant",0
"Epb41l2",0.343707013132868,-0.496459333918525,0.083,0.108,1,"Not significant",0
"Myo9a",0.34488060157989,0.124590467040544,0.647,0.708,1,"Not significant",0
"Rabl6",0.344918744510769,0.362191965101089,0.417,0.435,1,"Not significant",0
"Tafa5",0.346407361860283,-0.024244257861732,0.468,0.58,1,"Not significant",0
"Nae1",0.346605941019807,-0.332793322947895,0.109,0.138,1,"Not significant",0
"Pip5k1c",0.346932839256699,-0.0192594351064601,0.167,0.206,1,"Not significant",0
"Noc3l",0.347130780182268,-0.146380198717013,0.077,0.103,1,"Not significant",0
"Chst1",0.347199182586942,-0.0317910669150803,0.218,0.262,1,"Not significant",0
"Hipk1",0.347917089162752,-0.145249116698364,0.109,0.139,1,"Not significant",0
"Gpaa1",0.348016976071871,-0.216351414725789,0.09,0.117,1,"Not significant",0
"Exoc7",0.348445620269014,0.0422095145286967,0.128,0.163,1,"Not significant",0
"Slc39a7",0.348884052529778,-0.0292798477590308,0.103,0.134,1,"Not significant",0
"Camk2a",0.349489003382963,-0.0150072222732827,0.596,0.712,1,"Not significant",0
"Rrn3",0.350329389827096,-0.16212293526276,0.115,0.147,1,"Not significant",0
"Casc3",0.350404173979496,-0.0761425339049551,0.199,0.237,1,"Not significant",0
"Rps15",0.350647582996026,-0.0757081834452871,0.103,0.134,1,"Not significant",0
"Zfp869",0.352006104429177,-0.156815651383324,0.103,0.132,1,"Not significant",0
"Rec8",0.352778146502807,-0.102180394806478,0.103,0.134,1,"Not significant",0
"Gm42372",0.352888856466793,-0.449046391443743,0.077,0.101,1,"Not significant",0
"Psmd7",0.352983800327516,0.408357264788123,0.308,0.288,1,"Not significant",0
"Tcirg1",0.353842649236035,0.745816511748472,0.103,0.081,1,"Not significant",0
"Ppm1m",0.354226537999742,-0.19528979919796,0.077,0.103,1,"Not significant",0
"Atf4",0.354226537999742,-0.19528979919796,0.077,0.103,1,"Not significant",0
"Coro1a",0.35470839334771,0.709552967761701,0.103,0.081,1,"Not significant",0
"Sec31a",0.35502033168726,-0.210240140663931,0.128,0.16,1,"Not significant",0
"Nlgn2",0.355574050499234,-0.140842015175583,0.263,0.306,1,"Not significant",0
"Cdk5",0.355659299772599,-0.310767016617896,0.16,0.191,1,"Not significant",0
"St8sia1",0.356046426297634,0.0457183003058352,0.109,0.141,1,"Not significant",0
"Vars2",0.356188904152092,0.739121859174463,0.167,0.143,1,"Not significant",0
"Zfp653",0.356573577968861,-0.0231088238152797,0.09,0.119,1,"Not significant",0
"Ecsit",0.356968664345219,-0.00264472125556381,0.096,0.127,1,"Not significant",0
"Carmil3",0.357895473890944,0.048204420240189,0.263,0.33,1,"Not significant",0
"Utp14a",0.358145192412464,-0.0238093312536063,0.141,0.178,1,"Not significant",0
"Usp35",0.358407233059689,0.446256229889564,0.192,0.165,1,"Not significant",0
"Xpnpep1",0.359372375892677,-0.0883745952814476,0.135,0.167,1,"Not significant",0
"Ndufa10",0.359965818585462,0.372993960376566,0.212,0.182,1,"Not significant",0
"Esf1",0.360512375386785,0.00562289472803679,0.224,0.273,1,"Not significant",0
"Rps6kl1",0.362418754519602,-0.183974485970126,0.179,0.213,1,"Not significant",0
"Atp6v0a1",0.362881549185637,-0.0302305529274634,0.481,0.589,1,"Not significant",0
"Eef1a2",0.364382188420653,-0.19528979919796,0.096,0.123,1,"Not significant",0
"Zdhhc1",0.364736357406115,0.267769214943828,0.436,0.433,1,"Not significant",0
"Dnmt3a",0.366290950811789,0.0963443733758031,0.833,0.848,1,"Not significant",0
"Sympk",0.367081278627081,0.156182571303418,0.147,0.185,1,"Not significant",0
"Ywhab",0.367334081945779,-0.176180976250255,0.096,0.123,1,"Not significant",0
"Gad1",0.367715372989539,-0.00264472125556381,0.199,0.239,1,"Not significant",0
"Uspl1",0.368144212508554,-0.342131187527231,0.077,0.101,1,"Not significant",0
"Letmd1",0.368255117167659,-0.288399203589441,0.083,0.108,1,"Not significant",0
"Neat1",0.369086770836829,0.398717841126203,0.173,0.147,1,"Not significant",0
"Arpc1a",0.371164164084139,0.20063887713318,0.096,0.127,1,"Not significant",0
"Azin1",0.371166355128745,-0.294825472748874,0.077,0.101,1,"Not significant",0
"Uimc1",0.372213038678031,-0.0860607294432012,0.122,0.152,1,"Not significant",0
"Pfkp",0.373084476308832,0.340242992267445,0.397,0.394,1,"Not significant",0
"D430042O09Rik",0.373095356183867,-0.220824891305097,0.154,0.185,1,"Not significant",0
"Evl",0.373563351217863,0.15725177434712,0.417,0.505,1,"Not significant",0
"Tmem191c",0.373858284016732,0.0740308694832654,0.282,0.338,1,"Not significant",0
"Emc9",0.374066776452699,-0.110897611907587,0.109,0.138,1,"Not significant",0
"Luc7l",0.374348809054686,-0.0376083935103945,0.378,0.455,1,"Not significant",0
"Sec16a",0.375077166595741,-0.0500918836580242,0.218,0.261,1,"Not significant",0
"Recql5",0.3753117672872,-0.138706270831592,0.135,0.165,1,"Not significant",0
"Ccnl2",0.376067823926503,0.465657928123469,0.417,0.442,1,"Not significant",0
"Psmc3",0.376336207351672,0.482782105914678,0.128,0.105,1,"Not significant",0
"Tmcc1",0.378482503883922,0.0175331606820667,0.436,0.567,1,"Not significant",0
"Ankrd52",0.378690826874163,0.382477200118993,0.141,0.116,1,"Not significant",0
"Trmt11",0.378919862358208,-0.0603602191118511,0.135,0.167,1,"Not significant",0
"Smarcd3",0.379380281131044,0.0622064230944042,0.301,0.365,1,"Not significant",0
"Tle5",0.379569728065955,-0.00264472125556381,0.115,0.145,1,"Not significant",0
"Bloc1s2",0.379604732356292,-0.220824891305097,0.077,0.101,1,"Not significant",0
"Safb",0.379672453505238,0.339329315833557,0.365,0.35,1,"Not significant",0
"Brap",0.380578069560155,-0.262403995056497,0.115,0.143,1,"Not significant",0
"Uba1",0.382046020928072,0.469107169017601,0.109,0.086,1,"Not significant",0
"Zfp385b",0.382430997019278,-0.190306391683704,0.436,0.497,1,"Not significant",0
"Pik3r2",0.382618969999074,-0.09145398821342,0.09,0.116,1,"Not significant",0
"Psmd3",0.382829625073812,-0.16212293526276,0.115,0.143,1,"Not significant",0
"Sec24a",0.382890632356114,0.387391760271958,0.25,0.306,1,"Not significant",0
"Ric1",0.383306868840976,-0.0565835283663674,0.141,0.174,1,"Not significant",0
"Nit1",0.383335400560906,-0.046767274487872,0.115,0.145,1,"Not significant",0
"Mfn1",0.383587735973545,0.294849155321603,0.378,0.369,1,"Not significant",0
"Pnpla6",0.384222390485529,-0.130194770976074,0.167,0.2,1,"Not significant",0
"Dlst",0.385972570849951,-0.149486109584835,0.122,0.15,1,"Not significant",0
"Pbx4",0.386028873349525,-0.205273887770582,0.192,0.226,1,"Not significant",0
"Nf2",0.387510185450062,-0.0971094052590566,0.09,0.116,1,"Not significant",0
"Wdr3",0.387771720392858,0.420046350566715,0.103,0.081,1,"Not significant",0
"Dpysl4",0.388347158176388,-0.154647814700614,0.135,0.165,1,"Not significant",0
"Cc2d1b",0.388719928369425,0.305477574106768,0.244,0.215,1,"Not significant",0
"Lmf1",0.389471958697098,0.656611561812906,0.16,0.138,1,"Not significant",0
"Dnajc21",0.38998205624187,0.44396285702415,0.192,0.169,1,"Not significant",0
"Ctr9",0.391563735776493,0.219747700080884,0.186,0.156,1,"Not significant",0
"Zbtb11",0.391995789086277,0.194656719118054,0.295,0.36,1,"Not significant",0
"Adss",0.392407085130218,-0.178011807766124,0.115,0.143,1,"Not significant",0
"Pom121",0.39290851777264,-0.121289217754183,0.077,0.101,1,"Not significant",0
"Arl6ip4",0.393751173749599,0.330779012469628,0.109,0.086,1,"Not significant",0
"Zfp821",0.393839957580938,0.0557719649697579,0.16,0.196,1,"Not significant",0
"Ajap1",0.395261059929865,0.104270482660948,0.122,0.15,1,"Not significant",0
"Usp24",0.396219083954076,0.082746769975081,0.333,0.407,1,"Not significant",0
"Xpc",0.396584382615219,-0.355754471391206,0.103,0.127,1,"Not significant",0
"Porcn",0.396844779684431,-0.294825472748874,0.083,0.106,1,"Not significant",0
"Kdm1a",0.396916749895958,0.0309860566257161,0.141,0.174,1,"Not significant",0
"Magel2",0.398039096263229,0.389672701523197,0.147,0.123,1,"Not significant",0
"Dnajc13",0.398226531841505,0.101806442709467,0.333,0.407,1,"Not significant",0
"Arf5",0.398410888812585,-0.106753124596302,0.109,0.136,1,"Not significant",0
"Czib",0.399361474108274,0.587898811728892,0.167,0.145,1,"Not significant",0
"Parn",0.40027276541032,-0.239683918556413,0.09,0.114,1,"Not significant",0
"Col4a2",0.402097512871009,0.309945509052462,0.397,0.406,1,"Not significant",0
"Slc27a4",0.402166161577959,0.0479813518144039,0.128,0.161,1,"Not significant",0
"Ercc2",0.402996235082818,0.00720306470078347,0.096,0.123,1,"Not significant",0
"Tfrc",0.403151338348434,0.0557719649697579,0.167,0.204,1,"Not significant",0
"Atrip",0.403479781070191,-0.154647814700614,0.09,0.114,1,"Not significant",0
"Tet2",0.40356381839644,-0.0413771157442786,0.205,0.242,1,"Not significant",0
"Ppp1r12c",0.403812358234729,0.436171163623088,0.282,0.262,1,"Not significant",0
"Tnrc6a",0.40407734182659,0.130827443774904,0.814,0.855,1,"Not significant",0
"Actr1b",0.404174189744624,-0.0355093551611905,0.276,0.327,1,"Not significant",0
"Atxn7",0.404418894034194,0.0283821743650605,0.212,0.253,1,"Not significant",0
"Adcy6",0.404642160079799,-0.0558867425325436,0.186,0.222,1,"Not significant",0
"Fam133b",0.404675386382793,0.520095264382734,0.314,0.316,1,"Not significant",0
"Hcn2",0.404776525484025,-0.0271670403896325,0.122,0.152,1,"Not significant",0
"Spaca6",0.405102210238574,0.0553608821800018,0.25,0.299,1,"Not significant",0
"Khsrp",0.40687767050077,-0.19528979919796,0.103,0.128,1,"Not significant",0
"Senp2",0.407063530597783,0.129549891109306,0.256,0.306,1,"Not significant",0
"Gm17167",0.407170978982232,0.695481131047282,0.263,0.253,1,"Not significant",0
"Nup88",0.407471961243704,-0.0947629232439953,0.128,0.156,1,"Not significant",0
"Hectd3",0.40754639504758,-0.158763923172846,0.103,0.128,1,"Not significant",0
"Eif3a",0.407560792903602,0.556782687358455,0.301,0.301,1,"Not significant",0
"Celf3",0.407636491891113,-0.142822379303824,0.244,0.281,1,"Not significant",0
"Usp42",0.407759365564831,0.00401900902544661,0.141,0.172,1,"Not significant",0
"Rfc2",0.407959614854662,0.158347155416741,0.096,0.123,1,"Not significant",0
"Zim1",0.408428662931733,0.233168215843206,0.263,0.321,1,"Not significant",0
"Per2",0.409723065400692,-0.210886654248978,0.115,0.141,1,"Not significant",0
"Cpsf4",0.411153714062655,-0.19528979919796,0.09,0.114,1,"Not significant",0
"Hnrnpul2",0.411677834891692,0.309945509052462,0.128,0.105,1,"Not significant",0
"Nbea",0.412660660939663,0.10265783200952,0.974,0.954,1,"Not significant",0
"Ccl27a",0.413214769683479,0.0622064230944042,0.122,0.152,1,"Not significant",0
"Bag6",0.414364273774958,0.449867483441943,0.231,0.211,1,"Not significant",0
"Slc44a2",0.415604622909339,0.435476391136321,0.282,0.262,1,"Not significant",0
"Pwp1",0.416055524323082,-0.0124257420481491,0.096,0.123,1,"Not significant",0
"Wdpcp",0.417123960709721,0.0498226986385717,0.16,0.194,1,"Not significant",0
"Ftl1-ps1",0.417250350283361,0.0822441763309496,0.128,0.16,1,"Not significant",0
"6330411D24Rik",0.417640357521287,0.359925358129144,0.192,0.167,1,"Not significant",0
"Ipo9",0.418479735837053,0.0562489677980047,0.301,0.361,1,"Not significant",0
"Pde4a",0.4190762599301,0.472693288291094,0.359,0.365,1,"Not significant",0
"Rpl11",0.419987397961468,-0.0532707943255319,0.154,0.185,1,"Not significant",0
"Hook2",0.423089126120207,-0.0197182346145053,0.218,0.259,1,"Not significant",0
"Rpap3",0.42365937994946,-0.110897611907587,0.115,0.141,1,"Not significant",0
"Asah1",0.423839062984457,-0.133889254533817,0.128,0.156,1,"Not significant",0
"Zfp523",0.426314956384706,-0.0108652280605321,0.231,0.27,1,"Not significant",0
"Rims4",0.426749922799354,-0.404743164826909,0.096,0.117,1,"Not significant",0
"Cers5",0.426781851159788,0.138447597979036,0.276,0.334,1,"Not significant",0
"Tmf1",0.428365205752762,-0.19528979919796,0.109,0.134,1,"Not significant",0
"Rerg",0.428993037354619,0.0885031668026315,0.192,0.226,1,"Not significant",0
"Swt1",0.43197277388264,0.0238274901056275,0.231,0.275,1,"Not significant",0
"Rexo4",0.432027656124428,-0.147461274107345,0.115,0.139,1,"Not significant",0
"Dnhd1",0.43253233226391,0.549055325333844,0.199,0.178,1,"Not significant",0
"Polr3gl",0.432655393661785,-0.102180394806478,0.103,0.127,1,"Not significant",0
"Dagla",0.436819055320642,0.16947449359966,0.186,0.229,1,"Not significant",0
"Fbxo44",0.436992007794096,-0.242595513976316,0.083,0.105,1,"Not significant",0
"Tln1",0.437125269765456,0.353014230944348,0.167,0.143,1,"Not significant",0
"Htr1f",0.437196391315812,-0.529190535751398,0.103,0.125,1,"Not significant",0
"Adgrl1",0.438739949101943,0.0632432144008931,0.423,0.538,1,"Not significant",0
"Ppt2",0.439770988177448,0.0302699012171712,0.083,0.106,1,"Not significant",0
"Camk2n1",0.440237098568266,-0.140148245005499,0.103,0.127,1,"Not significant",0
"Lta4h",0.441381698405303,-0.065229258633587,0.141,0.171,1,"Not significant",0
"Sf3a3",0.441703635557625,-0.217657612226414,0.083,0.105,1,"Not significant",0
"Zcchc17",0.442389108502753,-0.210886654248978,0.135,0.16,1,"Not significant",0
"Utp11",0.442955734153583,0.0391754544390635,0.122,0.149,1,"Not significant",0
"Napa",0.443398627340797,0.0632432144008934,0.135,0.165,1,"Not significant",0
"Tpcn1",0.44357585638121,-0.19528979919796,0.083,0.105,1,"Not significant",0
"Mrps10",0.44357585638121,-0.19528979919796,0.083,0.105,1,"Not significant",0
"Cpne5",0.444618201781033,-0.0860607294432012,0.205,0.239,1,"Not significant",0
"Gnb5",0.445426715219747,-0.180182906807751,0.128,0.152,1,"Not significant",0
"Ecel1",0.445463095546038,-0.187427681424989,0.199,0.226,1,"Not significant",0
"Rab26",0.445589072290237,-0.254183488251528,0.103,0.125,1,"Not significant",0
"Vcan",0.446039584549991,-0.213211707195222,0.083,0.105,1,"Not significant",0
"Chgb",0.446178612328159,-0.104141911139764,0.231,0.266,1,"Not significant",0
"Rab6b",0.446598467300801,0.136553764554485,0.295,0.352,1,"Not significant",0
"Arhgef4",0.446921590721613,-0.222770535620067,0.141,0.167,1,"Not significant",0
"Jak2",0.44731065867217,-0.115855331703555,0.147,0.174,1,"Not significant",0
"Rnf168",0.44827080495223,-0.282752640448299,0.096,0.117,1,"Not significant",0
"Cep135",0.449933701214775,-0.0934101851787461,0.16,0.189,1,"Not significant",0
"Samd14",0.450122468678377,-0.0197182346145053,0.115,0.141,1,"Not significant",0
"Taok3",0.452911756416688,0.397285885633071,0.353,0.354,1,"Not significant",0
"Fam189b",0.453081054081681,-0.257574077452302,0.096,0.117,1,"Not significant",0
"Supt6",0.454669234246452,-0.0330183702990827,0.231,0.264,1,"Not significant",0
"Acaa1a",0.454844031153479,0.407117835982606,0.231,0.211,1,"Not significant",0
"Prex2",0.456619611578877,0.663354351556499,0.128,0.11,1,"Not significant",0
"Rfng",0.457861106168559,0.473504292326667,0.154,0.134,1,"Not significant",0
"Fancm",0.458382985437327,-0.0385642955105063,0.083,0.105,1,"Not significant",0
"Dgkq",0.458824796601384,0.469919954977628,0.276,0.261,1,"Not significant",0
"Adgrb1",0.458845890146153,0.366788810849858,0.333,0.332,1,"Not significant",0
"Slc4a8",0.459577059853654,-0.0407798501423349,0.154,0.183,1,"Not significant",0
"Rtf1",0.459852636678771,0.0146332701762717,0.212,0.25,1,"Not significant",0
"Abcf1",0.459983608427934,0.369125324119111,0.276,0.257,1,"Not significant",0
"Ift140",0.460388497725463,-0.0739835029758265,0.147,0.174,1,"Not significant",0
"Kndc1",0.460392743048229,0.497042799039848,0.397,0.418,1,"Not significant",0
"Rgs7bp",0.460443127944029,0.139894392391669,0.282,0.336,1,"Not significant",0
"Frg1",0.460795335814106,-0.159956726085679,0.173,0.2,1,"Not significant",0
"Scaper",0.461064016729936,0.281148244745028,0.551,0.65,1,"Not significant",0
"Smarca5",0.461113841512249,0.078086550857293,0.179,0.215,1,"Not significant",0
"Iffo1",0.461197590893938,0.0181138389112334,0.096,0.119,1,"Not significant",0
"Csdc2",0.462216167572275,0.46767521352447,0.179,0.16,1,"Not significant",0
"Ripor1",0.462837013580042,-0.0532707943255319,0.122,0.147,1,"Not significant",0
"Nfic",0.462902417438682,-0.00791966329623817,0.186,0.215,1,"Not significant",0
"Rbbp6",0.463726843636782,0.34426224183325,0.41,0.426,1,"Not significant",0
"Psma5",0.46403907679466,-0.239683918556413,0.09,0.11,1,"Not significant",0
"Rhbdl1",0.465449431416092,0.078086550857293,0.186,0.22,1,"Not significant",0
"Gmppa",0.465487522361898,0.556782687358455,0.115,0.097,1,"Not significant",0
"Dop1b",0.467242778550145,0.00780206617955193,0.365,0.433,1,"Not significant",0
"Ctsf",0.469354248094525,0.600351702295854,0.109,0.092,1,"Not significant",0
"Nop58",0.470199875781872,-0.096511644719786,0.173,0.202,1,"Not significant",0
"Cacna2d2",0.472193405849493,0.313963041698535,0.532,0.578,1,"Not significant",0
"Stx4a",0.473406638746299,0.324717259682426,0.109,0.09,1,"Not significant",0
"Bclaf3",0.473479158038097,-0.0811187792786487,0.109,0.132,1,"Not significant",0
"Syt7",0.474073678278516,0.0128961296402144,0.301,0.35,1,"Not significant",0
"Gak",0.474271779693496,0.169994664883784,0.295,0.349,1,"Not significant",0
"Gpr162",0.477775337144232,0.199427715701288,0.192,0.231,1,"Not significant",0
"Pfkl",0.478237160293713,-0.19528979919796,0.16,0.185,1,"Not significant",0
"Sin3a",0.479321073798938,-0.19528979919796,0.083,0.103,1,"Not significant",0
"Fam57b",0.480187232050411,-0.214148826449276,0.109,0.13,1,"Not significant",0
"Pank4",0.480611316906423,0.0457183003058352,0.122,0.149,1,"Not significant",0
"Sbno1",0.480870690692981,0.224249092315825,0.417,0.428,1,"Not significant",0
"Hectd4",0.481816671994464,0.231760217782864,0.59,0.672,1,"Not significant",0
"Scly",0.481943265652498,-0.147461274107345,0.122,0.145,1,"Not significant",0
"Homer1",0.482891214864502,0.719821303215527,0.128,0.112,1,"Not significant",0
"Ppp1r7",0.483122351255891,0.129549891109306,0.135,0.163,1,"Not significant",0
"Elp1",0.484037807341274,0.149845686850728,0.205,0.248,1,"Not significant",0
"Tpr",0.484088725459254,0.330366872760815,0.436,0.472,1,"Not significant",0
"Hadha",0.48461138176757,-0.0134514762121469,0.096,0.117,1,"Not significant",0
"Eif3j1",0.485675407883767,0.0472805040761184,0.096,0.119,1,"Not significant",0
"Enox2",0.487189945252464,-0.230913708928681,0.135,0.156,1,"Not significant",0
"Ncor2",0.487462426051393,0.482782105914678,0.41,0.439,1,"Not significant",0
"Rnf112",0.488763479566682,0.0518030627668128,0.321,0.371,1,"Not significant",0
"Arfgap1",0.489239296259068,0.11081332852772,0.212,0.257,1,"Not significant",0
"Mbd6",0.489658038494011,-0.0119825858349001,0.212,0.244,1,"Not significant",0
"Trmt2a",0.489826201602434,-0.126027136760846,0.083,0.103,1,"Not significant",0
"Tsr3",0.491959365706653,0.246714747681153,0.103,0.084,1,"Not significant",0
"Os9",0.492053167473924,0.152633504222347,0.237,0.281,1,"Not significant",0
"Golga2",0.493010761846016,0.146218664658919,0.218,0.253,1,"Not significant",0
"Cic",0.493676111889443,0.312857104472366,0.167,0.147,1,"Not significant",0
"Usp53",0.494897023180178,-0.133889254533817,0.096,0.116,1,"Not significant",0
"Wdr70",0.494900962525677,0.104270482660948,0.212,0.246,1,"Not significant",0
"Esrra",0.495842760214915,-0.237109974892586,0.09,0.108,1,"Not significant",0
"Top1",0.496201734943911,0.116069053979215,0.314,0.376,1,"Not significant",0
"Pclo",0.499872297412173,0.0204388918574776,0.878,0.925,1,"Not significant",0
"Cfap54",0.501813365514188,0.12021202652997,0.154,0.183,1,"Not significant",0
"Zbtb7a",0.502270363379799,0.0233504872773809,0.147,0.172,1,"Not significant",0
"B4galnt4",0.504442883131097,0.290137027972282,0.244,0.224,1,"Not significant",0
"Wdr43",0.505466186947996,0.53912009006449,0.199,0.183,1,"Not significant",0
"Brsk2",0.507034966033321,0.520256811333341,0.179,0.165,1,"Not significant",0
"Hid1",0.507914819731564,0.528378972354788,0.192,0.176,1,"Not significant",0
"Flii",0.507949467352302,0.470291161731481,0.212,0.193,1,"Not significant",0
"Sh3glb2",0.508065696924014,0.405539106982217,0.327,0.33,1,"Not significant",0
"Bcl9l",0.508571924086538,0.0858919533460933,0.109,0.132,1,"Not significant",0
"Srsf6",0.508963240156584,-0.050899889862785,0.103,0.123,1,"Not significant",0
"Srsf5",0.509264174677235,0.0818573429619903,0.404,0.47,1,"Not significant",0
"Slc11a2",0.509411967905748,0.375866901998166,0.192,0.174,1,"Not significant",0
"Cers1",0.509763921906683,-0.172569722697876,0.09,0.108,1,"Not significant",0
"1810030O07Rik",0.510933120547639,0.340041933798596,0.096,0.119,1,"Not significant",0
"Syngr3",0.511576172491859,-0.0647056893878153,0.128,0.15,1,"Not significant",0
"Cpt1c",0.511943848000115,0.424938031342394,0.327,0.328,1,"Not significant",0
"Mpp2",0.512297849586959,0.0417493981028896,0.154,0.182,1,"Not significant",0
"Pdlim7",0.512444923685145,0.257815740914404,0.301,0.284,1,"Not significant",0
"Borcs7",0.51407371270497,-0.112827639005987,0.096,0.116,1,"Not significant",0
"Foxred1",0.514473330522912,0.389672701523196,0.128,0.11,1,"Not significant",0
"Sgsm3",0.515108792926343,0.00720306470078325,0.205,0.237,1,"Not significant",0
"Kif3a",0.515113193716007,0.258380359683944,0.513,0.558,1,"Not significant",0
"Haghl",0.515649362943276,0.478209376124854,0.263,0.253,1,"Not significant",0
"Thoc2",0.515915712735566,0.162845308846407,0.538,0.576,1,"Not significant",0
"Cep112it",0.516977873380104,-0.0532707943255319,0.147,0.174,1,"Not significant",0
"Polg",0.517186824088176,0.173944010467759,0.167,0.145,1,"Not significant",0
"Plp1",0.518351315174027,0.233553499605915,0.128,0.152,1,"Not significant",0
"Nrip2",0.518985761223853,-0.0779328485598008,0.083,0.101,1,"Not significant",0
"Vps9d1",0.519161845644059,0.0321206969051127,0.115,0.138,1,"Not significant",0
"Prr12",0.520083449699885,-0.074435404323574,0.154,0.178,1,"Not significant",0
"Hexdc",0.521296454565619,0.0581585578066359,0.205,0.239,1,"Not significant",0
"Trmu",0.523742647627624,0.0677446066358338,0.128,0.152,1,"Not significant",0
"Arih2",0.526274350546205,0.231524867857238,0.173,0.204,1,"Not significant",0
"Sfswap",0.526606734610068,0.414902249939516,0.429,0.461,1,"Not significant",0
"Kmt2b",0.528306997890731,0.386857685916142,0.269,0.257,1,"Not significant",0
"Set",0.529915115805737,-0.140148245005499,0.109,0.128,1,"Not significant",0
"Poglut1",0.530239398979431,0.0146332701762715,0.115,0.136,1,"Not significant",0
"Ctc1",0.532397222762971,-0.19528979919796,0.096,0.114,1,"Not significant",0
"Sort1",0.533014004202967,0.0185406086350641,0.237,0.272,1,"Not significant",0
"Mia3",0.53551814696442,0.0570973624363258,0.327,0.385,1,"Not significant",0
"Ercc6",0.535534914225557,-0.046767274487872,0.122,0.143,1,"Not significant",0
"Gcn1",0.537293297834673,0.482782105914678,0.346,0.363,1,"Not significant",0
"Chd6",0.538362768364098,0.0307138756908673,0.558,0.677,1,"Not significant",0
"Unc5a",0.53854395979784,0.0341920469248076,0.16,0.185,1,"Not significant",0
"Tra2b",0.538623764158961,0.0988229178212778,0.263,0.299,1,"Not significant",0
"Nrd1",0.540001169456088,0.508971629895541,0.5,0.552,1,"Not significant",0
"Zfp346",0.540157104312428,0.0446609935227928,0.147,0.172,1,"Not significant",0
"Sptan1",0.540201247604133,0.171137755856263,0.622,0.681,1,"Not significant",0
"Cox7c",0.5416233556416,0.00562289472803679,0.122,0.143,1,"Not significant",0
"Atp6v0b",0.542107806120422,0.22404783751451,0.429,0.433,1,"Not significant",0
"Tecpr1",0.542433612505142,0.0457183003058355,0.288,0.328,1,"Not significant",0
"Baz2a",0.54286523136659,0.395501780325394,0.346,0.358,1,"Not significant",0
"Dicer1",0.543622201380515,0.0994534663631723,0.372,0.422,1,"Not significant",0
"mt-Nd5",0.544256542056394,0.0533893136587644,0.128,0.15,1,"Not significant",0
"Klhdc3",0.544976856556167,0.219747700080884,0.103,0.086,1,"Not significant",0
"Mfsd13a",0.544976856556167,0.219747700080884,0.103,0.086,1,"Not significant",0
"Dennd6b",0.546170637589361,0.358910447752509,0.263,0.255,1,"Not significant",0
"Ppox",0.546260564807564,0.509254317275869,0.109,0.094,1,"Not significant",0
"Sipa1l2",0.546653283618311,0.266290286017914,0.083,0.101,1,"Not significant",0
"Kat5",0.547180122798504,0.42619857754831,0.103,0.088,1,"Not significant",0
"Rnf187",0.547776067285817,0.0614856161641515,0.109,0.13,1,"Not significant",0
"Shkbp1",0.548869358118909,0.305904343830599,0.224,0.206,1,"Not significant",0
"Mrpl4",0.550077141585808,0.26865730056183,0.115,0.099,1,"Not significant",0
"Gm41361",0.550759592091465,0.154456239829165,0.154,0.182,1,"Not significant",0
"Cdc42bpa",0.551567572833881,0.0552251374451548,0.577,0.725,1,"Not significant",0
"Zfp318",0.551745121290162,0.108239384863894,0.385,0.466,1,"Not significant",0
"Ss18l1",0.552230279757191,0.308284374682541,0.115,0.138,1,"Not significant",0
"Gga1",0.552299533955847,0.283473297691271,0.263,0.244,1,"Not significant",0
"Nemf",0.552427370645168,0.258566948971412,0.378,0.464,1,"Not significant",0
"Gigyf1",0.5525868062721,0.2981743470377,0.449,0.483,1,"Not significant",0
"Ddx24",0.554425633900395,0.201011137499298,0.494,0.525,1,"Not significant",0
"Hps5",0.556034486169717,-0.00264472125556381,0.147,0.171,1,"Not significant",0
"Ankrd13d",0.556476433895435,0.0735269592298402,0.314,0.36,1,"Not significant",0
"Dzip3",0.55740110968341,0.0555183043025748,0.455,0.552,1,"Not significant",0
"Atp8b2",0.557432530261498,0.502147430781609,0.186,0.172,1,"Not significant",0
"Zfp715",0.558663347493153,0.305904343830599,0.128,0.112,1,"Not significant",0
"Klc2",0.560001237098496,0.154652671858999,0.269,0.316,1,"Not significant",0
"Ptpn11",0.561310690821569,0.0998382363456876,0.224,0.259,1,"Not significant",0
"Kcnip2",0.561642312443642,0.253695032004222,0.16,0.189,1,"Not significant",0
"Ptms",0.562444670400298,0.293748281524661,0.109,0.094,1,"Not significant",0
"Cfl2",0.56389923049967,-0.117287287196687,0.109,0.127,1,"Not significant",0
"Grm4",0.564196721893218,0.622506869581291,0.109,0.095,1,"Not significant",0
"Preb",0.564408967580718,0.0331264097662582,0.314,0.354,1,"Not significant",0
"Nav1",0.56442523151078,0.0833592311649369,0.763,0.877,1,"Not significant",0
"Gmeb1",0.564477477581474,-0.0432867057529096,0.147,0.169,1,"Not significant",0
"Stk25",0.564545350296527,0.132764398486244,0.25,0.292,1,"Not significant",0
"Exosc10",0.564689329589127,0.0271026221384882,0.288,0.325,1,"Not significant",0
"Cadps2",0.56514548046501,-0.117005042249902,0.404,0.372,1,"Not significant",0
"Gdap1l1",0.565165603149509,0.35540279943845,0.135,0.119,1,"Not significant",0
"Ubap1l",0.565655862912525,0.126638295689402,0.333,0.404,1,"Not significant",0
"Psen2",0.56622638004707,0.0472805040761184,0.103,0.121,1,"Not significant",0
"Ebf4",0.566270789141176,0.345278582164743,0.186,0.171,1,"Not significant",0
"Ncbp1",0.567166234885737,0.371750793525934,0.141,0.125,1,"Not significant",0
"Herc1",0.569083507504217,0.0812911384737817,0.75,0.842,1,"Not significant",0
"Trmt1",0.56968293925645,0.077236055613132,0.263,0.308,1,"Not significant",0
"Ppp2r2c",0.569934176880501,0.267576225171499,0.321,0.398,1,"Not significant",0
"Phkg2",0.570697909905215,0.389672701523197,0.301,0.295,1,"Not significant",0
"Rbbp7",0.570851465682755,-0.0134514762121469,0.096,0.114,1,"Not significant",0
"Pmpca",0.571340465868662,0.219747700080884,0.154,0.136,1,"Not significant",0
"Znhit6",0.571519168726026,0.174659810552346,0.167,0.193,1,"Not significant",0
"Sned1",0.571612196879364,0.0809199953835673,0.135,0.154,1,"Not significant",0
"Mier3",0.571976699948412,0.06054910523163,0.096,0.114,1,"Not significant",0
"Fam184a",0.573516117032794,0.3472374352028,0.295,0.286,1,"Not significant",0
"Tctn3",0.573657101663532,0.141745188079611,0.083,0.101,1,"Not significant",0
"Cers4",0.574058043143713,0.258741831696748,0.603,0.725,1,"Not significant",0
"Gpbp1",0.574632118554819,0.154896555730916,0.128,0.15,1,"Not significant",0
"mt-Nd4",0.576229706153746,0.217491726140516,0.436,0.462,1,"Not significant",0
"Eif4g2",0.577149103349795,0.266290286017914,0.218,0.2,1,"Not significant",0
"Mto1",0.577462703153351,0.141745188079611,0.115,0.136,1,"Not significant",0
"Tubgcp3",0.577656758674418,0.112832496164372,0.173,0.2,1,"Not significant",0
"St6galnac5",0.578590561170012,-0.1997911914329,0.308,0.328,1,"Not significant",0
"Gm3764",0.578611435073153,-0.0102579053654392,0.122,0.143,1,"Not significant",0
"Ddx18",0.57922647829044,0.140130532017516,0.205,0.235,1,"Not significant",0
"Taf1a",0.579591812409858,-0.0971094052590566,0.103,0.119,1,"Not significant",0
"Srcap",0.579932500916606,0.171492531473663,0.34,0.407,1,"Not significant",0
"Snhg9",0.580122413245992,0.277463197937172,0.103,0.088,1,"Not significant",0
"Tmem259",0.581442553953348,0.0373709575923151,0.224,0.253,1,"Not significant",0
"Grm7",0.582474873012974,-0.156854333164214,0.827,0.793,1,"Not significant",0
"Etl4",0.583389911461637,-0.184536742901085,0.449,0.484,1,"Not significant",0
"Cnnm3",0.583953557378385,0.287651764582687,0.147,0.132,1,"Not significant",0
"Akap7",0.584469859235051,0.01416356643099,0.179,0.204,1,"Not significant",0
"Npas2",0.586371503695927,-0.00887667496707856,0.135,0.154,1,"Not significant",0
"Ep400",0.586678422202004,0.337104650719043,0.423,0.453,1,"Not significant",0
"Peak1",0.586684616960193,0.33522491750082,0.135,0.119,1,"Not significant",0
"Psd",0.58763532837522,0.26978838258048,0.365,0.369,1,"Not significant",0
"Rnf40",0.589009129976589,0.431251805274596,0.109,0.095,1,"Not significant",0
"Pcm1",0.589345355278118,0.0152089435572347,0.513,0.611,1,"Not significant",0
"Nphp3",0.589527865346823,0.0735269592298402,0.115,0.136,1,"Not significant",0
"Arhgap21",0.593134476806285,0.371330121401394,0.423,0.45,1,"Not significant",0
"Sod2",0.594564602977015,-0.0172914972199654,0.25,0.277,1,"Not significant",0
"Ik",0.595273549056547,0.107637333759347,0.147,0.169,1,"Not significant",0
"Col11a2",0.595315246675917,0.333404481876451,0.115,0.101,1,"Not significant",0
"Cul7",0.596152022534767,0.206808644373386,0.154,0.18,1,"Not significant",0
"Timm44",0.596359348305064,0.407374703256656,0.327,0.332,1,"Not significant",0
"Atp6v1d",0.597993791447341,-0.19528979919796,0.103,0.117,1,"Not significant",0
"Metap2",0.599084040158094,0.369494819585566,0.295,0.295,1,"Not significant",0
"Man2a2",0.599245101670616,0.337584190374742,0.333,0.341,1,"Not significant",0
"Naa25",0.599709806257952,0.00885091758226553,0.179,0.202,1,"Not significant",0
"Rangap1",0.599964330145611,0.521776237530542,0.231,0.224,1,"Not significant",0
"Arhgap23",0.599975523364866,0.245282792188022,0.218,0.259,1,"Not significant",0
"Mapre3",0.600807712067839,0.153474480661718,0.288,0.345,1,"Not significant",0
"Plekhg5",0.601723299198735,0.016214305995752,0.109,0.127,1,"Not significant",0
"Aars",0.603350024460831,-0.136396110144391,0.141,0.158,1,"Not significant",0
"Hnrnph1",0.60557050958125,0.145365503758308,0.276,0.317,1,"Not significant",0
"Uqcrc1",0.606819223044041,0.0457183003058352,0.128,0.147,1,"Not significant",0
"Ncl",0.608301821064395,0.265844114670338,0.199,0.233,1,"Not significant",0
"Psip1",0.608768864026221,0.316916359087882,0.346,0.358,1,"Not significant",0
"Plekhn1",0.609252849520287,0.172441985302528,0.218,0.251,1,"Not significant",0
"Aldoa",0.60998934382142,0.0864811692174197,0.147,0.169,1,"Not significant",0
"Cluh",0.610602233811728,0.586530030752507,0.199,0.193,1,"Not significant",0
"Cox19",0.610709268210077,0.352197996104533,0.103,0.09,1,"Not significant",0
"Ankhd1",0.611407986503356,0.224424187290357,0.353,0.426,1,"Not significant",0
"Mroh1",0.614122075201993,0.404172271218312,0.276,0.277,1,"Not significant",0
"Jak1",0.617361240484884,-0.0102579053654392,0.135,0.152,1,"Not significant",0
"Camkv",0.617734229750355,0.463673282966973,0.25,0.242,1,"Not significant",0
"Anapc5",0.618184317486877,0.316665843356664,0.423,0.448,1,"Not significant",0
"Tcerg1",0.619180912432753,0.296301203382082,0.429,0.466,1,"Not significant",0
"Hsph1",0.619718419537569,0.408192789493995,0.212,0.196,1,"Not significant",0
"Eif2s2",0.61997109731108,0.132764398486244,0.25,0.283,1,"Not significant",0
"Vwa5b2",0.620047947804067,0.0735269592298402,0.308,0.35,1,"Not significant",0
"Colgalt1",0.620485821767861,-0.142822379303824,0.192,0.209,1,"Not significant",0
"Diaph1",0.621046151618605,0.244622368719913,0.167,0.194,1,"Not significant",0
"Scyl1",0.621915523301548,0.219747700080884,0.109,0.095,1,"Not significant",0
"4930581F22Rik",0.622680629755239,0.328272156859053,0.122,0.108,1,"Not significant",0
"Ksr1",0.623867119297011,0.130110487596208,0.122,0.139,1,"Not significant",0
"Kcnc3",0.62386877973271,0.0555183043025747,0.212,0.237,1,"Not significant",0
"Tars2",0.627046989915531,0.0910143859586814,0.122,0.139,1,"Not significant",0
"Begain",0.628086918080928,0.421990421795925,0.301,0.305,1,"Not significant",0
"Clk2",0.628370802204472,0.46767521352447,0.173,0.163,1,"Not significant",0
"Bclaf1",0.629548683438625,0.207081288244723,0.577,0.642,1,"Not significant",0
"Paxx",0.631501145807091,0.219747700080884,0.103,0.09,1,"Not significant",0
"Nfatc2",0.632606358608733,-0.0238093312536063,0.141,0.16,1,"Not significant",0
"Pnmal2",0.633413145174807,-0.0221408968813612,0.205,0.226,1,"Not significant",0
"Airn",0.63349717985067,0.263000898034768,0.256,0.244,1,"Not significant",0
"Dnaja1",0.63351799157965,0.309182783662829,0.276,0.266,1,"Not significant",0
"Sf3b2",0.633902099681524,0.251737814325321,0.321,0.319,1,"Not significant",0
"Rasgrp2",0.635636367080393,0.429201065709834,0.167,0.156,1,"Not significant",0
"Ap3b2",0.635652299455352,0.137285539888911,0.314,0.363,1,"Not significant",0
"Tspan17",0.636539353183937,0.180219335894247,0.154,0.174,1,"Not significant",0
"Txlna",0.638645555970906,0.408781524470901,0.179,0.169,1,"Not significant",0
"Taf1",0.63870948260096,0.224713952974233,0.327,0.382,1,"Not significant",0
"Fah",0.639019393202825,0.339046628453228,0.109,0.097,1,"Not significant",0
"Nsrp1",0.642131532669783,-0.216351414725789,0.096,0.108,1,"Not significant",0
"Ipo5",0.642635069375125,0.00952999269053878,0.09,0.103,1,"Not significant",0
"Smarcc2",0.644150295918827,0.408509343536052,0.378,0.409,1,"Not significant",0
"Slc25a25",0.645696351921758,0.134858802494371,0.103,0.117,1,"Not significant",0
"Cpne7",0.64877776221153,0.371330121401394,0.372,0.387,1,"Not significant",0
"Smc3",0.649907393131984,0.311170727844479,0.276,0.317,1,"Not significant",0
"Unc80",0.651578330512294,0.0640328409467674,0.833,0.884,1,"Not significant",0
"Mpnd",0.652320625027842,0.382477200118993,0.128,0.117,1,"Not significant",0
"Thra",0.652901882778387,0.12021202652997,0.34,0.391,1,"Not significant",0
"Tmem132a",0.654716973862131,0.649987606003398,0.192,0.189,1,"Not significant",0
"Rbmx",0.657278751745382,-0.0102579053654392,0.141,0.158,1,"Not significant",0
"Puf60",0.657303616171631,0.233961559300585,0.147,0.171,1,"Not significant",0
"Pcf11",0.657719186262536,0.0830113632891445,0.25,0.281,1,"Not significant",0
"Ccdc25",0.658046700588511,-0.219136541152327,0.09,0.101,1,"Not significant",0
"Cntnap5c",0.658260673118689,-0.0814218346396808,0.301,0.33,1,"Not significant",0
"Rgs11",0.658280259819572,-0.286437687256155,0.141,0.152,1,"Not significant",0
"Usp7",0.659876584513106,0.265733905355064,0.314,0.365,1,"Not significant",0
"Casp8ap2",0.661003490447659,0.389672701523197,0.135,0.123,1,"Not significant",0
"Ganab",0.66121552356482,-0.0403151392216192,0.147,0.163,1,"Not significant",0
"Svop",0.662893738961819,0.258741831696748,0.474,0.607,1,"Not significant",0
"Rps8",0.665526314833701,0.0822441763309496,0.147,0.165,1,"Not significant",0
"Smg7",0.667134357273989,0.16360462204335,0.186,0.211,1,"Not significant",0
"Vcp",0.667703235701656,0.149044708737682,0.295,0.33,1,"Not significant",0
"Acad9",0.668116726651402,0.524602281609305,0.122,0.112,1,"Not significant",0
"Syt3",0.669447274246241,0.314384574218959,0.205,0.194,1,"Not significant",0
"C330007P06Rik",0.67029218947382,-0.00264472125556381,0.096,0.108,1,"Not significant",0
"Cuedc1",0.670612995220944,0.226006690552566,0.333,0.336,1,"Not significant",0
"Mta1",0.673348405787626,0.398717841126203,0.179,0.172,1,"Not significant",0
"Arfip2",0.673610754419354,0.145747118637107,0.09,0.103,1,"Not significant",0
"Arhgef2",0.674043728406077,0.448016687754001,0.186,0.18,1,"Not significant",0
"Flna",0.674173655969204,0.374075846472178,0.205,0.194,1,"Not significant",0
"Knop1",0.675235335213042,0.219747700080884,0.154,0.174,1,"Not significant",0
"Numa1",0.676292842731386,0.310895588139079,0.327,0.389,1,"Not significant",0
"Inpp5a",0.676932369023433,-0.0432867057529098,0.192,0.211,1,"Not significant",0
"Kcnh2",0.677052030072438,0.0803446434154673,0.109,0.123,1,"Not significant",0
"Eid1",0.677059891291964,0.0919921528825114,0.09,0.103,1,"Not significant",0
"Flot1",0.677642069668294,0.00562289472803679,0.128,0.143,1,"Not significant",0
"Tmem94",0.678799253498718,0.265551389694009,0.16,0.149,1,"Not significant",0
"Dpp3",0.679869779157133,-0.102180394806478,0.09,0.101,1,"Not significant",0
"Cul1",0.680000022089113,0.117385982451206,0.295,0.327,1,"Not significant",0
"Sidt2",0.68004209921597,0.381498770077496,0.199,0.191,1,"Not significant",0
"2310033P09Rik",0.680509224599934,-0.154647814700614,0.103,0.114,1,"Not significant",0
"Ppip5k1",0.681860576028932,0.136025874183381,0.365,0.42,1,"Not significant",0
"Map1s",0.682293284174143,0.456786897381734,0.16,0.15,1,"Not significant",0
"Nop14",0.682483658099429,0.376848661165613,0.16,0.183,1,"Not significant",0
"Ypel4",0.683540381004383,0.00447971317781759,0.147,0.163,1,"Not significant",0
"Hip1r",0.684775612481583,0.129549891109306,0.179,0.165,1,"Not significant",0
"Rrp1b",0.684905617894589,0.0834262288681038,0.186,0.207,1,"Not significant",0
"Ryr3",0.685629130280702,0.0201471436176786,0.635,0.668,1,"Not significant",0
"Sgta",0.686892058371755,-0.0603602191118511,0.147,0.161,1,"Not significant",0
"Mbp",0.687843189155614,0.241774006410883,0.173,0.196,1,"Not significant",0
"Slc12a9",0.688307092987525,-0.232764504616623,0.109,0.119,1,"Not significant",0
"Zgpat",0.688779313438322,0.314384574218959,0.109,0.099,1,"Not significant",0
"Camta2",0.691165630158803,0.26865730056183,0.199,0.189,1,"Not significant",0
"Pias4",0.69400697610939,-0.098613779786286,0.154,0.167,1,"Not significant",0
"Zfp664",0.694642867295433,0.257222405499547,0.167,0.189,1,"Not significant",0
"Mthfsd",0.697242147192466,-0.0253647977556475,0.09,0.101,1,"Not significant",0
"Cse1l",0.697802428428681,0.201369170766029,0.122,0.138,1,"Not significant",0
"Cep164",0.697924091670644,0.403261766271152,0.397,0.44,1,"Not significant",0
"Slc38a1",0.698666123802852,0.514754495652958,0.41,0.439,1,"Not significant",0
"Rasal1",0.698902622813471,0.46767521352447,0.16,0.152,1,"Not significant",0
"Tfe3",0.699879600735828,0.0271026221384885,0.115,0.128,1,"Not significant",0
"Xpo5",0.701824822103832,0.154456239829165,0.167,0.185,1,"Not significant",0
"Ndor1",0.702849358957526,0.0994534663631721,0.109,0.123,1,"Not significant",0
"Pdzd2",0.705524922167467,-0.220824891305097,0.128,0.141,1,"Not significant",0
"Pitpnm3",0.706891944394938,0.230016035534711,0.199,0.224,1,"Not significant",0
"Tbc1d17",0.709364033132659,0.446256229889564,0.167,0.16,1,"Not significant",0
"Kcnd3",0.710332856908522,0.332958310528875,0.423,0.477,1,"Not significant",0
"Oscp1",0.71228042150851,0.137285539888911,0.16,0.18,1,"Not significant",0
"Stx1b",0.712576964328251,0.444307958100042,0.16,0.154,1,"Not significant",0
"Sv2c",0.713500874011709,0.160854011027316,0.173,0.16,1,"Not significant",0
"Ltbp4",0.713932527515081,0.230016035534711,0.192,0.218,1,"Not significant",0
"Zfp512b",0.714178243172515,0.0153892015746979,0.224,0.242,1,"Not significant",0
"Ltbp3",0.714251011698013,0.0622064230944039,0.244,0.264,1,"Not significant",0
"Emsy",0.714516542884722,0.147597914325049,0.263,0.297,1,"Not significant",0
"Kif1b",0.715415664662317,0.125565261024176,0.718,0.857,1,"Not significant",0
"Tmem91",0.71614829098865,0.27419548410326,0.417,0.433,1,"Not significant",0
"Crocc",0.716403195658535,0.206691547255438,0.385,0.446,1,"Not significant",0
"Flt3",0.716544156271681,0.371750793525934,0.141,0.132,1,"Not significant",0
"Dnajc1",0.716578827378758,0.29164061856267,0.365,0.383,1,"Not significant",0
"Pxn",0.717170351437853,0.679179318718182,0.128,0.121,1,"Not significant",0
"Cep170b",0.718218731141092,-0.0134514762121469,0.103,0.114,1,"Not significant",0
"Usp9x",0.718966633253245,0.197888266117145,0.442,0.517,1,"Not significant",0
"Ccdc174",0.719261431735341,0.266290286017914,0.212,0.204,1,"Not significant",0
"Man2c1",0.722368186629461,0.152633504222347,0.199,0.218,1,"Not significant",0
"Rhbdl3",0.72239377452641,0.685411272429696,0.103,0.095,1,"Not significant",0
"Rnpepl1",0.722538089948894,0.360610235920734,0.186,0.18,1,"Not significant",0
"Fam160b1",0.722554278779384,0.0063440619716908,0.122,0.134,1,"Not significant",0
"Aspscr1",0.723027426025047,0.317044901435799,0.205,0.2,1,"Not significant",0
"Nucb1",0.724309915978202,-0.0154687616131475,0.173,0.187,1,"Not significant",0
"Thrap3",0.725057742013402,0.184813909971497,0.288,0.328,1,"Not significant",0
"Plxnb2",0.725907229179609,0.308752706139629,0.179,0.174,1,"Not significant",0
"Reep2",0.726283512358004,0.33522491750082,0.192,0.183,1,"Not significant",0
"Trim28",0.728992823739396,0.054688453810388,0.115,0.127,1,"Not significant",0
"Mettl1",0.729833288231803,-0.19528979919796,0.115,0.125,1,"Not significant",0
"Adck5",0.730713736368225,0.176678978188998,0.122,0.112,1,"Not significant",0
"Capn15",0.730963281013082,0.0244914086819501,0.314,0.343,1,"Not significant",0
"Ggnbp2",0.732584671826496,0.0489470111817082,0.429,0.483,1,"Not significant",0
"Efnb3",0.733574317203023,0.202674186721943,0.128,0.143,1,"Not significant",0
"Fbrs",0.734053818411463,-0.0292798477590308,0.128,0.139,1,"Not significant",0
"Dnajb2",0.736281884814458,0.0233504872773809,0.154,0.167,1,"Not significant",0
"Hivep1",0.736735534201349,-0.00264472125556381,0.115,0.127,1,"Not significant",0
"Whamm",0.737201562067994,0.371750793525934,0.218,0.22,1,"Not significant",0
"Nfasc",0.741580187790715,0.125896359421629,0.679,0.767,1,"Not significant",0
"Pcgf2",0.741898381638602,0.345278582164743,0.115,0.13,1,"Not significant",0
"Ece1",0.743374652940937,0.0989955406202736,0.192,0.211,1,"Not significant",0
"Hgs",0.743772413073081,-0.00264472125556381,0.109,0.119,1,"Not significant",0
"Wdr78",0.745415057714576,0.0294164879767349,0.135,0.147,1,"Not significant",0
"Mast1",0.745580810514244,0.153859764424427,0.378,0.433,1,"Not significant",0
"Gm46102",0.747120716418409,0.345278582164743,0.128,0.121,1,"Not significant",0
"Kif21b",0.748211551814627,0.361475809692544,0.237,0.237,1,"Not significant",0
"Cerk",0.748979765412947,0.0928355875986644,0.141,0.154,1,"Not significant",0
"Pigq",0.749051522723652,0.219747700080884,0.167,0.183,1,"Not significant",0
"Plekhm2",0.750834245862803,0.249191477973366,0.256,0.294,1,"Not significant",0
"Tanc2",0.752276253702301,0.0296292340642847,0.801,0.883,1,"Not significant",0
"Pkp4",0.752610001589891,0.204192885886042,0.391,0.459,1,"Not significant",0
"Zfp948",0.754886985722461,0.122886160828295,0.115,0.127,1,"Not significant",0
"Ccar1",0.75608941259362,0.248747571803436,0.442,0.499,1,"Not significant",0
"Cul9",0.756130054632889,0.119345803123047,0.41,0.457,1,"Not significant",0
"Ovgp1",0.756639140058576,0.138447597979036,0.122,0.112,1,"Not significant",0
"Vac14",0.760875859863642,0.371750793525934,0.103,0.095,1,"Not significant",0
"Pnkp",0.761745559291249,-0.0317910669150803,0.115,0.125,1,"Not significant",0
"Btaf1",0.761843735196303,0.548949029880424,0.353,0.38,1,"Not significant",0
"Actn1",0.762525114367935,0.0834262288681038,0.301,0.332,1,"Not significant",0
"Psmc4",0.762981096482648,0.0968909522953507,0.167,0.156,1,"Not significant",0
"Baiap2",0.763819106604212,0.547552361304916,0.269,0.283,1,"Not significant",0
"Bcan",0.766827554579686,0.431251805274596,0.167,0.161,1,"Not significant",0
"Vars",0.768241230163726,0.366589088410155,0.147,0.141,1,"Not significant",0
"Atg9a",0.770797025954293,-0.046767274487872,0.128,0.138,1,"Not significant",0
"Dock10",0.771417606210785,0.316066660948256,0.397,0.428,1,"Not significant",0
"Fam13c",0.773070126842195,0.18872080446026,0.205,0.224,1,"Not significant",0
"Itsn2",0.773277552335195,0.215498227079526,0.397,0.422,1,"Not significant",0
"Cmip",0.774372758114232,0.216241756579349,0.641,0.743,1,"Not significant",0
"Rabl2",0.774666558354013,0.129145151299977,0.167,0.18,1,"Not significant",0
"Psma4",0.775193516962216,0.152633504222347,0.141,0.152,1,"Not significant",0
"Brd7",0.776437826906154,0.296915560603344,0.16,0.154,1,"Not significant",0
"Nisch",0.777487224926239,0.142211099609864,0.474,0.572,1,"Not significant",0
"Klhl26",0.778055400772388,0.0614856161641515,0.115,0.125,1,"Not significant",0
"Nckipsd",0.78066566847412,0.204317659511278,0.154,0.145,1,"Not significant",0
"Rnf126",0.781700979954945,0.0919921528825114,0.109,0.101,1,"Not significant",0
"Snx32",0.782322004053535,0.10838659113318,0.244,0.262,1,"Not significant",0
"Dlx1",0.78469779927015,-0.259420136617675,0.128,0.134,1,"Not significant",0
"Spred3",0.78516545456159,0.27419548410326,0.122,0.136,1,"Not significant",0
"Zscan26",0.785492047860033,0.155617362661168,0.199,0.217,1,"Not significant",0
"Brd2",0.785531652788473,0.2838780375006,0.192,0.213,1,"Not significant",0
"Cacna1d",0.785670671202167,0.124542877687209,0.603,0.697,1,"Not significant",0
"Amdhd2",0.786716055912195,0.0526377142456256,0.096,0.105,1,"Not significant",0
"Kri1",0.788887538175027,0.202674186721943,0.128,0.139,1,"Not significant",0
"Cep44",0.789140076391453,0.134858802494371,0.115,0.125,1,"Not significant",0
"Atp13a1",0.789369529496116,0.300237617941252,0.205,0.204,1,"Not significant",0
"Prrt1",0.790734844321513,0.54447442832092,0.16,0.16,1,"Not significant",0
"Ppme1",0.790843100897481,0.26744444211218,0.179,0.196,1,"Not significant",0
"Dhx57",0.792228673464547,0.0741001016756577,0.365,0.411,1,"Not significant",0
"Rnpc3",0.793108206634041,0.310721360128374,0.494,0.585,1,"Not significant",0
"Anxa6",0.793220679714086,0.382477200118993,0.212,0.215,1,"Not significant",0
"Wnk2",0.793370134576681,0.143941405646209,0.513,0.606,1,"Not significant",0
"Kifc3",0.793409738413141,0.174659810552346,0.115,0.108,1,"Not significant",0
"Cabp1",0.794169410692984,0.0146332701762715,0.122,0.13,1,"Not significant",0
"Pcnt",0.795304326421413,0.039175454439063,0.109,0.117,1,"Not significant",0
"Iqsec3",0.79613577288104,0.263336968628567,0.378,0.393,1,"Not significant",0
"Hnrnpd",0.796520012575984,0.179105715583538,0.186,0.178,1,"Not significant",0
"Map3k12",0.798262984091479,0.463018851093248,0.231,0.237,1,"Not significant",0
"Arhgap33",0.800515407152841,0.219747700080884,0.199,0.193,1,"Not significant",0
"Rpl38",0.802453820392841,0.195900958126516,0.096,0.105,1,"Not significant",0
"Zfp598",0.802582398578219,0.297750212082157,0.173,0.169,1,"Not significant",0
"Yars",0.803259661041086,0.128599812022689,0.218,0.235,1,"Not significant",0
"Srsf3",0.803356716807493,0.20063887713318,0.135,0.128,1,"Not significant",0
"Ubr2",0.80373524320141,0.0857303521091965,0.429,0.47,1,"Not significant",0
"Rarb",0.804053020314668,0.556782687358455,0.115,0.108,1,"Not significant",0
"Zfp667",0.80551750063494,0.239113024947816,0.109,0.119,1,"Not significant",0
"Kcnip1",0.805784485267022,0.0716490610917504,0.449,0.501,1,"Not significant",0
"Gga3",0.807312877377005,0.270731628799689,0.205,0.228,1,"Not significant",0
"Mapkbp1",0.807847130568843,0.227921631526584,0.25,0.272,1,"Not significant",0
"Mdh2",0.808538325763957,-0.0851068814475364,0.096,0.103,1,"Not significant",0
"Sart1",0.808684231088689,0.236426441227514,0.128,0.138,1,"Not significant",0
"Gnl3",0.809393065610137,0.447775656086765,0.231,0.235,1,"Not significant",0
"Map1b",0.809542472196018,0.280777133478444,0.66,0.809,1,"Not significant",0
"Mir670hg",0.810539783262339,0.939252324180868,0.173,0.174,1,"Not significant",0
"Cep104",0.810927176697163,0.0227108530213305,0.205,0.218,1,"Not significant",0
"Cacna1a",0.812722622963835,0.037729626650552,0.929,0.943,1,"Not significant",0
"Firre",0.813293245078968,0.192679456882713,0.346,0.385,1,"Not significant",0
"Tubgcp2",0.813328844415433,0.430314686020542,0.122,0.119,1,"Not significant",0
"Ylpm1",0.813767535623991,0.0685836267472335,0.538,0.642,1,"Not significant",0
"Fbf1",0.81450418894928,0.0654195536895903,0.276,0.297,1,"Not significant",0
"Rbm10",0.815866358618583,-0.0317910669150803,0.263,0.273,1,"Not significant",0
"Ring1",0.815939892585548,0.247762076250481,0.231,0.255,1,"Not significant",0
"Igsf21",0.816935113174855,0.705174527251126,0.173,0.176,1,"Not significant",0
"2010300C02Rik",0.817528820523254,-0.034825127004714,0.109,0.116,1,"Not significant",0
"Usp5",0.818371840620836,0.290137027972282,0.173,0.169,1,"Not significant",0
"Ssr4",0.818928215565725,0.232458751830438,0.16,0.174,1,"Not significant",0
"Ap2a1",0.819470329740812,0.027102622138488,0.186,0.196,1,"Not significant",0
"Rtl5",0.820677403354618,0.198052628981565,0.115,0.11,1,"Not significant",0
"Sbno2",0.821913552351794,0.219747700080884,0.141,0.152,1,"Not significant",0
"Tpm3",0.824425075244557,0.155971789647569,0.301,0.295,1,"Not significant",0
"Nars",0.825248365578845,0.296915560603344,0.154,0.15,1,"Not significant",0
"Arid3a",0.825481519302524,-0.0432867057529096,0.109,0.116,1,"Not significant",0
"Mms19",0.825492177666234,0.158347155416741,0.205,0.222,1,"Not significant",0
"Cnot10",0.825885907326421,0.173205114143854,0.436,0.503,1,"Not significant",0
"Fbxl19",0.82688510072828,0.123988717275453,0.167,0.18,1,"Not significant",0
"Sptbn2",0.827975908650759,0.206072763183808,0.308,0.308,1,"Not significant",0
"Rrbp1",0.82966437749611,0.00720306470078325,0.212,0.218,1,"Not significant",0
"Tmem234",0.829685730125945,0.0614856161641517,0.308,0.332,1,"Not significant",0
"Fam173a",0.83056203286376,0.246714747681153,0.16,0.172,1,"Not significant",0
"Acrbp",0.830815013062138,0.0428699379968047,0.122,0.128,1,"Not significant",0
"Kdm7a",0.831724619097363,0.205248130385769,0.147,0.158,1,"Not significant",0
"Arvcf",0.834254059833915,0.0417493981028896,0.173,0.182,1,"Not significant",0
"Lpin1",0.834627269213033,0.310895588139079,0.205,0.222,1,"Not significant",0
"mt-Nd3",0.834789766177056,0.349970277489465,0.288,0.308,1,"Not significant",0
"Bms1",0.836178724395899,0.279248711829546,0.16,0.156,1,"Not significant",0
"Rps24",0.836857799256474,0.245282792188021,0.103,0.097,1,"Not significant",0
"Abcf3",0.839908378926485,0.436978416301553,0.135,0.132,1,"Not significant",0
"Usp19",0.841927023250642,0.00325588018412049,0.199,0.206,1,"Not significant",0
"Ddx21",0.842298077235875,0.112832496164372,0.147,0.141,1,"Not significant",0
"Abcd4",0.842790951796937,0.314904933121224,0.186,0.204,1,"Not significant",0
"Pelp1",0.842981686806329,0.141745188079611,0.103,0.097,1,"Not significant",0
"Ist1",0.843293533704274,0.314384574218959,0.269,0.283,1,"Not significant",0
"Magi3",0.844503178138706,0.18322182405577,0.404,0.426,1,"Not significant",0
"Sez6l",0.846490344319551,0.205603517760615,0.538,0.611,1,"Not significant",0
"Slc2a13",0.846842016088314,0.826405271901359,0.301,0.323,1,"Not significant",0
"Grip2",0.846992973953093,0.400319945722705,0.218,0.222,1,"Not significant",0
"Vps13a",0.848174713080249,0.160450516397112,0.474,0.527,1,"Not significant",0
"Map7d2",0.848200273276161,0.427108508225519,0.378,0.413,1,"Not significant",0
"B4galnt1",0.849138861689989,0.2838780375006,0.115,0.112,1,"Not significant",0
"Adgra1",0.849938663248787,0.170504181061035,0.212,0.226,1,"Not significant",0
"Sema6b",0.851781302232929,0.246714747681153,0.173,0.171,1,"Not significant",0
"Dmxl1",0.85192951530076,0.265844114670338,0.353,0.413,1,"Not significant",0
"Wdr13",0.852058240663603,0.376848661165613,0.173,0.172,1,"Not significant",0
"Bnip2",0.852988423238297,0.340041933798596,0.109,0.117,1,"Not significant",0
"Gm10419",0.853204238460651,0.386857685916142,0.256,0.27,1,"Not significant",0
"Ktn1",0.853395609879986,0.140500949071148,0.532,0.622,1,"Not significant",0
"Slk",0.853593721560393,0.168400820080664,0.218,0.217,1,"Not significant",0
"Trp53bp1",0.854780549018956,0.243995246327561,0.41,0.461,1,"Not significant",0
"Mlf2",0.857334898934885,0.138447597979036,0.109,0.116,1,"Not significant",0
"Slc9a5",0.859214653756973,0.148664602019402,0.16,0.167,1,"Not significant",0
"Ddx23",0.859997817209182,0.0518030627668122,0.141,0.149,1,"Not significant",0
"Eef1d",0.860200169330456,0.158993669001787,0.154,0.163,1,"Not significant",0
"Samm50",0.861295733804513,0.00264957841394908,0.212,0.218,1,"Not significant",0
"Golgb1",0.86137477323953,0.227165171643367,0.526,0.6,1,"Not significant",0
"Fermt2",0.861504402974308,0.374470294879526,0.244,0.264,1,"Not significant",0
"Dennd4b",0.862628703278752,-0.0184120371138805,0.141,0.147,1,"Not significant",0
"Kif17",0.863288523331109,0.276015919727629,0.244,0.251,1,"Not significant",0
"Eif4a1",0.865182325889271,0.219747700080884,0.122,0.117,1,"Not significant",0
"Snhg12",0.867070009280367,-0.0365920531789015,0.135,0.139,1,"Not significant",0
"Ahsa2",0.867612967130653,0.0457183003058352,0.199,0.207,1,"Not significant",0
"Nasp",0.868016605237526,0.290137027972282,0.122,0.13,1,"Not significant",0
"Ypel3",0.868031253960257,0.309945509052462,0.109,0.106,1,"Not significant",0
"Smpd4",0.868940460476696,0.124969475328784,0.263,0.262,1,"Not significant",0
"Cdk13",0.872294418364986,0.786331671487186,0.301,0.358,1,"Not significant",0
"Isyna1",0.872494802825098,0.054688453810388,0.122,0.127,1,"Not significant",0
"Cntnap1",0.873588195322452,0.239113024947816,0.224,0.24,1,"Not significant",0
"Man1b1",0.874398227080671,0.177622224408208,0.224,0.222,1,"Not significant",0
"Med24",0.87490008672936,0.349030717025851,0.16,0.161,1,"Not significant",0
"Ppard",0.874934039752214,0.257222405499547,0.115,0.112,1,"Not significant",0
"Fbxw5",0.878989373581438,0.265551389694009,0.154,0.15,1,"Not significant",0
"Ppp1r9b",0.88015115615299,0.258741831696748,0.122,0.128,1,"Not significant",0
"Cacnb3",0.880343509673304,0.26865730056183,0.096,0.103,1,"Not significant",0
"Ddx46",0.881023763759569,0.229115882615079,0.365,0.404,1,"Not significant",0
"U2surp",0.881637794125468,0.228936871535545,0.385,0.433,1,"Not significant",0
"Ccpg1",0.88220697668431,0.416013093701977,0.282,0.323,1,"Not significant",0
"Sema6c",0.882423059155872,0.126638295689403,0.128,0.125,1,"Not significant",0
"Htatsf1",0.883304729057863,0.10871638769214,0.128,0.134,1,"Not significant",0
"Crebbp",0.883681474413157,0.188653930979316,0.487,0.574,1,"Not significant",0
"Grik3",0.883979598790751,-0.0978019542959038,0.333,0.343,1,"Not significant",0
"G6pc3",0.889406903018896,0.198989139914087,0.115,0.112,1,"Not significant",0
"Aup1",0.890306664127189,0.11665420711678,0.135,0.141,1,"Not significant",0
"Nub1",0.890841174245504,0.205875525499327,0.288,0.31,1,"Not significant",0
"Plxna3",0.891749579592561,0.0901124196642886,0.199,0.207,1,"Not significant",0
"Banp",0.892950213677333,0.298357534777251,0.327,0.354,1,"Not significant",0
"Cdk9",0.893876609959375,0.159375082101402,0.192,0.202,1,"Not significant",0
"Golga3",0.894111086586981,0.189050902857967,0.154,0.15,1,"Not significant",0
"Ankrd27",0.897285296851967,0.341309679961797,0.141,0.15,1,"Not significant",0
"Atp11a",0.898918511659825,0.0411503966241211,0.231,0.237,1,"Not significant",0
"Neurl4",0.899346461563254,0.350992233359137,0.109,0.108,1,"Not significant",0
"mt-Nd2",0.900593459218036,-0.060360219111851,0.308,0.332,1,"Not significant",0
"Tor1b",0.902300860734149,0.276331228447252,0.128,0.127,1,"Not significant",0
"Rbm3",0.90254579916106,0.340041933798596,0.115,0.114,1,"Not significant",0
"Nrbp1",0.904388860468325,0.0422095145286967,0.147,0.152,1,"Not significant",0
"Cebpz",0.904739490879614,0.389672701523196,0.224,0.233,1,"Not significant",0
"Szt2",0.905413936456119,0.0438978646814663,0.186,0.193,1,"Not significant",0
"Pdgfa",0.906121965261546,0.0961730149623514,0.205,0.213,1,"Not significant",0
"Rnf157",0.906581426149772,0.15168342513573,0.455,0.514,1,"Not significant",0
"Rab34",0.906633178943187,0.285336041708461,0.135,0.143,1,"Not significant",0
"Chd2",0.908149348781234,0.0889002206212621,0.5,0.572,1,"Not significant",0
"Gnb2",0.908338865850098,0.292811162270608,0.237,0.248,1,"Not significant",0
"Tmem145",0.909072237247187,0.199848142643179,0.224,0.239,1,"Not significant",0
"Arpc2",0.910005922244316,0.572049444011765,0.269,0.299,1,"Not significant",0
"Hnrnpk",0.910141831834894,0.123532384821581,0.147,0.154,1,"Not significant",0
"Afdn",0.910330763189799,0.216024614038167,0.423,0.505,1,"Not significant",0
"Mapk8ip2",0.913752925013209,0.185800368157546,0.199,0.209,1,"Not significant",0
"BC005561",0.913989814766525,0.305554853751155,0.378,0.424,1,"Not significant",0
"Ralgds",0.913993920742873,0.257222405499547,0.179,0.189,1,"Not significant",0
"Grin2a",0.914841800342119,-0.0105499193409099,0.436,0.466,1,"Not significant",0
"Ddx10",0.915188801180427,0.0822441763309492,0.212,0.218,1,"Not significant",0
"Arhgef1",0.915774430501633,0.1970276235808,0.199,0.209,1,"Not significant",0
"Ttbk1",0.915780738288569,0.320441699700357,0.333,0.365,1,"Not significant",0
"Phf24",0.916201052759779,0.292504042516198,0.244,0.266,1,"Not significant",0
"Bod1l",0.918516529017317,0.127216414327028,0.481,0.552,1,"Not significant",0
"Ube3b",0.918563275758086,0.219747700080884,0.154,0.163,1,"Not significant",0
"Eml2",0.918818247432689,0.157819950937682,0.34,0.349,1,"Not significant",0
"Rnf25",0.918928369313116,0.273585851708434,0.327,0.369,1,"Not significant",0
"Sptbn1",0.919150112398198,0.124761008448732,0.647,0.727,1,"Not significant",0
"Stub1",0.920730839084323,0.345278582164743,0.199,0.215,1,"Not significant",0
"Ttc14",0.921621521587621,0.117419765660024,0.603,0.651,1,"Not significant",0
"Ptpru",0.921824356758802,-0.034825127004714,0.199,0.202,1,"Not significant",0
"Mtmr6",0.922933313327742,0.186957764963215,0.147,0.152,1,"Not significant",0
"Mon2",0.923307105535489,0.199848142643179,0.365,0.385,1,"Not significant",0
"Fibp",0.923750002937182,0.104270482660948,0.135,0.132,1,"Not significant",0
"Dhx15",0.924018992809276,0.219747700080884,0.192,0.196,1,"Not significant",0
"Dnmt1",0.924118385946187,0.309945509052462,0.147,0.149,1,"Not significant",0
"Hnrnpa2b1",0.924636181167008,0.248660391996123,0.487,0.596,1,"Not significant",0
"Cacna1h",0.924672626877143,0.245979241654064,0.16,0.169,1,"Not significant",0
"Nat10",0.926872750047392,0.185800368157547,0.135,0.134,1,"Not significant",0
"Ccdc39",0.927062772388502,0.168217399440802,0.244,0.248,1,"Not significant",0
"Stk11",0.928542989998449,0.219747700080884,0.103,0.106,1,"Not significant",0
"Hsp90aa1",0.929807028972822,0.350534307616238,0.346,0.38,1,"Not significant",0
"Apc2",0.930106778364677,0.0871099315027652,0.237,0.242,1,"Not significant",0
"Bud23",0.932838240861099,0.2838780375006,0.109,0.114,1,"Not significant",0
"Pex6",0.93366009743667,0.219747700080884,0.154,0.16,1,"Not significant",0
"Fmr1",0.934169090264992,-0.0253647977556475,0.103,0.105,1,"Not significant",0
"Dmtn",0.934651993833725,0.188038840353546,0.282,0.294,1,"Not significant",0
"Sfpq",0.935340500107298,0.0811424618513774,0.462,0.49,1,"Not significant",0
"Scaf1",0.935668321785368,0.160854011027316,0.199,0.206,1,"Not significant",0
"Rasa4",0.936670952316548,0.323583511065424,0.109,0.108,1,"Not significant",0
"Ddx27",0.937684548670808,-0.00264472125556381,0.179,0.182,1,"Not significant",0
"4932438A13Rik",0.938088254497487,0.24070731871653,0.538,0.664,1,"Not significant",0
"Ccnt1",0.940836251413429,0.210869548734431,0.244,0.257,1,"Not significant",0
"Grin1",0.942611861002503,0.0720484092250607,0.641,0.71,1,"Not significant",0
"Pnck",0.946049460359089,0.203806156211862,0.269,0.284,1,"Not significant",0
"Rhot2",0.946597516755815,0.0854466083692931,0.212,0.218,1,"Not significant",0
"Aco2",0.94789334189471,0.20986618856692,0.353,0.382,1,"Not significant",0
"Setd1a",0.947916826395411,0.181273552266248,0.288,0.312,1,"Not significant",0
"Rpl9",0.94833237438608,0.0526377142456256,0.103,0.105,1,"Not significant",0
"Ddx49",0.94839269043023,0.0803446434154673,0.122,0.125,1,"Not significant",0
"Stau1",0.94937408169395,0.234854592471093,0.154,0.156,1,"Not significant",0
"Smarca4",0.949749874159377,0.369940636399012,0.391,0.442,1,"Not significant",0
"Rnf31",0.950386976159703,0.167280280186748,0.135,0.134,1,"Not significant",0
"Arhgef25",0.951814944637746,0.170838099599938,0.263,0.268,1,"Not significant",0
"Sf3b1",0.952565559288605,0.194944309080312,0.494,0.585,1,"Not significant",0
"Ccnl1",0.952761068457613,0.241524642476136,0.327,0.35,1,"Not significant",0
"Ipo13",0.953122046012798,0.265551389694009,0.154,0.16,1,"Not significant",0
"Rsrp1",0.956821215244715,0.142179146585181,0.538,0.607,1,"Not significant",0
"Kcnk3",0.957200886592847,0.240809315608713,0.109,0.108,1,"Not significant",0
"Zmynd8",0.957460291542781,0.0782116056869029,0.622,0.763,1,"Not significant",0
"Srpk1",0.958847270801516,0.259825139456219,0.301,0.323,1,"Not significant",0
"Zpr1",0.960472715536207,0.172441985302527,0.103,0.105,1,"Not significant",0
"Gon4l",0.961921286890307,0.167986272391143,0.474,0.545,1,"Not significant",0
"Cntn2",0.962508983651339,0.356436372049264,0.231,0.248,1,"Not significant",0
"Setx",0.962835969164772,0.26727607016347,0.442,0.516,1,"Not significant",0
"Vps16",0.963237792348085,-0.0197182346145053,0.135,0.136,1,"Not significant",0
"Fubp3",0.964909127344736,0.0622064230944042,0.141,0.143,1,"Not significant",0
"Pkn1",0.967135221505706,0.0716490610917502,0.179,0.182,1,"Not significant",0
"Lgi3",0.968499831937956,0.0957589828054308,0.135,0.138,1,"Not significant",0
"Cdc42bpb",0.968592650123312,0.0851616597132436,0.346,0.356,1,"Not significant",0
"Ptprt",0.96939509279985,-0.00462508538380463,0.462,0.466,1,"Not significant",0
"Ppfia3",0.969851215913544,0.107854820009987,0.295,0.31,1,"Not significant",0
"Rab40c",0.969935809894497,0.389672701523196,0.308,0.356,1,"Not significant",0
"Glrx3",0.971777106156011,0.0984414038587502,0.109,0.108,1,"Not significant",0
"Rfx1",0.972505410613552,0.106738738251698,0.224,0.228,1,"Not significant",0
"Scg2",0.974231249663305,0.626848939435965,0.333,0.356,1,"Not significant",0
"Gtpbp4",0.976266614343055,0.18872080446026,0.205,0.211,1,"Not significant",0
"Capns1",0.982228086140111,0.375866901998166,0.173,0.18,1,"Not significant",0
"Spout1",0.982499691400212,0.181779849881864,0.128,0.13,1,"Not significant",0
"Chd1",0.986538714867563,0.2838780375006,0.199,0.209,1,"Not significant",0
"Nsmf",0.986785434778775,0.185800368157546,0.256,0.27,1,"Not significant",0
"Map4k2",0.987393760518475,0.186957764963215,0.346,0.371,1,"Not significant",0
"Ftsj3",0.989860207573724,0.290137027972282,0.103,0.105,1,"Not significant",0
"Chd8",0.991036421479845,0.121183865597294,0.551,0.683,1,"Not significant",0
"2610507B11Rik",0.991382282449483,0.0885031668026317,0.378,0.404,1,"Not significant",0
"Dnaja2",0.991405016888255,0.18322182405577,0.128,0.13,1,"Not significant",0
"Ncor1",0.991771864399843,0.0523966423023982,0.571,0.657,1,"Not significant",0
"Cfap410",0.992518509757904,0.0526377142456256,0.103,0.103,1,"Not significant",0
"Irak1",0.99315059174856,0.295237899665147,0.321,0.349,1,"Not significant",0
"Rif1",0.994188166555476,0.185454522527006,0.353,0.385,1,"Not significant",0
"Tex10",0.995617062994861,0.409850583460826,0.122,0.125,1,"Not significant",0
"Bin1",0.995958560655249,0.254062064606219,0.468,0.538,1,"Not significant",0
"Abca5",0.996677277700779,0.38480694635138,0.282,0.314,1,"Not significant",0
"Car11",0.997137774065513,0.128839203882674,0.192,0.194,1,"Not significant",0
"Gzf1",0.997619147793593,0.0919921528825114,0.103,0.103,1,"Not significant",0
"Dhx16",0.997619323179227,0.0677446066358338,0.103,0.103,1,"Not significant",0
"Scyl2",0.998007538991304,-0.0253647977556475,0.109,0.108,1,"Not significant",0
"Ankzf1",0.998265316204256,0.310895588139079,0.212,0.224,1,"Not significant",0
"Pde2a",0.998819439216594,0.204066077848615,0.244,0.253,1,"Not significant",0
"Zc3h18",0.999733388658581,0.168673515486615,0.179,0.183,1,"Not significant",0
