"gene","p_val","avg_log2FC","pct.1","pct.2","p_val_adj","sig","log10_p","gene_label"
"Cmss1",1.84632246761842e-91,2.53226429307311,1,0.961,3.25765136186594e-87,"Up",86.4870953963073,"Cmss1"
"Gm19951",1.58613678815961e-62,2.01382759192869,0.995,0.734,2.79857974902882e-58,"Up",57.5530623128167,"Gm19951"
"AC149090.1",2.8084008922042e-60,1.63748513861404,1,0.919,4.95514253420509e-56,"Up",55.3049438485594,"AC149090.1"
"Gphn",1.13476200330412e-59,1.50645285502633,1,0.978,2.00217407862979e-55,"Up",54.6984981655672,"Gphn"
"Camk1d",6.06327441104517e-56,2.16011672258631,0.976,0.64,1.06980413708481e-51,"Up",50.9706957269592,"Camk1d"
"Gm42418",2.69949206607761e-50,0.930419242827353,1,1,4.76298380138734e-46,"Up",45.3221208954945,""
"Lars2",3.81075099560182e-49,1.35180035925449,1,0.818,6.72368905663985e-45,"Up",44.1723923791273,""
"Pabpn1",8.99518966590791e-47,1.45283732954109,0.981,0.828,1.58711126465279e-42,"Up",41.7993926259037,""
"AY036118",3.44189939145277e-45,1.29662349954955,1,0.85,6.07288728627927e-41,"Up",40.2166047793749,""
"Srrm2",1.02836597918309e-39,1.28712414703465,0.991,0.897,1.81444893367064e-35,"Up",34.7412552501899,""
"EGFP",3.51852222909755e-36,1.36219196510109,0.991,0.727,6.20808062101971e-32,"Up",31.2070426517633,""
"Akap8l",2.42731417341594e-32,1.13240488359352,0.953,0.806,4.28275312757508e-28,"Up",27.3682769590898,""
"Gm47283",2.62512641729578e-24,1.58089933962968,0.797,0.563,4.63177305067667e-20,"Up",19.3342527284804,""
"Tia1",5.74631821522491e-24,-1.64295133817487,0.175,0.637,1.01388038589428e-19,"Down",18.9940132785434,"Tia1"
"Ppp3ca",6.43800792475415e-24,-1.76020466625864,0.17,0.618,1.13592211824362e-19,"Down",18.9446514439564,"Ppp3ca"
"Clasp2",1.79971792124699e-23,-1.31513455376873,0.278,0.767,3.17542230024819e-19,"Down",18.4981985095936,"Clasp2"
"Rbm25",5.16586562579566e-23,1.01307090732316,0.972,0.84,9.11465331015387e-19,"Up",18.0402598457529,""
"5330434G04Rik",6.23437808987506e-23,-1.77531155864885,0.156,0.591,1.09999367017756e-18,"Down",17.9586098139462,"5330434G04Rik"
"Adgrb3",5.3418388176648e-22,-1.04121588384538,0.962,0.934,9.42514040988777e-18,"Down",17.0257121712245,"Adgrb3"
"Ubr3",1.04216272132266e-21,-1.48698313265114,0.165,0.609,1.83879190550169e-17,"Down",16.735467416714,""
"Rtn3",5.44069969548398e-21,-1.32167122014625,0.241,0.681,9.59957054271193e-17,"Down",16.0177481956169,""
"Cdk8",8.35501561999946e-21,1.30610841769308,0.755,0.583,1.4741589559927e-16,"Up",15.8314556847345,""
"Arglu1",1.44478346169983e-20,1.06682469648486,0.858,0.714,2.54917593982319e-16,"Up",15.5936001892238,""
"Ptprg",1.77741457741845e-20,-1.76896346617665,0.212,0.615,3.13607028039711e-16,"Down",15.5036142131921,""
"Astn1",1.84502151795273e-20,-1.54736781728341,0.16,0.582,3.25535596627579e-16,"Down",15.487401515318,""
"Snap25",5.78826359568791e-20,-1.67343194462963,0.142,0.545,1.02128122882317e-15,"Down",14.9908546503634,""
"Pbx1",5.99524025912437e-20,-1.89982322836895,0.16,0.552,1.0578001913199e-15,"Down",14.975596358768,""
"Samd12",6.35380627726718e-20,-1.44747682279476,0.212,0.635,1.12106557956102e-15,"Down",14.9503689815099,""
"Slc25a12",1.83458304432127e-19,-2.11029580636165,0.09,0.455,3.23693832340046e-15,"Down",14.4898655755625,""
"B830012L14Rik",2.03035442184651e-19,-1.78464942322818,0.123,0.514,3.58235734190598e-15,"Down",14.4458310952381,""
"Gabrb3",2.82873719843595e-19,-1.42070991323198,0.231,0.646,4.99102391292038e-15,"Down",14.3018103493436,""
"Trpm3",3.75256319238384e-19,-2.18179875456376,0.236,0.607,6.62102249664205e-15,"Down",14.179074936488,""
"Lsamp",3.77069157787046e-19,-1.03313138214055,1,0.994,6.65300821999464e-15,"Down",14.1769819399695,""
"Ccdc85a",5.04416019337323e-19,-2.05165861922731,0.104,0.47,8.89991624518772e-15,"Down",14.050614080369,""
"Foxp1",1.04296468035023e-18,-1.7323256336832,0.118,0.497,1.84020688200994e-14,"Down",13.7351333494553,""
"Fus",1.17064050391216e-18,-1.4260118566116,0.16,0.561,2.06547810510261e-14,"Down",13.6849794043589,""
"Pcdh7",1.3453736347349e-18,-1.59027966481632,0.33,0.692,2.37377724112625e-14,"Down",13.6245600383253,""
"Prkg1",1.49498988730567e-18,-1.92031230493093,0.245,0.615,2.63776015716212e-14,"Down",13.5787646959604,""
"Mbd5",2.63279808412302e-18,-1.28762167997003,0.189,0.606,4.64530893962666e-14,"Down",13.3329853976416,""
"Pnisr",3.00317866021266e-18,0.660313678220429,0.991,0.96,5.29880842807921e-14,"Up",13.2758217815863,""
"Fam155a",3.24089606695902e-18,-0.732048141390057,0.972,0.974,5.7182370205425e-14,"Down",13.2427378471277,""
"Akt3",3.5462734666416e-18,-1.88368188957452,0.09,0.448,6.25704490454244e-14,"Down",13.2036307282373,""
"Rmst",3.80409172253746e-18,-1.84080485794687,0.245,0.602,6.71193943524509e-14,"Down",13.1731519709901,""
"Atxn1",3.99587611586383e-18,-1.12804570031738,0.264,0.695,7.05032381883015e-14,"Down",13.1517909355616,""
"Nrg3",4.44331071321726e-18,-0.989222894286653,0.972,0.947,7.83977742240053e-14,"Down",13.1056962671109,""
"Clasp1",7.45877259314482e-18,-1.67022951259129,0.113,0.479,1.31602583633447e-13,"Down",12.8807355845311,""
"Gm26917",7.7393925549613e-18,0.671611065081873,1,0.95,1.36553842239737e-13,"Up",12.8646960755313,""
"Garnl3",7.77092802552511e-18,-1.20584013967019,0.222,0.624,1.37110254082365e-13,"Down",12.8629300643581,""
"Csrnp3",8.54895613640561e-18,-1.45616195590577,0.127,0.505,1.50837782070741e-13,"Down",12.8214898621158,""
"Chd5",1.38483091117139e-17,1.4829178634231,0.642,0.461,2.44339565967081e-13,"Up",12.6120062019179,""
"Pacsin1",1.46519592797577e-17,0.876765137930848,0.91,0.791,2.58519169532045e-13,"Up",12.5875072478764,""
"Dlg2",1.74102320760007e-17,-0.724368653461454,0.995,0.978,3.07186134748956e-13,"Down",12.512598390652,""
"Sorcs1",1.75214696516908e-17,-1.71689931470413,0.264,0.615,3.09148810534433e-13,"Down",12.5098324201317,""
"Snx29",1.75760830301945e-17,-2.57271300667703,0.057,0.372,3.10112408984751e-13,"Down",12.50848085535,""
"Mllt3",1.91868789158145e-17,-1.92201646383711,0.071,0.406,3.38533291590631e-13,"Down",12.4703986160685,""
"Cpeb3",2.18852299662918e-17,-1.69670172395248,0.113,0.466,3.86142997525252e-13,"Down",12.4132518364276,""
"Stag1",4.15707186360912e-17,-1.3955050706492,0.198,0.578,7.33473759615193e-13,"Down",12.1346154186417,""
"Brinp3",6.39173302963624e-17,-1.61314598066464,0.236,0.6,1.12775737574902e-12,"Down",11.947784323852,""
"Spock1",9.42679474217375e-17,-1.61479805685241,0.179,0.536,1.66326366430914e-12,"Down",11.7790388999819,""
"Mdga2",1.05797608983601e-16,-0.940855324745939,0.948,0.928,1.86669301290666e-12,"Down",11.7289270980996,""
"Dzank1",1.19155130634318e-16,-1.71105701692955,0.09,0.428,2.1023731249119e-12,"Down",11.6772902037647,""
"Itm2c",1.29453912481655e-16,-4.06407278960101,0.009,0.284,2.28408483182632e-12,"Down",11.6412877702555,""
"Stxbp5",1.30036452861005e-16,-1.81713173434347,0.085,0.422,2.29436317427957e-12,"Down",11.6393378366083,""
"Smyd3",1.361750578859e-16,-1.14113206659571,0.212,0.6,2.40267272133881e-12,"Down",11.6193053823366,""
"Snap91",1.68642496889841e-16,-1.3589072236061,0.151,0.521,2.97552821512436e-12,"Down",11.5264359272292,""
"Cntn1",1.97372731468671e-16,-1.07379592933465,0.288,0.71,3.48244447403322e-12,"Down",11.4581157994735,""
"Hcn1",1.98290076181271e-16,-2.44183493923876,0.071,0.385,3.49863010414235e-12,"Down",11.4561019712701,""
"Syt11",2.02570945125726e-16,-1.80025791577908,0.113,0.453,3.57416175579832e-12,"Down",11.4468257965251,""
"Kctd16",2.22408886025145e-16,-2.33602651312332,0.137,0.455,3.92418238502766e-12,"Down",11.4062508160295,""
"Zbtb20",2.39192443244372e-16,-1.66578062712698,0.175,0.53,4.22031146860371e-12,"Down",11.3746554959331,""
"Rfx3",3.19707609256187e-16,-2.79534931188539,0.033,0.323,5.64092105771616e-12,"Down",11.2486499779981,""
"Cacna1b",3.24819074167616e-16,-0.932733027879665,0.307,0.745,5.73110774461342e-12,"Down",11.2417614267453,""
"Fut8",3.36295307938432e-16,-2.08075153074764,0.057,0.365,5.93359441326569e-12,"Down",11.226682142903,""
"A330023F24Rik",4.21558331356756e-16,-1.1191766454948,0.203,0.593,7.4379751984586e-12,"Down",11.128545274107,""
"Atp1b1",4.26942969164419e-16,-1.9143755963864,0.099,0.422,7.532981747937e-12,"Down",11.1230330848414,""
"Celf1",4.48190069631593e-16,-1.87484723219976,0.071,0.393,7.90786558857983e-12,"Down",11.1019407210774,""
"Ralgapa2",4.52415571305547e-16,-1.32620012527547,0.165,0.539,7.98242034011506e-12,"Down",11.0978654067717,""
"Pum1",4.69259623841841e-16,-2.54469863050743,0.042,0.334,8.27961680306545e-12,"Down",11.081989762752,""
"Mkln1",4.71491324901168e-16,-1.92936248074275,0.057,0.367,8.31899293655621e-12,"Down",11.0799292444506,""
"Scn3a",4.97557461276552e-16,-1.31265603913726,0.16,0.527,8.77890384676348e-12,"Down",11.0565597076726,""
"Dnajc10",5.03570452121593e-16,-2.59200434528579,0.033,0.321,8.88499705723338e-12,"Down",11.0513427116997,""
"Nedd4l",6.02543626482561e-16,-1.54137827221582,0.17,0.519,1.06312797456583e-11,"Down",10.9734144539128,""
"Sorbs2",6.08387478024242e-16,-1.26063872121051,0.203,0.58,1.07343886622597e-11,"Down",10.969222684173,""
"Arl15",6.38566157313994e-16,-1.79989228312404,0.085,0.413,1.12668612796481e-11,"Down",10.9481970527899,""
"Fbxl17",6.39762451870671e-16,-1.10359235002227,0.222,0.609,1.12879687008061e-11,"Down",10.9473842034605,""
"Fam49b",6.47751621327591e-16,-2.20462318890981,0.052,0.352,1.1428929606704e-11,"Down",10.9419944421918,""
"Xrn1",6.48798115855669e-16,-1.27922380394925,0.179,0.543,1.14473939561574e-11,"Down",10.941293370903,""
"Strn3",6.53621620003035e-16,-1.58351787939796,0.113,0.459,1.15324998633336e-11,"Down",10.9380765418663,""
"Cacnb4",6.53781844689738e-16,-1.72700176422837,0.132,0.468,1.15353268677057e-11,"Down",10.9379700946991,""
"Stxbp5l",7.43860993367443e-16,-1.34830141770393,0.189,0.545,1.31246833669752e-11,"Down",10.8819111651513,""
"Smg6",8.53295988648245e-16,-1.24843541901341,0.146,0.516,1.50555544237096e-11,"Down",10.8223032468783,""
"Pde4b",8.55029964951454e-16,-1.43623904165224,0.283,0.639,1.50861487016035e-11,"Down",10.8214216158321,""
"Nedd4",9.19596525738257e-16,-1.2286232618655,0.203,0.583,1.62253611001258e-11,"Down",10.7898056290702,""
"App",9.9006845090753e-16,-1.0933075305218,0.396,0.739,1.74687677478125e-11,"Down",10.7577377292014,""
"Adgrl3",1.19122557190793e-15,-1.38109591645645,0.368,0.684,2.10179839907436e-11,"Down",10.6774089430977,""
"Efna5",1.19966387055522e-15,-1.62731566108127,0.142,0.479,2.11668693320762e-11,"Down",10.6743433711892,""
"Dnajc6",1.34983035593365e-15,-1.23960497448333,0.17,0.541,2.38164068000933e-11,"Down",10.6231237602589,""
"Nsf",1.56445280484972e-15,-1.25145329032415,0.208,0.576,2.76032052887685e-11,"Down",10.5590404846594,""
"Fnbp1l",1.84111432361059e-15,-1.25929641164518,0.165,0.525,3.24846211257853e-11,"Down",10.4883221941269,""
"Prpf4b",1.85115033293065e-15,0.82120360555652,0.873,0.752,3.26616964742284e-11,"Up",10.4859612614162,""
"Magi1",1.87575076492659e-15,-0.995885133259238,0.288,0.699,3.30957464963648e-11,"Down",10.4802278186672,""
"Mdm4",2.08166647459451e-15,-1.58162519950579,0.094,0.418,3.67289232777456e-11,"Down",10.4349918029748,""
"Basp1",2.10217156387782e-15,-2.68220215425736,0.033,0.31,3.70907150730602e-11,"Down",10.4307347938137,""
"Enox1",2.19648710937993e-15,-0.96371049880357,0.236,0.62,3.87548185578995e-11,"Down",10.4116742920479,""
"Grid2",2.62128034560169e-15,-0.954461187745598,0.943,0.914,4.62498704177962e-11,"Down",10.3348894797231,""
"Pcsk1n",2.63717280844233e-15,-1.96751348037799,0.099,0.409,4.65302770321565e-11,"Down",10.3322643617547,""
"Prickle2",2.92462873201205e-15,-1.26733608805351,0.203,0.558,5.16021493476205e-11,"Down",10.2873322086369,""
"Ppp2r2b",3.71256673214401e-15,-0.981524818551559,0.425,0.743,6.55045274219489e-11,"Down",10.1837286822003,""
"Arhgap32",3.91740340535555e-15,-1.47515769725435,0.066,0.372,6.91186656840934e-11,"Down",10.160404654378,""
"Ppfia2",4.14108754071583e-15,-1.04020870849983,0.269,0.662,7.30653485683902e-11,"Down",10.1362885395055,""
"Rims1",4.79440807538312e-15,-1.04505137669596,0.406,0.741,8.45925360820598e-11,"Down",10.0726679547078,""
"Zdhhc17",4.83493867500455e-15,-1.99688912820374,0.047,0.338,8.53076579817803e-11,"Down",10.0690119809081,""
"Fam135b",4.85918964638629e-15,-1.95457442467049,0.071,0.367,8.57355421208397e-11,"Down",10.0668391016821,""
"Rabgap1",5.22815055759532e-15,-1.41869074559532,0.142,0.483,9.22454884382119e-11,"Down",10.0350548652155,""
"Fry",5.29376379786445e-15,-0.945835312970011,0.302,0.714,9.34031684495203e-11,"Down",10.029638391256,""
"Klhl7",6.20444208474149e-15,-1.7619293467281,0.09,0.4,1.09471176143179e-10,"Down",9.96070021589076,""
"Acadsb",6.32921393999786e-15,-1.94814815551106,0.071,0.369,1.11672650757322e-10,"Down",9.95205317495519,""
"Gnaq",7.67494880085582e-15,-1.50722392508877,0.085,0.402,1.354167966423e-10,"Down",9.86832746388838,""
"Cntnap2",7.83484448053738e-15,-0.996076438245256,0.986,0.98,1.38237996014602e-10,"Down",9.85937257062696,""
"Zcchc7",9.43082683610838e-15,-1.02353916466572,0.264,0.65,1.66397508696296e-10,"Down",9.77885318025413,""
"Gse1",9.73298687821626e-15,0.884551233056326,0.835,0.699,1.71728820479248e-10,"Up",9.76515681302345,""
"Dlg1",1.22634323220069e-14,-1.50616402908844,0.113,0.431,2.16375999889489e-10,"Down",9.66479091220501,""
"Amph",1.25930444400396e-14,-1.44973568674634,0.113,0.426,2.22191676100059e-10,"Down",9.65327221493397,""
"Ulk2",1.2740641606417e-14,-1.3579301189017,0.137,0.479,2.24795880503622e-10,"Down",9.64821165169256,""
"Akap6",1.34083872518677e-14,-0.820011366119659,0.571,0.842,2.36577584671953e-10,"Down",9.62602640643018,""
"Dennd1a",1.36874567387716e-14,-0.893678466410612,0.288,0.686,2.41501486698886e-10,"Down",9.61708019135911,""
"Cask",1.57316045173947e-14,-1.69981769717434,0.108,0.418,2.77568430104912e-10,"Down",9.55662993090777,""
"Polb",1.74101431001138e-14,-1.60328035177064,0.108,0.418,3.07184564858409e-10,"Down",9.51260061014193,""
"Zmym4",2.13512973531171e-14,-1.22610624818332,0.184,0.536,3.76722290498398e-10,"Down",9.42397868201588,""
"Nyap2",2.47524087210926e-14,-2.26424717159623,0.057,0.334,4.36731499474959e-10,"Down",9.35978548324512,""
"Ttc8",2.80446889273391e-14,-2.07203909941107,0.052,0.332,4.94820491433971e-10,"Down",9.30555232373081,""
"Gm26871",3.15342692786621e-14,-1.05413308003821,0.514,0.765,5.56390647152714e-10,"Down",9.25462017904682,""
"Ehbp1",3.29068966430576e-14,-1.23644547251714,0.17,0.517,5.80609284370107e-10,"Down",9.23611602376017,""
"Rgs7",3.37704583124435e-14,-1.07076744217502,0.236,0.598,5.95845966464754e-10,"Down",9.22486599623351,""
"Dync1i1",3.69998651394918e-14,-1.27721831964244,0.189,0.53,6.52825620521192e-10,"Down",9.18520280978018,""
"Gmds",3.76562889196266e-14,-1.86728988102168,0.085,0.376,6.64407561697892e-10,"Down",9.17756543343771,""
"Neo1",3.93209276403797e-14,-1.96549539907496,0.071,0.356,6.9377844728686e-10,"Down",9.1587791959465,""
"Upp2",4.3309942435418e-14,-0.886721332488052,0.292,0.697,7.64160624330516e-10,"Down",9.11681534439761,""
"Kansl1",4.39654146112638e-14,-1.21113583513666,0.208,0.56,7.75725775401138e-10,"Down",9.11029177781132,""
"4632427E13Rik",4.59906946281461e-14,-1.87659489448603,0.061,0.343,8.11459816019011e-10,"Down",9.09073298183073,""
"Grb10",4.70520718848579e-14,-1.37721680499345,0.142,0.466,8.30186756336433e-10,"Down",9.08082419904216,""
"Clstn2",4.72617454861654e-14,-1.76991157090626,0.16,0.472,8.33886237357903e-10,"Down",9.07889319379594,""
"Gpm6a",4.75123625202314e-14,-1.67175536682225,0.118,0.426,8.38308124306962e-10,"Down",9.07659632493685,""
"Klf12",4.80000440943885e-14,-1.62486897919141,0.146,0.459,8.4691277800139e-10,"Down",9.07216131456094,""
"Trerf1",4.94511978623916e-14,-1.01768347899555,0.264,0.62,8.72516935084036e-10,"Down",9.05922613486486,""
"Ago3",5.51497894666975e-14,-1.44012736705922,0.104,0.417,9.73062885350411e-10,"Down",9.01185909202542,""
"Jazf1",5.99483554307026e-14,-1.32183466314917,0.175,0.512,1.05772878321932e-09,"Down",8.97562567733979,""
"Enah",6.47593750135622e-14,-1.49025084648505,0.123,0.433,1.14261441273929e-09,"Down",8.94210030212593,""
"Rc3h2",6.85200721287624e-14,-1.58162519950579,0.099,0.4,1.20896815263988e-09,"Down",8.9175851394328,""
"Lrch1",6.9532361391183e-14,-1.47501288470308,0.108,0.417,1.22682898438603e-09,"Down",8.91121597216606,""
"Apbb2",7.29738674373516e-14,-1.12797278107582,0.184,0.523,1.28755091706463e-09,"Down",8.89023558748059,""
"Phf21a",7.76516770607842e-14,-1.21894882466766,0.146,0.483,1.37008619006048e-09,"Down",8.86325211117188,""
"Syt16",8.32049267061857e-14,-1.2752379555142,0.123,0.442,1.46806772680394e-09,"Down",8.83325390852162,""
"Fchsd2",9.14377902577407e-14,-1.28578033314587,0.142,0.47,1.61332837130758e-09,"Down",8.79227722880896,""
"Elavl4",9.47020235583094e-14,-1.91082652930533,0.066,0.345,1.67092250366281e-09,"Down",8.77704369194507,""
"Ncam1",9.51857842335153e-14,-0.769587064647947,0.693,0.846,1.67945797701614e-09,"Down",8.77483085849593,""
"Bend6",1.10851985653523e-13,-1.25904592201162,0.17,0.505,1.95587243487077e-09,"Down",8.70865947400564,""
"Faf1",1.13291940778602e-13,-1.82543503807468,0.071,0.354,1.99892300309765e-09,"Down",8.69920393423298,""
"Insr",1.25513176693004e-13,-1.59050232012055,0.075,0.36,2.21455448957137e-09,"Down",8.65471362934218,""
"Tmem178b",1.39071623340105e-13,-0.925864707207137,0.443,0.752,2.45377972221282e-09,"Down",8.61016442682552,""
"Hdac9",1.40533694231441e-13,-2.3248687232388,0.071,0.338,2.47957650101955e-09,"Down",8.60562248811571,""
"Zfp148",1.50575050517419e-13,-1.84168036826456,0.08,0.361,2.65674619132934e-09,"Down",8.57564993334666,""
"Ftx",1.53212156769498e-13,-0.943221043003256,0.274,0.653,2.70327529404103e-09,"Down",8.5681097247064,""
"Rapgef4",1.66777181555889e-13,-1.16450288044089,0.203,0.53,2.94261659137211e-09,"Down",8.53126632067266,""
"Actl6b",1.85481632712072e-13,1.31488625032273,0.594,0.435,3.2726379275718e-09,"Up",8.48510204075245,""
"Arfgef3",1.89118577809257e-13,-1.37477362906512,0.127,0.439,3.33680818686653e-09,"Down",8.47666875761841,""
"Lrrtm3",1.97902110907801e-13,-1.48347988850762,0.156,0.464,3.49178484485724e-09,"Down",8.4569525242935,""
"Atp8a1",2.23815313653334e-13,-1.16053340349213,0.17,0.501,3.94899739409942e-09,"Down",8.40351315284958,""
"Zranb2",2.29686073397387e-13,0.778027194585987,0.896,0.769,4.0525810790235e-09,"Up",8.39226828756637,""
"Nrxn3",2.45875408011737e-13,-1.03488171310581,0.995,0.917,4.33822569895908e-09,"Down",8.36268785728663,""
"Gls",2.77813356109671e-13,-1.18657788399669,0.198,0.532,4.90173885519903e-09,"Down",8.30964982991933,""
"Csmd1",2.79610608833316e-13,-0.771340524845235,0.972,0.958,4.93344958225503e-09,"Down",8.30684930574287,""
"Plxna4",2.9838385225722e-13,-1.10218039480648,0.255,0.606,5.26468468922639e-09,"Down",8.27862763432269,""
"Plcb4",3.10601730758376e-13,-1.42244288045643,0.151,0.47,5.48025693750078e-09,"Down",8.2611990794859,""
"Zdhhc2",3.1342230328686e-13,-1.97279228261172,0.057,0.323,5.53002311919336e-09,"Down",8.25727305305025,""
"Xpr1",3.15601605414932e-13,-1.56380745345513,0.08,0.367,5.56847472594106e-09,"Down",8.254263747164,""
"Ahcyl2",3.20970352615844e-13,-1.92036189145213,0.071,0.341,5.66320090155395e-09,"Down",8.24693803154164,""
"Sv2a",3.25331338718765e-13,-1.17696684600694,0.146,0.475,5.74014614035389e-09,"Down",8.24107705060876,""
"Vps35l",3.27903376120621e-13,-1.62612622985128,0.08,0.361,5.78552716827224e-09,"Down",8.23765706266889,""
"Scmh1",3.28660778972961e-13,-1.1856175372026,0.137,0.462,5.79889078419893e-09,"Down",8.23665507063899,""
"Olfm3",3.46306694353839e-13,-2.24267009305777,0.085,0.352,6.11023531517914e-09,"Down",8.21394206404289,""
"Nlgn1",3.50441709509113e-13,-0.925415119178414,0.967,0.923,6.1831935225788e-09,"Down",8.20878716067032,""
"Ldlrad4",3.52337965760466e-13,-1.67796516137089,0.071,0.352,6.21665106787767e-09,"Down",8.20644350830308,""
"Prkacb",3.85234197769779e-13,-1.41541561356246,0.09,0.378,6.79707218544997e-09,"Down",8.16767811781113,""
"Lrba",4.31518111558734e-13,-1.40136783907683,0.118,0.415,7.61370556034231e-09,"Down",8.11840392237208,""
"Gabrg2",4.45091758034699e-13,-2.02685032564481,0.066,0.328,7.85319897876424e-09,"Down",8.10495339856391,""
"Nova1",4.47323634557093e-13,-1.73522053655685,0.094,0.376,7.89257820812535e-09,"Down",8.10278110595915,""
"Dpp6",4.60972141659632e-13,-0.623970707602795,0.953,0.954,8.13339246744255e-09,"Down",8.08972827081651,""
"Usp47",4.64409113242232e-13,-1.82684185928893,0.071,0.341,8.19403439404595e-09,"Down",8.08650221744987,""
"Alcam",4.85418068237698e-13,-1.52415125310334,0.142,0.442,8.56471639598595e-09,"Down",8.06728701328196,""
"Edil3",5.07475952427003e-13,-1.50540949939337,0.156,0.47,8.95390570462203e-09,"Down",8.04798748357084,""
"Sobp",5.10086517877332e-13,-1.18607573563938,0.175,0.494,8.99996652142764e-09,"Down",8.04575910607026,""
"Nptn",5.21596842835055e-13,-1.13366306178608,0.17,0.495,9.2030546949817e-09,"Down",8.03606799689573,""
"Osbpl9",5.33395874445933e-13,-1.42099664582576,0.123,0.42,9.41123680872404e-09,"Down",8.02635329858045,""
"Slc4a10",5.35501586946053e-13,-1.57970508033534,0.104,0.394,9.44839000007615e-09,"Down",8.02464218870261,""
"Ptk2",5.40930210346504e-13,-1.35479892930385,0.094,0.389,9.54417263135372e-09,"Down",8.02026171391375,""
"5031425E22Rik",5.55054790442941e-13,-1.97279228261172,0.057,0.314,9.79338672257524e-09,"Down",8.00906709567625,""
"Dgki",6.19033088094802e-13,-1.05284553417775,0.226,0.569,1.09222198063447e-08,"Down",7.96168908766845,""
"Stat5b",6.24591236850754e-13,-1.97222707396947,0.075,0.339,1.10202877829947e-08,"Down",7.9578070642016,""
"Casc4",6.60796236867013e-13,-1.35540830419819,0.123,0.424,1.16590888032816e-08,"Down",7.93333538981457,""
"Mrtfb",7.05823926236056e-13,-1.2186188923496,0.146,0.451,1.2453557354509e-08,"Down",7.90470657477253,""
"Kif1a",7.14817947916428e-13,0.743782981286791,0.849,0.688,1.26122478730374e-08,"Up",7.89920750249482,""
"Mmp16",7.15846465933571e-13,-1.01841203711388,0.222,0.558,1.26303950449319e-08,"Down",7.89858306566391,""
"Naaladl2",7.93488797944585e-13,-1.92201646383711,0.085,0.352,1.40003163509343e-08,"Down",7.85386215089942,""
"Gatad2b",8.12257621239231e-13,-1.62531709071571,0.075,0.345,1.4331473469145e-08,"Down",7.84370915596542,""
"Pkia",8.36209142978208e-13,-1.70463954337712,0.075,0.345,1.47540741187075e-08,"Down",7.83108803914626,""
"Elmod1",8.58815422282199e-13,-1.68361172451204,0.09,0.363,1.51529393107471e-08,"Down",7.81950311616352,""
"Rars2",8.60450713706564e-13,-2.01923714153494,0.047,0.299,1.51817923926386e-08,"Down",7.8186769517423,""
"Acbd6",8.76943463216742e-13,-2.2307633263736,0.047,0.294,1.54727904649962e-08,"Down",7.81043135570828,""
"Hmgcll1",9.03787588466995e-13,-1.62024966351461,0.08,0.354,1.59464282109117e-08,"Down",7.79733657793619,""
"Nlk",9.43057627416793e-13,-1.97341106668335,0.061,0.319,1.66393087781419e-08,"Down",7.77886471891512,""
"Kif26b",9.46287134169448e-13,-1.64752318973212,0.094,0.372,1.66962901952857e-08,"Down",7.77738001548093,""
"Fcho2",1.01613196652612e-12,-2.59200434528579,0.042,0.281,1.79286324173868e-08,"Down",7.74645283683125,""
"Pias1",1.08613875654441e-12,-1.51016021180295,0.071,0.343,1.91638322204696e-08,"Down",7.7175176400495,""
"Armc9",1.10831483457184e-12,-1.05284553417775,0.175,0.506,1.95551069411855e-08,"Down",7.7087398046753,""
"Relch",1.14075311414894e-12,-1.95973612978627,0.057,0.308,2.01274479460439e-08,"Down",7.69621128786414,""
"Sh3gl2",1.14104157738643e-12,-2.20259265368244,0.052,0.301,2.01325375914061e-08,"Down",7.69610148132159,""
"Stmn3",1.1869629523236e-12,-1.93199113930337,0.066,0.323,2.09427743307975e-08,"Down",7.67896578699592,""
"Senp6",1.20537224914382e-12,-1.32369944447085,0.132,0.428,2.12675879638936e-08,"Down",7.67228176225389,""
"Pacrg",1.31331542927961e-12,-2.11780097601852,0.052,0.299,2.31721374342095e-08,"Down",7.63503390435985,""
"Ext1",1.32788931948715e-12,-2.49961074097889,0.042,0.281,2.34292791530314e-08,"Down",7.63024107310499,""
"Fto",1.33173212212079e-12,-1.00371382684688,0.193,0.538,2.34970815626992e-08,"Down",7.62898607559738,""
"Dok6",1.40160500543548e-12,-1.08294756596717,0.17,0.495,2.47299187159036e-08,"Down",7.60677731110706,""
"Cdh2",1.52268670649011e-12,-1.26090566450684,0.127,0.426,2.68662842493116e-08,"Down",7.57079239466131,""
"Ssh2",1.58631367590947e-12,-0.737343708449825,0.236,0.611,2.79889184977468e-08,"Down",7.55301388251044,""
"Ncam2",1.61940505195239e-12,-1.27757809396872,0.439,0.677,2.85727827366479e-08,"Down",7.54404746111117,""
"Zfp532",1.68636617534771e-12,-1.49871242523325,0.09,0.365,2.97542447978349e-08,"Down",7.5264510682288,""
"Ankrd10",1.6874651107232e-12,-1.48698313265114,0.08,0.352,2.97736344136001e-08,"Down",7.52616814857696,""
"Btrc",1.70628136654613e-12,-1.44516295695651,0.09,0.365,3.01056284313399e-08,"Down",7.52135230280612,""
"Itfg1",1.76751590249813e-12,-1.67082309212687,0.061,0.323,3.1186050583677e-08,"Down",7.50603962102095,""
"Dmxl2",1.83870300874414e-12,-1.09528080049815,0.165,0.486,3.24420758862816e-08,"Down",7.48889136416764,""
"Ash1l",1.95054405534139e-12,-0.793305965705943,0.307,0.681,3.44153993124436e-08,"Down",7.4632471870812,""
"Sorbs1",2.00897366769437e-12,-0.98515872666618,0.212,0.547,3.54463313927996e-08,"Down",7.45042870655453,""
"Rnf130",2.05515698778635e-12,-1.3950168489725,0.127,0.418,3.62611898925024e-08,"Down",7.44055794885416,""
"Slc24a3",2.07012913873631e-12,-1.11838249686194,0.236,0.569,3.65253585238634e-08,"Down",7.43740551244579,""
"Rictor",2.15673588670476e-12,-1.54469863050743,0.094,0.369,3.80534479850187e-08,"Down",7.4196059861201,""
"Cdh12",2.25277522912663e-12,-1.9216010008995,0.104,0.371,3.97479661427103e-08,"Down",7.40068508878351,""
"Slf1",2.32335305522593e-12,-1.42207934384347,0.085,0.363,4.09932413064063e-08,"Down",7.38728774097033,""
"Sos2",2.38955109491783e-12,-2.62131991211034,0.038,0.268,4.21612395187303e-08,"Down",7.3750866295737,""
"Ogt",2.39785630641577e-12,-0.895605792366557,0.198,0.538,4.23077766703999e-08,"Down",7.37357979681826,""
"Exoc4",2.39982458005416e-12,-1.10475762282022,0.208,0.532,4.23425048904757e-08,"Down",7.37322345363987,""
"Ncoa2",2.46442414257843e-12,-1.18496850290768,0.142,0.451,4.34822995716538e-08,"Down",7.36168749621243,""
"Fmnl2",2.59935742436407e-12,-1.57640749023477,0.099,0.372,4.58630623954796e-08,"Down",7.33853694967032,""
"Susd4",2.67690752225538e-12,-1.37765613759824,0.137,0.428,4.7231356322674e-08,"Down",7.3257695827952,""
"Cacnb2",2.75624172056215e-12,-0.985585780629452,0.382,0.697,4.86311289175985e-08,"Down",7.31308564865118,""
"Chd3",2.90086722890474e-12,1.31328236462014,0.613,0.462,5.11829013867953e-08,"Up",7.29087509905532,""
"Pard3",2.95035324547271e-12,-1.64939600917412,0.085,0.349,5.20560326631205e-08,"Down",7.28352893377135,""
"Dclk2",2.95867761071686e-12,-1.72527087614925,0.066,0.319,5.22029077634882e-08,"Down",7.28230530560949,""
"Tmem108",3.02807114415625e-12,-1.16421835326495,0.189,0.503,5.34272872674929e-08,"Down",7.2722368762507,""
"Nf1",3.06522676562332e-12,-0.861096261939948,0.269,0.611,5.40828610526578e-08,"Down",7.26694034172405,""
"Arhgap26",3.18095443851386e-12,-1.35879133052326,0.16,0.455,5.61247601131386e-08,"Down",7.25084550223384,""
"Umad1",3.23360096921676e-12,-2.42118409402207,0.047,0.281,5.70536555008604e-08,"Down",7.24371652455002,""
"Rbfox3",3.36154171604793e-12,0.857177620696176,0.896,0.749,5.93110420379496e-08,"Up",7.2268644457634,""
"Fgf14",3.39074522834108e-12,-0.520156446244638,1,0.989,5.98263088088501e-08,"Down",7.2231077916323,""
"Gpatch8",3.4743043213896e-12,-0.89379081796242,0.222,0.561,6.13006254465981e-08,"Down",7.21253509437848,""
"Abi2",3.51983320345371e-12,-1.71505103383137,0.071,0.328,6.21039370417372e-08,"Down",7.20688086711322,""
"Scg5",3.598732851278e-12,-1.06944750151488,0.203,0.532,6.34960424279489e-08,"Down",7.19725334250748,""
"Lonp2",4.16100636637054e-12,-2.03012545767767,0.052,0.294,7.34167963282418e-08,"Down",7.1342045706264,""
"Slc25a36",4.54934685893477e-12,-2.08075153074764,0.038,0.272,8.0268675979045e-08,"Down",7.09545390059289,""
"Rian",4.67822831001517e-12,-0.48465124683749,0.958,0.963,8.25426603019077e-08,"Down",7.08332153817462,""
"Ank2",4.88532533501121e-12,-0.432652318487766,0.986,0.982,8.61966802109378e-08,"Down",7.06450946032186,""
"Aak1",4.986629031609e-12,-0.814892827914089,0.297,0.662,8.79840826337092e-08,"Down",7.05559588977727,""
"Kdm4c",5.31257107036851e-12,-1.53728115894495,0.061,0.316,9.3735003965582e-08,"Down",7.02809819790351,""
"Kifc2",5.83664850547812e-12,1.29201667104153,0.561,0.431,1.02981826230656e-07,"Up",6.98723941086901,""
"Rsrp1",6.07309588414505e-12,-0.881185481364694,0.264,0.607,1.07153703779855e-07,"Down",6.96999281292497,""
"Slc35f1",6.1759291219933e-12,-1.30793791888274,0.175,0.466,1.0896809342845e-07,"Down",6.96270064771489,""
"Rtn1",6.62730795545235e-12,-0.789065742101138,0.552,0.826,1.16932221566001e-07,"Down",6.93206579918797,""
"Mbtd1",6.85731001339427e-12,-1.3440768318422,0.113,0.391,1.20990377876328e-07,"Down",6.91724916688502,""
"Srsf10",7.06574712707899e-12,-1.55461409937251,0.08,0.339,1.24668042310182e-07,"Down",6.90424486029118,""
"Mblac2",7.13329088668549e-12,-1.95973612978627,0.047,0.283,1.25859784404679e-07,"Down",6.90011301652575,""
"Taok1",7.39743366751645e-12,-1.21292274966372,0.123,0.411,1.3052031962966e-07,"Down",6.88432187134426,""
"Nos1ap",7.47598378611181e-12,-1.81413080753937,0.066,0.316,1.31906257922157e-07,"Down",6.87973460008221,""
"Zfr",7.67866284144196e-12,-1.02333629201503,0.16,0.484,1.35482327174402e-07,"Down",6.86811735210475,""
"C2cd5",7.80534800994799e-12,-0.922349713896164,0.212,0.534,1.37717560287522e-07,"Down",6.8610106795707,""
"Setd5",8.02824180217576e-12,-0.842290258377591,0.259,0.62,1.41650298357589e-07,"Down",6.84878250638944,""
"Atp6v0c",8.11937271400245e-12,-2.32337447655847,0.052,0.283,1.43258212165859e-07,"Down",6.84388047305278,""
"Pacs1",8.21201075624578e-12,-0.968724913013528,0.151,0.459,1.44892717783201e-07,"Down",6.83895344134764,""
"Gria3",8.30657259219594e-12,-0.997604315376716,0.325,0.626,1.46561166816705e-07,"Down",6.83398108611591,""
"Paip2",8.50550651572409e-12,-1.49763037685065,0.066,0.319,1.50071156963436e-07,"Down",6.82370276928439,""
"Ttc14",8.54222710131448e-12,-0.834396700830011,0.292,0.651,1.50719054975593e-07,"Down",6.82183183761497,""
"Unc5c",8.60996256102924e-12,-1.32477024912246,0.189,0.49,1.519141794268e-07,"Down",6.81840168789221,""
"Pde8b",8.99137272651678e-12,-1.400892690029,0.146,0.428,1.58643780386662e-07,"Down",6.79957694970098,""
"Pcnx",9.21679085580509e-12,-1.55746592658131,0.075,0.334,1.62621057859825e-07,"Down",6.78882321815042,""
"Brinp1",9.73092844720302e-12,-1.84837502083857,0.104,0.36,1.7169250152245e-07,"Down",6.76524867174959,""
"Sec61a2",1.02995976916986e-11,-1.56942105991866,0.08,0.336,1.81726101672331e-07,"Down",6.74058268965327,""
"Chka",1.09886393999366e-11,-1.53934539601322,0.104,0.369,1.93883553572481e-07,"Down",6.71245902895972,""
"Arl6ip1",1.14058345802147e-11,-3.11893472463553,0.014,0.218,2.01244545333309e-07,"Down",6.69627588220854,""
"Adam23",1.17981426385275e-11,-1.2995277346041,0.16,0.453,2.08166428714179e-07,"Down",6.68158930844591,""
"Kcnj3",1.2052599933761e-11,-2.03990647847026,0.057,0.294,2.1265607323128e-07,"Down",6.67232220978434,""
"Igf1r",1.22769005379032e-11,-1.51227715281505,0.094,0.35,2.16613633090764e-07,"Down",6.66431421350125,""
"Mast4",1.26498173331323e-11,-1.21951755782498,0.179,0.473,2.23193377025786e-07,"Down",6.65131869666918,""
"Ube3c",1.27459272056012e-11,-1.05553462170539,0.156,0.457,2.24889139615627e-07,"Down",6.64803151708055,""
"Map2k4",1.27703740634334e-11,-1.31587994001155,0.132,0.415,2.25320479975219e-07,"Down",6.64719933230635,""
"Uri1",1.2860733368077e-11,-2.19677532708712,0.038,0.262,2.26914779546351e-07,"Down",6.64413721647122,""
"Rabgap1l",1.29001866972498e-11,-1.01889820225442,0.212,0.532,2.27610894086276e-07,"Down",6.64280695524565,""
"Syn2",1.3376966879093e-11,-1.40804978393942,0.113,0.383,2.36023203614717e-07,"Down",6.62704529912113,""
"Wac",1.34939894751515e-11,-2.19677532708712,0.042,0.268,2.38087950299574e-07,"Down",6.62326258380901,""
"Gapvd1",1.35100174507001e-11,-0.997428419858223,0.165,0.473,2.38370747900153e-07,"Down",6.62274704089914,""
"Lrrc49",1.41727176182270e-11,-1.26894071705299,0.108,0.385,2.50063429655998e-07,"Down",6.60194981670569,""
"Dip2c",1.43056488014875e-11,-0.859479649305106,0.321,0.67,2.52408867453445e-07,"Down",6.59789539182706,""
"N4bp2l2",1.5215231262591e-11,-1.29369232155068,0.118,0.393,2.68457540397156e-07,"Down",6.57112439312788,""
"Robo2",1.60106518302781e-11,-2.48580494145386,0.057,0.288,2.82491940893428e-07,"Down",6.54899393749211,""
"Lrch3",1.62764708133355e-11,-1.23984404897901,0.113,0.389,2.87182051030492e-07,"Down",6.54184270712475,""
"Fat3",1.66774973461018e-11,-1.07390714970558,0.264,0.578,2.94257763174621e-07,"Down",6.53127207067849,""
"Apex2",1.67317996897269e-11,-1.42070991323198,0.085,0.341,2.95215873725541e-07,"Down",6.52986029425392,""
"Camk4",1.77049772122633e-11,-1.9091100567163,0.085,0.328,3.12386617933173e-07,"Down",6.50530757877124,""
"Fmn2",1.77056644207606e-11,-1.66247008913318,0.075,0.325,3.12398743039901e-07,"Down",6.5052907222081,""
"Dock7",1.77123083292209e-11,-0.861412295904167,0.203,0.539,3.12515968160773e-07,"Down",6.50512778725771,""
"Cdh11",1.82650911564012e-11,-2.83420524770241,0.024,0.231,3.22269268363543e-07,"Down",6.49178110688754,""
"Sh3kbp1",1.84255923642136e-11,-1.69027545479305,0.066,0.312,3.25101151674185e-07,"Down",6.48798149200846,""
"Luc7l2",1.93027168240008e-11,-0.827632593778928,0.325,0.659,3.40577135642671e-07,"Down",6.46778451138672,""
"Arhgap44",1.95273956781879e-11,-1.2622988998067,0.108,0.382,3.44541369345948e-07,"Down",6.46275862455462,""
"Nhs",1.99371468862901e-11,-1.84570088654024,0.066,0.306,3.51771019661703e-07,"Down",6.45373994236416,""
"Ddx6",2.03331318195605e-11,-1.97567767365529,0.047,0.277,3.58757777824325e-07,"Down",6.44519867470514,""
"Pja2",2.11608056363109e-11,-1.48108253121146,0.104,0.361,3.73361254647069e-07,"Down",6.42787075271272,""
"Tmem132d",2.15246022058904e-11,-1.78519046769013,0.113,0.369,3.79780081320731e-07,"Down",6.42046781684845,""
"Dpp10",2.16781862401157e-11,-1.50379068692722,0.358,0.609,3.82489918020601e-07,"Down",6.41738000784559,""
"Arhgap18",2.26320735940305e-11,-1.54469863050743,0.094,0.345,3.99320306493074e-07,"Down",6.39867860422176,""
"Anks1b",2.28700688577843e-11,-0.543079746805609,0.943,0.945,4.03519494926747e-07,"Down",6.39413547870005,""
"Exoc6b",2.32623178128851e-11,-1.00476988340078,0.212,0.532,4.10440335490545e-07,"Down",6.38674996607317,""
"Mta3",2.37919668071439e-11,-1.75087069938555,0.066,0.305,4.19785462345247e-07,"Down",6.37697260561203,""
"Strbp",2.43225956051599e-11,-0.828704603306117,0.288,0.631,4.29147876857442e-07,"Down",6.36739303173833,""
"Atp8a2",2.43998582101621e-11,-0.838387294383523,0.269,0.615,4.30511098260101e-07,"Down",6.36601564827306,""
"Cux1",2.6328848486429e-11,-1.2567178675434,0.113,0.382,4.64546202694553e-07,"Down",6.33297108559408,""
"March7",2.95659838723108e-11,-1.80773303634122,0.052,0.283,5.21662219443052e-07,"Down",6.28261061522616,""
"Hs3st4",3.01966377442892e-11,-2.31510241639214,0.071,0.301,5.32789476360239e-07,"Down",6.27344436192299,""
"Klf7",3.02004604992633e-11,-1.56240063224089,0.071,0.316,5.32856925049001e-07,"Down",6.27338938572574,""
"Galnt17",3.02526069164534e-11,-1.38119989822455,0.137,0.409,5.33776996433904e-07,"Down",6.27264014642915,""
"Kat6b",3.10730963476885e-11,-1.10692220693355,0.137,0.422,5.48253711958615e-07,"Down",6.26101841924426,""
"Armh3",3.28430591095781e-11,-1.40334278126189,0.094,0.349,5.79482934929395e-07,"Down",6.23695934895858,""
"Dock11",3.29072150375788e-11,-1.87484723219976,0.052,0.277,5.8061490212304e-07,"Down",6.23611182171352,""
"Ggps1",3.29367791267569e-11,-3.05284553417775,0.014,0.211,5.81136530912498e-07,"Down",6.23572182345117,""
"Ndfip1",3.31769481892679e-11,-1.66965690093825,0.085,0.33,5.85374073851443e-07,"Down",6.23256651632757,""
"Chn1",3.49691620575308e-11,-1.943616464423,0.047,0.273,6.16995895343073e-07,"Down",6.20971772516576,""
"Dusp11",3.53078675527064e-11,-1.15565633976153,0.142,0.433,6.22972015099952e-07,"Down",6.20553146210591,""
"Lpgat1",3.61055748642212e-11,-1.55155230154849,0.071,0.312,6.37046762904319e-07,"Down",6.19582868677628,""
"Focad",3.66616467335003e-11,-1.08749167698465,0.127,0.411,6.46858094965879e-07,"Down",6.18919098259666,""
"Asxl1",3.67698936110069e-11,-1.50722392508877,0.066,0.306,6.48768002872605e-07,"Down",6.18791057759859,""
"Jakmip2",3.93390296242159e-11,-0.978232473403662,0.151,0.446,6.94097838689666e-07,"Down",6.15857930791952,""
"Rev3l",3.9486156579272e-11,-0.786114460206974,0.278,0.628,6.96693746684675e-07,"Down",6.15695808754571,""
"Atxn10",4.03240290060734e-11,-1.32586402858417,0.099,0.361,7.11477167783159e-07,"Down",6.14783903242424,""
"Zfhx4",4.04454352347339e-11,-1.2728940150459,0.156,0.435,7.13619259281644e-07,"Down",6.14653343765817,""
"Epha5",4.09051046477715e-11,-1.26180524880415,0.16,0.442,7.2172966640528e-07,"Down",6.14162544283675,""
"Fam126b",4.13485596504444e-11,-2.02247188513424,0.052,0.277,7.29553986472441e-07,"Down",6.13694256510081,""
"Wdr33",4.20596953147682e-11,-1.13737904438942,0.151,0.44,7.4210126413377e-07,"Down",6.12953682861071,""
"Pde4d",4.57053863388579e-11,-0.783085265155647,0.863,0.868,8.06425836562808e-07,"Down",6.09343556659186,""
"Ddhd1",4.69093627579823e-11,-1.41916774842357,0.085,0.332,8.27668796501841e-07,"Down",6.08214341759626,""
"Tmtc2",4.80743213991116e-11,-2.04065612516984,0.071,0.305,8.48223326765924e-07,"Down",6.07148978829411,""
"Zbtb11",4.82476134346593e-11,-1.00393593369681,0.099,0.36,8.51280891441129e-07,"Down",6.06992711503335,""
"Cdh8",4.931952704019e-11,-1.52300355940811,0.165,0.433,8.70193735097112e-07,"Down",6.06038404770677,""
"Sbf2",4.95297523388643e-11,-0.901915475397931,0.278,0.611,8.73902950266922e-07,"Down",6.05853679448665,""
"Sgms1",4.95417417045946e-11,-1.56942105991866,0.066,0.303,8.74114490635867e-07,"Down",6.05843168018604,""
"Celf2",4.95532689997553e-11,-1.31273774582817,0.401,0.653,8.74317878231683e-07,"Down",6.05833064097798,""
"Tmod2",5.02468758119777e-11,-1.54159271963961,0.094,0.341,8.86555876826534e-07,"Down",6.05229388698616,""
"Shank3",5.03346927778782e-11,-1.44516295695651,0.08,0.33,8.88105319372883e-07,"Down",6.05153552869182,""
"Glrb",5.06711470091793e-11,-2.80773303634122,0.019,0.217,8.94041717829959e-07,"Down",6.04864221565527,""
"Aff3",5.11334511232324e-11,-1.04153022094992,0.236,0.545,9.02198611618313e-07,"Down",6.04469784556791,""
"Crmp1",5.1312215003509e-11,-1.55109640170558,0.094,0.341,9.05352721521912e-07,"Down",6.04318218856648,""
"Zfp638",5.3679562076583e-11,-1.07964559352147,0.226,0.527,9.47122193279231e-07,"Down",6.02359398673752,""
"Kcnq3",5.42205351899500e-11,-1.07896459514164,0.269,0.578,9.56667122891479e-07,"Down",6.019239150875,""
"Gkap1",5.46133983899186e-11,-1.388780487059,0.108,0.369,9.63598801191724e-07,"Down",6.01610374897687,""
"Nr3c2",5.89621982515205e-11,-1.66600492672956,0.108,0.356,1.04032902594983e-06,"Down",5.98282928420565,""
"Gsk3b",5.92842093985162e-11,-1.49720970472611,0.104,0.356,1.04601059062742e-06,"Down",5.98046391831027,""
"Il1rapl1",5.9748894835783e-11,-0.894360120934249,0.887,0.866,1.05420950048255e-06,"Down",5.97707307426358,""
"Epb41l4b",6.21505505872958e-11,-1.00567241395313,0.146,0.435,1.09658431456225e-06,"Down",5.95995797051508,""
"Kcnq5",6.24318486158153e-11,-1.35028395895433,0.179,0.457,1.10154753697744e-06,"Down",5.95799675625128,""
"Ppp1r12b",6.81630715229848e-11,-1.05595144504558,0.142,0.426,1.20266923395154e-06,"Down",5.91985379877953,""
"Fam171b",6.85252393688277e-11,-1.90459457559381,0.038,0.25,1.2090593234236e-06,"Down",5.91755238962439,""
"Rnf180",7.17360299053729e-11,-1.69225581892129,0.075,0.312,1.2657105116504e-06,"Down",5.89766561309368,""
"1700025G04Rik",7.43229520835856e-11,-1.31189642609305,0.08,0.327,1.31135416656278e-06,"Down",5.88227999952929,""
"Maml3",7.45621670372679e-11,-1.80361692786899,0.09,0.332,1.31557487520556e-06,"Down",5.8808844292482,""
"Zfhx3",7.46976017529037e-11,-0.977970478508284,0.788,0.802,1.31796448532823e-06,"Down",5.88009629234731,""
"Gm40841",7.54993872405350e-11,-2.55341584760854,0.038,0.244,1.332111188472e-06,"Down",5.87545952402119,""
"Uvrag",7.82930516314031e-11,-1.98233755872341,0.061,0.284,1.38140260298448e-06,"Down",5.85967972998563,""
"Senp7",7.92764646382350e-11,-0.967410057671694,0.193,0.499,1.39875394207702e-06,"Down",5.85425867649942,""
"Mbnl2",7.94106183135554e-11,-0.798898378966461,0.189,0.499,1.40112094952437e-06,"Down",5.85352437331967,""
"Cstf3",7.95351739618099e-11,-1.33129499239824,0.085,0.332,1.40331860938217e-06,"Down",5.85284371558064,""
"Trio",7.9673996412612e-11,-0.63780803489891,0.358,0.727,1.40576799270413e-06,"Down",5.85208634916154,""
"Lcorl",8.0755544906494e-11,-2.03012545767767,0.066,0.292,1.42485083433018e-06,"Down",5.84623059896644,""
"Dscam",8.0859576878609e-11,-0.581741972478151,0.873,0.914,1.42668637444618e-06,"Down",5.84567148646296,""
"Sash1",8.08899791298015e-11,-1.67489735363413,0.066,0.294,1.42722279176622e-06,"Down",5.84550822752844,""
"Glg1",8.52330145318064e-11,-1.01783908434984,0.184,0.486,1.50385130839919e-06,"Down",5.82279510199841,""
"Fyttd1",8.55859344699848e-11,-2.64779212347153,0.033,0.235,1.51007822778841e-06,"Down",5.82100055402019,""
"Lrrfip2",8.57336360511881e-11,-1.64530257144583,0.071,0.301,1.51268427448716e-06,"Down",5.82025170790316,""
"Dtd1",8.62026265690977e-11,-1.17124023497998,0.156,0.431,1.52095914318516e-06,"Down",5.81788245204007,""
"Cpeb1",8.67827168725636e-11,-2.05284553417775,0.042,0.255,1.53119425649951e-06,"Down",5.81496970860018,""
"Rit2",8.71656519948631e-11,-0.942492557484376,0.212,0.521,1.53795076379737e-06,"Down",5.8130575678853,""
"Htr2c",8.74656526474022e-11,-2.27007625039842,0.104,0.339,1.54324397531076e-06,"Down",5.81156540980514,""
"Cntn4",8.81111392466151e-11,-1.62705497860204,0.208,0.464,1.55463294086728e-06,"Down",5.80837213433713,""
"Map4k5",8.96358453149945e-11,-1.64637004840233,0.052,0.277,1.58153485473776e-06,"Down",5.80092123242137,""
"Kcnt2",9.15546274854352e-11,-2.06936062096077,0.057,0.277,1.61538984735302e-06,"Down",5.79172265096591,""
"Fam120c",9.32397341145012e-11,-1.51453665999718,0.071,0.308,1.64512186871626e-06,"Down",5.78380192449178,""
"Nsg2",9.42296346359474e-11,-1.75328525231885,0.052,0.277,1.66258767351666e-06,"Down",5.77921544369671,""
"Glyr1",9.45405670808771e-11,-1.57864596243077,0.085,0.325,1.668073765575e-06,"Down",5.77778474789863,""
"Lpp",9.49113414566828e-11,-2.66460809424263,0.033,0.235,1.67461570866171e-06,"Down",5.77608483922763,""
"Tle4",9.56864406132143e-11,-1.71309616220315,0.08,0.314,1.68829155817955e-06,"Down",5.77255255109043,""
"Bicd1",9.75745181773128e-11,-0.800428235717989,0.189,0.494,1.72160479872051e-06,"Down",5.76406653547994,""
"Plcb1",9.86552840736432e-11,-0.981623199997755,0.288,0.604,1.74067383219536e-06,"Down",5.75928259944463,""
"Hdac4",1.01141943449397e-10,-1.80773303634122,0.052,0.273,1.78454845022117e-06,"Down",5.7484716565186,""
"Scai",1.02359840833996e-10,-1.65019175935474,0.085,0.323,1.80603703167502e-06,"Down",5.74327334899082,""
"Acbd5",1.04766874334143e-10,-3.4579869973141,0.009,0.193,1.84850673075163e-06,"Down",5.73317896374223,""
"Esyt2",1.0523901904434e-10,-1.40076883759806,0.075,0.319,1.85683725201834e-06,"Down",5.7312261596139,""
"Tusc3",1.07311305572435e-10,-2.16136999095592,0.042,0.253,1.89340067552003e-06,"Down",5.72275747227274,""
"Fbxl20",1.07351176895932e-10,-1.10955992517208,0.127,0.4,1.89410416515182e-06,"Down",5.72259614090471,""
"Braf",1.07399072610341e-10,-1.02483115800816,0.165,0.453,1.89494923713686e-06,"Down",5.72240241964136,""
"Carmil1",1.07856544274849e-10,-1.79372617834734,0.066,0.294,1.90302086718544e-06,"Down",5.72055644951971,""
"Cpeb4",1.08433079308392e-10,-1.95069099018327,0.042,0.257,1.91319325131728e-06,"Down",5.71824115974699,""
"Zmat4",1.08937333453576e-10,-1.52943187385412,0.132,0.393,1.9220903114549e-06,"Down",5.71622621040053,""
"Elmo1",1.09534410193973e-10,-1.61919235673156,0.099,0.349,1.93262513346245e-06,"Down",5.71385237683378,""
"Camk2d",1.10397780485466e-10,-1.08347149820852,0.156,0.439,1.94785843888556e-06,"Down",5.71044260877404,""
"Ocrl",1.1970386679258e-10,-1.57640749023477,0.071,0.303,2.11205502568828e-06,"Down",5.67529477125116,""
"Rps6kc1",1.20833328769506e-10,-1.45930713927678,0.08,0.319,2.13198325280916e-06,"Down",5.67121621110941,""
"Abhd18",1.21253042962125e-10,-1.61684841626326,0.071,0.301,2.13938869002374e-06,"Down",5.66971030444344,""
"Tnrc6b",1.21429131228003e-10,-0.69739683118871,0.344,0.712,2.14249559138689e-06,"Down",5.66908006305159,""
"Epn2",1.25498200153137e-10,-1.72157639259151,0.071,0.299,2.21429024350195e-06,"Down",5.65476545351614,""
"Map3k2",1.25922398577478e-10,-2.07838062628489,0.033,0.24,2.22177480050101e-06,"Down",5.65329996333225,""
"Mir100hg",1.30291348993654e-10,-0.723295933964192,0.358,0.697,2.29886056164404e-06,"Down",5.63848737024664,""
"Ambra1",1.34190320692541e-10,-0.969165542706204,0.146,0.435,2.36765401829919e-06,"Down",5.62568176010851,""
"Cspg5",1.36752839431451e-10,-1.63780803489891,0.071,0.301,2.41286709892852e-06,"Down",5.61746659843581,""
"Trak1",1.42441611212096e-10,-1.71675937629373,0.052,0.272,2.51323978822622e-06,"Down",5.59976607339096,""
"Stox2",1.42837095617812e-10,-0.940877102534957,0.193,0.499,2.52021771508067e-06,"Down",5.59856194002243,""
"Asap1",1.447501586812e-10,-1.22277053562007,0.123,0.383,2.5539717997711e-06,"Down",5.59278390240205,""
"Fktn",1.47631267357307e-10,-3.01862981883984,0.019,0.207,2.60480608125232e-06,"Down",5.5842246028738,""
"Slc25a27",1.52789347967928e-10,-1.88972640853853,0.061,0.281,2.69581525554611e-06,"Down",5.56930987335557,""
"Nsd3",1.55558465558294e-10,-0.906908441432059,0.212,0.523,2.74467356631054e-06,"Down",5.56150930031415,""
"Qrich1",1.59814672053278e-10,-1.36572848946211,0.118,0.371,2.81977007370804e-06,"Down",5.549786302954,""
"Dclk1",1.66563990309547e-10,-0.585340615004775,0.623,0.829,2.93885504502166e-06,"Down",5.53182183437643,""
"Apc",1.66866215017473e-10,-0.69525830708281,0.349,0.723,2.94418749776829e-06,"Down",5.53103453582462,""
"Sil1",1.69497711657485e-10,-2.35662628235486,0.038,0.24,2.99061762448467e-06,"Down",5.52423911160666,""
"Spire1",1.69715954439916e-10,-1.30957536315734,0.123,0.38,2.99446830013789e-06,"Down",5.52368028005784,""
"Unc79",1.83346635836959e-10,-0.718906460193149,0.325,0.683,3.2349680427073e-06,"Down",5.49013000524085,""
"Trim33",1.8644376086576e-10,-1.50405664601008,0.061,0.286,3.28961371671546e-06,"Down",5.48285509613762,""
"Eml4",1.89284085506905e-10,-1.63780803489891,0.075,0.303,3.33972840468383e-06,"Down",5.47628884969834,""
"Gigyf2",1.92566105438551e-10,-0.950830576564381,0.165,0.45,3.3976363643578e-06,"Down",5.46882310380822,""
"Rsrc1",1.93916282354342e-10,-1.63780803489891,0.075,0.305,3.42145888586001e-06,"Down",5.46578867435871,""
"Raph1",1.98256738534008e-10,-1.68617105646031,0.057,0.279,3.49804189469404e-06,"Down",5.45617499344926,""
"Ndrg3",1.98454312992627e-10,-2.21179941779906,0.024,0.218,3.50152789844192e-06,"Down",5.45574240905864,""
"Tango2",2.01257021998878e-10,-0.970934336391137,0.179,0.462,3.5509788961482e-06,"Down",5.44965190874981,""
"Tmx4",2.10424552846125e-10,-1.22810397992311,0.118,0.376,3.71273081041702e-06,"Down",5.430306537924,""
"Fhod3",2.12057935802127e-10,-1.11289291784769,0.113,0.369,3.74155021929273e-06,"Down",5.42694842127742,""
"Scn1a",2.18430311841212e-10,-0.775311558648845,0.321,0.664,3.85398442212634e-06,"Down",5.41409004510305,""
"Khdrbs3",2.23957783214239e-10,-2.34746628306938,0.038,0.239,3.95151112703204e-06,"Down",5.4032367907963,""
"A230006K03Rik",2.33905043059776e-10,-0.650376708401966,0.354,0.69,4.12702057974669e-06,"Down",5.38436336547002,""
"Fsd1l",2.37660253929512e-10,-1.90459457559381,0.042,0.251,4.19327752033231e-06,"Down",5.37744639408092,""
"Grm1",2.40064087922948e-10,-1.11305016838367,0.132,0.396,4.23569076731249e-06,"Down",5.37307575369959,""
"Ywhae",2.40980343148164e-10,-1.85412594182567,0.047,0.259,4.25185717450621e-06,"Down",5.37142133242852,""
"Car10",2.4367567074827e-10,-1.03635741138919,0.344,0.637,4.29941353468248e-06,"Down",5.36659078070451,""
"Mtss1",2.45149537029536e-10,-0.755894104821605,0.189,0.497,4.32541843134913e-06,"Down",5.36397187348564,""
"Ephb1",2.45448599792332e-10,-1.26165954901366,0.156,0.418,4.3306950947359e-06,"Down",5.36344239196517,""
"Rbm26",2.46282915659879e-10,-1.269064187894,0.132,0.391,4.34541576390291e-06,"Down",5.36196866447873,""
"Zc3h14",2.48995667164396e-10,-2.98358287174064,0.019,0.204,4.39327955144861e-06,"Down",5.35721116099856,""
"Ints6",2.49685939879878e-10,-1.68220215425736,0.071,0.295,4.40545872324056e-06,"Down",5.35600886350626,""
"Ulk4",2.49695291736212e-10,-1.00430168221972,0.113,0.374,4.40562372739372e-06,"Down",5.35599259753812,""
"Pi4ka",2.51664503037444e-10,-0.748131449804909,0.33,0.673,4.44036849159266e-06,"Down",5.35258098771763,""
"Rev1",2.56164693104569e-10,-1.03635741138919,0.142,0.411,4.51976984513701e-06,"Down",5.34488367968682,""
"Slc24a2",2.58468899686408e-10,-1.08336747895465,0.175,0.457,4.56042526606698e-06,"Down",5.34099465687622,""
"Mcph1",2.59094684253647e-10,-1.40832618877614,0.094,0.332,4.57146660897134e-06,"Down",5.33994444806987,""
"Tafa2",2.62300165497355e-10,-2.11835264068941,0.085,0.31,4.62802412003533e-06,"Down",5.33460438628663,""
"Nkain3",2.65690629474993e-10,-1.38015682576202,0.222,0.49,4.68784546645679e-06,"Down",5.32902671315278,""
"Ccdc50",2.68793230202999e-10,-1.14444217493511,0.09,0.334,4.74258775370172e-06,"Down",5.32398462446759,""
"Aff2",2.69025411666192e-10,-1.31587994001155,0.17,0.431,4.7466843634383e-06,"Down",5.32360964626238,""
"Nebl",2.74615041410534e-10,-0.779310715862139,0.278,0.607,4.84530779064746e-06,"Down",5.3146786298549,""
"Fars2",2.83068622606818e-10,-1.98830528198304,0.038,0.242,4.99446277727469e-06,"Down",5.30151121923233,""
"Tcf12",2.8527515638578e-10,-1.72527087614925,0.066,0.288,5.03339485927069e-06,"Down",5.29813899877515,""
"Ccser1",2.97420123052567e-10,-0.677992361247232,0.887,0.888,5.24768065113949e-06,"Down",5.28003260192277,""
"Ctnna2",2.98279249470866e-10,-0.844258912366337,0.958,0.921,5.26283907766395e-06,"Down",5.2787799092438,""
"Stmn2",2.99868879537802e-10,-1.22277053562007,0.094,0.338,5.29088651056498e-06,"Down",5.27647155397805,""
"Ppp6r3",3.09756569255007e-10,-1.21069770331949,0.113,0.367,5.46534490793535e-06,"Down",5.26238242531786,""
"Zfp950",3.13885490695221e-10,-0.936277156962284,0.146,0.424,5.53819559782648e-06,"Down",5.25663170992005,""
"Cadm1",3.17903551000265e-10,-0.798543864886562,0.741,0.804,5.60909025384867e-06,"Down",5.25110757185836,""
"Sdha",3.20230839960051e-10,-1.32586402858417,0.061,0.288,5.65015294025513e-06,"Down",5.2479397963912,""
"Thada",3.21335819373328e-10,-0.787911595428479,0.113,0.365,5.669649197023e-06,"Down",5.24644381174384,""
"Tenm2",3.2301764546767e-10,-1.21696491393886,0.863,0.798,5.69932333663158e-06,"Down",5.24417670373304,""
"Chsy3",3.24167880447696e-10,-1.70697005940631,0.061,0.279,5.71961808261915e-06,"Down",5.2426329694847,""
"Nsun7",3.36515396175753e-10,-1.51016021180295,0.08,0.314,5.93747765012499e-06,"Down",5.22639801213687,""
"Esrrg",3.43741338997755e-10,-1.46053818284343,0.108,0.349,6.06497218527639e-06,"Down",5.21717118652184,""
"Ablim1",3.48246508473998e-10,-1.00837090503715,0.17,0.453,6.14446139551521e-06,"Down",5.21151618002039,""
"Pcdh11x",3.54262910282484e-10,-1.2960195176507,0.184,0.444,6.25061478902415e-06,"Down",5.20407726483997,""
"Zfp804b",3.63339320627873e-10,-1.35124509356888,0.311,0.578,6.4107589731582e-06,"Down",5.19309055108307,""
"Zfp280d",3.882636022932e-10,-1.02899879222339,0.146,0.418,6.85052299886121e-06,"Down",5.16427627130334,""
"Slc44a5",3.99757164438251e-10,-2.03012545767767,0.071,0.283,7.0533154093485e-06,"Down",5.15160669499039,""
"Prickle1",4.04524845430194e-10,-1.02402525814125,0.175,0.455,7.13743637277034e-06,"Down",5.14645775028065,""
"Hivep3",4.12180141072012e-10,-0.775954327668562,0.231,0.556,7.27250640907458e-06,"Down",5.13831588734807,""
"Frmd5",4.14397603031713e-10,-0.810275230903676,0.406,0.69,7.31163130789154e-06,"Down",5.13598571620547,""
"Fndc3b",4.15749780406946e-10,-1.17507379358877,0.094,0.338,7.33548912550015e-06,"Down",5.13457092239011,""
"Tbce",4.16773802103309e-10,-1.2622988998067,0.09,0.328,7.35355696431079e-06,"Down",5.13350253896961,""
"Usp33",4.29101337765472e-10,-1.12089092160085,0.118,0.371,7.571064003534e-06,"Down",5.12084308240324,""
"Cobl",4.35511161624336e-10,-2.05566054978481,0.052,0.257,7.68415893569978e-06,"Down",5.11440366096501,""
"Zfp740",4.39738482379306e-10,-2.43366731811869,0.024,0.211,7.75874578310048e-06,"Down",5.11020847764672,""
"Efcab1",4.44322242006672e-10,-1.68410168717285,0.071,0.29,7.83962163796571e-06,"Down",5.10570489707435,""
"Dennd4a",4.45035188915887e-10,-1.39625335647557,0.09,0.317,7.85220087323191e-06,"Down",5.10500859890643,""
"Xkr6",4.59146436507136e-10,-0.586884099736238,0.325,0.677,8.10117972573192e-06,"Down",5.09145173284127,""
"Rimbp2",4.70814248871269e-10,-0.77052195724415,0.217,0.536,8.30704660708466e-06,"Down",5.08055335289784,""
"Epc1",4.71305271959464e-10,-1.540510833544,0.057,0.272,8.31571021845278e-06,"Down",5.08010065314524,""
"Map4k4",4.76875836565314e-10,-1.46497143803669,0.085,0.312,8.41399726035841e-06,"Down",5.07499763372756,""
"Ica1l",4.84185813439651e-10,-2.33824775304,0.028,0.218,8.5429744923292e-06,"Down",5.06839089035449,""
"Meg3",5.11422561242979e-10,-0.272450517082329,1,1,9.02353967057112e-06,"Down",5.04462306801832,""
"Grid1",5.27266810425104e-10,-0.87896138434402,0.467,0.714,9.30309560314054e-06,"Down",5.0313725159985,""
"Lrrc8d",5.31431391373625e-10,-4.36572848946211,0.005,0.171,9.37657546939624e-06,"Down",5.02795574651435,""
"Ptprn",5.33453852134787e-10,1.08300879117487,0.646,0.58,9.41225976706619e-06,"Up",5.02630609532447,""
"B3galt1",5.36418049950911e-10,-1.17308341151971,0.278,0.55,9.46456007333387e-06,"Down",5.02389956787702,""
"Glmn",5.44096976190031e-10,-1.41430199325175,0.071,0.297,9.60004704789691e-06,"Down",5.01772663856544,""
"Abl2",5.45367877083597e-10,-1.79827270709216,0.047,0.251,9.62247082326298e-06,"Down",5.01671339707568,""
"Sgce",5.51542175415959e-10,-2.47911028887985,0.024,0.209,9.73141014303917e-06,"Down",5.01182422314718,""
"Plcl1",5.55746721111829e-10,-1.36862140208352,0.113,0.358,9.80559514729711e-06,"Down",5.00852604183882,""
"Specc1",5.63655494788888e-10,-0.929039332563357,0.193,0.479,9.94513755005514e-06,"Down",5.00238920582091,""
"Nrxn1",5.64865596729243e-10,-0.487302956167733,0.995,0.982,9.96648858869076e-06,"Down",5.00145782615843,""
"Osbpl6",5.6621244533482e-10,-0.521858654149318,0.33,0.714,9.99025238548756e-06,"Down",5.00042353997822,""
"Phc3",5.76993404093142e-10,-1.39071517293414,0.071,0.294,1.01804716218194e-05,"Down",4.99223210235198,""
"Greb1l",5.82287456470863e-10,-1.63780803489891,0.099,0.328,1.02738798819719e-05,"Down",4.98826551617658,""
"Hook3",5.98595426356228e-10,-1.08003036350398,0.113,0.367,1.05616177026293e-05,"Down",4.97626955665849,""
"Ptprk",6.01627360290838e-10,-1.75537763128009,0.113,0.343,1.06151131449715e-05,"Down",4.97407537239059,""
"Lims1",6.15042107088906e-10,-2.1661870072537,0.038,0.233,1.08518029374767e-05,"Down",4.96449810137778,""
"Ksr2",6.16995415535314e-10,-0.608513728104872,0.377,0.743,1.08862671117051e-05,"Down",4.96312101378926,""
"Elavl2",6.2421938670455e-10,-1.74823202459256,0.061,0.273,1.10137268590151e-05,"Down",4.95806569824637,""
"Tbc1d19",6.34761300783782e-10,-1.51512551512408,0.061,0.279,1.1199728391029e-05,"Down",4.95079250944657,""
"Ptprj",6.49292112515231e-10,-1.43890396648483,0.08,0.31,1.14561100332187e-05,"Down",4.94096282372073,""
"Fbxo11",6.60512744933769e-10,-1.28166422467364,0.099,0.339,1.16540868716114e-05,"Down",4.93352174892642,""
"Gabrb1",6.62444678294768e-10,-0.700092313153253,0.811,0.855,1.16881739038329e-05,"Down",4.93225333532554,""
"Zmym6",6.847585209788e-10,-1.33441589144898,0.071,0.292,1.20818793441499e-05,"Down",4.91786550567256,""
"Arih1",6.95704058732973e-10,-0.96497277815242,0.137,0.398,1.22750024122846e-05,"Down",4.91097841385739,""
"Uba6",6.96617942533844e-10,-2.0871154362625,0.038,0.231,1.22911269780671e-05,"Down",4.91040829466305,""
"Ndrg4",6.98354451204488e-10,-1.42571059429034,0.09,0.319,1.2321765937052e-05,"Down",4.90932704527579,""
"Mllt10",7.01266509172119e-10,-0.845207741759886,0.184,0.468,1.23731462878329e-05,"Down",4.90751985237564,""
"Msi2",7.08121115239598e-10,-0.967583991608958,0.245,0.55,1.24940889572875e-05,"Down",4.90329540622403,""
"Dtna",7.08539035820222e-10,-0.897675161654021,0.179,0.462,1.2501462748012e-05,"Down",4.90303916889405,""
"Klhl32",7.26997777842388e-10,-1.04065612516984,0.127,0.383,1.28271487922511e-05,"Down",4.89186986750676,""
"Btbd9",7.36596743591947e-10,-0.898880924399418,0.217,0.512,1.29965129439363e-05,"Down",4.8861731563356,""
"Gpcpd1",7.46671227183919e-10,-1.79075995773751,0.061,0.27,1.31742671324331e-05,"Down",4.88027353468793,""
"Ankrd44",7.50370205899944e-10,-1.95122462993076,0.052,0.253,1.32395319128986e-05,"Down",4.87812736921949,""
"Arhgap20",7.62103897997328e-10,-1.79879991157122,0.047,0.251,1.34465611762649e-05,"Down",4.87138876793854,""
"Phf12",7.63139479530594e-10,-1.27443265544256,0.075,0.301,1.34648329768378e-05,"Down",4.87079902938114,""
"Cd47",7.76537587700992e-10,-1.94037080491934,0.038,0.235,1.37012291973963e-05,"Down",4.86324046863196,""
"Ube2b",7.91375982827567e-10,-0.770974486331105,0.25,0.574,1.39630378410096e-05,"Down",4.85502008500372,""
"R3hdm2",8.29523884669593e-10,-0.892805121667286,0.184,0.462,1.46361194211103e-05,"Down",4.83457405561358,""
"Lcor",8.34786067406952e-10,-1.02438908812853,0.108,0.356,1.47289653733283e-05,"Down",4.8318277588217,""
"Cop1",8.41620174706605e-10,-1.55837356740451,0.052,0.262,1.48495463625233e-05,"Down",4.82828681336779,""
"Kcnd2",8.43319628002091e-10,-0.860366924249261,0.934,0.89,1.48795315164689e-05,"Down",4.82741074237988,""
"Tlk2",8.46571308522199e-10,-1.50174648532288,0.071,0.29,1.49369041675657e-05,"Down",4.82573940534959,""
"Vat1l",8.46899865115664e-10,-0.973198389592835,0.146,0.404,1.49427012201008e-05,"Down",4.8255708871964,""
"Atl1",8.58989101629586e-10,-1.12200755868515,0.104,0.352,1.51560037091524e-05,"Down",4.81941529711147,""
"Hs6st2",8.71111665057394e-10,-1.87186337376094,0.066,0.275,1.53698942182727e-05,"Down",4.81332912147739,""
"Lrrtm4",8.77116517652162e-10,-1.1068576560978,0.939,0.875,1.54758438374547e-05,"Down",4.81034566127658,""
"Slc38a2",8.86426862691665e-10,-1.80773303634122,0.042,0.239,1.56401155653317e-05,"Down",4.80576004224801,""
"Zfyve9",8.90476510755393e-10,-0.984610798425302,0.17,0.442,1.57115675557682e-05,"Down",4.80378048288759,""
"Mapk1",9.02658113030727e-10,-1.37973988195847,0.085,0.312,1.59264997463141e-05,"Down",4.79787966097813,""
"Prdm2",9.10970234832556e-10,-1.51227715281505,0.061,0.273,1.60731588233856e-05,"Down",4.79389876388678,""
"Lrp1b",9.15344146614042e-10,-0.945657674265866,0.953,0.91,1.61503321228581e-05,"Down",4.79181854220957,""
"Ppm1h",9.1844913607998e-10,-1.0206651284286,0.123,0.372,1.62051165569952e-05,"Down",4.79034784091207,""
"Rc3h1",9.32501731112381e-10,-1.55718957469063,0.066,0.279,1.64530605437469e-05,"Down",4.78375330418035,""
"Xpo7",9.39695736988783e-10,-1.25578559284803,0.094,0.33,1.65799915834301e-05,"Down",4.7804156942484,""
"Atp6v1b2",9.5433896078333e-10,-1.66334312700605,0.066,0.277,1.68383566240611e-05,"Down",4.77370029668012,""
"Zfand3",9.61718686227415e-10,-1.48426277664546,0.075,0.295,1.69685644997965e-05,"Down",4.77035489640871,""
"Ndufaf4",9.68888705107607e-10,-2.41391202297208,0.028,0.213,1.70950723129186e-05,"Down",4.76712905777847,""
"Mafg",9.94925346148494e-10,-1.36027405937,0.09,0.317,1.7554462807444e-05,"Down",4.75561245604952,""
"Dym",9.98887140429224e-10,-1.26716465497852,0.075,0.303,1.76243647057332e-05,"Down",4.75388652879143,""
"Klhdc10",1.00056320287823e-09,-0.74341822285951,0.179,0.473,1.76539371515835e-05,"Down",4.75315842384413,""
"G3bp1",1.00315052465715e-09,-1.81771712491385,0.038,0.235,1.76995878570508e-05,"Down",4.75203684626489,""
"Ttc7b",1.00357311853877e-09,-0.993288689497299,0.127,0.382,1.77070441034981e-05,"Down",4.75185393099979,""
"Pten",1.00902313897373e-09,-2.18212855112272,0.033,0.222,1.78032042640525e-05,"Down",4.74950182527775,""
"Rbfox2",1.02051092570546e-09,-0.747725726976946,0.283,0.593,1.80058947731471e-05,"Down",4.74458529221078,""
"Tpp2",1.02670794809298e-09,-1.8901951965332,0.057,0.259,1.81152350361525e-05,"Down",4.74195602683828,""
"Gramd1b",1.03387784411081e-09,-1.11807315695337,0.127,0.38,1.82417406814912e-05,"Down",4.73893372235098,""
"Slc12a6",1.03826369089777e-09,-1.13057683741032,0.085,0.319,1.83191245622002e-05,"Down",4.73709528431937,""
"Tbl1x",1.03916944681804e-09,-1.10318891986739,0.108,0.354,1.83351057196575e-05,"Down",4.73671658156749,""
"Cnot4",1.04304162366557e-09,-1.02300102324429,0.165,0.433,1.84034264079553e-05,"Down",4.73510131114631,""
"Slc35f4",1.06942051558339e-09,-1.28690087303978,0.146,0.393,1.88688555769534e-05,"Down",4.72425443961706,""
"Faim2",1.07731241227763e-09,-1.02483115800816,0.132,0.389,1.90081002022266e-05,"Down",4.72106128728605,""
"Foxk2",1.09995289761477e-09,-1.92074199817041,0.042,0.239,1.9407568925515e-05,"Down",4.71202886277538,""
"Nfat5",1.11019317358545e-09,-1.29061318140112,0.123,0.363,1.95882483547417e-05,"Down",4.70800439830248,""
"Kcnab1",1.11160591487118e-09,-2.23275462419269,0.066,0.27,1.9613174761987e-05,"Down",4.70745210189492,""
"Otud7b",1.12024414111493e-09,-2.31587994001155,0.024,0.206,1.97655876258319e-05,"Down",4.70409026966593,""
"Atxn2",1.13633282372518e-09,-0.773785704417885,0.189,0.486,2.00494563418071e-05,"Down",4.69789739915125,""
"Vti1a",1.15284276757597e-09,-0.911907604695658,0.217,0.499,2.03407577911105e-05,"Down",4.69163287155254,""
"Acaca",1.25222635351793e-09,-0.704758278823537,0.222,0.528,2.20942817814704e-05,"Down",4.65572011147729,""
"Psd3",1.27723006794186e-09,-2.12323486206915,0.047,0.24,2.25354473187662e-05,"Down",4.64713381695206,""
"Mettl16",1.29411812304769e-09,-3.07076744217502,0.014,0.183,2.28334201630534e-05,"Down",4.64142903171206,""
"Tspan5",1.30398610181341e-09,-1.5175138011812,0.066,0.279,2.30075307803958e-05,"Down",4.63812998828447,""
"Mccc2",1.30779827134028e-09,-2.3271071954348,0.028,0.211,2.30747926995279e-05,"Down",4.63686219192093,""
"Dock9",1.32394395852918e-09,-0.803911325388815,0.198,0.486,2.33596672042888e-05,"Down",4.63153334873303,""
"Spop",1.33645114258573e-09,-0.943310581873162,0.137,0.393,2.35803439597825e-05,"Down",4.62744986426442,""
"Desi2",1.33893782290105e-09,-1.56741870700751,0.052,0.255,2.36242189472662e-05,"Down",4.62664254101974,""
"Macrod2",1.34403127663742e-09,-0.746929757279023,0.835,0.857,2.37140878449907e-05,"Down",4.62499357569294,""
"Rbms1",1.44369282853978e-09,-2.12966113122859,0.047,0.24,2.54725162667558e-05,"Down",4.59392815174664,""
"Cpe",1.4937468561844e-09,-0.800428235717989,0.189,0.468,2.63556695305176e-05,"Down",4.57912594663871,""
"Krit1",1.50073477481973e-09,-1.51479714479357,0.071,0.284,2.64789643669193e-05,"Down",4.57709900482628,""
"Tra2a",1.5360395773426e-09,-0.784649423228182,0.259,0.574,2.71018823026328e-05,"Down",4.56700054509393,""
"1110051M20Rik",1.55418519643893e-09,-0.596059052425985,0.302,0.637,2.74220436059686e-05,"Down",4.56190018288993,""
"Eya3",1.57826891117553e-09,-1.95973612978627,0.042,0.233,2.7846976668781e-05,"Down",4.55522194904822,""
"Ubxn7",1.64266607299119e-09,-2.24661727757443,0.024,0.2,2.89832001918565e-05,"Down",4.53785366341514,""
"Scn9a",1.65013656346292e-09,-1.02859798793108,0.217,0.494,2.91150095257397e-05,"Down",4.53588306346509,""
"Zfp423",1.6840449761498e-09,-1.49739291572907,0.094,0.316,2.97132895591871e-05,"Down",4.52704926477938,""
"Tasp1",1.70740940103561e-09,-1.65572994289617,0.061,0.266,3.01255314718723e-05,"Down",4.52106528256594,""
"Wdr37",1.70898551833357e-09,-1.76434044082784,0.033,0.222,3.01533404854775e-05,"Down",4.52066456829839,""
"Gprin3",1.74354747976685e-09,-3.37927502130006,0.009,0.172,3.07631517330062e-05,"Down",4.51196917244233,""
"Akap10",1.77246266529732e-09,-2.08626853571521,0.033,0.218,3.1273331266506e-05,"Down",4.50482585481067,""
"Agap1",1.80001367487415e-09,-0.710078321389073,0.325,0.653,3.17594412794795e-05,"Down",4.49812714640153,""
"Cnksr2",1.8036799417669e-09,-1.73178418310792,0.075,0.286,3.18241288925351e-05,"Down",4.49724347525774,""
"Csnk1g1",1.81053088928188e-09,-1.04962163330347,0.146,0.4,3.19450070104894e-05,"Down",4.49559701222376,""
"Lgals8",1.84353817267544e-09,-1.75050816764827,0.057,0.257,3.25273875186854e-05,"Down",4.48775081626874,""
"Nufip2",1.86671551683349e-09,-1.9903244496197,0.042,0.233,3.29363285790101e-05,"Down",4.4823248133855,""
"Ppp2r5e",1.86785960402507e-09,-1.45338346376148,0.066,0.277,3.29565148534183e-05,"Down",4.48205872112409,""
"Kdm3b",1.87243621914779e-09,-2.04962163330347,0.047,0.239,3.30372646506436e-05,"Down",4.4809959176564,""
"Pikfyve",1.88296355681666e-09,-2.16706110303378,0.033,0.217,3.32230089964731e-05,"Down",4.47856103620176,""
"Plekha1",1.88986272658554e-09,-1.82763259377893,0.047,0.242,3.33447379478753e-05,"Down",4.47697269129793,""
"Pibf1",1.9448376658699e-09,-1.41259509450008,0.094,0.317,3.43147157766086e-05,"Down",4.46451959395127,""
"Rapgef2",1.98234514370533e-09,-1.22908430955227,0.094,0.323,3.49764977155368e-05,"Down",4.45622367967626,""
"Srgap3",2.00202742720391e-09,-0.670229512591288,0.33,0.672,3.53237719255858e-05,"Down",4.45193292799922,""
"Cadm2",2.04600677225363e-09,-1.04864554564847,0.604,0.749,3.6099743489643e-05,"Down",4.44249588400649,""
"Pura",2.04890401443109e-09,-1.81572582709475,0.066,0.268,3.61508624306222e-05,"Down",4.44188133752872,""
"Nexmif",2.07133923894719e-09,-1.32107260923187,0.132,0.367,3.65467095319842e-05,"Down",4.43715171847168,""
"Fam120b",2.07370213076074e-09,-1.17597632414113,0.132,0.374,3.65884003951425e-05,"Down",4.43665657697823,""
"Itch",2.08515549057966e-09,-0.812305766131047,0.17,0.451,3.67904834757874e-05,"Down",4.43426450492541,""
"Pip5k1b",2.11371379147085e-09,-1.26424717159623,0.104,0.338,3.72943661367117e-05,"Down",4.42835676981431,""
"Pcdh19",2.12321190022594e-09,-3.74633249167708,0.014,0.178,3.74619507675864e-05,"Down",4.42640961122294,""
"Rb1cc1",2.13739327137824e-09,-0.84846682745293,0.226,0.523,3.77121668801977e-05,"Down",4.42351851301797,""
"Ppp1r13b",2.13821878841617e-09,-1.24069244361733,0.123,0.356,3.77267323028148e-05,"Down",4.4233508095436,""
"Wdfy3",2.15233177528858e-09,-0.59255175376926,0.349,0.703,3.79757418431917e-05,"Down",4.42049373358742,""
"Dis3l2",2.17658943315066e-09,-0.926239217798186,0.142,0.4,3.84037439585102e-05,"Down",4.4156264344538,""
"Yme1l1",2.18664788202812e-09,-1.13257272664849,0.085,0.308,3.85812152305041e-05,"Down",4.41362409707601,""
"Mpdz",2.20628362525496e-09,-1.41741796647361,0.08,0.299,3.89276682839985e-05,"Down",4.4097416091696,""
"Pum2",2.25078772286513e-09,-1.71581054690018,0.047,0.242,3.97128985822324e-05,"Down",4.40106841330561,""
"Tulp4",2.28420922719039e-09,-0.474869463772705,0.226,0.534,4.03025876045472e-05,"Down",4.39466706933533,""
"Gm10125",2.36821754129891e-09,-1.1600347802721,0.127,0.369,4.17848302986779e-05,"Down",4.37898135729955,""
"Canx",2.42133641799429e-09,-1.18714662588935,0.104,0.332,4.27220597590913e-05,"Down",4.36934781683056,""
"Med13l",2.4647504377215e-09,-0.807733036341223,0.16,0.426,4.34880567231581e-05,"Down",4.3616299984801,""
"Ubap2l",2.46659543225624e-09,-1.00393593369681,0.118,0.365,4.35206098067292e-05,"Down",4.36130502797343,""
"Epb41l3",2.49445776202432e-09,-0.807733036341223,0.311,0.606,4.40122127531571e-05,"Down",4.35642679634666,""
"Ahcyl1",2.5383528257232e-09,-1.91791595409165,0.042,0.231,4.47866972570601e-05,"Down",4.34885096291634,""
"Ptpro",2.5777156706163e-09,-0.91281508239878,0.17,0.437,4.54812152923539e-05,"Down",4.34216793915335,""
"Dock4",2.6182890349531e-09,-1.14627239814602,0.179,0.439,4.61970917327125e-05,"Down",4.33538536392852,""
"Cep70",2.65625327741377e-09,-1.1382370254084,0.118,0.354,4.68669328266886e-05,"Down",4.32913346764537,""
"Tspan7",2.72422036691603e-09,-1.0697589171141,0.132,0.378,4.80661441538664e-05,"Down",4.31816071539712,""
"Slco3a1",2.73422259363708e-09,-1.09270999505569,0.151,0.402,4.82426234421327e-05,"Down",4.31656908321736,""
"Ccny",2.73547051903141e-09,-1.23050618439967,0.075,0.295,4.82646418377901e-05,"Down",4.31637091227401,""
"Grm8",2.73920503835001e-09,-1.8005909670972,0.099,0.316,4.83305336966476e-05,"Down",4.31577840907735,""
"Ddx50",2.75220736463036e-09,-0.898768112494846,0.146,0.409,4.85599467415381e-05,"Down",4.31372179824805,""
"Sybu",2.75411118701264e-09,-0.964618351166019,0.146,0.404,4.85935377836511e-05,"Down",4.31342148159171,""
"Ipo11",2.8533825013059e-09,-1.93897756961948,0.038,0.224,5.03450808530413e-05,"Down",4.29804295733969,""
"Spata7",2.88741027421964e-09,-1.29181218004972,0.094,0.319,5.09454668783314e-05,"Down",4.29289445341048,""
"Pias2",2.88794354767908e-09,-1.68843410796888,0.061,0.262,5.09548759552496e-05,"Down",4.2928142513212,""
"Ubr1",2.90105230776318e-09,-1.07294674023426,0.142,0.387,5.11861669181736e-05,"Down",4.29084739142288,""
"Tmem135",2.90656489457807e-09,-1.50405664601008,0.066,0.272,5.12834309999354e-05,"Down",4.29002292704436,""
"Ncoa7",2.91054896282056e-09,-0.900126640648117,0.217,0.495,5.1353725900006e-05,"Down",4.28942804127585,""
"Srrm1",2.96203841083135e-09,0.601145482255845,0.896,0.831,5.22622057207084e-05,"Up",4.28181226487051,""
"Cds2",3.03519513450951e-09,-2.25839444535079,0.024,0.198,5.35529829532857e-05,"Down",4.27121633353294,""
"Asxl2",3.08554382624749e-09,-1.21625722866139,0.104,0.332,5.44413352703106e-05,"Down",4.26407123149559,""
"Immp2l",3.08636080220076e-09,-2.08846944390848,0.042,0.229,5.44557499940301e-05,"Down",4.26395625624183,""
"Sdk1",3.08736581648437e-09,-1.27757809396872,0.226,0.479,5.44734824660501e-05,"Down",4.26381485958195,""
"R3hdm1",3.16886237302865e-09,-0.57957999297749,0.335,0.67,5.59114077097175e-05,"Down",4.25249957315241,""
"Mgat5",3.25584840940857e-09,-1.26024524103873,0.108,0.336,5.74461893356048e-05,"Down",4.24073877472867,""
"Sppl3",3.28797963470224e-09,-1.3185295184255,0.094,0.317,5.80131126746864e-05,"Down",4.23647383197812,""
"Tbc1d5",3.30334329275385e-09,-1.12966113122858,0.099,0.328,5.82841890573489e-05,"Down",4.23444924174915,""
"Slc8a3",3.36572284155146e-09,-0.845565109866962,0.226,0.51,5.9384813816334e-05,"Down",4.22632460079295,""
"Dennd1b",3.37221531361051e-09,-1.72527087614925,0.047,0.24,5.94993669933438e-05,"Down",4.22548765465397,""
"Serinc1",3.4483099691827e-09,-2.50817275448232,0.024,0.194,6.08419810962595e-05,"Down",4.21579665317976,""
"Abr",3.49672848921149e-09,-0.716310008577628,0.33,0.672,6.16962774636476e-05,"Down",4.20974103897758,""
"Caln1",3.50960542035538e-09,-1.34378593658143,0.108,0.334,6.19234780367503e-05,"Down",4.20814465875688,""
"Ogdh",3.55349694798221e-09,-0.851728940167906,0.151,0.411,6.26979001501981e-05,"Down",4.20274700412069,""
"Tmem117",3.55998402327754e-09,-1.4886645955931,0.075,0.286,6.28123581067089e-05,"Down",4.20195490197075,""
"Gad2",3.57233374874184e-09,-0.936331525451329,0.208,0.472,6.3030256662801e-05,"Down",4.20045092439888,""
"Scamp1",3.69812904896654e-09,-1.59933388708428,0.047,0.24,6.52497889399656e-05,"Down",4.18542088877675,""
"Zfp236",3.71347732616667e-09,-1.75001753848494,0.047,0.239,6.55205939428848e-05,"Down",4.18362217435893,""
"Nelfb",3.76193985299175e-09,-3.14560267509761,0.005,0.158,6.63756667661863e-05,"Down",4.17799110325253,""
"Zzz3",3.91190986213651e-09,-2.62486897919141,0.019,0.185,6.90217376075366e-05,"Down",4.16101411163587,""
"Cnrip1",3.95469536013335e-09,-2.07691966915661,0.042,0.226,6.97766449341928e-05,"Down",4.15628991653876,""
"Reps1",4.00943729008131e-09,-1.82763259377893,0.052,0.242,7.07425115461946e-05,"Down",4.15031952564523,""
"Prlr",4.02512250614737e-09,-1.18212855112272,0.118,0.35,7.10192614984642e-05,"Down",4.14862384806946,""
"Dhdds",4.04376503621607e-09,-1.72973052433995,0.052,0.246,7.13481902989963e-05,"Down",4.14661703801012,""
"Farp1",4.07460398119114e-09,-0.913442477512338,0.193,0.466,7.18923126441364e-05,"Down",4.14331754570502,""
"Anapc1",4.12795629781425e-09,-1.60609917517157,0.075,0.277,7.28336609186347e-05,"Down",4.13766786007452,""
"Ino80d",4.16362064264893e-09,-1.89654230329908,0.042,0.228,7.34629226188978e-05,"Down",4.13393179785281,""
"Hs2st1",4.21690550682448e-09,-1.57640749023477,0.057,0.253,7.44030807624111e-05,"Down",4.12840908151844,""
"Ireb2",4.35504698522905e-09,-2.12323486206915,0.024,0.194,7.68404490073813e-05,"Down",4.11441010605841,""
"Ptbp2",4.39941533385798e-09,-1.13134750785647,0.094,0.317,7.76232841505902e-05,"Down",4.11000798671445,""
"Pkd2",4.41733521482298e-09,-2.31587994001155,0.028,0.202,7.79394625303367e-05,"Down",4.1082425934229,""
"Bach2",4.42183349154877e-09,-0.801996666792078,0.113,0.352,7.80188301248864e-05,"Down",4.10780056612517,""
"Psma3",4.55089095555199e-09,-1.54084630501182,0.075,0.281,8.02959200197592e-05,"Down",4.09530652144512,""
"Pcbp2",4.6141422146737e-09,-1.34206946399241,0.085,0.299,8.14119252357028e-05,"Down",4.0893119749053,""
"Acap2",4.6335988996216e-09,-1.34235215137274,0.071,0.281,8.17552189849235e-05,"Down",4.08748451384803,""
"Ttc28",4.68810966699898e-09,-1.02906815089463,0.17,0.422,8.271700696453e-05,"Down",4.08240518849464,""
"Pak7",4.85831882086957e-09,-0.991444989513611,0.123,0.369,8.57201772754227e-05,"Down",4.06691693947741,""
"Khdc4",4.88247778244385e-09,-1.6995842324856,0.061,0.257,8.61464379934393e-05,"Down",4.06476267517214,""
"St7",4.98199502964568e-09,-1.20935001985775,0.104,0.325,8.79023203030683e-05,"Down",4.05599966097266,""
"Rundc3b",5.02561661962663e-09,-0.78858798707452,0.123,0.369,8.86719796366922e-05,"Down",4.05221359563254,""
"Dctn4",5.05080769320918e-09,-1.92074199817041,0.047,0.233,8.91164509389828e-05,"Down",4.0500421175957,""
"Atp13a3",5.07830160815535e-09,-2.13257272664849,0.033,0.209,8.9601553574293e-05,"Down",4.04768446017165,""
"Gmcl1",5.14258031346207e-09,-1.48928551018882,0.061,0.261,9.07356870507247e-05,"Down",4.04222186794621,""
"Hecw2",5.15100852406182e-09,-0.988305281983044,0.118,0.363,9.08843943985467e-05,"Down",4.04151068232737,""
"Tm9sf4",5.23347633640895e-09,-0.941961428058297,0.118,0.36,9.23394564795995e-05,"Down",4.0346126860834,""
"Dop1a",5.31935983022849e-09,-0.87484723219976,0.165,0.426,9.38547848445514e-05,"Down",4.027543581555,""
"Mtmr3",5.37956312542381e-09,-1.46155739520718,0.075,0.281,9.49170117849778e-05,"Down",4.02265594287066,""
"Hdac8",5.39073568614133e-09,-0.815930189307842,0.184,0.448,9.51141404462777e-05,"Down",4.02175491249189,""
"Gng2",5.39815747637844e-09,-1.38196913046932,0.085,0.297,9.52450905132213e-05,"Down",4.02115740114282,""
"Trim37",5.40717761738881e-09,-1.25078491178966,0.085,0.303,9.54042418812082e-05,"Down",4.02043231518431,""
"Snd1",5.62042843117751e-09,-1.07521334720621,0.09,0.31,9.9166839239696e-05,"Down",4.0036335288825,""
"Slit2",5.70634389332874e-09,-1.83842983356414,0.085,0.286,0.000100682731653892,"Down",3.99704500998782,""
"Sema6d",5.71240881427694e-09,-1.09931996397725,0.25,0.497,0.000100789741119102,"Down",3.9965836702923,""
"Nav3",5.76007386665935e-09,-0.635210923412871,0.679,0.809,0.000101630743303338,"Down",3.99297489808207,""
"Thoc7",5.78687250743132e-09,-1.418026827019,0.061,0.261,0.000102103578521118,"Down",3.99095903651505,""
"Mark1",5.83226136919626e-09,-1.33824775304,0.094,0.308,0.000102904419598099,"Down",3.98756597250824,""
"Armc8",5.86454241002369e-09,-1.56380745345513,0.052,0.244,0.000103473986282458,"Down",3.98516881961762,""
"Lrrc45",5.91414220607176e-09,1.33642886903601,0.542,0.457,0.00010434912508393,"Up",3.9815111879288,""
"Tead1",5.93174936359105e-09,-1.78348549009455,0.061,0.253,0.0001046597857712,"Down",3.98022015855566,""
"Rfx7",5.9958393161547e-09,-0.743602698921507,0.156,0.417,0.000105790588894233,"Down",3.97555296531686,""
"Rpgr",6.00369949581971e-09,-1.32672149965898,0.08,0.29,0.000105929273904243,"Down",3.97498400459311,""
"Magi2",6.03606294884132e-09,-0.469938231987993,0.986,0.963,0.000106500294669356,"Down",3.97264919059991,""
"Helz",6.04575807149756e-09,-0.878011732351819,0.175,0.435,0.000106671355413503,"Down",3.97195218653609,""
"Pigu",6.10187609906458e-09,-1.87484723219976,0.033,0.209,0.000107661501891895,"Down",3.9679395660138,""
"Tmem241",6.12565048832707e-09,-3.26716465497852,0.009,0.163,0.000108080977216043,"Down",3.96625073728713,""
"Sec63",6.19895492608307e-09,-2.38674627073119,0.028,0.198,0.00010937436071581,"Down",3.96108447237793,""
"Ptprz1",6.23285277959546e-09,-0.98775050595587,0.236,0.494,0.000109972454443182,"Down",3.95871608194554,""
"Large1",6.28441714520571e-09,-0.798146987512025,0.34,0.633,0.000110882256110009,"Down",3.95513794609663,""
"Matk",6.33436690773439e-09,1.05109090069808,0.623,0.589,0.000111763569720066,"Up",3.95169973533904,""
"Aopep",6.48902337931981e-09,-0.915036322315459,0.151,0.4,0.000114492328504719,"Down",3.9412236120113,""
"Lingo2",6.55390382547136e-09,-0.588054999701811,0.995,0.947,0.000115637079096617,"Down",3.93690288680631,""
"Herc3",6.58655948860927e-09,-1.51512551512408,0.057,0.25,0.000116213255617022,"Down",3.93474433224695,""
"Kmt2a",6.70916596971117e-09,0.560071580278869,0.962,0.862,0.000118376524369584,"Up",3.92673441541392,""
"Slc8a1",7.11255618821715e-09,-0.843107366443108,0.387,0.664,0.000125493941384903,"Down",3.90137724061018,""
"Slc4a3",7.18898403224132e-09,1.1045623637081,0.542,0.426,0.000126842434264866,"Up",3.896735431911,""
"Glud1",7.22826662195017e-09,-1.83944189606856,0.052,0.237,0.000127535536277689,"Down",3.89436878731656,""
"Ppip5k2",7.28079770786411e-09,-1.31587994001155,0.066,0.268,0.000128462394757554,"Down",3.89122398625857,""
"Fgf12",7.44952895533422e-09,-0.577044160607364,0.868,0.877,0.000131439488887917,"Down",3.88127413835562,""
"Mbnl1",7.54784551875804e-09,-1.28550629096803,0.085,0.294,0.000133174186332967,"Down",3.87557994798546,""
"Cpne1",7.60021461466046e-09,-2.93058978412676,0.014,0.171,0.000134098186661069,"Down",3.87257709484352,""
"Fam168a",7.66080512707929e-09,-0.741237624554316,0.264,0.556,0.000135167245662187,"Down",3.86912853584681,""
"Farsb",7.70932424068205e-09,-1.8681056543207,0.033,0.209,0.000136023316902594,"Down",3.86638663917275,""
"Mtus2",7.73737162037526e-09,-0.940627306838568,0.193,0.453,0.000136518184869901,"Down",3.86480949468454,""
"Nktr",7.78724946284708e-09,0.623449105491901,0.91,0.859,0.000137398229522474,"Up",3.86201886344513,""
"Napb",7.80048615591742e-09,-1.6483772766091,0.038,0.217,0.000137631777735007,"Down",3.86128128047843,""
"Slc7a6",7.91582318849405e-09,-1.94939418556481,0.042,0.222,0.000139666784337789,"Down",3.85490686585434,""
"Afg3l1",7.93494068406116e-09,-1.18990590171444,0.113,0.334,0.000140004093429575,"Down",3.85385926626542,""
"Cog5",8.0569450934995e-09,-1.69167490687765,0.08,0.277,0.000142156739229705,"Down",3.84723254687121,""
"Ptpn12",8.16045864704171e-09,-1.28762167997003,0.08,0.288,0.000143983132368404,"Down",3.84168838254642,""
"Ralgps1",8.21416810891774e-09,-0.683978216331836,0.274,0.576,0.000144930782113745,"Down",3.83883936413297,""
"Stk39",8.31506289176157e-09,-1.42118409402207,0.075,0.279,0.000146710969662241,"Down",3.83353741249844,""
"Sec24b",8.52398129329347e-09,-0.698219551594732,0.17,0.442,0.00015039712593887,"Down",3.82276046295193,""
"Ric3",8.54259163846295e-09,-3.56064017437645,0.009,0.16,0.00015072548686904,"Down",3.82181330461507,""
"E230016M11Rik",8.63671511925995e-09,-2.87302449659294,0.019,0.178,0.000152386201564222,"Down",3.81705435619734,""
"Cbx6",8.63815031300556e-09,-1.42922141308749,0.071,0.27,0.00015241152412267,"Down",3.81698219393037,""
"Riok3",8.69043965637048e-09,-1.06497928981361,0.094,0.319,0.000153334117297001,"Down",3.8143612025801,""
"Oxr1",8.81458336209794e-09,-1.04900346788336,0.193,0.45,0.000155524508840856,"Down",3.80820116152069,""
"Hs6st3",8.84666282434365e-09,-1.22380213740938,0.358,0.596,0.000156090518872719,"Down",3.8066234757096,""
"Tbc1d32",9.14891853701738e-09,-1.74633249167708,0.038,0.217,0.000161423518667135,"Down",3.79203319028772,""
"Gm31282",9.15816051229624e-09,-1.93897756961948,0.038,0.215,0.000161586584078955,"Down",3.79159469988784,""
"Uqcc1",9.17647206669232e-09,-2.49578903002648,0.024,0.187,0.000161909673144719,"Down",3.79072720394657,""
"Tmem132b",9.43089822898937e-09,-1.10464443475796,0.132,0.367,0.000166398768352288,"Down",3.77884989258727,""
"Frs2",9.44915115698794e-09,-1.88066455879507,0.042,0.222,0.000166720823013895,"Down",3.77801015448955,""
"Nrp1",9.56522668341247e-09,-0.944264721023833,0.165,0.417,0.00016876885960213,"Down",3.77270768419486,""
"Zfp445",9.60107083992249e-09,-0.755894104821605,0.198,0.479,0.000169401293899593,"Down",3.77108327681932,""
"Mib1",9.68881888879562e-09,-2.22277053562007,0.028,0.196,0.00017094952047391,"Down",3.76713211309393,""
"Etnk1",9.69173132667430e-09,-0.807733036341223,0.203,0.472,0.000171000907527841,"Down",3.76700158473482,""
"Vezt",9.70597826669817e-09,-0.789295788084547,0.189,0.457,0.000171252280537623,"Down",3.76636363637095,""
"Taz",9.79056234531399e-09,-1.48150480402024,0.09,0.294,0.00017274468202072,"Down",3.76259531358969,""
"Dhx30",9.7978753620047e-09,-0.830453112841306,0.118,0.35,0.000172873712887211,"Down",3.76227104036384,""
"Nsmce2",9.84047487175962e-09,-1.48580494145386,0.08,0.281,0.000173625338637327,"Down",3.76038689420938,""
"Reep1",9.8705403892166e-09,-0.884722775369427,0.179,0.437,0.000174155814627338,"Down",3.75906202095647,""
"Arid1b",9.91712625039608e-09,-0.846079347990706,0.151,0.411,0.000174977775561988,"Down",3.75701710882072,""
"Ckap5",1.01556391569685e-08,-1.03432544620696,0.146,0.378,0.000179186097285552,"Down",3.74669568946405,""
"Tsc1",1.01870620046e-08,-0.784649423228182,0.208,0.484,0.000179740522009162,"Down",3.74535400134923,""
"Ctdspl2",1.02827936156218e-08,-1.40536194889854,0.052,0.24,0.000181429610554031,"Down",3.74129183165978,""
"Rasal2",1.03365709576778e-08,-0.84371233344679,0.208,0.479,0.000182378457977266,"Down",3.73902646060249,""
"Cttnbp2",1.0446389057295e-08,-1.00977681228587,0.17,0.417,0.000184316088526914,"Down",3.73443675456115,""
"Tbc1d9",1.04492043892956e-08,-2.12089092160085,0.033,0.204,0.000184365762244731,"Down",3.73431972671381,""
"Uxs1",1.04644840700994e-08,-2.59863743761823,0.019,0.178,0.000184635356932834,"Down",3.73368512968881,""
"Zmat1",1.06550545914104e-08,-0.89582436596608,0.142,0.383,0.000187997783210846,"Down",3.72584727172022,""
"Ptprn2",1.07217439123948e-08,-0.429949863010007,0.948,0.945,0.000189174449590294,"Down",3.72313752095361,""
"Morf4l1",1.07579082386776e-08,-1.33083028147752,0.094,0.301,0.000189812532963227,"Down",3.7216751153172,""
"Gpr45",1.0842560071232e-08,-0.906841181354148,0.108,0.341,0.000191306129896817,"Down",3.71827111393658,""
"Nell1",1.08548094156096e-08,-1.25093406609746,0.203,0.442,0.000191522257329016,"Down",3.71778074820459,""
"Vps13b",1.10455784967821e-08,-0.55780038700726,0.363,0.703,0.000194888186997224,"Down",3.71021448452221,""
"Crebrf",1.10839329458767e-08,-1.41180436001008,0.061,0.259,0.000195564912897049,"Down",3.70870906111326,""
"Ric8b",1.11014505285522e-08,-1.59473931300702,0.047,0.231,0.000195873993125775,"Down",3.70802322297284,""
"Tmem255a",1.12531854749433e-08,-2.06407278960101,0.028,0.196,0.000198551204519899,"Down",3.70212747392491,""
"Pld5",1.13454707238088e-08,-1.55837356740451,0.09,0.29,0.000200179485450882,"Down",3.69858043141206,""
"Fam117b",1.13770332458527e-08,-1.8857355483425,0.042,0.218,0.000200736374589824,"Down",3.69737392371443,""
"Mysm1",1.13920619045412e-08,-0.9069946677143,0.08,0.295,0.000201001540243726,"Down",3.69680061463529,""
"Arid2",1.14311576708711e-08,-1.37734757272894,0.08,0.283,0.00020169134594485,"Down",3.6953127358429,""
"Zfp280c",1.15604832764371e-08,-2.35205355256503,0.019,0.176,0.000203973166929455,"Down",3.69042696110819,""
"Tmem196",1.19158362343204e-08,-2.22277053562007,0.038,0.209,0.000210243014518349,"Down",3.67727842504983,""
"Gabrb2",1.1966240251718e-08,-1.51016021180295,0.09,0.292,0.000211132343001313,"Down",3.67544523276969,""
"Mtmr1",1.19745678103315e-08,-2.1958034880198,0.019,0.18,0.00021127927444549,"Down",3.67514310320998,""
"Mff",1.20353821956375e-08,-2.85503875111958,0.009,0.16,0.000212352283459828,"Down",3.67294306460657,""
"Npas3",1.21540707342138e-08,-1.28417108028421,0.104,0.319,0.000214446424034468,"Down",3.66868119136963,""
"Abcc1",1.23076618498966e-08,-2.97409142276334,0.019,0.174,0.000217156385679576,"Down",3.66322739529264,""
"Bicdl1",1.24514392460784e-08,-1.19653899404689,0.118,0.334,0.000219693194057807,"Down",3.65818339701177,""
"Gpc6",1.24645032967612e-08,-1.26459071131469,0.16,0.389,0.000219923696168055,"Down",3.65772797409265,""
"Frmd4a",1.24742181700595e-08,-0.436808857537944,0.986,0.967,0.000220095105392529,"Down",3.65738961544143,""
"Gm9801",1.27106240559452e-08,-0.749866542091382,0.137,0.387,0.000224266250843098,"Down",3.64923607717675,""
"Atrn",1.28135804701712e-08,-0.826111565656078,0.127,0.369,0.000226082813815701,"Down",3.64573245025389,""
"Mdh1",1.28757141821979e-08,-3.51227715281505,0.005,0.149,0.000227179101030699,"Down",3.64363162333299,""
"2210408F21Rik",1.28842581808783e-08,-0.888351496549508,0.142,0.387,0.000227329851343416,"Down",3.64334353205991,""
"Slc6a6",1.29320262371009e-08,-0.988305281983044,0.108,0.33,0.000228172670927409,"Down",3.64173637383622,""
"Fbxl2",1.29401347423628e-08,-0.902950103694696,0.146,0.393,0.000228315737394249,"Down",3.64146415233839,""
"Trpc4",1.32228172757532e-08,-1.93793175946792,0.052,0.235,0.00023330338801339,"Down",3.63207895437026,""
"Akap17b",1.32658531356048e-08,-1.5899795098083,0.071,0.264,0.000234062712724611,"Down",3.63066776591782,""
"Ankfy1",1.3284349272519e-08,-1.35865396370184,0.071,0.27,0.000234389058564325,"Down",3.63006266533332,""
"Socs7",1.33683989082696e-08,-1.41039753879584,0.071,0.266,0.000235872030337509,"Down",3.62732355462204,""
"Mapkap1",1.33982481792974e-08,-0.959736129786273,0.094,0.31,0.000236398690875523,"Down",3.6263549328124,""
"Ccdc34",1.34776009263161e-08,-1.52857896514415,0.066,0.259,0.000237798790743921,"Down",3.62379035818906,""
"Chchd3",1.34824386019217e-08,-0.992902993721473,0.104,0.323,0.000237884146692307,"Down",3.62363449967549,""
"Btbd1",1.34908874842073e-08,-1.91464824025773,0.038,0.211,0.000238033218771354,"Down",3.62336243066456,""
"Usp15",1.35874029399897e-08,-0.695003436480454,0.156,0.417,0.000239736137473177,"Down",3.62026649611961,""
"Lgi1",1.38210007066584e-08,-1.52161501739439,0.057,0.246,0.000243857736468281,"Down",3.6128634617161,""
"Phtf1",1.383062147585e-08,-1.08032627059986,0.104,0.323,0.000244027485319898,"Down",3.61256125542147,""
"Arhgef11",1.38395923606541e-08,-1.17778308084676,0.108,0.321,0.000244185767611381,"Down",3.61227965254498,""
"Epha6",1.39804034988226e-08,-1.17998566912327,0.288,0.53,0.000246670239333227,"Down",3.60788324480705,""
"Prnp",1.4326983105326e-08,-1.65770759233662,0.047,0.229,0.000252785289910372,"Down",3.59724820213265,""
"Chl1",1.44144079345313e-08,-0.917404632079953,0.198,0.455,0.00025432781359687,"Down",3.59460614225797,""
"Ctps2",1.44229436755528e-08,-1.97079131829527,0.042,0.217,0.000254478418211453,"Down",3.59434904338267,""
"Arnt",1.45145004100405e-08,-1.36363307145992,0.071,0.268,0.000256093845234754,"Down",3.59160085891034,""
"Trmt11",1.46064547084746e-08,-2.72527087614925,0.014,0.167,0.000257716286876325,"Down",3.58885813450689,""
"Csde1",1.46360042199877e-08,-1.51512551512408,0.071,0.264,0.000258237658457462,"Down",3.58798042485925,""
"Zzef1",1.47116263138646e-08,-0.75645253139753,0.269,0.554,0.000259571934681827,"Down",3.58574226592297,""
"Gm49797",1.47167556344556e-08,-0.945591947466003,0.099,0.316,0.000259662436414334,"Down",3.58559087223404,""
"Kifap3",1.47185491176914e-08,-0.812058961744013,0.198,0.462,0.000259694080632547,"Down",3.58553794940004,""
"Dixdc1",1.47426092888379e-08,-1.02247188513424,0.118,0.339,0.000260118598292256,"Down",3.58482859495162,""
"Mpv17l",1.47858000802763e-08,-1.65666706215023,0.061,0.248,0.000260880656616395,"Down",3.58355812111517,""
"Ncoa5",1.50572192117897e-08,-1.55428467933663,0.057,0.244,0.000265669575772818,"Down",3.57565817773322,""
"Pam",1.50758103173834e-08,-0.754132152866142,0.269,0.552,0.000265997597239913,"Down",3.57512228633946,""
"Trappc8",1.51410648423676e-08,-1.30918528743754,0.066,0.261,0.000267148948078734,"Down",3.57324653154846,""
"Nckap5",1.51928181352144e-08,-1.48108253121146,0.09,0.29,0.000268062083177722,"Down",3.57176461172114,""
"Hnrnph3",1.52403404866548e-08,-1.46968527609058,0.08,0.277,0.000268900567546537,"Down",3.57040828114572,""
"Atf6",1.52429954592937e-08,-2.1091137538245,0.038,0.207,0.000268947411883777,"Down",3.57033263063479,""
"Dph6",1.53045590125593e-08,-2.8857355483425,0.009,0.158,0.000270033639217596,"Down",3.56858213059447,""
"Gm5577",1.54078928665877e-08,-1.48928551018882,0.061,0.253,0.000271856861738073,"Down",3.56565970081797,""
"Mecp2",1.54291224860439e-08,-1.28379996901763,0.071,0.268,0.000272231437143759,"Down",3.56506172413742,""
"Srpk2",1.5770989659669e-08,-0.779163884144452,0.208,0.475,0.000278263341555199,"Down",3.55554400390287,""
"Ndufs4",1.58273781612241e-08,-1.85282092586976,0.038,0.211,0.000279258260276639,"Down",3.55399397187572,""
"Pde4dip",1.60351387002962e-08,-0.525757066853969,0.358,0.695,0.000282923987228026,"Down",3.54833023006461,""
"Kcnma1",1.6334600681012e-08,-0.549990156107493,0.524,0.763,0.000288207694415776,"Down",3.54029442880411,""
"Gm26691",1.64133622914961e-08,-0.970934336391137,0.175,0.417,0.000289597364271158,"Down",3.53820539512579,""
"Slc7a14",1.65816071142797e-08,-1.13105436652845,0.118,0.347,0.00029256587592435,"Down",3.53377633016559,""
"Nfx1",1.66085018782434e-08,-0.816611187687676,0.184,0.44,0.000293040407139726,"Down",3.53307249095007,""
"Mfap3",1.69701362304423e-08,-2.18624465959495,0.028,0.191,0.000299421083649924,"Down",3.52371762219458,""
"Prkcb",1.70512278774058e-08,-0.533338768342881,0.264,0.558,0.000300851864668948,"Down",3.52164729242253,""
"Hivep2",1.70752644059978e-08,-0.782002761247805,0.226,0.495,0.000301275965179424,"Down",3.52103551355167,""
"Acox1",1.71546254490202e-08,-1.6483772766091,0.047,0.226,0.000302676211422512,"Down",3.51902171070485,""
"Prrc2c",1.71723802418178e-08,0.560780182409516,0.858,0.791,0.000302989476986634,"Up",3.51857245455379,""
"Flnb",1.73180559554628e-08,-0.918578805029513,0.156,0.4,0.000305559779278185,"Down",3.51490381235787,""
"Hspa12a",1.74370748625027e-08,-1.33413164456777,0.075,0.273,0.000307659748873998,"Down",3.51192931878463,""
"H13",1.74737488728749e-08,-0.947405327875554,0.123,0.354,0.000308306825113005,"Down",3.5110168610143,""
"Cdc42",1.75214947376662e-08,-1.99265075225901,0.042,0.215,0.000309149253151383,"Down",3.50983179834067,""
"Wdr59",1.75834701587714e-08,-2.4886645955931,0.019,0.174,0.000310242747481362,"Down",3.50829836217618,""
"Ankrd55",1.77147609793966e-08,-0.731990473955618,0.137,0.383,0.000312559242720474,"Down",3.50506765400594,""
"Rab10",1.79383886070825e-08,-1.79700662974816,0.047,0.224,0.000316504928583364,"Down",3.49961952280336,""
"Npat",1.80058453637751e-08,-1.97079131829527,0.033,0.202,0.000317695135598448,"Down",3.49798943483897,""
"Luzp2",1.80379059825243e-08,-1.28166422467364,0.165,0.394,0.000318260813155658,"Down",3.49721683193493,""
"Shisa9",1.80634754433061e-08,-0.984973421285296,0.165,0.406,0.000318711960721692,"Down",3.4966016378819,""
"Urgcp",1.83380229182952e-08,-1.00936689751087,0.094,0.31,0.0003235560763704,"Down",3.49005043973188,""
"Phlpp2",1.84337811148513e-08,-1.11097971016251,0.108,0.323,0.000325245633990436,"Down",3.4877885245791,""
"Phf24",1.88744625098053e-08,-1.17386093513912,0.071,0.266,0.000333021016523004,"Down",3.47752835786919,""
"Fam13a",1.89663234040078e-08,-1.37228407703942,0.085,0.283,0.000334641810140314,"Down",3.47541979924077,""
"Tnpo3",1.9180386366764e-08,-1.15767550739818,0.094,0.303,0.000338418737055185,"Down",3.47054559960937,""
"Tmtc1",1.98882088785509e-08,-1.9253846249955,0.057,0.235,0.000350907557453152,"Down",3.45480727833673,""
"Abat",2.00053435823161e-08,-0.885735548342496,0.132,0.371,0.000352974282166385,"Down",3.4522569363122,""
"Hdac7",2.00235105679692e-08,-0.965382692927415,0.137,0.374,0.000353294820461249,"Down",3.45186272956653,""
"Elavl1",2.05073004609262e-08,-1.6483772766091,0.047,0.226,0.000361830809332583,"Down",3.44149445639976,""
"Atxn2l",2.05712165856301e-08,-0.72973052433995,0.184,0.444,0.000362958545436858,"Down",3.44014297418179,""
"Kcnn2",2.11018039812696e-08,-0.955290224755081,0.16,0.402,0.000372320229445521,"Down",3.42908336641958,""
"Fer",2.11065060331856e-08,-1.03188591554211,0.094,0.308,0.000372403192449526,"Down",3.42898660465828,""
"Gabrg1",2.12105367332159e-08,-2.04962163330347,0.038,0.207,0.000374238710120862,"Down",3.4268512924042,""
"Dcaf17",2.16389679039532e-08,-2.14876995417629,0.024,0.183,0.000381797949697351,"Down",3.41816640815167,""
"Mnat1",2.16682196512348e-08,-2.58534061500478,0.019,0.172,0.000382314067526388,"Down",3.41757972150312,""
"Ankrd28",2.16875066026525e-08,-1.6287628952959,0.066,0.251,0.000382654366497201,"Down",3.41719332653989,""
"Rab3c",2.18537119446695e-08,-0.774566172406023,0.175,0.431,0.000385586893551748,"Down",3.41387773658168,""
"Trpc1",2.18552228210333e-08,-2.55837356740451,0.019,0.172,0.000385613551454311,"Down",3.41384771227332,""
"Frmd3",2.22242607250166e-08,-0.762353132837214,0.132,0.372,0.000392124856232193,"Down",3.40657562752296,""
"Ano3",2.24169623814756e-08,-2.5359284208797,0.024,0.182,0.000395524884258756,"Down",3.40282618787732,""
"Prr16",2.27303521566224e-08,-1.49578903002648,0.123,0.332,0.000401054333451445,"Down",3.39679678668238,""
"Fndc3a",2.2837496959023e-08,-0.657707592336615,0.198,0.462,0.000402944796345002,"Down",3.39475444836247,""
"Vps35",2.29900248629236e-08,-1.67883530315897,0.024,0.183,0.000405635998681425,"Down",3.39186350994951,""
"Tut4",2.34801883375285e-08,-0.690275454793047,0.25,0.543,0.000414284443027353,"Down",3.3827013747737,""
"Clpb",2.35399791061038e-08,-1.37163392153455,0.066,0.257,0.000415339391348095,"Down",3.38159687786233,""
"Med12l",2.3681494726387e-08,-0.651883220110633,0.226,0.501,0.000417836292952372,"Down",3.37899384021881,""
"Lrpprc",2.39095898467668e-08,-0.952122945676398,0.094,0.308,0.000421860803256354,"Down",3.37483082474915,""
"Srsf7",2.42531243245592e-08,-1.36027405937,0.094,0.295,0.000427922125582522,"Down",3.36863525787228,""
"Arhgap12",2.42842661956813e-08,-1.64978067656499,0.033,0.202,0.000428471592756601,"Down",3.36807796608154,""
"Nell2",2.4394637867798e-08,-1.24446560671939,0.113,0.328,0.000430418990539428,"Down",3.36610857538875,""
"Dpy19l4",2.44161225926861e-08,-2.03469818746749,0.057,0.231,0.000430798067025354,"Down",3.36572625403261,""
"Fam120a",2.44363722438955e-08,-0.83315563322113,0.118,0.349,0.000431155351871292,"Down",3.36536621869301,""
"Gpatch2",2.45212125139805e-08,-1.54469863050743,0.071,0.259,0.000432652273596671,"Down",3.36386100971644,""
"9930021J03Rik",2.47389572718377e-08,-1.07190386999344,0.137,0.36,0.000436494162104304,"Down",3.36002156039562,""
"Klhl3",2.47847970463098e-08,-0.612182227223416,0.16,0.411,0.000437302959085091,"Down",3.35921758391748,""
"Kif5b",2.48493638176526e-08,-0.826011770059532,0.146,0.387,0.000438442175198662,"Down",3.3580876762959,""
"Capza1",2.55033120030834e-08,-1.99536003951699,0.033,0.198,0.000449980436982404,"Down",3.34680636688082,""
"Cwc27",2.59261213824357e-08,-0.953449866938842,0.113,0.338,0.000457440485671696,"Down",3.33966540088862,""
"Frmpd4",2.66009745663632e-08,-1.07221085904469,0.198,0.442,0.000469347595248912,"Down",3.32850540294525,""
"Cntn6",2.66555224639378e-08,-1.11445872458491,0.123,0.343,0.000470310038353718,"Down",3.32761575152162,""
"Slc4a1ap",2.66921167736362e-08,-1.44516295695651,0.052,0.231,0.000470955708354037,"Down",3.32701993474356,""
"Cnot6l",2.67475743308228e-08,-2.28166422467364,0.019,0.172,0.000471934201493037,"Down",3.32611854780759,""
"Tnr",2.69173667251008e-08,-0.982190980613969,0.226,0.483,0.000474930018497679,"Down",3.32337037946855,""
"Gbf1",2.69416695468742e-08,-0.69739683118871,0.193,0.47,0.000475358817485048,"Down",3.32297844590131,""
"Lrfn2",2.71211526915046e-08,-1.23417529889232,0.113,0.325,0.000478525618088907,"Down",3.32009480711006,""
"Map3k7",2.7404137556755e-08,-1.10541358498191,0.08,0.279,0.000483518603051385,"Down",3.31558681207293,""
"Gm1043",2.76500188659115e-08,-0.76333891698277,0.179,0.437,0.000487856932870142,"Down",3.31170751892892,""
"Rab27b",2.78540927768961e-08,-1.52677672251017,0.075,0.268,0.000491457612955555,"Down",3.30851393307768,""
"Fstl5",2.79247307743e-08,-1.5346148497784,0.165,0.374,0.000492703949781749,"Down",3.30741395617132,""
"Tmeff2",2.79603930612306e-08,-0.932991274553744,0.231,0.49,0.000493333175172353,"Down",3.30685967855805,""
"Gm17494",2.80343972831339e-08,-2.5308928309824,0.019,0.171,0.000494638905663614,"Down",3.30571172733883,""
"Grik4",2.80812131596885e-08,-0.834844881958464,0.189,0.44,0.000495464924989545,"Down",3.30498708471587,""
"Cacna2d1",2.81964722846569e-08,-1.65886965042674,0.127,0.328,0.000497498556990486,"Down",3.30320817460062,""
"Dzip1",2.82602899626968e-08,-0.831818654865536,0.17,0.418,0.000498624556101823,"Down",3.30222633731056,""
"Wdr26",2.85688430040831e-08,-0.937793576905596,0.146,0.383,0.000504068665964043,"Down",3.29751029843938,""
"Fbxo38",2.91853847099505e-08,-1.33029899992451,0.08,0.277,0.000514946927822367,"Down",3.28823752851531,""
"Selenoi",2.92714121799267e-08,-3.94158878307601,0.005,0.141,0.000516464796502626,"Down",3.28695927570428,""
"Kmt5b",2.9491742707395e-08,-1.3810326195368,0.066,0.253,0.000520352308329277,"Down",3.28370251452891,""
"Mapre2",2.9665984082241e-08,-1.48056829308771,0.066,0.253,0.000523426623147059,"Down",3.2811441915322,""
"Bbx",2.97229795006872e-08,-1.23133254912349,0.075,0.273,0.000524432250310125,"Down",3.28031060893264,""
"Tnks2",3.02749570844009e-08,-1.11893472463553,0.099,0.308,0.00053417134279717,"Down",3.27231941470269,""
"Map2",3.06811286655599e-08,-0.574445973901481,0.608,0.817,0.000541337834175139,"Down",3.26653161894757,""
"Kcnk10",3.10868502570243e-08,-1.61763015296128,0.047,0.222,0.000548496385934937,"Down",3.2608262296639,""
"Cnot2",3.13150394851071e-08,-1.34306476933778,0.061,0.246,0.00055252255667523,"Down",3.25764998725441,""
"Rasa2",3.15553768389148e-08,-1.23164868696652,0.066,0.259,0.000556763068945814,"Down",3.25432957994379,""
"Aig1",3.15745766767485e-08,-0.989793363642453,0.165,0.396,0.000557101830884551,"Down",3.25406541425326,""
"Uty",3.21334888772572e-08,-1.20074422929007,0.094,0.299,0.000566963277750327,"Down",3.246445069479,""
"Tnpo1",3.28404043718284e-08,-0.981215857196724,0.099,0.312,0.00057943609473654,"Down",3.23699445484049,""
"Cxxc4",3.29326622730335e-08,-1.97170877145235,0.033,0.196,0.000581063893145403,"Down",3.23577611044129,""
"Taf1b",3.3095474372476e-08,-1.31587994001155,0.066,0.255,0.000583936549827966,"Down",3.2336343404846,""
"Arhgap5",3.31249141397869e-08,-1.32337447655847,0.09,0.286,0.0005844559850824,"Down",3.23324818964432,""
"Atad1",3.31348007808285e-08,-2.12323486206915,0.028,0.187,0.000584630424976938,"Down",3.23311858710419,""
"Galk2",3.32963038427204e-08,-2.63780803489891,0.024,0.176,0.00058747998500096,"Down",3.23100692488892,""
"Tox",3.36636056719749e-08,-2.57069383904037,0.033,0.193,0.000593960658476326,"Down",3.22624231995563,""
"Rnft2",3.37596565207257e-08,-1.23103815160367,0.071,0.266,0.000595655379651684,"Down",3.22500493153931,""
"Synj1",3.40131901102993e-08,-0.705712099400714,0.193,0.466,0.000600128726306121,"Down",3.22175558440264,""
"Trim46",3.42532511749067e-08,-1.06497928981361,0.094,0.303,0.000604364363730054,"Down",3.21870115169845,""
"Add1",3.45345073810387e-08,-0.942319076708863,0.137,0.365,0.000609326848231047,"Down",3.21514968551954,""
"Mfn1",3.46632784409416e-08,-0.916343534272892,0.137,0.369,0.000611598884811974,"Down",3.21353331515057,""
"Cenpv",3.46645052021814e-08,-1.73734370844983,0.038,0.206,0.000611620529787289,"Down",3.21351794539233,""
"Exoc2",3.482080625995e-08,-2.54469863050743,0.024,0.176,0.000614378305650557,"Down",3.21156412810447,""
"Gdap1",3.50742219615498e-08,-2.06101946562345,0.033,0.194,0.000618849572289584,"Down",3.20841490487971,""
"Dip2a",3.51183699140263e-08,-1.17970181372818,0.09,0.294,0.00061962851876308,"Down",3.20786860179662,""
"Scg3",3.51327429518906e-08,-1.46223647031546,0.066,0.251,0.000619882116643158,"Down",3.2076908926938,""
"Shank1",3.51454189459025e-08,1.10287584751341,0.514,0.407,0.000620105771881503,"Up",3.20753422626534,""
"Hacd3",3.53054279630457e-08,-0.923964998764451,0.123,0.347,0.000622928970979979,"Down",3.20556147062826,""
"Tnks",3.60775538456362e-08,-1.33029899992451,0.085,0.281,0.000636552360052406,"Down",3.19616586734957,""
"Prkar2a",3.63992380313395e-08,-2.22277053562007,0.024,0.178,0.000642228155824954,"Down",3.19231065851513,""
"Zfp207",3.65567907529688e-08,-1.22277053562007,0.061,0.251,0.000645008016045382,"Down",3.19043488799629,""
"Ddhd2",3.6756412677106e-08,-0.890788776068781,0.165,0.404,0.000648530145274858,"Down",3.18806983203596,""
"Mtf2",3.72680322278053e-08,-0.784028775749954,0.193,0.457,0.000657557160627396,"Down",3.18206648851722,""
"Mtor",3.73377954770461e-08,-1.05284553417775,0.113,0.328,0.000658788063397001,"Down",3.18125427842727,""
"Ndst3",3.75883614841138e-08,-1.61356048865223,0.085,0.275,0.000663209050025704,"Down",3.1783495561167,""
"Snx13",3.76252709777593e-08,-2.43222390124902,0.028,0.183,0.000663860281131586,"Down",3.17792331448517,""
"Tcf20",3.82566307990461e-08,-0.604943400993284,0.241,0.528,0.000674999993818369,"Down",3.17069623114623,""
"Cntnap4",3.8403295302769e-08,-1.17228076516637,0.151,0.369,0.000677587742322057,"Down",3.16903445906761,""
"Fbxl5",3.88690173195149e-08,-2.16832275159769,0.024,0.178,0.000685804941585522,"Down",3.1637993898895,""
"Adar",3.91675413877914e-08,-0.660409463836043,0.222,0.51,0.000691072100246191,"Down",3.16047663988258,""
"Pdzrn4",3.92324000224254e-08,-1.41881163000956,0.33,0.56,0.000692216465995674,"Down",3.15975807420397,""
"Ppp3cb",3.94655781734987e-08,-2.35052608281844,0.033,0.191,0.000696330661293211,"Down",3.15718448126091,""
"Rnf216",3.98185466114309e-08,-0.843483061290425,0.165,0.407,0.000702558436412087,"Down",3.15331754678825,""
"Capn7",3.99548531031903e-08,-1.97279228261172,0.028,0.187,0.000704963428152689,"Down",3.15183341260216,""
"Mtdh",4.06593028307313e-08,-0.91957900331429,0.137,0.367,0.000717392739145423,"Down",3.14424302320652,""
"Ldb2",4.13529662210386e-08,-1.3440768318422,0.099,0.299,0.000729631736004005,"Down",3.13689628423054,""
"Shtn1",4.15932522390546e-08,-0.915512129529589,0.142,0.372,0.000733871342505879,"Down",3.13438007106119,""
"Crim1",4.19023564550768e-08,-1.21099336784371,0.09,0.288,0.000739325177293376,"Down",3.13116450390204,""
"Map7",4.20286217383537e-08,-0.782404856395198,0.193,0.451,0.000741553001951513,"Down",3.12985780264984,""
"Rbm27",4.20908196220559e-08,-2.01126643042635,0.028,0.185,0.000742650421411554,"Down",3.12921556817553,""
"Ewsr1",4.2963649308691e-08,-0.730254283663506,0.17,0.413,0.000758050628402545,"Down",3.12030178790148,""
"Acer3",4.33165720780323e-08,-1.81913779961347,0.038,0.202,0.000764277597744802,"Down",3.1167488701264,""
"Agfg1",4.35663787500561e-08,-2.23772087708604,0.019,0.169,0.000768685186665989,"Down",3.11425148814006,""
"Ppm1a",4.38848441875694e-08,-1.78285836770219,0.033,0.194,0.000774304190845475,"Down",3.11108839015383,""
"Fbxo10",4.43367596466768e-08,-1.2483056277272,0.075,0.264,0.000782277787205966,"Down",3.10663900137974,""
"Zdhhc21",4.44222338859946e-08,-2.09723965353621,0.024,0.178,0.000783785894684488,"Down",3.10580255651984,""
"Lncpint",4.48903184380453e-08,-0.423894340202863,0.335,0.675,0.000792044778520871,"Down",3.10125026473022,""
"Lrrfip1",4.5143705429317e-08,-0.650051630653658,0.203,0.473,0.000796515538594869,"Down",3.09880574747091,""
"Sp4",4.58614411221016e-08,-3.20766364322986,0.014,0.156,0.000809179267158361,"Down",3.09195525327898,""
"Bmpr2",4.58957953702833e-08,-1.36899127647111,0.075,0.264,0.000809785413513278,"Down",3.09163005034823,""
"Sesn3",4.63167490865371e-08,-1.24924274698126,0.066,0.255,0.00081721272088286,"Down",3.08766488167954,""
"Pakap.1",4.66869106341627e-08,-0.751699001426895,0.165,0.411,0.000823743851229166,"Down",3.08420781414265,""
"Sptlc2",4.7527755760211e-08,-2.23606735823353,0.024,0.176,0.000838579722633162,"Down",3.07645564330974,""
"Zcchc14",4.75446177075815e-08,-1.28885972607784,0.099,0.297,0.000838877234832568,"Down",3.07630159118068,""
"Unc5d",4.85305359624133e-08,-1.1788479314604,0.632,0.717,0.000856272776520821,"Down",3.06738786328258,""
"Nsg1",4.94969500830951e-08,-2.23474317728614,0.028,0.183,0.000873324187266129,"Down",3.0588245116144,""
"Tafa1",5.19865176162885e-08,-2.00704184456463,0.075,0.259,0.000917250116821794,"Down",3.03751222425988,""
"Csad",5.21105211535026e-08,-2.39269553706238,0.019,0.167,0.000919438035232401,"Down",3.03647753435787,""
"Dzip3",5.28069468527095e-08,-0.631733520489226,0.264,0.552,0.000931725770269207,"Down",3.0307118923495,""
"Lnpk",5.29157817278745e-08,-1.51916353840029,0.057,0.233,0.000933646052806617,"Down",3.0298177345264,""
"Col25a1",5.31100949371572e-08,-1.41310174772422,0.142,0.349,0.000937074515071201,"Down",3.02822587314901,""
"Pced1b",5.31583608921635e-08,-1.29601951765071,0.094,0.288,0.000937926119581332,"Down",3.02783136963993,""
"Pcmt1",5.33926380998492e-08,-0.832455465752454,0.113,0.327,0.000942059706633739,"Down",3.0259215712625,""
"Nrcam",5.34095957857862e-08,-0.719491832492618,0.236,0.501,0.000942358908044412,"Down",3.0257836597372,""
"Nsmaf",5.34740399677075e-08,-1.07076744217502,0.104,0.31,0.000943495961190231,"Down",3.0252599545733,""
"Sacm1l",5.36551095706947e-08,-2.19852298937339,0.038,0.196,0.000946690753265338,"Down",3.0237918648024,""
"Clcn3",5.39529664173079e-08,-0.920741998170409,0.118,0.328,0.000951946139466981,"Down",3.0213876230378,""
"Timm9",5.47186199943331e-08,-1.32369944447085,0.057,0.239,0.000965455331180012,"Down",3.01526781496672,""
"Dido1",5.47384297963819e-08,-0.741095843310932,0.151,0.394,0.000965804855327363,"Down",3.01511061563004,""
"Nln",5.50299645258654e-08,-1.48791260441585,0.052,0.224,0.000970948694094369,"Down",3.01280371804297,""
"Snx30",5.57891406511032e-08,-1.78464942322818,0.038,0.2,0.000984343597648065,"Down",3.00685327909355,""
"Mettl17",5.63347324933541e-08,-1.84168036826456,0.042,0.207,0.00099397002011274,"Down",3.00262671449198,""
"Arhgap6",5.78066656941737e-08,-1.91344247751234,0.042,0.207,0.001019940809508,"Down",2.99142503103215,""
"Usp45",5.8060178365078e-08,-1.34306476933778,0.061,0.242,0.00102441378707344,"Down",2.98952458521179,""
"Ascc3",5.8091402311709e-08,-0.872584180691191,0.165,0.396,0.00102496470238779,"Down",2.98929109053229,""
"Ralgapb",5.84547444594644e-08,-0.680876756790797,0.156,0.394,0.00103137551124279,"Down",2.98658318460119,""
"Gabra1",5.85727799192842e-08,-2.17837641626161,0.038,0.196,0.00103345812889585,"Down",2.9857071143515,""
"Ccser2",5.92825113921334e-08,-1.39754493672377,0.057,0.233,0.0010459806310028,"Down",2.98047635746347,""
"Tmed10",5.97541842492502e-08,-2.23772087708604,0.019,0.165,0.00105430282689377,"Down",2.97703462901011,""
"Rgs17",6.00944218900667e-08,-0.892621933927736,0.16,0.394,0.00106030597982834,"Down",2.97456878928678,""
"Nbeal1",6.01021426455875e-08,-0.805535480636977,0.179,0.428,0.00106044220483875,"Down",2.97451299598626,""
"Bcas3",6.10753424737099e-08,-0.805186354230876,0.151,0.387,0.00107761334260614,"Down",2.96753703997963,""
"Lnpep",6.11456493640926e-08,-1.34830141770393,0.057,0.235,0.00107885383738005,"Down",2.96703738934774,""
"Smim14",6.13650616182481e-08,-0.778289258448741,0.156,0.387,0.00108272514719237,"Down",2.96548177625302,""
"Rbm6",6.16262955225736e-08,-0.558171918785701,0.297,0.598,0.00108733435820029,"Down",2.96363688867097,""
"Aatf",6.24101903337348e-08,-2.08526701187013,0.038,0.196,0.00110116539824842,"Down",2.95814744383326,""
"Appbp2",6.30966314107927e-08,-1.63780803489891,0.047,0.217,0.00111327696461203,"Down",2.95339677704975,""
"Slc45a1",6.32190872077805e-08,-1.20549254418823,0.071,0.255,0.00111543757469408,"Down",2.95255472992923,""
"Ctif",6.41447206097994e-08,-0.552078160873027,0.288,0.582,0.0011317694504393,"Down",2.94624203304135,""
"Mtmr7",6.41731385642149e-08,-1.62775437023499,0.057,0.229,0.00113227085682701,"Down",2.94604967071438,""
"Polr2a",6.42733701702381e-08,-1.31963207487266,0.061,0.244,0.00113403934328368,"Down",2.94537187818155,""
"Pcdh10",6.4423148357999e-08,-2.40599235967584,0.024,0.172,0.00113668202962854,"Down",2.94436100592851,""
"Pafah1b1",6.54981890142055e-08,-0.538674842879659,0.274,0.574,0.00115565004696664,"Down",2.9371736587188,""
"Csnk1g3",6.58719447116092e-08,-1.98358287174064,0.042,0.204,0.00116224459249163,"Down",2.93470246575706,""
"Luc7l3",6.62176359817957e-08,0.547395659474556,0.986,0.908,0.0011683439692628,"Up",2.93242927883257,""
"Reps2",6.62418482664068e-08,-1.52161501739439,0.061,0.239,0.00116877117081248,"Down",2.93227050935257,""
"Phf8",6.74127715983199e-08,-2.23606735823352,0.033,0.187,0.00118943094208076,"Down",2.92466076787126,""
"Hsp90b1",7.01644349817137e-08,-0.666870500501373,0.203,0.459,0.00123798129081736,"Down",2.90728591860845,""
"Syt4",7.03512424651284e-08,-0.975249129157598,0.08,0.273,0.00124127732205472,"Down",2.90613117903069,""
"Map3k3",7.04957593376863e-08,-1.29552687805538,0.094,0.286,0.00124382717775414,"Down",2.9052399580389,""
"Ift81",7.07402416860396e-08,-0.904241017194569,0.142,0.363,0.00124814082430848,"Down",2.90373641163296,""
"Rab2a",7.13491644818771e-08,-1.49341812556374,0.057,0.229,0.00125888465811824,"Down",2.9000140591197,""
"Gabbr2",7.24222353868975e-08,-0.643432584092789,0.269,0.558,0.00127781792116642,"Down",2.8935310252592,""
"Chuk",7.24387352220509e-08,-1.51555228484791,0.057,0.231,0.00127810904425787,"Down",2.89343209195287,""
"Trps1",7.34925054801188e-08,-2.31337308440097,0.024,0.172,0.00129670176669122,"Down",2.88715989745,""
"5730522E02Rik",7.36302902899279e-08,-1.418026827019,0.118,0.321,0.00129913284187549,"Down",2.88634643819276,""
"Mvb12b",7.43497617203104e-08,-0.978844952733978,0.123,0.334,0.00131182719579316,"Down",2.88212336988125,""
"Tet3",7.4850413570249e-08,-0.42678442764166,0.156,0.391,0.00132066069703347,"Down",2.87920874660493,""
"Chpt1",7.70880717700396e-08,-1.55428467933663,0.057,0.229,0.00136014193831058,"Down",2.86641576824114,""
"Spock3",7.73772951623161e-08,-0.86197608112521,0.335,0.602,0.00136524499584391,"Down",2.86478940664839,""
"Gnpat",7.88583471753772e-08,-1.67123103643636,0.042,0.207,0.00139137667756236,"Down",2.8565552806182,""
"Nova2",7.91247298666851e-08,-0.872584180691191,0.151,0.38,0.00139607673376779,"Down",2.85509071055521,""
"Dennd4c",8.00606525442939e-08,-1.80773303634122,0.033,0.191,0.00141259015349152,"Down",2.84998382533899,""
"Zbtb38",8.01082467120696e-08,-0.952122945676398,0.094,0.297,0.00141342990498776,"Down",2.84972572423272,""
"Ptpn4",8.10221760096386e-08,-0.769513714110733,0.16,0.393,0.00142955527351406,"Down",2.8447990480583,""
"Alk",8.14860618794893e-08,-1.02836284897841,0.151,0.367,0.00143774007580171,"Down",2.84231962149719,""
"D630045J12Rik",8.23983574500398e-08,-0.95231865822379,0.099,0.301,0.0014538366188485,"Down",2.83748439644765,""
"Sun1",8.27073224982371e-08,-1.4559697119131,0.052,0.224,0.0014592879981589,"Down",2.83585898934836,""
"Kcnh1",8.42051533219836e-08,-1.18990590171444,0.094,0.29,0.00148571572521308,"Down",2.82806427993062,""
"Igsf8",8.45035554139206e-08,-1.08449116079422,0.08,0.275,0.00149098073172321,"Down",2.82652796899526,""
"Kiz",8.51052477726659e-08,-2.09723965353621,0.028,0.18,0.00150159699170092,"Down",2.82344661045131,""
"Ubac2",8.55241831877746e-08,-1.78755515440359,0.057,0.224,0.00150898868816509,"Down",2.8213140158148,""
"Sh3gl1",8.67855242539844e-08,-2.28166422467364,0.019,0.163,0.0015312437899373,"Down",2.81495565959845,""
"Stx18",8.69503850552907e-08,-1.68843410796888,0.033,0.189,0.00153415259391555,"Down",2.81413144129995,""
"Cdkl1",8.85403399516874e-08,-0.790578315302156,0.123,0.338,0.00156220575810757,"Down",2.80626176576878,""
"Calm2",9.04322830971005e-08,-1.33341459930406,0.066,0.246,0.00159558720296524,"Down",2.79707945550576,""
"Thap2",9.06083934530066e-08,-1.1020890531976,0.057,0.235,0.00159869449408485,"Down",2.79623452075012,""
"Nrf1",9.08944537552432e-08,-0.903398145636461,0.113,0.328,0.00160374174205751,"Down",2.79486556686836,""
"Pcnx2",9.17683513053716e-08,-0.884448002482036,0.156,0.38,0.00161916079043198,"Down",2.79071002158017,""
"Gpr176",9.18780283210937e-08,-3.01284746624584,0.009,0.143,0.00162109593169738,"Down",2.79019128411876,""
"Camk2b",9.30679042882793e-08,0.750698833669424,0.684,0.697,0.0016420901032624,"Up",2.78460301635418,""
"Orc3",9.49048837766768e-08,-1.74016975252859,0.052,0.218,0.00167450176935569,"Down",2.77611438922832,""
"Myef2",9.53187085190209e-08,-0.959736129786273,0.142,0.358,0.0016818032931096,"Down",2.77422480147081,""
"Smad1",9.57926279973524e-08,-1.75328525231885,0.042,0.202,0.00169016512838529,"Down",2.77207086293473,""
"Usp22",9.67348582470989e-08,-1.44516295695651,0.047,0.217,0.00170678983891181,"Down",2.76781995130468,""
"Atp2c1",9.69909572105779e-08,-0.982943520947598,0.094,0.299,0.00171130844902344,"Down",2.76667170545848,""
"Gabra2",9.76762475071569e-08,-0.662812041028805,0.288,0.56,0.00172339971101628,"Down",2.76361398421396,""
"Rufy3",9.7786352731514e-08,-0.661654776853278,0.222,0.494,0.00172534240759483,"Down",2.76312470292571,""
"Atf2",9.86003901366193e-08,-1.27007625039842,0.061,0.24,0.00173970528357051,"Down",2.75952431755642,""
"D5Ertd579e",9.88066864861554e-08,-1.22277053562007,0.094,0.284,0.00174334517636173,"Down",2.75861661555923,""
"C130073E24Rik",9.92331614035952e-08,-0.821651538011746,0.288,0.545,0.00175086989980503,"Down",2.75674612341737,""
"Wdr17",1.01650601685247e-07,-1.11029580636165,0.104,0.306,0.00179352321613449,"Down",2.74629299725741,""
"Gns",1.01996726502312e-07,-1.11585533170355,0.066,0.25,0.00179963024240679,"Down",2.74481671721795,""
"Rps6ka5",1.02376570434376e-07,-2.57640749023477,0.014,0.152,0.00180633220874413,"Down",2.74320237409094,""
"Spag1",1.02741748901143e-07,-2.56064017437645,0.014,0.152,0.00181277541761177,"Down",2.74165599675029,""
"Srpr",1.03035258203856e-07,-1.26399319834658,0.061,0.237,0.00181795409574883,"Down",2.74041708712872,""
"Snx2",1.03336966884143e-07,-2.6227011425087,0.019,0.16,0.00182327744370383,"Down",2.73914724077912,""
"Iqcb1",1.03396857771743e-07,-1.75328525231885,0.042,0.204,0.00182433415852463,"Down",2.73889561013502,""
"Lmln",1.0385687186859e-07,-2.60743438585539,0.019,0.16,0.00183245064724941,"Down",2.73696771323029,""
"Wsb1",1.03899782041865e-07,-0.712354988263965,0.231,0.495,0.00183320775434666,"Down",2.73678831438664,""
"Trim23",1.06666247392131e-07,-2.70819736279031,0.009,0.143,0.00188201926898676,"Down",2.72537593437753,""
"Ppp4r3b",1.07402919091925e-07,-2.09723965353621,0.028,0.178,0.00189501710445792,"Down",2.72238686572854,""
"Mest",1.08577854525375e-07,-1.8857355483425,0.033,0.187,0.00191574766524572,"Down",2.71766169505303,""
"Sclt1",1.09683758854815e-07,-0.760918577221274,0.212,0.473,0.00193526024123435,"Down",2.71326062561535,""
"Nxph1",1.09927819454265e-07,-1.67782371374679,0.09,0.272,0.00193956644645106,"Down",2.71229533757322,""
"Fam135a",1.10916945804986e-07,-0.945930330261243,0.108,0.314,0.00195701859178317,"Down",2.70840504850118,""
"Gpbp1",1.11772931858524e-07,-2.82367458021024,0.014,0.15,0.0019721216097118,"Down",2.7050663080569,""
"Tomm70a",1.13456934652775e-07,-1.87881613440271,0.028,0.178,0.00200183415501356,"Down",2.69857190515136,""
"Pan3",1.14444120505671e-07,-0.927314652093895,0.118,0.334,0.00201925206220206,"Down",2.69480946491437,""
"Cdr1os",1.14991561385461e-07,-0.58285320914568,0.717,0.809,0.00202891110908507,"Down",2.69273697991565,""
"Elovl6",1.15061767238402e-07,-0.952122945676398,0.094,0.297,0.00203014982115436,"Down",2.69247191080617,""
"Mphosph9",1.17677372303894e-07,-1.02573368856051,0.132,0.343,0.0020762995569299,"Down",2.68270998871546,""
"Csnk2a2",1.18621780193281e-07,-2.45980973292092,0.019,0.16,0.00209296268973024,"Down",2.67923851355749,""
"Psap",1.20606960979083e-07,-0.782681664285856,0.17,0.411,0.00212798921951495,"Down",2.67203057652597,""
"Lmtk2",1.22869743334438e-07,-1.05813983384727,0.085,0.275,0.00216791375139283,"Down",2.66395799982704,""
"Ddx17",1.2368798706048e-07,-0.506102355687088,0.325,0.624,0.00218235084369511,"Down",2.66107542916822,""
"Smarcad1",1.24526450728568e-07,-0.967309349491074,0.104,0.306,0.00219714469665486,"Down",2.65814134094501,""
"Atxn7l1",1.26255278920715e-07,-0.780347148546144,0.17,0.407,0.0022276481412771,"Down",2.65215340522604,""
"Chpf2",1.26736819379597e-07,-1.68843410796888,0.042,0.202,0.0022361444411336,"Down",2.65050014713568,""
"Itsn1",1.26791085618788e-07,-0.742505413565604,0.231,0.488,0.0022371019146579,"Down",2.65031423049195,""
"Ecpas",1.28176569551177e-07,-0.611172908395444,0.288,0.582,0.00226154739316096,"Down",2.64559430671416,""
"Kdm5a",1.29082737505051e-07,-0.774346867846676,0.193,0.431,0.00227753582053913,"Down",2.64253478382142,""
"Plppr4",1.30258217747823e-07,-0.926569265851074,0.104,0.306,0.00229827599394259,"Down",2.63859781922953,""
"Zc3h6",1.31771489944434e-07,-1.09723965353621,0.061,0.239,0.0023249761685796,"Down",2.63358149434711,""
"Parp8",1.32058102310981e-07,-0.877535067240635,0.165,0.394,0.00233003315717495,"Down",2.63263789876984,""
"Dmd",1.33005271370479e-07,-0.913693761201491,0.722,0.752,0.00234674500806074,"Down",2.62953409728185,""
"Pgr",1.35373918886697e-07,-1.29642757734538,0.09,0.273,0.00238853742483688,"Down",2.62186794957727,""
"Cep170",1.37126194013698e-07,-0.721224043086548,0.146,0.374,0.00241945456717769,"Down",2.61628252871522,""
"Tbc1d30",1.3726039780267e-07,-2.28166422467364,0.024,0.167,0.0024218224588303,"Down",2.61585769768202,""
"Ybx1",1.37669640506919e-07,-0.924970711625596,0.113,0.319,0.00242904313710407,"Down",2.61456477253949,""
"Zfp398",1.37842884733888e-07,-1.24267009305777,0.057,0.229,0.00243209985824472,"Down",2.61401859757598,""
"Pofut1",1.39628494797311e-07,-2.25251787901412,0.019,0.16,0.00246360516220376,"Down",2.60842889456625,""
"Ep300",1.41641585341389e-07,-0.893462910367107,0.132,0.345,0.00249912413176347,"Down",2.60221217188434,""
"Tbc1d23",1.42990613657898e-07,-1.2622988998067,0.061,0.235,0.00252292638737995,"Down",2.59809542091369,""
"Prkca",1.43849250467154e-07,-1.1661870072537,0.16,0.372,0.00253807617524246,"Down",2.59549534757189,""
"Gspt1",1.44762867611678e-07,-1.55109640170558,0.038,0.194,0.00255419603614044,"Down",2.59274577342077,""
"Ssbp2",1.44802904633006e-07,-0.616684743333156,0.179,0.418,0.00255490244934476,"Down",2.59262567733751,""
"Wdr7",1.45057231462527e-07,-0.616434384106344,0.156,0.393,0.00255938979192482,"Down",2.5918635665589,""
"Zfp608",1.45890392077502e-07,-1.34894764169721,0.09,0.273,0.00257409007781544,"Down",2.58937625944652,""
"Son",1.45965581872655e-07,0.531778027262884,0.835,0.767,0.00257541672656113,"Up",2.58915248801973,""
"Fubp1",1.46752985509422e-07,-0.550132516558057,0.245,0.516,0.00258930967632825,"Down",2.58681600569576,""
"Eri3",1.50453989963695e-07,-0.911841439681961,0.137,0.354,0.00265461019891944,"Down",2.57599924139487,""
"Ank",1.50919978302232e-07,-1.29853804323803,0.108,0.297,0.00266283209716459,"Down",2.57465621680319,""
"Pcmtd1",1.54911848637806e-07,-1.12966113122859,0.09,0.279,0.00273326465736545,"Down",2.56331831427567,""
"4932438A13Rik",1.56679367261398e-07,-0.544698630507429,0.349,0.664,0.00276445075596011,"Down",2.55839114188197,""
"Stimate",1.57165625634178e-07,-1.24187935856777,0.066,0.244,0.00277303029868944,"Down",2.55704538520694,""
"Sept11",1.61804496344389e-07,-1.93326391842508,0.028,0.176,0.0028548785335004,"Down",2.54441236494973,""
"Kcnh5",1.62423658624099e-07,-1.83045311284131,0.033,0.183,0.00286580303276361,"Down",2.5427536620627,""
"B230209E15Rik",1.62692015541132e-07,-1.15121727459503,0.085,0.272,0.00287053792220774,"Down",2.54203671136498,""
"Grik2",1.63490225290757e-07,-0.715894169276146,0.882,0.857,0.00288462153503011,"Down",2.53991115860183,""
"Lrrc3b",1.67375162618712e-07,-2.12323486206915,0.028,0.174,0.00295316736924455,"Down",2.52971193892062,""
"Ube4a",1.68815250889597e-07,-0.829568837581695,0.132,0.345,0.00297857628669605,"Down",2.52599127235988,""
"Ndufs1",1.69627505175857e-07,-0.904594575593812,0.066,0.244,0.00299290770132283,"Down",2.52390667621837,""
"Atg16l1",1.71438657625028e-07,-0.870468791689185,0.104,0.305,0.00302486367513599,"Down",2.51929419339839,""
"Hdlbp",1.73602404309499e-07,-1.15486647111826,0.08,0.261,0.0030630408216368,"Down",2.51384721524257,""
"Ppp1r10",1.75242395388839e-07,-1.24549061212015,0.052,0.218,0.00309197682424068,"Down",2.50976376997432,""
"Abhd12",1.76165126000844e-07,-1.48389535144523,0.071,0.242,0.0031082574831589,"Down",2.50748301210944,""
"Afg3l2",1.76696075024325e-07,-1.2483056277272,0.08,0.262,0.00311762554772918,"Down",2.50617604832637,""
"Wbp11",1.78799368681942e-07,-1.89262193392774,0.028,0.174,0.00315473606102418,"Down",2.50103696987016,""
"Cdkl2",1.86366318253205e-07,-1.7493163501159,0.042,0.198,0.00328824731925955,"Down",2.48303552527119,""
"Dcaf8",1.86626929004984e-07,-1.10146423939793,0.08,0.264,0.00329284553536394,"Down",2.48242864120199,""
"Dynlt1a",1.87076681582697e-07,-2.45980973292092,0.024,0.163,0.00330078096984511,"Down",2.48138329322305,""
"Cwc22",1.9169461521998e-07,-2.32230620917098,0.014,0.149,0.00338225979094132,"Down",2.47079303735357,""
"Mef2a",1.91989742194525e-07,-0.714429316501823,0.123,0.338,0.00338746701128019,"Down",2.47012492545739,""
"Vps41",1.92417292431548e-07,-0.850801758233109,0.151,0.367,0.00339501070766224,"Down",2.4691588516423,""
"Cs",1.92916502547775e-07,-1.83218608006576,0.038,0.189,0.00340381877095295,"Down",2.4680335710523,""
"Hs3st5",1.93023744055516e-07,-1.1837764040042,0.132,0.33,0.00340571094011552,"Down",2.46779221557486,""
"Cab39l",1.95292927167479e-07,-2.7943125205789,0.024,0.161,0.00344574840694299,"Down",2.46271643596091,""
"Tbck",1.97310692348091e-07,-1.25795996408237,0.08,0.261,0.00348134985578972,"Down",2.458252330406,""
"Strada",1.99603988307456e-07,-2.18960367168487,0.042,0.193,0.00352181276969676,"Down",2.45323373617366,""
"Cd200",2.01412880080526e-07,-2.12609451620839,0.019,0.158,0.0035537288561408,"Down",2.44931571124486,""
"Ube2h",2.02438488077768e-07,-0.783070982106954,0.146,0.369,0.00357182468364414,"Down",2.44710986579538,""
"Zyg11b",2.05001641527325e-07,-1.38376241229237,0.066,0.239,0.00361704896310812,"Down",2.44164561226029,""
"Lrch2",2.05109151397315e-07,-1.74472323881542,0.033,0.183,0.00361894586725423,"Down",2.4414179130865,""
"Spock2",2.06662688064914e-07,-0.694744199851762,0.288,0.552,0.00364635646821735,"Down",2.43814087692836,""
"Secisbp2l",2.06796024912321e-07,-1.92321025376116,0.038,0.187,0.00364870906355298,"Down",2.43786076451445,""
"Lrpap1",2.0727557172332e-07,-1.73178418310792,0.033,0.183,0.00365717018748626,"Down",2.43685482917073,""
"Erc1",2.0740152992415e-07,-0.653183260785826,0.165,0.404,0.0036593925939817,"Down",2.4365909951995,""
"Pdpk1",2.09957722430845e-07,-1.17386093513912,0.09,0.272,0.00370449405456983,"Down",2.4312710978905,""
"Ttc5",2.10892240439968e-07,-2.00704184456463,0.019,0.158,0.0037209826903228,"Down",2.42934235027268,""
"Rcor3",2.11571005653761e-07,-2.00704184456463,0.024,0.165,0.00373295882375495,"Down",2.42794680051426,""
"Zbtb7c",2.12032352851974e-07,-1.07467189663093,0.099,0.295,0.00374109883372023,"Down",2.42700081829943,""
"Tcaf1",2.13777150148353e-07,-0.501746485322882,0.226,0.483,0.00377188403721755,"Down",2.42344166767667,""
"Ift88",2.15006548899902e-07,-1.03233987874311,0.08,0.262,0.00379357554878987,"Down",2.42095126256977,""
"Cnnm2",2.16211100621687e-07,-1.67343194462963,0.042,0.198,0.00381482865936905,"Down",2.41852496333469,""
"Sema4d",2.17249216980901e-07,-1.04589277353599,0.108,0.305,0.00383314518441102,"Down",2.41644473107321,""
"Cacna1e",2.17312826594461e-07,-0.599104505568427,0.542,0.754,0.00383426751243266,"Down",2.41631759017459,""
"Ankrd13c",2.17954762489199e-07,-1.95973612978627,0.038,0.187,0.00384559382935944,"Down",2.41503658774786,""
"Rhot1",2.20720003516345e-07,-1.58032254023815,0.042,0.198,0.00389438374204238,"Down",2.40956125650365,""
"Adnp",2.21419803786719e-07,-0.945591947466004,0.108,0.306,0.00390673101801286,"Down",2.40818648931633,""
"Tm9sf2",2.223665614894e-07,-1.83420524770241,0.033,0.182,0.00392343561091898,"Down",2.40633347037782,""
"Pde10a",2.23435742506904e-07,1.05978802972145,0.835,0.648,0.00394230024079182,"Up",2.40425030345746,""
"Tjp1",2.23454207729738e-07,-0.570041478621892,0.335,0.635,0.0039426260411835,"Down",2.40421441388606,""
"Mpped2",2.24235268089016e-07,-1.80773303634122,0.052,0.209,0.0039564070701626,"Down",2.40269903071736,""
"Znrf1",2.24504121580001e-07,-0.869981477027944,0.17,0.396,0.00396115072115754,"Down",2.40217863244507,""
"Ranbp10",2.24904521239624e-07,-1.25379743124069,0.061,0.233,0.00396821537275193,"Down",2.4014047647791,""
"Fam92a",2.25432393172656e-07,-1.63780803489891,0.038,0.191,0.00397752914513834,"Down",2.40038662939945,""
"Pbrm1",2.26570776566491e-07,-0.744307656199589,0.156,0.385,0.00399761478173916,"Down",2.39819905769798,""
"Tbcel",2.27513112546503e-07,-1.43531517100017,0.061,0.228,0.0040142413577705,"Down",2.39639651894453,""
"Ube3a",2.29647351211628e-07,-0.996889128203739,0.127,0.33,0.00405189786477796,"Down",2.3923415103311,""
"Cog3",2.29970740558272e-07,-2.14560267509761,0.019,0.156,0.00405760374641015,"Down",2.39173036714747,""
"Dtnb",2.30893772661395e-07,-0.618899572348846,0.226,0.492,0.00407388972483764,"Down",2.38999073099189,""
"Snph",2.30915682690095e-07,-0.821726308420723,0.142,0.352,0.00407427630538404,"Down",2.38994952176821,""
"Tecpr2",2.33172194493656e-07,-1.20074422929007,0.047,0.211,0.00411409019964607,"Down",2.38572619081846,""
"Prune2",2.35147648004363e-07,-1.92605300352998,0.042,0.194,0.00414894510138898,"Down",2.38206231169346,""
"Pnpla8",2.35647834212871e-07,-1.68511374967727,0.047,0.204,0.00415777038685189,"Down",2.38113949828417,""
"Trpc3",2.36115535225985e-07,-3.09723965353621,0.009,0.136,0.00416602250352727,"Down",2.38027838846141,""
"Sh3glb1",2.38288923938528e-07,-1.13765392198212,0.085,0.268,0.00420436977397139,"Down",2.37629909480052,""
"Inpp4b",2.38966554594516e-07,-1.094762923244,0.203,0.415,0.00421632588926563,"Down",2.37506582890557,""
"Osbp",2.42275776182666e-07,-2.14030837542809,0.028,0.171,0.00427471379496695,"Down",2.36909295729312,""
"Tcp11l1",2.4565102794832e-07,-1.14614925401715,0.08,0.261,0.00433426673712016,"Down",2.36308436507555,""
"Acsl1",2.45671034915422e-07,-1.59200434528579,0.042,0.194,0.00433461974004771,"Down",2.36304899554475,""
"Dnajc5",2.4876408724682e-07,-1.23164868696652,0.08,0.259,0.00438919355538289,"Down",2.35761526714289,""
"Per3",2.48932685910655e-07,-1.45883789385359,0.028,0.174,0.0043921683102076,"Down",2.35732102584534,""
"Frrs1l",2.50748169237455e-07,-2.06101946562345,0.038,0.185,0.00442420069802566,"Down",2.35416518006049,""
"Purg",2.51341256815269e-07,-1.82001136611966,0.042,0.194,0.0044346651352486,"Down",2.35313916848261,""
"Pnpt1",2.52265823829074e-07,-2.12609451620839,0.019,0.156,0.00445097819564019,"Down",2.35154453322508,""
"Epha4",2.52685201568065e-07,-1.92848519580183,0.042,0.194,0.00445837769646694,"Down",2.35082314255314,""
"Gabra3",2.52988989561719e-07,-1.05284553417775,0.108,0.297,0.00446373773182698,"Down",2.350301330416,""
"Ntm",2.53589061241987e-07,-0.903619525403278,0.736,0.767,0.00447432539655361,"Down",2.34927243490438,""
"Sarnp",2.56524687434757e-07,-1.7493163501159,0.038,0.189,0.00452612158509885,"Down",2.34427378378203,""
"Zkscan16",2.63288248343884e-07,-0.910826529305327,0.108,0.308,0.00464545785377949,"Down",2.33297147573478,""
"Vps54",2.63377142725485e-07,-1.17178660690126,0.052,0.218,0.00464702630624845,"Down",2.33282486902614,""
"Sfi1",2.63463103705998e-07,-0.924112220055552,0.108,0.305,0.00464854300178862,"Down",2.33268314720409,""
"Alkbh8",2.64707991066561e-07,-1.22277053562007,0.071,0.244,0.0046705077943784,"Down",2.33063589881129,""
"Ttc19",2.67373014899432e-07,-0.966589800827335,0.108,0.306,0.00471752947488557,"Down",2.3262853777046,""
"Agps",2.6787710618568e-07,-2.47911028887985,0.014,0.145,0.00472642366154014,"Down",2.32546735218682,""
"Tsn",2.67890356156176e-07,-2.49578903002648,0.014,0.145,0.00472665744401958,"Down",2.32544587126655,""
"Rab12",2.68212961680344e-07,-0.95301026659796,0.118,0.317,0.004732349495888,"Down",2.32492318912216,""
"Slc16a7",2.68681339189991e-07,-2.11029580636165,0.028,0.171,0.0047406135486682,"Down",2.32416544660502,""
"Usp25",2.68869139061389e-07,-2.46223647031546,0.014,0.145,0.00474392708959915,"Down",2.32386199435461,""
"Snx27",2.69094554903368e-07,-1.30407063772192,0.066,0.237,0.00474790432671502,"Down",2.32349804093867,""
"Rngtt",2.71333917669995e-07,-1.62649272167108,0.047,0.204,0.00478741564336939,"Down",2.31989886543939,""
"Ncald",2.72449228866989e-07,-0.697309046647572,0.208,0.453,0.00480709419412916,"Down",2.31811736786725,""
"Lrrc4b",2.7400368215857e-07,-1.20609179447344,0.08,0.261,0.00483452096800581,"Down",2.31564655183089,""
"Sphkap",2.77660867252048e-07,-1.72973052433995,0.047,0.202,0.00489904834179513,"Down",2.30988827508311,""
"Pgrmc1",2.7819166023518e-07,-1.33824775304,0.042,0.198,0.00490841365318952,"Down",2.30905884453354,""
"Dhx36",2.79795396637863e-07,-1.00578349730571,0.099,0.288,0.00493670997827845,"Down",2.30656238595305,""
"Ipo8",2.80212540094256e-07,-1.49025084648505,0.052,0.211,0.00494407005742305,"Down",2.30591538392719,""
"Plxdc2",2.81469928847514e-07,-1.1546815457779,0.127,0.325,0.00496625542458554,"Down",2.30397094756129,""
"Gda",2.81547844005575e-07,-2.97409142276334,0.014,0.143,0.00496763015963436,"Down",2.30385074487836,""
"Kcnh7",2.82320938445842e-07,-0.879117669577988,0.392,0.611,0.00498127063793843,"Down",2.30265986192747,""
"Tab2",2.82715032826814e-07,-1.25795996408237,0.071,0.246,0.00498822403919631,"Down",2.30205404901835,""
"Atp6v1h",2.84060326039533e-07,-1.98830528198304,0.028,0.171,0.00501196039264153,"Down",2.29999236970606,""
"Tln2",2.8967026891206e-07,-0.871605219507608,0.137,0.354,0.00511094222468438,"Down",2.29149902838591,""
"Camkmt",2.89725509330357e-07,-0.902780244974197,0.16,0.38,0.00511191688662482,"Down",2.29141621587736,""
"Osbpl10",2.90805256390666e-07,-1.46562705951623,0.061,0.226,0.00513096794375691,"Down",2.289800698635,""
"Prelid3a",2.91046610916362e-07,-2.12966113122859,0.019,0.154,0.00513522640300829,"Down",2.28944040437251,""
"Cops5",2.91636005649517e-07,-2.75882343586028,0.014,0.143,0.00514562568368007,"Down",2.28856180954131,""
"Metap1d",2.93921406802644e-07,-0.740169752528588,0.123,0.332,0.00518594930162585,"Down",2.28517173325347,""
"Lrsam1",2.95482736009587e-07,-1.75754727917301,0.038,0.187,0.00521349739415316,"Down",2.28287083919513,""
"Grb2",2.98098915233988e-07,-1.36443168484366,0.061,0.228,0.00525965726038849,"Down",2.27904255523252,""
"Coq3",2.9845720957384e-07,-3.31963207487266,0.005,0.125,0.00526597900572082,"Down",2.27852087666135,""
"Zdhhc20",2.99378041221386e-07,-0.763815919811016,0.16,0.382,0.00528222615931013,"Down",2.27718300834724,""
"Ift122",3.03313466732526e-07,-1.52762511714849,0.052,0.209,0.00535166280702869,"Down",2.27151125803173,""
"Fam13b",3.03552051881694e-07,-0.840624917898598,0.142,0.358,0.00535587240340062,"Down",2.27116977803029,""
"Minpp1",3.05681222185856e-07,-4.74633249167708,0,0.114,0.00539343948424725,"Down",2.26813418979771,"Minpp1"
"Dpm1",3.09356364570092e-07,-1.73934606136097,0.028,0.172,0.00545828369647471,"Down",2.26294389545037,""
"Usp14",3.14782492594525e-07,-1.33295345337049,0.061,0.228,0.00555402229933781,"Down",2.25539238089474,""
"Slc9a9",3.15187474652514e-07,-0.942992865951696,0.132,0.334,0.00556116780276896,"Down",2.25483400031653,""
"Trpc5",3.21584989005301e-07,-0.959736129786273,0.217,0.439,0.00567404554600953,"Down",2.24610718241024,""
"Lekr1",3.24005927336632e-07,-2.02386646720599,0.038,0.183,0.00571676058192753,"Down",2.24284999566836,""
"Ttll7",3.29290422798688e-07,-0.966756557464045,0.113,0.308,0.00581000021986005,"Down",2.23582385117525,""
"Unc13c",3.30790542568068e-07,-2.06004103558196,0.057,0.215,0.005836468333071,"Down",2.23384986648596,""
"Rgl1",3.33536048833998e-07,-0.925788797862935,0.113,0.312,0.00588491004562707,"Down",2.23026017122095,""
"Rmdn1",3.34436568091975e-07,-0.734023350158214,0.132,0.352,0.0059007988074148,"Down",2.22908919273587,""
"Usp9x",3.48361113998861e-07,-0.591552443938038,0.241,0.517,0.0061464834953959,"Down",2.21137328021314,""
"Trim44",3.52141217037311e-07,-1.30765943320658,0.061,0.228,0.00621317963340631,"Down",2.20668609002613,""
"Rb1",3.52568422458797e-07,-1.35566480611741,0.052,0.211,0.00622071724586302,"Down",2.2061595384664,""
"Mrps15",3.55963392086312e-07,-0.771663781633701,0.08,0.264,0.0062806180899709,"Down",2.20199761424773,""
"Tle1",3.56554454616575e-07,-2.20766364322986,0.019,0.152,0.00629104679725484,"Down",2.20127708421351,""
"Pcca",3.5924954227168e-07,-0.575223497520888,0.231,0.483,0.00633859892384152,"Down",2.19800672743186,""
"Atp2b4",3.61761577019183e-07,-1.07610088647806,0.127,0.323,0.00638292126492647,"Down",2.19498051267796,""
"Wwp1",3.62985530217359e-07,-1.51612947831066,0.052,0.209,0.00640451669515508,"Down",2.19351363790161,""
"Sept3",3.66438148638685e-07,-1.36443168484366,0.061,0.226,0.00646543469458096,"Down",2.18940227061169,""
"Xpo4",3.70959282525057e-07,-1.67343194462963,0.047,0.2,0.00654520558087211,"Down",2.18407670797706,""
"Actr2",3.75115561914228e-07,-1.71105701692955,0.033,0.178,0.00661853897441463,"Down",2.17923786937878,""
"Ube2k",3.81991929482895e-07,-1.05040648872634,0.104,0.292,0.0067398656037962,"Down",2.1713487634219,""
"Zfp846",3.85398754687632e-07,-2.1958034880198,0.024,0.16,0.00679997562770858,"Down",2.16749264387768,""
"Entpd6",3.91456453159268e-07,-1.25251787901412,0.066,0.235,0.00690685765954213,"Down",2.16071949408975,""
"Tshz2",3.93017765554826e-07,-0.583172778322065,0.325,0.589,0.00693440545544935,"Down",2.15899076869112,""
"9630014M24Rik",3.97768869245592e-07,-1.11854316674443,0.142,0.338,0.00701823392896922,"Down",2.15377216014921,""
"Cntnap5a",4.03770992658071e-07,-0.922098472422908,0.458,0.648,0.007124135394459,"Down",2.14726783534753,""
"Esr1",4.05604752221833e-07,-2.48215716443872,0.028,0.165,0.00715649024820202,"Down",2.14529991617676,""
"Gm32442",4.06066250768133e-07,-1.98830528198304,0.024,0.16,0.00716463292855295,"Down",2.14480605525793,""
"Chchd6",4.0709822762133e-07,-1.12966113122859,0.09,0.27,0.00718284112815074,"Down",2.14370373929279,""
"Zfp251",4.11161839250695e-07,-3.01284746624584,0.014,0.139,0.00725453949173926,"Down",2.13939015077195,""
"Micu3",4.12601846872998e-07,-0.661974346029663,0.179,0.413,0.00727994698622717,"Down",2.13787178327938,""
"Eif2s3y",4.14847350411972e-07,-0.899475604968798,0.132,0.332,0.00731956665066883,"Down",2.13551463025231,""
"Iws1",4.18692889647976e-07,-1.06914734650685,0.085,0.266,0.00738741734494889,"Down",2.13150736524211,""
"Top2b",4.22508673801502e-07,-1.0055398193994,0.075,0.25,0.0074547430405537,"Down",2.12756732176067,""
"Arcn1",4.23259486815305e-07,-1.86487694344483,0.024,0.161,0.00746799038536925,"Down",2.12679624985308,""
"Fyco1",4.24050856543026e-07,-1.26399319834658,0.057,0.218,0.00748195331284515,"Down",2.12598500611335,""
"Nrsn2",4.24413721663943e-07,-1.31792776866041,0.057,0.218,0.0074883557050386,"Down",2.12561353431985,""
"Serpini1",4.26228719586058e-07,-2.6227011425087,0.019,0.149,0.0075203795283764,"Down",2.12376024146682,""
"Aatk",4.27753067284975e-07,-0.729182387919644,0.156,0.372,0.0075472751191761,"Down",2.12220981847789,""
"Trim9",4.288796275751e-07,-0.718728030282478,0.203,0.439,0.00756715214893506,"Down",2.1210675338032,""
"Sox11",4.3041288133865e-07,-3.28166422467363,0.009,0.13,0.00759420487833914,"Down",2.11951769053413,""
"Lrfn5",4.46419653220962e-07,-0.671543672758642,0.741,0.807,0.00787662836143066,"Down",2.10365964512196,""
"Rcan2",4.4944157725823e-07,-0.929362480742754,0.127,0.323,0.00792994718914421,"Down",2.10072970493203,""
"Tmem245",4.66585322739622e-07,-1.74472323881542,0.038,0.183,0.0082324314344179,"Down",2.08447187771632,""
"Ube2w",4.70703453335106e-07,-1.38196913046932,0.057,0.217,0.00830509173064462,"Down",2.08065556635614,""
"Dgke",4.71711003555218e-07,-1.14682168238677,0.071,0.242,0.00832286894672826,"Down",2.07972694378599,""
"Ints3",4.72702650643416e-07,-1.33380184800881,0.075,0.244,0.00834036556795244,"Down",2.0788149133113,""
"Ino80",4.80121158044103e-07,-0.732965267939251,0.175,0.402,0.00847125771253015,"Down",2.07205210595481,""
"6030458C11Rik",4.80547499228988e-07,-3.18212855112272,0.005,0.121,0.00847878007639627,"Down",2.07166662937085,""
"Zfp74",4.81271773172109e-07,-3.18212855112272,0.005,0.121,0.0084915591658487,"Down",2.07101256005583,""
"Atxn7",4.81929560879165e-07,-1.06183431740501,0.08,0.253,0.00850316517215199,"Down",2.07041938476475,""
"Vps13d",4.84299588404831e-07,-0.683218494588857,0.226,0.472,0.00854498193781484,"Down",2.0682888509439,""
"Mb21d2",4.87821297247666e-07,-2.97765803778354,0.009,0.13,0.00860711896863781,"Down",2.06514219412208,""
"Ammecr1",4.91234804426473e-07,-4.68220215425736,0,0.11,0.00866734688930068,"Down",2.06211382151687,"Ammecr1"
"Atp2a2",4.91414473983941e-07,-1.03416097091283,0.094,0.277,0.00867051697897265,"Down",2.06195500697345,""
"Enox2",4.93572713852757e-07,-2.58032254023815,0.024,0.156,0.00870859696321804,"Down",2.06005180827754,""
"Catspere2",4.98532230703417e-07,-0.845403454307278,0.156,0.367,0.0087961026785311,"Down",2.05570970968196,""
"Zfp407",4.98999744085029e-07,-1.12507386173293,0.071,0.242,0.00880435148463626,"Down",2.05530262800068,""
"Fam76a",5.01565810129274e-07,-1.50130603499405,0.052,0.207,0.00884962715392092,"Down",2.05307502629717,""
"Vmp1",5.02899229675285e-07,-1.29415516885683,0.066,0.231,0.00887315400839073,"Down",2.05192198051038,""
"Map3k5",5.05527472619323e-07,-1.39483128140637,0.08,0.248,0.00891952672689534,"Down",2.04965818882463,""
"Nipa1",5.05989842297805e-07,-2.2898847314786,0.019,0.149,0.00892768477750247,"Down",2.04926115239038,""
"Hmg20a",5.06247046435422e-07,-1.02081170653804,0.108,0.297,0.00893222288730659,"Down",2.04904044843987,""
"Camk2g",5.0973474992483e-07,-0.49763037685065,0.241,0.517,0.00899375992767371,"Down",2.04605870932735,""
"Adarb1",5.10751507882323e-07,-0.85785651576706,0.118,0.319,0.0090116996050757,"Down",2.04519329342761,""
"Pdzd4",5.11729475742567e-07,-0.573170569332586,0.226,0.483,0.00902895487000185,"Down",2.04436251773299,""
"Pwwp2a",5.12211385562334e-07,-1.32230620917098,0.061,0.222,0.00903745768686182,"Down",2.04395372304795,""
"Clip4",5.2068513154346e-07,-1.85080175823311,0.028,0.167,0.00918696846095281,"Down",2.03682777456387,""
"Scfd2",5.25774257139986e-07,-1.06731601698609,0.08,0.255,0.00927676099297792,"Down",2.03260363244726,""
"Tmem59",5.32204026717567e-07,-2.54469863050743,0.014,0.139,0.00939020784740474,"Down",2.02732479474327,""
"Rad23b",5.36426444525345e-07,-3.72527087614925,0.005,0.119,0.00946470818720518,"Down",2.02389277151954,""
"Nup210",5.38330900349121e-07,-0.65886965042674,0.113,0.316,0.00949831040575989,"Down",2.0223536417338,""
"Rnf111",5.43049471213289e-07,-1.37477362906512,0.061,0.222,0.00958156487008727,"Down",2.01856355574994,""
"Dgkh",5.44712690144934e-07,-0.870468791689186,0.146,0.356,0.00961091070491722,"Down",2.01723545776531,""
"Usp8",5.59415832187473e-07,-0.872713067548907,0.108,0.299,0.00987033294311577,"Down",2.00566819759184,""
"Cbfa2t2",5.601239792125e-07,-1.26583925751195,0.057,0.217,0.00988282748922534,"Down",2.00511878544369,""
"Pdk1",5.6367774663248e-07,-2.44516295695651,0.019,0.147,0.00994553016158347,"Down",2.00237206119583,""
"Txlng",5.64328005738582e-07,-0.813885263322818,0.132,0.338,0.00995700333325154,"Down",2.00187134748532,""
"Plekhm3",5.75720711318421e-07,-1.19767955465724,0.085,0.259,0.0101580162305022,"Down",1.99319109759012,""
"Lsg1",5.77604575585211e-07,-2.14560267509761,0.024,0.156,0.0101912551316255,"Down",1.99177232598659,""
"Htr4",5.79892880083235e-07,-1.39754493672378,0.057,0.215,0.0102316299761886,"Down",1.99005517437433,""
"Gap43",5.8096178983601e-07,-0.807733036341223,0.132,0.339,0.0102504898198666,"Down",1.98925538134164,""
"Ctdspl",5.87369164337661e-07,-0.917915954091646,0.156,0.363,0.0103635415355737,"Down",1.98449180766755,""
"Psmb2",5.90598061342646e-07,-2.06407278960101,0.019,0.149,0.0104205121943296,"Down",1.982110933848,""
"Elp4",5.93725908408887e-07,-0.65886965042674,0.108,0.303,0.0104756999279664,"Down",1.97981695025204,""
"Spint2",5.96800685741937e-07,-2.72527087614925,0.014,0.138,0.0105299512992307,"Down",1.97757363741131,""
"Fyn",5.97636264418359e-07,-0.619429505584056,0.193,0.422,0.0105446942493975,"Down",1.97696600840667,""
"Ap2a2",5.99967887158064e-07,-1.19034905792769,0.09,0.261,0.0105858334010169,"Down",1.97527494518212,""
"Gdi2",6.07327016973414e-07,-1.86020045623536,0.038,0.18,0.0107156778874789,"Down",1.9699803497291,""
"Zfp652",6.08003844619607e-07,-1.09270999505569,0.08,0.255,0.0107276198344684,"Down",1.96949662541727,""
"Runx1t1",6.08533000711161e-07,-1.76119045040419,0.038,0.182,0.0107369562645477,"Down",1.96911881592305,""
"Pcmtd2",6.10280197921913e-07,-1.12507386173293,0.085,0.259,0.0107677838121342,"Down",1.96787367248671,""
"Glra2",6.13862722525508e-07,-3.01284746624584,0.009,0.128,0.0108309938762401,"Down",1.96533168971242,""
"Cers5",6.15325594261047e-07,-0.631235380975424,0.127,0.334,0.0108568047851419,"Down",1.96429797109706,""
"Dpysl5",6.22533948905372e-07,-0.772737614985019,0.137,0.339,0.0109839889944864,"Down",1.95923991091662,""
"Cacna1d",6.23468832976413e-07,-0.558373567404505,0.396,0.697,0.0110004840890358,"Down",1.95858820278986,""
"Adgrl2",6.2359673580697e-07,-0.91957900331429,0.123,0.316,0.0110027408065782,"Down",1.95849911766857,""
"Glcci1",6.24067298696107e-07,-4.70389722535668,0,0.108,0.0110110434181941,"Down",1.95817152487086,"Glcci1"
"Numb",6.26088886603024e-07,-1.46669611850616,0.061,0.218,0.0110467123152238,"Down",1.95676695598859,""
"Nploc4",6.44324521635585e-07,-1.14970707343034,0.071,0.239,0.0113684618597383,"Down",1.94429829089857,""
"Rptor",6.46081907346961e-07,-0.594971836988653,0.222,0.479,0.0113994691732298,"Down",1.94311537151481,""
"Cpne4",6.53653049292642e-07,-1.48970939590978,0.104,0.277,0.0115330544017194,"Down",1.93805565938865,""
"Gm45323",6.68862914701622e-07,-2.6227011425087,0.019,0.145,0.0118014172669954,"Down",1.92806583385703,""
"Klc1",6.72626724270703e-07,-0.615087958398827,0.198,0.439,0.0118678259230323,"Down",1.92562883252885,""
"Pitpnc1",6.75974423833656e-07,-0.72527087614925,0.146,0.352,0.011926892734121,"Down",1.9234726866059,""
"Ctsb",6.76277129195942e-07,-1.80773303634122,0.038,0.18,0.0119322336675332,"Down",1.92327825048877,""
"Vwc2l",6.81434510809145e-07,-1.65700160013222,0.085,0.248,0.0120232305087165,"Down",1.91997882654224,""
"Prkdc",6.95360926474755e-07,-1.04993393875785,0.08,0.251,0.0122689481867206,"Down",1.91119266761393,""
"Psd2",6.95603148343188e-07,-1.70081783242471,0.047,0.193,0.0122732219493672,"Down",1.91104141191462,""
"Hmgn1",6.99324483408842e-07,-2.49578903002648,0.019,0.145,0.0123388811852656,"Down",1.90872421770097,""
"Tenm3",6.99968253932809e-07,-0.796399945533636,0.302,0.532,0.0123502398723905,"Down",1.90832460724287,""
"Smurf2",7.01089454162161e-07,-1.39037048411614,0.071,0.231,0.0123700223292372,"Down",1.90762951642135,""
"Sec62",7.04677052596615e-07,-0.850111638611775,0.108,0.301,0.0124333219160147,"Down",1.9054128217164,""
"Nt5c2",7.05880402615007e-07,-0.632789960132286,0.179,0.415,0.0124545538237392,"Down",1.90467182616512,""
"1500004A13Rik",7.0602333171428e-07,-0.767091051843877,0.283,0.517,0.0124570756647668,"Down",1.90458389762181,""
"Ppt1",7.08167618748761e-07,-1.02804214317718,0.09,0.266,0.0124949094652031,"Down",1.90326688630865,""
"Heatr6",7.08371897802406e-07,-1.10078001124146,0.108,0.292,0.0124985137648256,"Down",1.90314162716078,""
"Zfp329",7.10803183983251e-07,-2.14030837542809,0.033,0.169,0.0125414113782005,"Down",1.9016535863703,""
"Brdt",7.14149979032734e-07,-2.5253333056405,0.009,0.128,0.0126004622300536,"Down",1.89961352311422,""
"Cdh7",7.18050032979389e-07,-1.69366126963243,0.052,0.202,0.0126692747818883,"Down",1.89724824440925,""
"Zfyve16",7.19087155548623e-07,-1.28166422467364,0.075,0.24,0.0126875737724999,"Down",1.89662141950949,""
"Ldah",7.3264602331316e-07,-1.71872803028248,0.038,0.18,0.0129268064353374,"Down",1.88850875422394,""
"Stau2",7.36930125438558e-07,-0.34576050239465,0.392,0.721,0.0130023951332379,"Down",1.88597664020568,""
"Dennd6a",7.45617379492847e-07,-1.1958034880198,0.075,0.242,0.0131556730437718,"Down",1.88088692851944,""
"Cops3",7.48032625921161e-07,-1.18033526929967,0.061,0.22,0.013198287651753,"Down",1.87948241058462,""
"Map2k1",7.57019755288761e-07,-1.47734336270566,0.061,0.217,0.0133568565623149,"Down",1.8742957378388,""
"Psmd1",7.60943403206259e-07,-0.860200456235358,0.146,0.345,0.0134260854061712,"Down",1.87205059450318,""
"Actr3b",7.64024092872451e-07,-1.86487694344483,0.033,0.171,0.0134804410946415,"Down",1.8702958969821,""
"Oga",7.64173473738259e-07,-0.708197362790308,0.142,0.354,0.0134830767706378,"Down",1.8702109926643,""
"Ufl1",7.64948327634858e-07,-1.06522925863359,0.071,0.239,0.0134967482927894,"Down",1.86977085140142,""
"Klhl24",7.66986666456754e-07,-2.40030872117225,0.024,0.152,0.013532712742963,"Down",1.86861513679418,""
"Prrc1",7.72793502517279e-07,-3.11893472463553,0.005,0.117,0.0136351685584149,"Down",1.86533948892609,""
"3010001F23Rik",7.73183754631941e-07,-3.09723965353621,0.005,0.117,0.013642054166726,"Down",1.86512023040497,""
"Zfp266",7.76915499332702e-07,-2.72527087614925,0.005,0.117,0.0137078970702262,"Down",1.86302916525768,""
"Copb1",7.78487871123877e-07,-1.97409142276334,0.028,0.161,0.0137356399981097,"Down",1.86215110026439,""
"Stxbp4",7.84805806978835e-07,-1.31792776866041,0.057,0.213,0.0138471136583346,"Down",1.85864074305393,""
"Pls3",7.87855426830601e-07,-4.61508795839883,0,0.106,0.0139009211509991,"Down",1.85695642006671,"Pls3"
"Uggt1",7.9446325317522e-07,-1.05284553417775,0.071,0.237,0.0140175096390236,"Down",1.85332913659039,""
"Sel1l",7.98358594776661e-07,-0.797464700887396,0.118,0.314,0.0140862390462394,"Down",1.85120494581861,""
"Ppm1l",8.00922291040549e-07,-0.782858367702194,0.118,0.31,0.0141314729031194,"Down",1.84981256990234,""
"Rab30",8.01595716374857e-07,-1.52045108426075,0.042,0.189,0.014143354819718,"Down",1.84944756317851,""
"Nrp2",8.06233096794365e-07,-0.75507408706866,0.151,0.356,0.0142251767598398,"Down",1.8469423284235,""
"Dner",8.10871704347228e-07,-0.500304511148976,0.25,0.51,0.0143070203515025,"Down",1.84445080506923,""
"Pag1",8.14258370940036e-07,-1.26399319834658,0.061,0.22,0.014366774696866,"Down",1.84264071889236,""
"Pbx3",8.2097519139455e-07,-1.87046879168919,0.071,0.228,0.0144852862769654,"Down",1.83907291728605,""
"Fgf13",8.21559021921144e-07,-1.18800511745939,0.118,0.299,0.0144955873827767,"Down",1.83876418169359,""
"Eif4enif1",8.23777555733463e-07,-1.42070991323198,0.042,0.189,0.0145347311933612,"Down",1.83759299570088,""
"Amfr",8.24309357966833e-07,-1.82223260603634,0.028,0.163,0.0145441143119668,"Down",1.83731272069655,""
"Cpeb2",8.29283106158184e-07,-1.83218608006576,0.038,0.178,0.014631871125055,"Down",1.83470013270414,""
"Casd1",8.42328793347511e-07,-1.74823202459256,0.024,0.154,0.0148620492298235,"Down",1.82792130444855,""
"Pkd1",8.4751775507918e-07,0.799079161029722,0.627,0.606,0.0149536032706171,"Up",1.8252541456679,""
"Osbpl8",8.49011629184397e-07,-0.969322178615471,0.071,0.239,0.0149799611853295,"Down",1.82448931193822,""
"Lin28b",8.50470916536328e-07,-0.82468616962242,0.123,0.316,0.015005708851367,"Down",1.82374348421342,""
"Sacs",8.52965949633356e-07,-0.850801758233109,0.118,0.306,0.0150497312153309,"Down",1.82247125639844,""
"Pstk",8.53574859394209e-07,-2.47911028887985,0.014,0.136,0.0150604748191514,"Down",1.82216133569928,""
"Nup205",8.54890102384415e-07,-1.25519201331244,0.061,0.22,0.0150836809664706,"Down",1.82149266189136,""
"Nr6a1",8.57190829647091e-07,-0.914648240257735,0.108,0.294,0.0151242749982933,"Down",1.82032543464489,""
"Klhdc2",8.58137400614336e-07,-1.80773303634122,0.024,0.156,0.0151409762964393,"Down",1.81984612044452,""
"Trappc9",8.59834642615208e-07,-0.728194271356016,0.151,0.356,0.0151709224343027,"Down",1.81898801209736,""
"Pid1",8.72185718798172e-07,-1.12719287563784,0.104,0.283,0.0153888448224749,"Down",1.81279397965222,""
"Ranbp17",8.75555012922215e-07,-0.770833453529694,0.104,0.29,0.0154482926479996,"Down",1.81111951200135,""
"Atrnl1",8.80154690289527e-07,-0.833064326297845,0.179,0.394,0.0155294493554684,"Down",1.80884394324899,""
"Rspry1",8.81610765567244e-07,-1.13423386101841,0.08,0.25,0.0155551403476685,"Down",1.80812606607614,""
"Arfgef2",8.86610174972593e-07,-0.677336399085548,0.16,0.374,0.0156433499272164,"Down",1.80567023982351,""
"Ift74",8.90873601098311e-07,-1.59200434528579,0.024,0.156,0.0157185738177786,"Down",1.80358686104261,""
"Tardbp",8.98341857068e-07,-0.826253124312021,0.113,0.305,0.0158503437261078,"Down",1.7999613153558,""
"Rnf150",9.06375358336432e-07,-0.671438812780191,0.118,0.312,0.015992086822488,"Down",1.79609486105946,""
"Slmap",9.12871080599179e-07,-1.06522925863359,0.08,0.251,0.0161066973460919,"Down",1.79299350187817,""
"Sae1",9.142488641749e-07,-1.2898847314786,0.057,0.211,0.0161310069595019,"Down",1.79233852143277,""
"Arnt2",9.14501062586064e-07,-1.00238046719477,0.104,0.286,0.0161354567482685,"Down",1.79221873646119,""
"Atf7",9.14926869262775e-07,-1.5685453724618,0.052,0.2,0.0161429696812724,"Down",1.79201656889812,""
"Lrrc58",9.34179598075019e-07,-2.08075153074764,0.024,0.152,0.0164826648284356,"Down",1.78297257257063,""
"Blmh",9.43481547499701e-07,-1.39269553706238,0.042,0.187,0.0166467884240847,"Down",1.77866954018963,""
"Htt",9.46362227182499e-07,-0.505704498891565,0.236,0.494,0.016697615136408,"Down",1.77734555322725,""
"6330403K07Rik",9.53086194753601e-07,-1.43427464081378,0.052,0.202,0.0168162528202325,"Down",1.77427077196245,""
"Plcl2",9.5437045812528e-07,-1.22277053562007,0.075,0.239,0.0168389123631624,"Down",1.77368596330735,""
"Cyld",9.5770003884248e-07,-0.982337558723406,0.104,0.286,0.0168976594853367,"Down",1.77217344585948,""
"Lrrn3",9.62115497816407e-07,-1.68220215425736,0.028,0.163,0.0169755658434727,"Down",1.7701757405466,""
"Csnk2a1",9.63218867006281e-07,-1.09723965353621,0.085,0.255,0.0169950336894588,"Down",1.76967797017292,""
"Zcrb1",9.66995461241031e-07,-1.45656772022876,0.052,0.202,0.0170616679181367,"Down",1.76797851524145,""
"Kmt5a",9.73883623804145e-07,-2.58266648070645,0.014,0.134,0.0171832026584003,"Down",1.76489588781311,""
"Tmcc3",9.78669875106575e-07,-0.857093207476833,0.288,0.505,0.0172676512763804,"Down",1.76276673058984,""
"Txndc11",9.83565051011292e-07,-0.942662616427331,0.09,0.262,0.0173540217600432,"Down",1.76059986232614,""
"Tent2",9.8725569935615e-07,-1.65410984722801,0.024,0.154,0.0174191395594399,"Down",1.758973301327,""
"Bbs9",9.89497571019833e-07,-0.559333976875826,0.193,0.422,0.0174586951430739,"Down",1.75798821843912,""
"Micu2",9.91169135229425e-07,-0.944862853304743,0.108,0.292,0.017488188221988,"Down",1.75725518114169,""
"Arrb1",9.9520608795288e-07,-0.5928205801256,0.137,0.338,0.0175594162158406,"Down",1.75548992683843,""
"Emc7",9.99809289327024e-07,-4.63780803489891,0,0.105,0.017640635100886,"Down",1.75348578338531,"Emc7"
"Fig4",1.00431764801748e-06,-2.02247188513424,0.028,0.16,0.0177201805816204,"Down",1.75153185664752,""
"Cd2ap",1.00755422103049e-06,-1.26399319834658,0.071,0.231,0.017777286675862,"Down",1.75013452410954,""
"Dpysl2",1.01212894164236e-06,-0.541300054045564,0.203,0.45,0.0178580030463378,"Down",1.74816710728649,""
"Snx24",1.03195423152396e-06,-1.37477362906512,0.047,0.194,0.0182078004610088,"Down",1.73974251468516,""
"Exoc6",1.03714365080679e-06,-1.29181218004972,0.038,0.18,0.018299362574835,"Down",1.7375640378681,""
"Ext2",1.04868091179407e-06,-0.926377532839842,0.094,0.272,0.0185029260076946,"Down",1.73275958789353,""
"Chfr",1.04891558562588e-06,-0.63233290483276,0.165,0.38,0.018507066592783,"Down",1.73266241233975,""
"Zfpm2",1.05117511264275e-06,-2.04153022094992,0.061,0.209,0.0185469336874686,"Down",1.73172788080299,""
"Nfkb1",1.05260852697777e-06,-0.892621933927736,0.108,0.295,0.0185722248499957,"Down",1.73113606706266,""
"Flrt2",1.06813281616043e-06,-2.65063207525649,0.028,0.156,0.0188461354083346,"Down",1.72477769282725,""
"Pdcd7",1.06904100219832e-06,1.46230344989129,0.363,0.239,0.0188621594427871,"Up",1.72440858835372,""
"Gtf2h1",1.07190745061099e-06,-1.93058978412676,0.033,0.167,0.0189127350585802,"Down",1.7232456612683,""
"Sdccag8",1.0740219915559e-06,-0.925788797862935,0.127,0.316,0.0189500440190122,"Down",1.72238977687312,""
"Tpk1",1.08712418192092e-06,-2.42788496552468,0.014,0.134,0.0191812190658127,"Down",1.71712379462463,""
"Hook1",1.09316400753123e-06,-0.939463734760012,0.123,0.312,0.0192877857488811,"Down",1.71471762680084,""
"Cadm3",1.0941896352454e-06,-1.12507386173293,0.075,0.242,0.0193058819242698,"Down",1.71431035430436,""
"Kif13b",1.09988510161539e-06,-1.31157980257792,0.061,0.217,0.019406372732902,"Down",1.71205563149966,""
"D430042O09Rik",1.10252496470605e-06,-1.47069804906365,0.042,0.185,0.0194529504772735,"Down",1.71101451882058,""
"Ikzf4",1.10359885054017e-06,-1.75754727917301,0.038,0.176,0.0194718981189308,"Down",1.7105917114282,""
"Ssh1",1.10844333944466e-06,-1.2622988998067,0.075,0.237,0.0195573742811616,"Down",1.70868945280753,""
"Psmd14",1.11127919987573e-06,-1.38674627073119,0.052,0.2,0.0196074102026074,"Down",1.70757976528135,""
"Larp4b",1.11724326063695e-06,-0.563807453455134,0.118,0.321,0.0197126400906784,"Down",1.70525520727662,""
"Pex5l",1.12299823712103e-06,-0.843782696801396,0.198,0.42,0.0198141808957634,"Down",1.7030238763857,""
"Nbas",1.12877340295095e-06,-0.914139263346162,0.137,0.33,0.0199160779216665,"Down",1.70079618321584,""
"Acvr1b",1.13016345644144e-06,-2.44516295695651,0.019,0.141,0.0199406040254528,"Down",1.70026169051042,""
"Ccnc",1.13033844129151e-06,-1.35052608281844,0.047,0.193,0.0199436914581475,"Down",1.70019445326985,""
"Cramp1l",1.13143881017032e-06,-1.70555264153474,0.038,0.176,0.0199631063666451,"Down",1.69977187923475,""
"Pak3",1.14423147973257e-06,-0.408441341830512,0.358,0.64,0.0201888202284015,"Down",1.69488905912795,""
"Uqcrc2",1.1559178356568e-06,-1.67883530315897,0.038,0.176,0.0203950142923285,"Down",1.6904759860038,""
"Fkbp15",1.15883135015091e-06,-1.36716044495524,0.052,0.202,0.0204464203420626,"Down",1.68938271512703,""
"Rbm33",1.16938596683542e-06,-0.769337657604213,0.16,0.365,0.0206326459988442,"Down",1.68544507309282,""
"Atpif1",1.17229504729442e-06,-2.04719897103661,0.019,0.143,0.0206839738144627,"Down",1.68436602070859,""
"Pigk",1.1776515326912e-06,-1.03721488246399,0.075,0.242,0.0207784836428036,"Down",1.68238614925198,""
"Brd8",1.18509750648452e-06,-0.770833453529694,0.113,0.301,0.0209098604044128,"Down",1.67964886655084,""
"Sos1",1.18749450121042e-06,-1.06779587564373,0.108,0.286,0.0209521529793567,"Down",1.67877134362788,""
"Rad17",1.19454044587915e-06,-1.538272361348,0.042,0.183,0.0210764716270917,"Down",1.67620209180585,""
"Rap1gap2",1.21816051748884e-06,-0.751018645346901,0.118,0.314,0.0214932241705732,"Down",1.66769843167192,""
"Trpc4ap",1.22185350588409e-06,-0.83157977829559,0.104,0.29,0.0215583832578189,"Down",1.66638381159918,""
"Saraf",1.22383116371186e-06,-1.20170892009224,0.061,0.218,0.0215932770525321,"Down",1.66568144299085,""
"Rcn2",1.22602059294907e-06,-1.28690087303978,0.061,0.217,0.0216319073419933,"Down",1.66490518598935,""
"Pex14",1.22846804910635e-06,-1.43427464081378,0.061,0.213,0.0216750902584324,"Down",1.66403908537851,""
"Zfp326",1.23275288523587e-06,-1.11289291784769,0.066,0.226,0.0217506919071016,"Down",1.66252692323087,""
"Caprin1",1.24070955649375e-06,-1.01823177909642,0.075,0.242,0.0218910794147757,"Down",1.65973282352466,""
"E430024P14Rik",1.24166763421868e-06,-2.09723965353621,0.014,0.134,0.0219079837381545,"Down",1.65939759011099,""
"Phactr3",1.24491725663403e-06,-0.671985150216999,0.198,0.428,0.0219653200760508,"Down",1.65826246386464,""
"Tmem59l",1.24815282199072e-06,-1.15653683721998,0.071,0.233,0.0220224083912044,"Down",1.6571351879158,""
"2210408I21Rik",1.25071144173581e-06,-0.758560194359521,0.16,0.374,0.0220675526779866,"Down",1.65624582802457,""
"Bmerb1",1.25486754817479e-06,-0.717034726049486,0.16,0.371,0.0221408830199961,"Down",1.65480506263234,""
"Cdk10",1.25632178215955e-06,1.36219196510109,0.387,0.273,0.0221665415244231,"Up",1.65430206123938,""
"Cdc42se2",1.26129834203627e-06,-2.84726140052786,0.009,0.123,0.0222543479468879,"Down",1.65258512603736,""
"Zfp704",1.27003868487366e-06,-0.631353012761611,0.255,0.499,0.0224085625559108,"Down",1.64958600129886,""
"C78859",1.27386158743343e-06,-1.39583524459295,0.042,0.185,0.0224760138486754,"Down",1.64828070898497,""
"Fryl",1.28150341653417e-06,-0.751266084682194,0.142,0.349,0.0226108462813289,"Down",1.64568318252713,""
"B230334C09Rik",1.28376968369365e-06,-2.00238046719477,0.033,0.165,0.0226508322990907,"Down",1.64491583531731,""
"Herc4",1.29114816113462e-06,-1.03469818746749,0.075,0.242,0.0227810181550592,"Down",1.6424268698424,""
"G3bp2",1.30535129917072e-06,-0.726813040957656,0.142,0.345,0.0230316183225683,"Down",1.63767554515047,""
"Ryk",1.31162545970843e-06,-1.77828925844874,0.028,0.16,0.0231423196110955,"Down",1.63559311280819,""
"Stx16",1.32688221510462e-06,-0.807733036341223,0.108,0.294,0.0234115098033059,"Down",1.63057057784113,""
"Cpsf6",1.3350117032857e-06,-0.959736129786273,0.108,0.29,0.023554946492773,"Down",1.62791787796448,""
"2700069I18Rik",1.34664410469305e-06,-1.8449659425402,0.052,0.194,0.0237601885832042,"Down",1.62415011670768,""
"Cep126",1.34744643325455e-06,-1.21312036558635,0.08,0.24,0.0237743448683433,"Down",1.62389144175053,""
"Tmem30a",1.35108341854895e-06,-1.86020045623536,0.019,0.143,0.0238385158368777,"Down",1.62272078684786,""
"Rab36",1.35456415032372e-06,-1.22277053562007,0.075,0.235,0.0238999298683118,"Down",1.62160337343889,""
"Naa40",1.35508518323663e-06,-0.951916625326974,0.104,0.283,0.0239091229730271,"Down",1.62143635424644,""
"Grip1",1.35840056223389e-06,-0.746660175836139,0.755,0.789,0.0239676195200548,"Down",1.62037509824182,""
"Zup1",1.3643936336071e-06,-0.575442153938537,0.156,0.365,0.0240733612713638,"Down",1.61846326661368,""
"Vldlr",1.37890520716095e-06,-1.56672493683743,0.028,0.161,0.0243294034751477,"Down",1.61386853926596,""
"Stt3b",1.38243875443192e-06,-3.74633249167708,0.005,0.112,0.0243917493831967,"Down",1.61275705084561,""
"Scaf8",1.38580258748239e-06,-0.501071698107171,0.217,0.464,0.0244511008535393,"Down",1.61170158300847,""
"Arhgap1",1.40504043496682e-06,-2.30077304762134,0.014,0.132,0.0247905334345545,"Down",1.60571412812564,""
"Ube2i",1.40504043496682e-06,-2.30077304762134,0.014,0.132,0.0247905334345545,"Down",1.60571412812564,""
"Ttc21b",1.41052840892903e-06,-1.03233987874311,0.09,0.261,0.0248873632471438,"Down",1.60402111335023,""
"Rab14",1.41927266134975e-06,-1.15904493800968,0.08,0.244,0.025041646836855,"Down",1.60133711361494,""
"Camk1",1.43659533786263e-06,-1.0871154362625,0.075,0.239,0.0253472881412482,"Down",1.5960684981962,""
"Spns2",1.43687919456822e-06,-1.31337308440097,0.047,0.191,0.0253522965089616,"Down",1.59598269447676,""
"Tet1",1.4396839899466e-06,-1.67883530315897,0.038,0.174,0.0254017843186179,"Down",1.59513577580083,""
"Fam222b",1.44601857465317e-06,-0.781854404515618,0.132,0.33,0.0255135517311805,"Down",1.59322907922311,""
"Ripor2",1.44836556460956e-06,-0.647268364147977,0.156,0.358,0.025554962021971,"Down",1.59252476012689,""
"9330182L06Rik",1.45041399116998e-06,-0.704303446685817,0.123,0.319,0.0255911044602031,"Down",1.59191097043869,""
"Apoo",1.4521919588703e-06,-1.38504196451894,0.028,0.161,0.0256224749223075,"Down",1.59137892325687,""
"Kdm1a",1.45506056320385e-06,-1.66528877132102,0.038,0.174,0.0256730885771687,"Down",1.59052188078968,""
"Dlc1",1.45568818068803e-06,-1.00280485167816,0.085,0.257,0.0256841622600597,"Down",1.59033459508532,""
"Dcaf10",1.45845238610762e-06,-1.74823202459256,0.028,0.158,0.0257329339004828,"Down",1.58951069555604,""
"Insyn2b",1.45910673939229e-06,-1.86020045623536,0.038,0.172,0.0257444793098375,"Down",1.58931588748993,""
"Zfp106",1.46019323726846e-06,-0.860200456235359,0.099,0.279,0.0257636494783647,"Down",1.58899261817346,""
"Apba2",1.46237109609696e-06,-0.595579799509613,0.245,0.492,0.0258020756195347,"Down",1.58834535629056,""
"Camsap1",1.5035525935651e-06,-0.959736129786273,0.099,0.275,0.0265286819608626,"Down",1.57628432677394,""
"Gle1",1.51163645967233e-06,-1.65275837636488,0.028,0.16,0.0266713136944585,"Down",1.57395559262646,""
"Lztfl1",1.51317873387265e-06,-2.09723965353621,0.028,0.156,0.026698525580449,"Down",1.57351272177984,""
"Bbs7",1.51781842762251e-06,-1.87881613440271,0.028,0.156,0.0267803883369715,"Down",1.57218312966228,""
"Slc22a15",1.52636370895034e-06,-1.89262193392774,0.028,0.158,0.0269311612807198,"Down",1.5697449192608,""
"Supt3",1.5285395892814e-06,-1.1020890531976,0.075,0.239,0.026969552513281,"Down",1.56912625942865,""
"Chm",1.53510927671182e-06,-1.25839444535079,0.057,0.207,0.0270854680783034,"Down",1.56726365473922,""
"Katnal2",1.54175323024476e-06,-1.46920843092317,0.047,0.191,0.0272026939944386,"Down",1.56538808387085,""
"Cd99l2",1.54770317105936e-06,-1.37477362906512,0.033,0.169,0.0273076747501713,"Down",1.56371527848211,""
"Syncrip",1.55273415027688e-06,-1.55837356740451,0.042,0.182,0.0273964413474853,"Down",1.56230584606728,""
"Prpf40a",1.56210371714358e-06,-0.553647587234912,0.175,0.4,0.0275617579852813,"Down",1.55969308506058,""
"Pvt1",1.56358393634656e-06,-1.21415740531536,0.066,0.222,0.0275878749728986,"Down",1.55928175088316,""
"Sp3",1.59131999852577e-06,-1.62386884394104,0.033,0.167,0.0280772500539887,"Down",1.55164543019116,""
"Cdk14",1.59334390046049e-06,-0.689896546047365,0.142,0.339,0.0281129597797249,"Down",1.55109342873143,""
"Ghr",1.5935495703145e-06,-1.48469132114315,0.099,0.266,0.028116588618629,"Down",1.55103737333853,""
"Syndig1",1.59526942533219e-06,-1.39862037101948,0.066,0.22,0.0281469337405611,"Down",1.55056890923486,""
"Dyrk1a",1.59530922926266e-06,-1.19106167589273,0.066,0.222,0.0281476360411104,"Down",1.55055807318959,""
"Rnf145",1.59819181371188e-06,-2.80773303634122,0.009,0.121,0.0281984963611324,"Down",1.54977404910877,""
"Bckdhb",1.5988897579799e-06,-1.28166422467363,0.057,0.206,0.0282108108897973,"Down",1.54958443033159,""
"A530058N18Rik",1.59934992288282e-06,-2.2898847314786,0.024,0.147,0.0282189300393445,"Down",1.5494594571592,""
"Ttc17",1.61354597539744e-06,-0.660456773844111,0.203,0.433,0.0284694051899124,"Down",1.54562160645464,""
"Atg2b",1.62169840823124e-06,-1.2789136136576,0.057,0.207,0.028613246714832,"Down",1.54343286046333,""
"Iars",1.62646777138616e-06,-1.15864019820035,0.057,0.207,0.0286973973583373,"Down",1.54215748877703,""
"Senp5",1.65937511484244e-06,-0.72527087614925,0.175,0.387,0.02927801452628,"Down",1.53345837807531,""
"Srr",1.67218701683575e-06,-1.00578349730571,0.104,0.279,0.02950406772505,"Down",1.53011810372497,""
"Uvssa",1.67541392537643e-06,-1.9273146520939,0.024,0.149,0.0295610032993418,"Down",1.52928083008866,""
"Glt1d1",1.67863777251594e-06,-1.21127489678224,0.047,0.193,0.0296178848582712,"Down",1.52844595956163,""
"Jph4",1.69050311731446e-06,-0.759798559277521,0.179,0.389,0.0298272370018963,"Down",1.52538697494522,""
"Esco1",1.70169818833248e-06,-1.50817275448231,0.047,0.189,0.0300247628349382,"Down",1.52252041439581,""
"Dcx",1.7103738717975e-06,-1.1502580358357,0.033,0.167,0.0301778365939951,"Down",1.52031189739565,""
"Arhgap39",1.71963275087769e-06,-0.41413606133589,0.212,0.455,0.030341200256486,"Down",1.5179672431123,""
"Wdr35",1.72050725700659e-06,-1.21127489678224,0.052,0.2,0.0303566300426244,"Down",1.51774644210217,""
"Slitrk1",1.7280069027818e-06,-2.86662672539479,0.014,0.128,0.0304889537926821,"Down",1.51585747789308,""
"Zfp462",1.73051592540671e-06,-0.539627640960007,0.241,0.484,0.030533222987876,"Down",1.51522735056633,""
"Osbpl11",1.73473990671514e-06,-2.86662672539479,0.014,0.128,0.0306077509140819,"Down",1.51416858159148,""
"Ppp2r2a",1.73877186464069e-06,-2.37477362906512,0.014,0.13,0.0306788907797204,"Down",1.51316034670986,""
"Cdc23",1.73996480713879e-06,-1.47069804906365,0.047,0.189,0.0306999390571569,"Down",1.51286248664551,""
"Dlat",1.75201982397918e-06,-1.04661358046624,0.075,0.237,0.0309126377742887,"Down",1.50986393502272,""
"Atp1b3",1.75230903964956e-06,-1.35770011570618,0.038,0.176,0.0309177406955768,"Down",1.50979224953035,""
"Kif13a",1.75291316771094e-06,-0.950398265206936,0.08,0.246,0.0309283999310918,"Down",1.50964254747411,""
"Sf3b3",1.77777504379275e-06,-1.66334312700605,0.042,0.18,0.0313670628726794,"Down",1.50352614556451,""
"Sppl2a",1.77785104778418e-06,-1.68220215425736,0.033,0.165,0.0313684038871041,"Down",1.50350757886867,""
"Ralgps2",1.77974932462137e-06,-0.876594894486028,0.132,0.321,0.0314018970836194,"Down",1.50304411409047,""
"Me1",1.78257170225462e-06,-2.05927180333719,0.014,0.13,0.0314516951145805,"Down",1.5023559429351,""
"AU040320",1.79117885666858e-06,-1.02346172739666,0.085,0.25,0.0316035597470604,"Down",1.50026399676658,""
"Mfsd6",1.79447235562281e-06,-1.66755537829296,0.033,0.165,0.0316616702426088,"Down",1.49946617860774,""
"Il1rap",1.80549456779825e-06,-1.67123103643636,0.033,0.167,0.0318561461542324,"Down",1.49680676479309,""
"Tmem130",1.81299758457659e-06,-0.577096620909866,0.212,0.442,0.0319885293822693,"Down",1.4950057254003,""
"Prmt9",1.8373350429569e-06,-2.13423386101841,0.019,0.138,0.0324179394979315,"Down",1.48921459260647,""
"1700016P03Rik",1.84519505088716e-06,2.6536547792614,0.212,0.095,0.032556621477853,"Up",1.48736066980418,"1700016P03Rik"
"Vkorc1l1",1.8485364263632e-06,-2.06407278960101,0.024,0.147,0.0326155767067522,"Down",1.48657493790354,""
"Uba2",1.85041571779757e-06,-1.82367458021024,0.028,0.156,0.0326487349248202,"Down",1.48613364213206,""
"Fnip1",1.85415837517747e-06,-0.868105654320705,0.099,0.273,0.0327147703716313,"Down",1.48525612371296,""
"Ccl25",1.85865948691941e-06,-1.19106167589273,0.057,0.207,0.0327941879872061,"Down",1.48420311814025,""
"E130308A19Rik",1.86484479792605e-06,-1.2567178675434,0.061,0.211,0.0329033216146073,"Down",1.48276025748836,""
"Slc44a1",1.87192153776874e-06,-1.39583524459295,0.047,0.187,0.0330281836123917,"Down",1.48111530971174,""
"Mipol1",1.87346486927241e-06,-2.03012545767767,0.024,0.147,0.0330554141534425,"Down",1.48075739716501,""
"F8",1.91963392125438e-06,-2.65572994289617,0.014,0.128,0.0338700209066124,"Down",1.47018453528263,""
"Inpp5b",1.9370830671775e-06,-0.992650752259008,0.066,0.224,0.0341778936372798,"Down",1.46625470609435,""
"Atp6v1a",1.93742427312367e-06,-1.13605890242674,0.042,0.183,0.0341839138749939,"Down",1.46617821437709,""
"Cblb",1.94258426317373e-06,-1.77828925844874,0.033,0.163,0.0342749567394373,"Down",1.46502308468828,""
"Lmtk3",1.94437544851625e-06,0.960234292866235,0.528,0.461,0.0343065604136208,"Up",1.46462282226053,""
"Rbx1",1.96793695348236e-06,-2.11585533170355,0.014,0.128,0.0347222796072428,"Down",1.45939177000629,""
"Pik3cb",1.97632559040391e-06,-3.05284553417775,0.005,0.11,0.0348702887170866,"Down",1.45754445676172,""
"Nme7",1.98539242207474e-06,-2.48580494145386,0.014,0.128,0.0350302638950867,"Down",1.45555659097953,""
"Khdrbs1",1.98551899445558e-06,-1.04116372913012,0.085,0.251,0.0350324971381743,"Down",1.45552890479829,""
"Grk3",1.99227467565508e-06,-0.959736129786273,0.094,0.266,0.0351516943772582,"Down",1.45405373633524,""
"Srp72",1.99841942030689e-06,-0.839441896068561,0.099,0.277,0.0352601122518947,"Down",1.45271630944166,""
"Zfat",2.00585068084654e-06,-2.2567178675434,0.019,0.138,0.0353912294128563,"Down",1.45110435067287,""
"Cdc73",2.01507945301948e-06,-2.80773303634122,0.009,0.119,0.0355540618690757,"Down",1.44911077618442,""
"Rhbdd2",2.03193970199155e-06,-1.16136999095592,0.052,0.198,0.0358515441019389,"Down",1.44549213482156,""
"Pou2f1",2.0492708822369e-06,-0.868105654320705,0.104,0.279,0.0361573354461879,"Down",1.44180358161634,""
"Tfrc",2.05255014383086e-06,-1.16435384939475,0.057,0.204,0.0362151947377518,"Down",1.44110917515183,""
"Plxna2",2.06437067995328e-06,-0.739168749858152,0.193,0.407,0.0364237562770957,"Down",1.43861526869225,""
"Bbip1",2.0663808326184e-06,-1.83658789901341,0.033,0.161,0.0364592234107191,"Down",1.43819258614817,""
"Pld3",2.08482978431289e-06,-0.974091422763343,0.113,0.29,0.0367847367144166,"Down",1.4343323480593,""
"Ccdc136",2.09215016812108e-06,-0.907897198266655,0.094,0.262,0.0369138975663283,"Down",1.43281009725397,""
"Ctnnd1",2.10609243514861e-06,-1.8772739695943,0.019,0.139,0.0371598949257621,"Down",1.42992552269848,""
"St7l",2.11449891547458e-06,-1.70193837231863,0.028,0.156,0.0373082188646335,"Down",1.42819548416007,""
"Gnb1",2.12236286223696e-06,-0.683611724512035,0.165,0.371,0.037446970341309,"Down",1.42658331327229,""
"Ecd",2.12279112681519e-06,-1.2678584251486,0.061,0.211,0.0374545266415272,"Down",1.42649568726663,""
"Map4k3",2.12646314609795e-06,-0.49795037131595,0.226,0.461,0.0375193157497522,"Down",1.4257450905706,""
"Slc43a2",2.12970076982016e-06,-1.26399319834658,0.066,0.218,0.0375764403827069,"Down",1.42508436301592,""
"Heatr3",2.13643179377919e-06,-0.881262071763188,0.09,0.262,0.03769520256944,"Down",1.42371391849968,""
"Kantr",2.15348856577433e-06,-1.44516295695651,0.038,0.172,0.0379961522545222,"Down",1.42026038073153,""
"Gna11",2.15415945030305e-06,-1.33824775304,0.042,0.182,0.038007989341147,"Down",1.42012510438115,""
"Hmbox1",2.15451878763804e-06,-1.49910176406732,0.042,0.18,0.0380143294890857,"Down",1.42005266535764,""
"Rims2",2.15737921966946e-06,-0.487852770102719,0.778,0.835,0.038064798951848,"Down",1.41947645969265,""
"Copg2",2.16476133291932e-06,-0.728410583679817,0.146,0.347,0.0381950489580285,"Down",1.41799292896166,""
"Tfdp2",2.16794039097189e-06,-1.21005948387051,0.042,0.183,0.0382511402583081,"Down",1.4173556140918,""
"Fam49a",2.17012071609583e-06,-2.20766364322986,0.024,0.145,0.0382896099147948,"Down",1.41691905811601,""
"Epha3",2.17318751761714e-06,-2.66755537829296,0.019,0.136,0.0383437205608367,"Down",1.4163057490311,""
"Hira",2.18467996820313e-06,-0.826253124312021,0.113,0.295,0.0385464933589761,"Down",1.41401512433457,""
"Tbc1d12",2.18920825481699e-06,-0.993951845124186,0.057,0.206,0.038626390447991,"Down",1.41311587383194,""
"Mau2",2.20181220353609e-06,-0.739346061360973,0.123,0.31,0.0388487745191908,"Down",1.41062267642413,""
"Rsph3b",2.2057862932039e-06,-1.33239502679457,0.052,0.196,0.0389188933572896,"Down",1.40983951721292,""
"Snx12",2.22314775516606e-06,-3.61508795839883,0.005,0.108,0.03922521899215,"Down",1.40643462309305,""
"Slit3",2.23079844577908e-06,-1.04874113584502,0.09,0.255,0.0393602077773261,"Down",1.40494261765157,""
"Fbxo16",2.23421469403635e-06,-2.49578903002648,0.019,0.136,0.0394204840615774,"Down",1.4042780471296,""
"Pcp4",2.235963541713e-06,-2.2622988998067,0.014,0.128,0.0394513407299842,"Down",1.40393823296813,""
"Vps50",2.23652927347466e-06,-1.38323520781331,0.042,0.178,0.0394613225011869,"Down",1.40382836395602,""
"Fbxo21",2.24382672236554e-06,-1.00864573026722,0.075,0.237,0.0395900786894175,"Down",1.40241363504128,""
"Sh3rf3",2.24705604789588e-06,-0.805013534987631,0.16,0.36,0.039647056909075,"Down",1.40178904581392,""
"Rnf169",2.25049361645785e-06,-0.702578290289149,0.123,0.316,0.0397077093687823,"Down",1.40112516549697,""
"Tmem87a",2.29360180156937e-06,-1.62386884394104,0.038,0.171,0.04046831018689,"Down",1.39288492982714,""
"Efl1",2.29360180156937e-06,-1.62386884394104,0.038,0.171,0.04046831018689,"Down",1.39288492982714,""
"Hibadh",2.29542342876092e-06,-2.35662628235486,0.019,0.136,0.0405004509770577,"Down",1.39254014084071,""
"Mid1",2.29945921531417e-06,-1.19968692250703,0.057,0.204,0.0405716583950032,"Down",1.39177723984119,""
"Nprl3",2.3155195431803e-06,-1.32586402858417,0.047,0.189,0.0408550268198733,"Down",1.38875450006618,""
"Cdh13",2.31767409063297e-06,-0.592279695041539,0.269,0.505,0.0408930416551281,"Down",1.38835058509474,""
"Ube2n",2.32004149859594e-06,-2.31963207487266,0.019,0.136,0.0409348122012268,"Down",1.3879071977053,""
"Stx8",2.32552101335667e-06,-0.873436283392052,0.071,0.231,0.0410314927596651,"Down",1.38688268275299,""
"Arhgap35",2.33711746609495e-06,-0.871298165118689,0.104,0.279,0.0412361005717794,"Down",1.3847224098344,""
"Phip",2.35659081490803e-06,-0.455101194012634,0.245,0.492,0.0415796883382374,"Down",1.38111877025926,""
"Gpatch1",2.36801235243403e-06,-0.941588783076013,0.085,0.25,0.041781209946346,"Down",1.37901898739514,""
"Colgalt1",2.40051368030845e-06,-1.32230620917098,0.061,0.209,0.0423546633753622,"Down",1.37309876557677,""
"Slc6a15",2.43641203361961e-06,-1.44516295695651,0.038,0.172,0.0429880539211844,"Down",1.36665221504632,""
"Vamp4",2.47170514108801e-06,-1.69091937135847,0.024,0.147,0.0436107655093568,"Down",1.36040628999313,""
"Aff4",2.47955252348942e-06,-0.577974785381727,0.198,0.42,0.0437492247244473,"Down",1.35902963866173,""
"Slc17a6",2.48741369479801e-06,-3.11893472463553,0.005,0.108,0.0438879272310161,"Down",1.35765492982691,""
"Itgb1",2.51035895199264e-06,-2.2898847314786,0.024,0.143,0.0442927733489581,"Down",1.35366712593695,""
"Inpp4a",2.51648081444495e-06,-0.801038383767215,0.132,0.319,0.0444007874900666,"Down",1.35260932719264,""
"4931406C07Rik",2.52578927236276e-06,-2.05927180333719,0.014,0.128,0.0445650259215686,"Down",1.35100583653006,""
"Kpna6",2.5450448730098e-06,-2.2567178675434,0.024,0.143,0.0449047717393849,"Down",1.34770750688147,""
"Avl9",2.55201244159043e-06,-2.76709105184388,0.009,0.117,0.0450277075194215,"Down",1.34652016356359,""
"Hectd1",2.56204859616034e-06,-0.915792782198676,0.113,0.292,0.0452047854306531,"Down",1.34481558784089,""
"Gdap2",2.56469191671016e-06,-2.72527087614925,0.009,0.117,0.0452514241784341,"Down",1.34436774788194,""
"Zcchc8",2.57460355956488e-06,-1.0862685357152,0.066,0.218,0.0454263052049627,"Down",1.34269258553518,""
"Carf",2.60288262119235e-06,-2.15238120772867,0.019,0.136,0.0459252609683179,"Down",1.33794836715545,""
"Znrf3",2.60735804940291e-06,-1.91579278219868,0.033,0.16,0.046004225423665,"Down",1.3372022771466,""
"Pfkfb4",2.62163526297407e-06,-1.16706110303378,0.061,0.211,0.0462561325799144,"Down",1.33483068089128,""
"3110039M20Rik",2.62835003312528e-06,-1.91082652930533,0.024,0.145,0.0463746079844625,"Down",1.33371974855543,""
"Slc38a9",2.65514693645739e-06,-0.735105236253826,0.104,0.281,0.0468474125468542,"Down",1.32931439085209,""
"Wdr41",2.6573050184354e-06,-1.42070991323198,0.052,0.193,0.0468854897452742,"Down",1.32896154318248,""
"Sestd1",2.66487649375359e-06,-0.996494679796391,0.09,0.255,0.0470190808557884,"Down",1.3277258648572,""
"Amy1",2.6740199088506e-06,-0.485804941453861,0.198,0.424,0.04718040727176,"Down",1.32623831450777,""
"Far1",2.67909181832743e-06,-0.87621277422399,0.085,0.25,0.0472698960425692,"Down",1.32541535281002,""
"Fut9",2.68682492247888e-06,-1.06497928981361,0.108,0.279,0.0474063389322174,"Down",1.32416358281497,""
"Sh3d19",2.69142513308993e-06,-1.36027405937,0.057,0.2,0.0474875050482386,"Down",1.32342064726882,""
"Gm4876",2.72981572286364e-06,-1.30077304762134,0.061,0.209,0.048164868614206,"Down",1.3172696200597,""
"Cep95",2.7338831313345e-06,-0.930589784126756,0.075,0.237,0.0482366339692658,"Down",1.31662300558552,""
"Rasgef1b",2.73614751694577e-06,-0.893646939328501,0.16,0.354,0.0482765867889911,"Down",1.31626344261584,""
"Cpsf7",2.74624936595874e-06,-0.616003664580562,0.123,0.312,0.048454823812976,"Down",1.31466298123294,""
"Synj2bp",2.75007210959536e-06,-0.540846305011822,0.118,0.303,0.0485222723017006,"Down",1.31405886928563,""
"Ank3",2.75237959374061e-06,-0.237231632934457,0.995,0.991,0.0485629855519593,"Not significant",1.3136946215851,""
"Arhgef17",2.76453702634983e-06,-1.1958034880198,0.08,0.237,0.0487774912929163,"Down",1.31178053993169,""
"Lrp8",2.76963993010285e-06,-0.601803081443417,0.179,0.389,0.0488675269267346,"Down",1.31097963906165,""
"Coro2a",2.78559701706164e-06,-2.31963207487266,0.014,0.127,0.0491490737690356,"Down",1.30848466218153,""
"Lyst",2.8027910206354e-06,-0.476745602166395,0.16,0.369,0.049452444768091,"Down",1.30581223342886,""
"Asap2",2.80315558041127e-06,-0.848955699067736,0.123,0.303,0.0494588770607764,"Down",1.30575574830316,""
"Fads1",2.8107163799046e-06,-2.74633249167708,0.014,0.125,0.0495922798070367,"Down",1.30458592629535,""
"Rhoa",2.81492223924812e-06,-3.5685453724618,0.005,0.106,0.0496664879892938,"Down",1.30393654869806,""
"Scn8a",2.81803135159194e-06,-0.504056646010083,0.335,0.607,0.0497213451674882,"Down",1.30345713041425,""
"Mga",2.84050313916972e-06,-0.540685568000806,0.236,0.475,0.0501178373875105,"Not significant",1.30000767732143,""
"Arhgef9",2.86933750574916e-06,-1.05595144504558,0.08,0.24,0.0506265909514381,"Not significant",1.29562131576594,""
"Lgmn",2.87044582762731e-06,-3.14030837542809,0.009,0.116,0.0506461461826563,"Not significant",1.29545359581768,""
"Pcnx4",2.88122923467022e-06,-1.538272361348,0.047,0.183,0.0508364086165214,"Not significant",1.29382513815579,""
"Tpd52",2.88445792140313e-06,-3.09723965353621,0.009,0.116,0.0508933755652369,"Not significant",1.29333874305994,""
"Wbp1l",2.88445792140313e-06,-3.09723965353621,0.009,0.116,0.0508933755652369,"Not significant",1.29333874305994,""
"Tpp1",2.88455312275435e-06,-1.22277053562007,0.071,0.222,0.0508950552978778,"Not significant",1.29332440943457,""
"Galnt11",2.88866605251176e-06,-2.06407278960101,0.024,0.143,0.0509676238305174,"Not significant",1.29270561324962,""
"Stim1",2.91435876142072e-06,-0.883787276552974,0.118,0.295,0.0514209459865071,"Not significant",1.28885993794324,""
"Abca8b",2.92879727437191e-06,-1.2336588517628,0.057,0.202,0.051675699109018,"Not significant",1.28671363918766,""
"Mat2a",2.9363910472992e-06,-1.02346172739666,0.08,0.242,0.0518096836385472,"Not significant",1.28558905960349,""
"Tmem50a",2.94831446069179e-06,-2.01284746624584,0.024,0.143,0.0520200603444459,"Not significant",1.28382914834844,""
"Pitpna",3.0238510742327e-06,-0.708197362790308,0.146,0.339,0.0533528283537618,"Not significant",1.27284255269926,""
"Calm1",3.03265824556757e-06,-0.472748788628414,0.16,0.378,0.0535082220847942,"Not significant",1.27157947906856,""
"Plcxd3",3.06806060813489e-06,-0.573992937301467,0.203,0.424,0.054132861369932,"Not significant",1.26653901624297,""
"Morf4l2",3.075390521644e-06,-1.59557979950961,0.033,0.161,0.0542621903638867,"Not significant",1.26550267935899,""
"Cbl",3.10508065502021e-06,-0.990324449619696,0.075,0.231,0.0547860430771766,"Not significant",1.2613300653584,""
"Irf2",3.10540744903526e-06,-0.755644525192769,0.123,0.306,0.0547918090307781,"Not significant",1.26128436046847,""
"Cyb5r4",3.11102116760328e-06,-0.977658037783535,0.085,0.246,0.0548908574811922,"Not significant",1.26049998480517,""
"Atad2b",3.11791614408518e-06,-0.649035290322165,0.16,0.367,0.0550125124462389,"Not significant",1.25953852017256,""
"Abhd6",3.12464003013392e-06,-1.22277053562007,0.057,0.2,0.0551311486916829,"Not significant",1.25860295863152,""
"Gm12353",3.12635533520178e-06,-2.97765803778354,0.009,0.116,0.0551614135343003,"Not significant",1.25836461337579,""
"Ppp4r4",3.16548414515497e-06,-0.928485195801834,0.066,0.22,0.0558518022571144,"Not significant",1.25296280826563,""
"Gm4258",3.17012123753901e-06,-1.95973612978627,0.033,0.158,0.0559336191151384,"Not significant",1.25232707927924,""
"Atp5a1",3.18333135051218e-06,-0.947663297485698,0.057,0.2,0.0561666983484369,"Not significant",1.25052110454113,""
"Tmbim6",3.18667167187746e-06,-1.9756776736553,0.024,0.143,0.056225634978606,"Not significant",1.25006563120318,""
"Ncbp3",3.19271237222637e-06,-1.55207816087303,0.028,0.152,0.0563322170955621,"Not significant",1.24924315568068,""
"Lrp6",3.19443354668782e-06,-1.53728115894495,0.033,0.161,0.05636258549776,"Not significant",1.24900909289314,""
"AW551984",3.20386430543448e-06,-1.08360778794844,0.08,0.239,0.0565289818050859,"Not significant",1.24772883694241,""
"Fbxw2",3.21610193444422e-06,-2.18800511745939,0.019,0.134,0.0567449025313337,"Not significant",1.24607314562285,""
"Ctnnbl1",3.22260788543545e-06,-1.43298824301041,0.047,0.183,0.056859693530623,"Not significant",1.24519548545314,""
"Cog6",3.22311676179806e-06,-2.18800511745939,0.019,0.134,0.056868672145165,"Not significant",1.24512691218673,""
"Klhl2",3.22855875650513e-06,-1.27826564821177,0.042,0.178,0.0569646906997765,"Not significant",1.24439425635937,""
"Phkb",3.23265722075968e-06,-0.81468579698299,0.118,0.297,0.0570370040030838,"Not significant",1.2438432948515,""
"Ablim2",3.24986281536772e-06,-0.446837588648769,0.264,0.517,0.057340579514348,"Not significant",1.24153792215668,""
"Mier1",3.25899929604842e-06,-1.51227715281505,0.042,0.176,0.0575017835794784,"Not significant",1.24031868423711,""
"Morc3",3.26429455959036e-06,-1.23474317728614,0.061,0.206,0.0575952132094124,"Not significant",1.23961360968659,""
"Nipsnap1",3.31554984575841e-06,-0.967728920539804,0.104,0.273,0.0584995614785615,"Not significant",1.23284738944183,""
"Adam10",3.31591017572129e-06,-1.8772739695943,0.024,0.143,0.0585059191404264,"Not significant",1.23280019340531,""
"4732471J01Rik",3.33625701984517e-06,-0.646472896026038,0.198,0.413,0.0588649188581482,"Not significant",1.2301434502946,""
"Ppp2r5c",3.34407892607922e-06,-0.611812826365966,0.208,0.431,0.0590029285717418,"Not significant",1.22912643190052,""
"Kat2b",3.35007712939032e-06,-1.00704184456463,0.057,0.202,0.0591087608709627,"Not significant",1.22834814490664,""
"Ddr1",3.38266094555407e-06,-1.16706110303378,0.061,0.207,0.0596836697233559,"Not significant",1.22414448158757,""
"Ezh1",3.38657581418265e-06,-1.45883789385359,0.042,0.176,0.0597527436654387,"Not significant",1.22364214843165,""
"Rrnad1",3.39901429440329e-06,-1.00345750721559,0.066,0.218,0.0599722082104517,"Not significant",1.22204995990062,""
"Raf1",3.4106498482084e-06,-0.779163884144452,0.085,0.246,0.0601775059217891,"Not significant",1.22056581571276,""
"Togaram1",3.42882070265022e-06,-1.12813366148199,0.052,0.194,0.0604981124775605,"Not significant",1.21825817498997,""
"Rab27a",3.48489169236053e-06,-1.30765943320658,0.071,0.218,0.0614874290200092,"Not significant",1.21121366577412,""
"Mtif2",3.50012088844319e-06,-0.67097489883411,0.104,0.281,0.0617561329556916,"Not significant",1.20931990646417,""
"Xpnpep3",3.50830301327704e-06,-2.28166422467364,0.014,0.125,0.0619004983662601,"Not significant",1.20830585442341,""
"Fbrsl1",3.51028404645266e-06,-0.777985692947171,0.146,0.334,0.0619354517156108,"Not significant",1.20806069060563,""
"Crtc3",3.52423237911307e-06,-0.844258912366337,0.108,0.283,0.0621815560970711,"Not significant",1.20633841391207,""
"Rab3gap1",3.53892496014561e-06,-0.539627640960008,0.142,0.336,0.0624407919968091,"Not significant",1.20453159699875,""
"Ap3s2",3.53904400772429e-06,-2.08075153074764,0.028,0.149,0.0624428924722874,"Not significant",1.20451698780599,""
"Cdh10",3.54447422229501e-06,-0.919220970047559,0.165,0.354,0.0625387031781732,"Not significant",1.20385112866396,""
"Gm44644",3.54720835811566e-06,-3.63780803489891,0.005,0.105,0.0625869442705927,"Not significant",1.20351625181491,""
"Lpcat3",3.54841910844119e-06,-1.68220215425736,0.028,0.152,0.0626083067493363,"Not significant",1.2033680416128,""
"Slc1a1",3.55390019538852e-06,-0.992650752259008,0.066,0.217,0.062705015047435,"Not significant",1.20269772359786,""
"Negr1",3.56112270680026e-06,-0.565138967200678,0.92,0.895,0.0628324490387839,"Not significant",1.20181601233083,""
"Usp32",3.58077831909414e-06,-0.626492721671077,0.16,0.365,0.063179252662097,"Not significant",1.19942551560477,""
"Spag9",3.60228158407988e-06,-0.452252381742834,0.325,0.6,0.0635586562695053,"Not significant",1.19682529303967,""
"Kdm5c",3.61610861393599e-06,-0.950398265206936,0.09,0.251,0.0638026203842866,"Not significant",1.19516148436557,""
"Bcl2",3.62100049555442e-06,-3.16136999095592,0.009,0.114,0.0638889327435622,"Not significant",1.19457436664096,""
"Ccdc62",3.62101255659188e-06,-3.18212855112272,0.009,0.114,0.0638891455485071,"Not significant",1.19457292007024,""
"Ankrd45",3.6566533707632e-06,-2.03012545767767,0.024,0.141,0.0645179920737458,"Not significant",1.19031915716748,""
"Epg5",3.66850141642667e-06,-1.44516295695651,0.042,0.176,0.0647270389914321,"Not significant",1.18891425979954,""
"Mmp24",3.67883043528815e-06,-1.52316546895779,0.061,0.202,0.0649092842002241,"Not significant",1.18769318010947,""
"Caly",3.69228654745851e-06,-0.825435038074682,0.127,0.306,0.065146703843358,"Not significant",1.18610755291923,""
"Erp29",3.70416349112454e-06,-1.24446560671939,0.066,0.213,0.0653562606374014,"Not significant",1.18471280395116,""
"Eda",3.72764183366579e-06,-1.5318173392107,0.075,0.224,0.0657705125131992,"Not significant",1.18196877391105,""
"Rab11fip4",3.72958654354626e-06,-0.742144694713646,0.137,0.319,0.0658048249743301,"Not significant",1.18174226166108,""
"Sirpa",3.74802306615676e-06,-1.03834596448264,0.066,0.215,0.0661301189792698,"Not significant",1.17960069592608,""
"Pcm1",3.75106377240684e-06,-0.273396608690035,0.316,0.611,0.0661837692003463,"Not significant",1.17924850317347,""
"Msantd2",3.76666454232083e-06,-1.07838062628489,0.085,0.242,0.0664590291847088,"Not significant",1.17744600706578,""
"Atp9b",3.81303079343756e-06,-0.627001279942328,0.175,0.382,0.0672771153194123,"Not significant",1.1721326383118,""
"Cx3cl1",3.81435496648979e-06,-1.28469828476327,0.057,0.198,0.0673004790287459,"Not significant",1.17198184456056,""
"Ptprd",3.83797127996912e-06,-0.585228942658493,0.981,0.928,0.0677171652637752,"Not significant",1.16930123036328,""
"Prkaca",3.87168935997522e-06,-1.61181282636597,0.047,0.18,0.0683120870674028,"Not significant",1.16550244591962,""
"Scfd1",3.89495458425437e-06,-0.831579778295591,0.108,0.284,0.0687225786845841,"Not significant",1.16290055279332,""
"Atl3",3.91763035902629e-06,-1.95973612978627,0.028,0.149,0.0691226700546598,"Not significant",1.16037949437742,""
"Zfp804a",3.93435367499482e-06,-0.931229702097278,0.189,0.385,0.0694177362416086,"Not significant",1.15852955306461,""
"Vdac1",3.94678951560236e-06,-2.48580494145386,0.014,0.123,0.069637154213288,"Not significant",1.15715898503774,""
"Tmem246",3.95682442675926e-06,-3.09723965353621,0.005,0.105,0.0698142101857403,"Not significant",1.15605617082758,""
"Ano4",4.00735779040538e-06,-0.769337657604213,0.127,0.31,0.0707058208539126,"Not significant",1.15054483145524,""
"Prxl2a",4.02297207570628e-06,-2.61966068818865,0.019,0.13,0.0709813193037615,"Not significant",1.14885593284108,""
"Gm45847",4.02361535017005e-06,-1.14333606812566,0.09,0.246,0.0709926692384003,"Not significant",1.14878649457221,""
"Rasa3",4.02892639735524e-06,-0.959736129786273,0.071,0.222,0.0710863773549358,"Not significant",1.14821361736339,""
"Anapc4",4.03245289645436e-06,-0.708197362790308,0.118,0.294,0.0711485989050408,"Not significant",1.14783364784675,""
"Ago1",4.062418988901e-06,-1.12547333426515,0.066,0.213,0.0716773206401693,"Not significant",1.14461823734339,""
"Impact",4.066533180579e-06,-0.732965267939251,0.118,0.294,0.0717499114381359,"Not significant",1.14417863064906,""
"Nrg2",4.06786403764215e-06,-0.730066542750899,0.137,0.325,0.0717733930801581,"Not significant",1.14403652205309,""
"Tra2b",4.07348529268997e-06,-0.689470154721403,0.118,0.299,0.0718725745042219,"Not significant",1.14343679826345,""
"Slc25a26",4.0909016281346e-06,-2.13423386101841,0.019,0.132,0.0721798683268069,"Not significant",1.14158391453189,""
"Papss1",4.10238749879272e-06,-1.8941477881587,0.024,0.141,0.0723825250286988,"Not significant",1.14036627081468,""
"Atg10",4.11356216388683e-06,-2.11585533170355,0.019,0.132,0.0725796908196192,"Not significant",1.13918488617155,""
"Srgap1",4.11382072666234e-06,-0.468395263194231,0.184,0.406,0.0725842529012303,"Not significant",1.1391575889403,""
"2610037D02Rik",4.11785581723464e-06,-0.708197362790308,0.123,0.303,0.072655448039288,"Not significant",1.13873181474946,""
"Kpna3",4.14715758902795e-06,-1.24924274698126,0.052,0.191,0.0731724485008092,"Not significant",1.13565241233576,""
"Zfp451",4.15553088202655e-06,-0.873436283392052,0.08,0.239,0.0733201868824765,"Not significant",1.13477643675504,""
"Rapgef5",4.2176870928731e-06,-0.890195196533196,0.09,0.255,0.0744168710666529,"Not significant",1.12832859428565,""
"Copa",4.22313524472863e-06,-0.719843803764922,0.118,0.299,0.074512998257992,"Not significant",1.12776796108633,""
"Sipa1l1",4.23976735205382e-06,-0.660456773844111,0.203,0.413,0.0748064551596375,"Not significant",1.12606092460545,""
"Zmynd11",4.24257614420696e-06,-0.409733467418917,0.33,0.609,0.0748560134883876,"Not significant",1.12577330527524,""
"Caskin1",4.27046409366281e-06,0.858479784903098,0.538,0.483,0.0753480684685866,"Not significant",1.12292787625162,""
"Rbbp4",4.29888564003208e-06,-1.63780803489891,0.033,0.158,0.075849538232726,"Not significant",1.12004705882701,""
"Gpc3",4.30555592673028e-06,-2.00704184456463,0.014,0.123,0.0759672287712291,"Not significant",1.11937371605083,""
"Slc12a2",4.34214491118723e-06,-1.41541561356246,0.038,0.167,0.0766128048129875,"Not significant",1.1156986377451,""
"Celf3",4.35955618359404e-06,-0.740618840482686,0.108,0.281,0.0769200093033332,"Not significant",1.11396067190644,""
"Bcat1",4.37610067847642e-06,-2.30077304762134,0.014,0.123,0.0772119203710379,"Not significant",1.11231564588549,""
"Fancc",4.37610067847642e-06,-2.30077304762134,0.014,0.123,0.0772119203710379,"Not significant",1.11231564588549,""
"Bicc1",4.42373156840137e-06,-1.48329808584329,0.042,0.174,0.0780523197928738,"Not significant",1.10761418474413,""
"Btbd7",4.47123945065404e-06,-0.967956636591242,0.104,0.27,0.0788905488673399,"Not significant",1.10297502240043,""
"Apbb3",4.47342302850272e-06,-2.72527087614925,0.014,0.121,0.078929075914902,"Not significant",1.10276298179375,""
"Aktip",4.49083654673074e-06,-1.37052415606376,0.052,0.187,0.0792363200305173,"Not significant",1.1010757025877,""
"3830408C21Rik",4.49147485466213e-06,-3.5685453724618,0.005,0.103,0.0792475823356586,"Not significant",1.10101397824963,""
"Mtmr12",4.49147485466213e-06,-3.5685453724618,0.005,0.103,0.0792475823356586,"Not significant",1.10101397824963,""
"C2cd3",4.51652457387265e-06,-1.20074422929007,0.057,0.198,0.079689559581409,"Not significant",1.09859857337418,""
"Uhrf1bp1l",4.52145219734553e-06,-0.630718610112591,0.127,0.316,0.0797765025699645,"Not significant",1.09812500723224,""
"Cntn3",4.55913764325287e-06,-0.836000761364028,0.146,0.328,0.0804414245775536,"Not significant",1.09452024686828,""
"Mir99ahg",4.57960457242112e-06,-0.669908878065934,0.236,0.451,0.0808025430757983,"Not significant",1.09257497058177,""
"Rnf165",4.58165690695316e-06,-0.72527087614925,0.094,0.266,0.0808387544662816,"Not significant",1.09238038655441,""
"Dgcr2",4.58857036559442e-06,-1.43135715743148,0.038,0.167,0.0809607355305479,"Not significant",1.09172555490883,""
"Azin2",4.60491647722703e-06,-1.51695364002452,0.042,0.172,0.0812491463241937,"Not significant",1.09018119340927,""
"Ube2g1",4.6161125679928e-06,-1.38323520781331,0.047,0.182,0.081446690149665,"Not significant",1.08912655996129,""
"Ptprf",4.63775670375615e-06,-0.61388219565343,0.189,0.402,0.0818285792810735,"Not significant",1.08709498903833,""
"Sf3a1",4.64159495839315e-06,-1.99536003951699,0.024,0.139,0.0818963014458888,"Not significant",1.08673571115669,""
"Scn2b",4.66483832803684e-06,-1.74214469471365,0.024,0.141,0.0823064074598821,"Not significant",1.08456635414191,""
"Safb2",4.66497153406283e-06,0.938735212844274,0.547,0.508,0.0823087577470046,"Not significant",1.0845539528941,""
"Cpne8",4.67204111206567e-06,-1.46562705951623,0.052,0.187,0.0824334933812866,"Not significant",1.08389629515729,""
"Polr3a",4.67248650092187e-06,-1.76333891698277,0.033,0.156,0.0824413518222655,"Not significant",1.0838548955423,""
"Slc32a1",4.67459548304305e-06,-2.03773864178755,0.028,0.147,0.0824785627028115,"Not significant",1.08365891580985,""
"Peg3",4.68921718274471e-06,0.450419148112825,0.958,0.897,0.0827365479723476,"Not significant",1.08230260318713,""
"Myl12b",4.69428224014891e-06,-1.74823202459256,0.033,0.156,0.0828259158451873,"Not significant",1.08183375322068,""
"Fam214a",4.69540851258054e-06,-1.05284553417775,0.09,0.248,0.0828457877959711,"Not significant",1.08172956791418,""
"Tm9sf3",4.69544697294862e-06,-1.72527087614925,0.024,0.141,0.0828464663907054,"Not significant",1.08172601059703,""
"Hmgxb3",4.70700505071369e-06,-1.39269553706238,0.042,0.174,0.0830503971147924,"Not significant",1.08065828657983,""
"Cnot1",4.7089482958644e-06,-0.614349062074922,0.165,0.365,0.0830846837322315,"Not significant",1.08047902896738,""
"Atxn7l3b",4.72840978235154e-06,-1.52857896514415,0.028,0.15,0.0834280621998107,"Not significant",1.07868784374331,""
"Fam149b",4.74159393327813e-06,-1.39269553706238,0.052,0.187,0.0836606833587593,"Not significant",1.07747859232859,""
"Med13",4.74537591484949e-06,-0.614091965925103,0.104,0.279,0.0837274126416044,"Not significant",1.07713232922448,""
"Txndc16",4.74626036854566e-06,-1.36572848946211,0.047,0.18,0.0837430179426196,"Not significant",1.07705139199734,""
"Ralgapa1",4.7648117048866e-06,-0.323600977075601,0.377,0.686,0.0840703377210193,"Not significant",1.0753572079643,""
"Fam172a",4.79055007132492e-06,-0.479823964403132,0.217,0.437,0.0845244654584569,"Not significant",1.07301756707715,""
"Rpn1",4.7938671566477e-06,-2.36961192394934,0.024,0.138,0.084582992111892,"Not significant",1.07271695580889,""
"Crppa",4.80400841493036e-06,-1.2567178675434,0.057,0.196,0.0847619244730312,"Not significant",1.07179919143116,""
"Reep3",4.8247280913098e-06,-1.5359284208797,0.024,0.141,0.0851275024430702,"Not significant",1.06993010819232,""
"Rap1gds1",4.82836036588369e-06,-0.751149507974855,0.127,0.308,0.0851915902956518,"Not significant",1.06960327458136,""
"Ppp1cb",4.83119299116886e-06,-1.32061785901821,0.057,0.194,0.0852415691361834,"Not significant",1.06934856434365,""
"Fbxo36",4.85909144246006e-06,-1.22277053562007,0.057,0.196,0.0857338094107653,"Not significant",1.06684787883574,""
"Hnrnpdl",4.86342476074554e-06,-0.451656719042015,0.222,0.459,0.0858102664785944,"Not significant",1.06646074935095,""
"Ica1",4.87817936888241e-06,-0.442616274846168,0.184,0.398,0.0860705967845613,"Not significant",1.06514518577207,""
"Hnrnpc",4.88952397782073e-06,-1.36270079676454,0.057,0.194,0.0862707610646689,"Not significant",1.06413637067977,""
"Ubn2",4.89098505942815e-06,-0.46248977468638,0.425,0.719,0.0862965403885503,"Not significant",1.06400661471676,""
"Ppp3cc",4.8955961828945e-06,-1.29315986351146,0.057,0.196,0.0863778990509905,"Not significant",1.06359736340102,""
"Sec24d",4.97160606994684e-06,-2.03990647847026,0.014,0.123,0.087719017498142,"Not significant",1.05690624130739,""
"Me2",4.99579569368397e-06,-2.44516295695651,0.014,0.121,0.0881458192193599,"Not significant",1.05479828158384,""
"Kctd8",4.99994785303865e-06,-1.78981112834396,0.057,0.191,0.088219079919014,"Not significant",1.05443747600874,""
"Eml1",5.00676398672172e-06,-0.775311558648845,0.08,0.242,0.088339343781718,"Not significant",1.05384583117042,""
"Tmem127",5.01023195740577e-06,-2.98358287174064,0.005,0.103,0.0884005326564674,"Not significant",1.05354511814227,""
"Txndc12",5.01588459663335e-06,-2.42440439678972,0.014,0.121,0.0885002678229989,"Not significant",1.05305541502111,""
"Zfp961",5.02215395405432e-06,-1.5028784548128,0.038,0.165,0.0886108843653344,"Not significant",1.05251292902182,""
"4833420G17Rik",5.07782234664298e-06,-0.935488583539596,0.057,0.2,0.0895930974841687,"Not significant",1.04772544837371,""
"Ap3m2",5.10416654433498e-06,-2.56380745345513,0.019,0.128,0.0900579145082465,"Not significant",1.04547811431343,""
"Tbcd",5.12860582781348e-06,-0.675282740317574,0.151,0.345,0.090489121225941,"Not significant",1.04340362936421,""
"Tgfbr3",5.1357487266231e-06,-1.65410984722801,0.028,0.149,0.090615150532538,"Not significant",1.04279918375156,""
"Lin52",5.1450005725239e-06,-1.65410984722801,0.028,0.149,0.0907783901016118,"Not significant",1.04201752346788,""
"Ick",5.16721157566852e-06,-2.63780803489891,0.009,0.112,0.0911702810410954,"Not significant",1.04014670644413,""
"Ptn",5.17318461260479e-06,-1.87046879168919,0.033,0.154,0.0912756693047988,"Not significant",1.03964497377878,""
"Phka1",5.18079590790041e-06,-0.872713067548907,0.113,0.286,0.0914099629989949,"Not significant",1.03900646685173,""
"Map4",5.22962343853025e-06,-0.74633249167708,0.127,0.306,0.0922714759494277,"Not significant",1.03493253247685,""
"Tmx3",5.23825547880417e-06,-1.12813366148199,0.052,0.191,0.0924237796680208,"Not significant",1.03421627499282,""
"Cep162",5.28410531152779e-06,-0.816611187687676,0.094,0.257,0.0932327541165963,"Not significant",1.03043148643266,""
"Naa20",5.32166913922597e-06,-1.78981112834396,0.024,0.139,0.0938955302925031,"Not significant",1.02735508095544,""
"Foxj3",5.35014702067045e-06,-1.41541561356246,0.038,0.165,0.0943979940327094,"Not significant",1.02503723440724,""
"Kif1bp",5.35058279767032e-06,-1.63780803489891,0.033,0.156,0.0944056828820951,"Not significant",1.0250018619514,""
"Idh3g",5.35304053376608e-06,1.36219196510109,0.363,0.259,0.0944490471777687,"Not significant",1.02480241897586,""
"Rnf38",5.40714380157509e-06,-1.58534061500478,0.042,0.171,0.0954036452349909,"Not significant",1.02043503121627,""
"Arhgef28",5.42130366769822e-06,-1.26024524103873,0.057,0.193,0.0956534819128673,"Not significant",1.01929921645716,""
"Ufsp2",5.51683468673747e-06,-1.20855667640037,0.038,0.167,0.0973390312127959,"Not significant",1.01171298047828,""
"Synrg",5.52795462030538e-06,-0.922016463837114,0.085,0.242,0.0975352313206682,"Not significant",1.01083848169244,""
"Ptchd4",5.5648442892697e-06,-1.16706110303378,0.113,0.279,0.0981861126398746,"Not significant",1.00794993411096,""
"Eef2k",5.56944453830446e-06,-1.18624465959495,0.057,0.196,0.0982672794338439,"Not significant",1.00759106738569,""
"Ptp4a2",5.58702319166787e-06,-1.59557979950961,0.038,0.163,0.0985774371937879,"Not significant",1.00622247677841,""
"Ubl3",5.60394969388144e-06,-2.74633249167708,0.014,0.119,0.0988760883988442,"Not significant",1.00490872288228,""
"T2",5.67377130741732e-06,-3.5685453724618,0.005,0.101,0.100108020948071,"Not significant",0.999531124179712,""
"Pde3b",5.67485962464916e-06,-1.25078491178966,0.042,0.174,0.10012722321731,"Not significant",0.999447827758739,""
"Hdx",5.68616619263741e-06,-1.75882343586028,0.028,0.147,0.100326716302894,"Not significant",0.998583401995314,""
"Rims3",5.69065780079361e-06,-0.839441896068561,0.085,0.244,0.100405966237202,"Not significant",0.998240480150063,""
"Virma",5.69257775746788e-06,-0.893065090140985,0.08,0.237,0.100439841952763,"Not significant",0.998093979343193,""
"Clcn4",5.71647648478117e-06,-0.959736129786273,0.094,0.255,0.100861511097479,"Not significant",0.996274529569898,""
"Psmd9",5.72830465376315e-06,-2.31963207487266,0.019,0.128,0.101070207310997,"Not significant",0.995376843491563,""
"Heatr5a",5.74660461999249e-06,-1.95973612978627,0.019,0.13,0.101393091915147,"Not significant",0.993991633220948,""
"Larp1b",5.74990477756508e-06,-1.43036595502843,0.038,0.163,0.101451319895358,"Not significant",0.993742298364081,""
"Dpyd",5.77358402752378e-06,-1.01418391380865,0.184,0.369,0.10186911658163,"Not significant",0.991957460067104,""
"Memo1",5.80627371642134e-06,-1.25839444535079,0.066,0.207,0.102445893452538,"Not significant",0.989505445624394,""
"Bfar",5.81385140415689e-06,-2.31963207487266,0.019,0.128,0.102579594174944,"Not significant",0.988939023421279,""
"4930549G23Rik",5.85674187830705e-06,-1.03990647847026,0.052,0.189,0.10333635370085,"Not significant",0.98574686691982,""
"Unc13b",5.87149961134837e-06,-1.04809200420712,0.108,0.272,0.103596739142631,"Not significant",0.984653914423311,""
"Ano6",5.88406837558747e-06,-0.688434107968878,0.132,0.321,0.103818502418865,"Not significant",0.983725240106697,""
"Marf1",5.95600763199764e-06,-0.986536189129988,0.094,0.253,0.105087798658966,"Not significant",0.978447705310413,""
"Kdm2b",5.9598182030473e-06,-0.978232473403662,0.085,0.24,0.105155032374567,"Not significant",0.978169938572447,""
"Dync1i2",6.00460520177197e-06,-0.449541397467089,0.316,0.598,0.105945254180065,"Not significant",0.974918492748113,""
"Plekha6",6.01756012339181e-06,-0.457415217780534,0.292,0.55,0.106173830817125,"Not significant",0.973982512748083,""
"Gm9856",6.04817096012907e-06,-0.995360039516994,0.099,0.257,0.106713928420517,"Not significant",0.971778892277576,""
"Gm29514",6.08262351289192e-06,-1.52233081747897,0.033,0.156,0.107321809261465,"Not significant",0.969312014478972,""
"5330417C22Rik",6.09400073107369e-06,-0.700349500967623,0.203,0.413,0.107522548899064,"Not significant",0.968500448906344,""
"Ap4s1",6.10581956532281e-06,-0.853536725954348,0.08,0.237,0.107731080410556,"Not significant",0.967658984691629,""
"Mboat2",6.12097874318877e-06,-0.950965920158541,0.09,0.25,0.107998548944823,"Not significant",0.96658207960092,""
"Ccdc186",6.13655956357306e-06,-0.929574159276021,0.071,0.222,0.108273456939683,"Not significant",0.965477996906419,""
"Secisbp2",6.1394675208357e-06,-1.31587994001155,0.061,0.2,0.108324764937625,"Not significant",0.965272244702109,""
"Setbp1",6.14066866357907e-06,-0.574124744440647,0.245,0.479,0.108345957900189,"Not significant",0.965187286415124,""
"Eif4a2",6.14131049916519e-06,-1.943616464423,0.028,0.145,0.108357282447271,"Not significant",0.965141895415855,""
"Zfp346",6.14929790947554e-06,-1.10412603912145,0.042,0.172,0.108498212314786,"Not significant",0.964577417467246,""
"Gtdc1",6.16830775738741e-06,-1.49910176406732,0.042,0.171,0.108833622071344,"Not significant",0.963236916914161,""
"Gas2",6.17401424559525e-06,-1.31023337687041,0.042,0.172,0.108934307349282,"Not significant",0.962835323678187,""
"Ylpm1",6.18100940439341e-06,-0.42515993230889,0.349,0.642,0.109057729931117,"Not significant",0.962343546523119,""
"Thsd7a",6.18306384955505e-06,-0.969824947409856,0.137,0.308,0.109093978561549,"Not significant",0.962199219619362,""
"Plppr5",6.19186877761869e-06,-1.9273146520939,0.028,0.145,0.109249332712304,"Not significant",0.9615812069914,""
"Fez1",6.19618268026739e-06,-1.48580494145386,0.042,0.171,0.109325447210638,"Not significant",0.961278737438719,""
"Hlcs",6.20926869085878e-06,-0.899073347879649,0.094,0.255,0.109556336781512,"Not significant",0.960362497613517,""
"Ndfip2",6.21681652904233e-06,-2.48580494145386,0.014,0.119,0.109689510838423,"Not significant",0.959834900253842,""
"Ppm1e",6.22270649249543e-06,-0.578568831524235,0.203,0.418,0.109793433353589,"Not significant",0.959423633871196,""
"Rabep1",6.22660467117093e-06,-0.449948019521891,0.307,0.561,0.10986221281814,"Not significant",0.959151657772067,""
"Gfm2",6.25523474295231e-06,-1.04279186951383,0.075,0.226,0.110367361804651,"Not significant",0.957159338597858,""
"Vps13a",6.26140959316785e-06,-0.523075818807634,0.278,0.527,0.110476310861854,"Not significant",0.956730836593531,""
"Cacna2d3",6.2664937292248e-06,-1.00280485167816,0.137,0.31,0.110566015358442,"Not significant",0.956378341479356,""
"Zbbx",6.2702787039483e-06,-1.70819736279031,0.014,0.121,0.110632797452464,"Not significant",0.956116105932646,""
"Cnnm1",6.27933706583577e-06,-0.791613370977946,0.108,0.277,0.110792623189606,"Not significant",0.95548915490272,""
"Pou6f2",6.29397293884573e-06,-2.65770759233662,0.024,0.136,0.111050858532994,"Not significant",0.954478079576556,""
"March8",6.36335261371643e-06,-1.44516295695651,0.033,0.156,0.112274993516413,"Not significant",0.949716961344617,""
"Ncoa1",6.42385379785896e-06,-0.331704907173231,0.245,0.497,0.113342476409423,"Not significant",0.945607302730359,""
"Slc3a2",6.44815354305586e-06,-1.30523269581204,0.042,0.171,0.113771221113678,"Not significant",0.943967580578612,""
"Micos10",6.4493770389679e-06,-1.44516295695652,0.038,0.163,0.11379280847555,"Not significant",0.94388518379398,""
"Plppr1",6.46440587025124e-06,-0.904088100236359,0.099,0.261,0.114057977174713,"Not significant",0.94287433492214,""
"Glra3",6.47898003257696e-06,-1.31587994001155,0.075,0.222,0.114315123694788,"Not significant",0.94189630938865,""
"Vti1b",6.49699618300163e-06,-2.63780803489891,0.009,0.11,0.114633000652881,"Not significant",0.940690339277071,""
"Thap3",6.52996643112073e-06,-1.0871154362625,0.075,0.224,0.115214727710694,"Not significant",0.938492002209139,""
"Gtf2a2",6.57576952316953e-06,-1.80773303634122,0.024,0.138,0.116022877466803,"Not significant",0.935456367859476,""
"Depdc5",6.58500144335999e-06,-0.863228148932926,0.094,0.255,0.116185765466644,"Not significant",0.934847076403237,""
"Sirt7",6.60774862755996e-06,-0.81183743467396,0.104,0.27,0.116587116784668,"Not significant",0.933349437728415,""
"Gpr155",6.62896297677781e-06,-1.71581054690018,0.019,0.13,0.116961422762268,"Not significant",0.931957357434404,""
"Cdkl5",6.651433760789e-06,-1.71872803028248,0.033,0.154,0.117357897275361,"Not significant",0.930487680435126,""
"Rnasek",6.65431919958204e-06,-1.87046879168919,0.028,0.145,0.117408807957425,"Not significant",0.930299321284154,""
"Simc1",6.67232942340177e-06,-0.592004345285786,0.137,0.321,0.117726580346501,"Not significant",0.929125470932739,""
"Dmxl1",6.67970632086029e-06,-0.564744572709187,0.193,0.413,0.117856738325259,"Not significant",0.928645582135684,""
"Rorb",6.71646680033976e-06,-1.40563459276988,0.075,0.22,0.118505340225195,"Not significant",0.926262078530861,""
"Trim35",6.73309286473937e-06,-1.37856520822749,0.057,0.191,0.118798690505461,"Not significant",0.925188346470874,""
"Hnrnpul1",6.73560373934572e-06,-1.29601951765071,0.042,0.171,0.118842992377016,"Not significant",0.925026421522829,""
"Vapb",6.83507558443714e-06,-1.22277053562007,0.052,0.187,0.120598073611809,"Not significant",0.91865962939689,""
"Nup88",6.86643860310097e-06,-1.43036595502843,0.033,0.156,0.121151442713113,"Not significant",0.916671409767387,""
"Map6",6.97113243550135e-06,-0.482637662375178,0.179,0.396,0.122998660691986,"Not significant",0.910099617481308,""
"Klf8",6.97765470781268e-06,-2.22277053562007,0.014,0.119,0.123113739664647,"Not significant",0.909693476495484,""
"Usp7",7.01739282887488e-06,-0.498712425233249,0.165,0.365,0.123814879072668,"Not significant",0.90722716217478,""
"Zc3h7b",7.02831503373463e-06,-0.689470154721403,0.118,0.294,0.124007590455214,"Not significant",0.906551731031927,""
"Tsc22d2",7.03176227035815e-06,-2.02027767172132,0.014,0.119,0.124068413498199,"Not significant",0.906338771196639,""
"Pard6g",7.0427017630857e-06,-2.74633249167708,0.014,0.117,0.124261429907884,"Not significant",0.905663653157069,""
"1500011B03Rik",7.10023618917421e-06,-2.70389722535668,0.014,0.117,0.12527656732179,"Not significant",0.902130155139493,""
"Ano5",7.1155399950766e-06,-2.46562705951623,0.009,0.11,0.125546587673131,"Not significant",0.901195086813017,""
"Gas6",7.13638096173608e-06,-1.14030837542809,0.066,0.209,0.125914305688871,"Not significant",0.89992492494546,""
"Clock",7.17938647262615e-06,-0.666954380558427,0.118,0.297,0.126673094923016,"Not significant",0.897315618481091,""
"Myo9a",7.19406189259017e-06,-0.47723566272869,0.415,0.708,0.126932028032861,"Not significant",0.89642878103433,""
"Sirt2",7.19560228682635e-06,-0.869538320814695,0.09,0.248,0.126959206748764,"Not significant",0.896335799751245,""
"Hacd2",7.20150688326975e-06,-2.38196913046932,0.009,0.11,0.127063387448411,"Not significant",0.89597957076573,""
"Dcp1a",7.20678796529116e-06,-2.30077304762134,0.019,0.127,0.127156566859597,"Not significant",0.895661206253177,""
"Mfsd10",7.26465789546127e-06,-2.33824775304,0.024,0.134,0.128177623907519,"Not significant",0.89218778341054,""
"Ints8",7.30188121806444e-06,-1.33170490717323,0.047,0.178,0.128834392211529,"Not significant",0.889968187023656,""
"Sh3gl3",7.30943330895661e-06,-1.18212855112272,0.075,0.22,0.12896764130323,"Not significant",0.889519242927995,""
"Cep85l",7.31459357014774e-06,-1.41741796647361,0.047,0.176,0.129058688951687,"Not significant",0.889212751005897,""
"Cryl1",7.3179643126819e-06,-3.09723965353621,0.009,0.108,0.12911816233296,"Not significant",0.889012663649999,""
"Rragb",7.33951893876227e-06,-0.834205247702414,0.085,0.242,0.129498472155521,"Not significant",0.887735355430918,""
"Nckap1",7.34890938370394e-06,-0.415415613562463,0.179,0.393,0.129664157166072,"Not significant",0.887180058582697,""
"Zfp521",7.35490898834413e-06,-1.59473931300702,0.042,0.169,0.129770014190344,"Not significant",0.886825647875558,""
"Mapk10",7.36641310938632e-06,-0.379739881958466,0.476,0.716,0.129972992902012,"Not significant",0.886146880401874,""
"Srsf1",7.45273880207119e-06,-0.917915954091646,0.094,0.255,0.131496123423744,"Not significant",0.881087050219796,""
"Ift43",7.45619464351185e-06,-1.19723544351293,0.052,0.185,0.131557098290123,"Not significant",0.880885714168445,""
"Fbxw4",7.50286071093861e-06,-0.934789772656042,0.099,0.259,0.132380474383801,"Not significant",0.878176066956095,""
"Pspc1",7.56570237945943e-06,-1.1441607009237,0.066,0.207,0.133489252783182,"Not significant",0.87455369793119,""
"St13",7.57752178917253e-06,-1.10412603912145,0.042,0.171,0.13369779444816,"Not significant",0.873875757037898,""
"Sned1",7.6853896615575e-06,-1.59863743761823,0.033,0.154,0.135601015188521,"Not significant",0.867737059074249,""
"Gm33228",7.82864722980285e-06,-2.22277053562007,0.019,0.127,0.138128651722642,"Not significant",0.859716227327166,""
"Lmbr1",7.90272979084949e-06,-0.904088100236359,0.108,0.27,0.139435764429748,"Not significant",0.85562581804326,""
"Neto2",7.92322783204588e-06,-1.39269553706238,0.057,0.191,0.139797431868617,"Not significant",0.85450080666997,""
"0610010F05Rik",7.94361884088577e-06,-0.664876278097081,0.179,0.38,0.140157210828588,"Not significant",0.853384553683171,""
"Fbxl12",7.94987979725831e-06,-0.646796818126165,0.099,0.262,0.140267679142826,"Not significant",0.853042388750629,""
"Tmem163",7.96560617008785e-06,-1.80773303634122,0.052,0.18,0.14054515526503,"Not significant",0.852184120372638,""
"Sec61a1",7.98031156557973e-06,-1.32230620917098,0.033,0.154,0.140804617263089,"Not significant",0.851383103581673,""
"Cpne2",8.0192836898277e-06,-2.58266648070645,0.019,0.125,0.14149224142332,"Not significant",0.849267373563151,""
"Sqstm1",8.05593241186599e-06,-1.47069804906365,0.042,0.169,0.142138871474963,"Not significant",0.847287137002088,""
"Bmpr1a",8.12018609224619e-06,-1.40334278126189,0.042,0.169,0.143272563411592,"Not significant",0.843836968707927,""
"Pianp",8.12503076213983e-06,-1.33083028147752,0.038,0.161,0.143358042767195,"Not significant",0.84357793695936,""
"Rmnd5a",8.14869770130096e-06,-2.66017584792737,0.009,0.108,0.143775622241754,"Not significant",0.842314744157464,""
"Cdip1",8.15932173856789e-06,-0.959736129786273,0.075,0.224,0.143963072755292,"Not significant",0.841748892316252,""
"Commd7",8.17018835716924e-06,-2.63780803489891,0.009,0.108,0.144154803373894,"Not significant",0.841170881933274,""
"Lrrcc1",8.18912750166585e-06,-0.54359269328126,0.203,0.413,0.144488965639392,"Not significant",0.840165317924063,""
"Zbtb46",8.20355615024767e-06,-1.33824775304,0.028,0.147,0.14474354471497,"Not significant",0.839400795871214,""
"Lrrn2",8.23590173054025e-06,-0.568946176754106,0.137,0.325,0.145314250133652,"Not significant",0.83769179484889,""
"Ubr4",8.29883948997974e-06,0.726441354465757,0.575,0.545,0.146424723961203,"Not significant",0.834385586027948,""
"Plekha7",8.2990365388831e-06,-0.407985408086974,0.151,0.354,0.146428200692053,"Not significant",0.834375274196333,""
"9530052E02Rik",8.40132653808191e-06,-0.922016463837114,0.08,0.229,0.148233005437917,"Not significant",0.829055085940802,""
"Vwc2",8.46428974912702e-06,-1.92848519580183,0.047,0.171,0.149343928333597,"Not significant",0.82581242920191,""
"Nfyc",8.54493174966948e-06,-1.37052415606376,0.047,0.176,0.150766775791168,"Not significant",0.821694352632697,""
"Tatdn3",8.57303121510297e-06,-1.35662628235486,0.024,0.138,0.151262562759277,"Not significant",0.820268545862535,""
"Abi1",8.63448650305868e-06,-1.12323486206915,0.057,0.189,0.152346879859967,"Not significant",0.817166435917678,""
"Tom1l2",8.74847015765605e-06,-0.36066089273896,0.231,0.466,0.154358007461683,"Not significant",0.811470836177222,""
"Erbin",8.76481052366231e-06,-1.30077304762134,0.052,0.183,0.154646316879498,"Not significant",0.810660418874239,""
"Cyp4x1",8.80397174291325e-06,-2.01284746624584,0.028,0.141,0.155337277431961,"Not significant",0.808724310914699,""
"Lnx1",8.84095564564146e-06,-1.72527087614925,0.038,0.158,0.155989821411698,"Not significant",0.806903739138824,""
"Tsga10",8.90366752379411e-06,-1.00345750721559,0.066,0.209,0.157096309789823,"Not significant",0.803834016466963,""
"Ppp1r14c",8.91218236365644e-06,-1.49195716843546,0.038,0.16,0.157246545624354,"Not significant",0.803418886313597,""
"C2cd2",8.92261831471702e-06,-1.74214469471365,0.024,0.136,0.157430677544867,"Not significant",0.802910635444071,""
"Afg1l",9.00553707990386e-06,-1.47652712786585,0.038,0.16,0.158893696237824,"Not significant",0.79889333214085,""
"Wtap",9.02654782799205e-06,-2.63780803489891,0.014,0.116,0.159264409877092,"Not significant",0.797881263250152,""
"Ola1",9.10657853059188e-06,-1.67343194462963,0.028,0.143,0.160676471593763,"Not significant",0.794047713809819,""
"Acsl6",9.11940239466288e-06,-0.925384624995496,0.104,0.262,0.160902735851432,"Not significant",0.793436571469157,""
"Washc4",9.1315690046815e-06,-0.759271547384578,0.094,0.255,0.1611174035186,"Not significant",0.792857545590298,""
"Cfap36",9.13640127895334e-06,-0.827632593778928,0.09,0.242,0.161202664165853,"Not significant",0.792627784969094,""
"Ranbp9",9.1692975727258e-06,-1.33083028147752,0.038,0.161,0.161783086373174,"Not significant",0.79106688370492,""
"4930447C04Rik",9.17079166626096e-06,-1.15904493800968,0.08,0.226,0.161809448159508,"Not significant",0.790996123244516,""
"Ikzf2",9.18434326552563e-06,-3.07521334720621,0.009,0.106,0.162048552576934,"Not significant",0.790354843747216,""
"Arntl2",9.20469805444355e-06,-1.7716637816337,0.024,0.134,0.162407692472602,"Not significant",0.789393404163297,""
"Flvcr1",9.25839275948005e-06,-3.00704184456463,0.009,0.106,0.163355081848266,"Not significant",0.786867350418234,""
"Zfp738",9.25962632146702e-06,-2.00037811428362,0.019,0.125,0.163376846815964,"Not significant",0.786809490107963,""
"Mios",9.29803312511765e-06,-2.20259265368244,0.019,0.125,0.164054496459576,"Not significant",0.785011861828861,""
"2700097O09Rik",9.31361492798665e-06,-1.26024524103873,0.061,0.196,0.164329421789397,"Not significant",0.784284672859259,""
"Helq",9.33284236497312e-06,-1.31337308440097,0.057,0.189,0.164668670687586,"Not significant",0.783389020391578,""
"Kdm2a",9.34998983746118e-06,-0.479110288879852,0.208,0.429,0.164971220692165,"Not significant",0.782591812057148,""
"Serpinb6a",9.35262499973968e-06,-1.04380039457475,0.085,0.235,0.165017715495407,"Not significant",0.782469429550316,""
"Fnip2",9.39587712872199e-06,-1.18429638780543,0.057,0.191,0.165780856059171,"Not significant",0.780465622084245,""
"Sgcz",9.41341476595342e-06,-0.995901286959429,0.892,0.82,0.166090290130482,"Not significant",0.779655756266326,""
"Rad50",9.46679206181331e-06,-1.93058978412676,0.033,0.149,0.167032079138634,"Not significant",0.777200112954329,""
"Taf15",9.57161477724192e-06,-0.644471765179921,0.142,0.327,0.168881571129656,"Not significant",0.772417739377294,""
"Nsd2",9.58990924821329e-06,-0.463310303666774,0.189,0.396,0.169204358775475,"Not significant",0.77158845354431,""
"Fam78b",9.59681854988383e-06,-1.39269553706238,0.042,0.167,0.16932626649415,"Not significant",0.771275667356836,""
"Mcu",9.60628471841882e-06,-1.14766908037935,0.061,0.2,0.169493287571782,"Not significant",0.770847496447679,""
"Thsd4",9.62008915172242e-06,-1.03188591554211,0.104,0.259,0.16973685299299,"Not significant",0.770223854123833,""
"Hk1",9.78118266374016e-06,-0.87621277422399,0.085,0.237,0.172579186919031,"Not significant",0.763011581455381,""
"Etnk2",9.86322918060916e-06,-2.11173922323132,0.038,0.154,0.174026815662668,"Not significant",0.759383826447138,""
"Zfp410",9.87271297652734e-06,-2.44516295695651,0.014,0.116,0.174194147757848,"Not significant",0.758966439679484,""
"Xylt1",9.88085758046749e-06,-1.15238120772867,0.08,0.224,0.174337851149768,"Not significant",0.758608311336183,""
"Gskip",9.95962146680132e-06,-2.18212855112272,0.014,0.116,0.175727561160242,"Not significant",0.755160118293569,""
"D330023K18Rik",9.99801828327886e-06,-1.40334278126189,0.042,0.167,0.176405034590172,"Not significant",0.753489024286235,""
"4933406I18Rik",1.0116326814128e-05,-0.44131747700522,0.297,0.541,0.178492470308475,"Not significant",0.748380099845645,""
"Adam19",1.01292987066581e-05,-1.6227011425087,0.033,0.15,0.178721346380275,"Not significant",0.747823572499945,""
"E130307A14Rik",1.01863868976821e-05,-0.527625117148488,0.25,0.477,0.179728610422704,"Not significant",0.745382783438178,""
"Gnal",1.02112213531734e-05,-0.643262464991019,0.17,0.358,0.180166789555392,"Not significant",0.7443252602053,""
"Pla2g4e",1.02420893615774e-05,-1.1142460788419,0.066,0.206,0.180711424695671,"Not significant",0.743014390187028,""
"L2hgdh",1.02442559493595e-05,-1.78981112834396,0.024,0.134,0.180749651970499,"Not significant",0.74292253025715,""
"Clvs1",1.02567300017136e-05,-0.834700083941492,0.156,0.33,0.180969744150234,"Not significant",0.742394027600174,""
"Sort1",1.03071901852807e-05,-0.79075995773751,0.108,0.272,0.181860063629092,"Not significant",0.740262661298009,""
"Git2",1.03089360927791e-05,-0.823674580210244,0.118,0.283,0.181890868420995,"Not significant",0.740189103541904,""
"Disp3",1.03114998255456e-05,-1.5359284208797,0.028,0.143,0.181936102921927,"Not significant",0.740081112129529,""
"Mapk8",1.0342102002136e-05,-1.03990647847026,0.057,0.193,0.182476047725688,"Not significant",0.738794134074641,""
"Bicra",1.03758927347778e-05,-0.917915954091646,0.104,0.262,0.18307225141242,"Not significant",0.737377477499071,""
"Brinp2",1.04071444839562e-05,-0.902307849737203,0.123,0.286,0.183623657274922,"Not significant",0.736071366914275,""
"Cacng8",1.04160939366739e-05,-1.07444778866297,0.094,0.242,0.183781561418674,"Not significant",0.735698063003312,""
"Gm29683",1.04254997312704e-05,-3.22277053562007,0.014,0.114,0.183947517258535,"Not significant",0.735306069470226,""
"Slc9a8",1.04720919534033e-05,-1.00704184456463,0.066,0.207,0.184769590425847,"Not significant",0.733369503878787,""
"Xiap",1.04900735664552e-05,-1.58266648070645,0.024,0.134,0.185086858006536,"Not significant",0.732624417000021,""
"Edem3",1.05094289577132e-05,-1.73296526793925,0.038,0.156,0.185428364529891,"Not significant",0.731823832130058,""
"Zfp644",1.05661241032268e-05,-0.890195196533196,0.094,0.251,0.186428693677333,"Not significant",0.729487243555576,""
"Pde1c",1.05833087788899e-05,-1.59674537827702,0.113,0.261,0.186731900094734,"Not significant",0.728781483595218,""
"Ar",1.06176423498208e-05,-1.55667127217351,0.038,0.158,0.187337681620238,"Not significant",0.727374858642992,""
"Agk",1.06841320777265e-05,-1.28166422467364,0.047,0.174,0.188510826379407,"Not significant",0.724663702742978,""
"Cdc14b",1.07193314860284e-05,-0.721872299687385,0.137,0.314,0.189131884739485,"Not significant",0.723235249583714,""
"Stag2",1.08495481933073e-05,-1.08259287757181,0.08,0.224,0.191429428322714,"Not significant",0.717991297615903,""
"Map2k5",1.08735852346239e-05,-0.695359057461069,0.108,0.273,0.191853537879704,"Not significant",0.717030187774154,""
"Nr2c2",1.09431152182467e-05,-0.94713609300664,0.057,0.194,0.193080324910745,"Not significant",0.714261979032831,""
"Rprd2",1.09639071596067e-05,-0.705271002677649,0.127,0.301,0.193447177924101,"Not significant",0.713437601538137,""
"Pakap",1.09826822283337e-05,-0.297317488985121,0.325,0.598,0.193778445236721,"Not significant",0.712694532937313,""
"Kif2a",1.10624550556183e-05,-0.708197362790309,0.123,0.295,0.195185957001329,"Not significant",0.709551431629477,""
"Cep57",1.10902464089788e-05,-1.95973612978627,0.033,0.147,0.195676307640023,"Not significant",0.708461755252049,""
"Lrrc4c",1.1094719402599e-05,-0.665103899298866,0.929,0.855,0.195755229139456,"Not significant",0.708286627961828,""
"Sidt1",1.11223334371826e-05,-0.804457904308362,0.137,0.312,0.196242451165649,"Not significant",0.707207040214088,""
"Slc20a1",1.12267629407502e-05,-1.1441607009237,0.066,0.204,0.198085005326596,"Not significant",0.703148398516921,""
"Zfp639",1.12628652973848e-05,-1.30523269581204,0.047,0.174,0.198721995307057,"Not significant",0.701754060862944,""
"Dnm3",1.12780189609861e-05,-0.43724812127566,0.533,0.752,0.198989366547639,"Not significant",0.701170130490141,""
"Hdgfl3",1.13024251484903e-05,-0.863228148932926,0.104,0.257,0.199419989319963,"Not significant",0.700231311339059,""
"Ube2d3",1.1356641705741e-05,-1.94158878307601,0.024,0.132,0.200376586256095,"Not significant",0.698153026586435,""
"Fggy",1.13623858265314e-05,-1.31023337687041,0.042,0.167,0.20047793552332,"Not significant",0.697933418593774,""
"Pcdh17",1.14550362372886e-05,-0.622377994329305,0.212,0.417,0.202112659370721,"Not significant",0.694406483502688,""
"Adck1",1.14941771340259e-05,-2.32230620917098,0.028,0.138,0.202803261352753,"Not significant",0.692925065235568,""
"Dgkd",1.14993877668232e-05,-0.728955922957106,0.132,0.303,0.202895197757829,"Not significant",0.692728231980735,""
"Zmym2",1.15054631397872e-05,-0.483637104771151,0.184,0.402,0.203002391638405,"Not significant",0.692498845489529,""
"Hltf",1.15124416829868e-05,-1.67022951259129,0.033,0.149,0.20312552105462,"Not significant",0.69223550762976,""
"Ablim3",1.15294047936724e-05,-0.567418707007512,0.222,0.435,0.203424818179556,"Not significant",0.691596063503177,""
"Crk",1.15968500118105e-05,-1.12089092160085,0.061,0.196,0.204614821608385,"Not significant",0.689062910655171,""
"Wapl",1.16116902108732e-05,-0.829428107440542,0.118,0.284,0.204876662080646,"Not significant",0.688507510153475,""
"Hipk2",1.16125591623665e-05,-0.568545372461797,0.118,0.292,0.204891993860794,"Not significant",0.688475011291386,""
"Gabra4",1.16138751102711e-05,-3.03012545767767,0.009,0.105,0.204915212445624,"Not significant",0.688425799354041,""
"Naa60",1.17376963253355e-05,-2.9354885835396,0.009,0.105,0.20709991396422,"Not significant",0.683820081526017,""
"Smc5",1.18615656352763e-05,-0.374773629065117,0.184,0.407,0.209285464068816,"Not significant",0.679260934556335,""
"Specc1l",1.19389813232407e-05,-0.618355672232738,0.146,0.328,0.210651386467259,"Not significant",0.676435678084256,""
"Cwf19l2",1.20023954702028e-05,-0.923210253761159,0.085,0.235,0.211770265676259,"Not significant",0.674135018540433,""
"Gpr137c",1.20521010245043e-05,-0.597166050401565,0.146,0.332,0.212647270476353,"Not significant",0.672340187484009,""
"Setdb1",1.21273866258684e-05,-0.749091368432655,0.142,0.316,0.213975609626823,"Not significant",0.669635727623554,""
"A730081D07Rik",1.21298325767988e-05,-1.9273146520939,0.024,0.132,0.214018765985037,"Not significant",0.669548144377778,""
"Plaa",1.21866534122975e-05,-1.57640749023477,0.038,0.156,0.215021312806577,"Not significant",0.667518490895799,""
"Nol4",1.21929030938982e-05,-0.497777583119936,0.231,0.446,0.215131582188739,"Not significant",0.667295828741005,""
"Kctd3",1.22761335939512e-05,-1.84292246480352,0.028,0.139,0.216600101131675,"Not significant",0.664341344936376,""
"Eif5",1.23056791465841e-05,-0.784649423228182,0.094,0.25,0.21712140286233,"Not significant",0.663297363616724,""
"Snx10",1.23381762160591e-05,-0.996889128203739,0.052,0.182,0.217694781156146,"Not significant",0.66215198226922,""
"Galnt1",1.23792566224416e-05,-0.908661945192004,0.052,0.183,0.21841960384636,"Not significant",0.660708384922361,""
"Zswim8",1.24454423130439e-05,-0.571256841990305,0.16,0.354,0.219587384171347,"Not significant",0.658392614778213,""
"Zfp30",1.24794292616459e-05,-1.38504196451894,0.038,0.158,0.220187049892481,"Not significant",0.657208227260826,""
"Bscl2",1.24829125181769e-05,-0.807733036341223,0.099,0.255,0.220248508470713,"Not significant",0.657087023960783,""
"Patj",1.25010656044725e-05,-0.902511261093323,0.099,0.253,0.220568801525313,"Not significant",0.656455916572171,""
"Epb41l1",1.25878402135366e-05,0.561500773324496,0.778,0.708,0.222099852727639,"Not significant",0.65345172942809,""
"Sdhc",1.25929662315328e-05,-2.33824775304,0.014,0.114,0.222190296189164,"Not significant",0.653274912107684,""
"mt-Nd4",1.26966926144678e-05,-0.593413915540457,0.245,0.462,0.22402044448967,"Not significant",0.649712345398499,""
"Sfmbt1",1.27030032918223e-05,-0.584368775937451,0.142,0.323,0.224131790080912,"Not significant",0.649496540262989,""
"Rasa1",1.27046777195763e-05,-0.850801758233109,0.094,0.25,0.224161333684204,"Not significant",0.64943929814517,""
"Mon2",1.27078249324401e-05,-0.579705080335343,0.184,0.385,0.224216863107974,"Not significant",0.649331727694054,""
"Opcml",1.27147868940612e-05,-0.80364028170734,0.778,0.761,0.224339699958817,"Not significant",0.649093865305132,""
"Onecut2",1.27370225874462e-05,-2.1091137538245,0.028,0.139,0.2247320265329,"Not significant",0.648335031918277,""
"Tspan3",1.27526709201822e-05,-1.26716465497852,0.042,0.165,0.225008125715695,"Not significant",0.647801797934119,""
"Usp46",1.27534080282847e-05,-2.03990647847026,0.019,0.123,0.225021131251055,"Not significant",0.647776696311702,""
"Agfg2",1.27767660157217e-05,-1.7716637816337,0.024,0.132,0.225433259581394,"Not significant",0.646982009376526,""
"Suz12",1.28315181650225e-05,-1.39583524459295,0.061,0.191,0.226399306503657,"Not significant",0.645124907793378,""
"Myo5a",1.28548705903284e-05,-0.416392718266856,0.269,0.516,0.226811336695755,"Not significant",0.644335241924798,""
"Prpsap2",1.28972378765875e-05,-2.00037811428362,0.019,0.123,0.227558865094509,"Not significant",0.642906240857954,""
"Hsd17b4",1.28996481107627e-05,-2.61508795839883,0.009,0.105,0.227601391266297,"Not significant",0.642825087543097,""
"Ptprm",1.29059128962881e-05,-0.6612670077229,0.231,0.431,0.227711927142107,"Not significant",0.642614221223493,""
"Ofd1",1.29290247767449e-05,-0.935488583539596,0.061,0.2,0.228119713160888,"Not significant",0.641837183171107,""
"Zfp53",1.29350181026963e-05,-2.59200434528579,0.009,0.105,0.228225459403974,"Not significant",0.641635910040865,""
"Zfp322a",1.29741768867181e-05,-1.38782978189056,0.019,0.125,0.228916376989255,"Not significant",0.640323136195528,""
"Ube2r2",1.30118439982297e-05,-0.616434384106344,0.123,0.294,0.229580975504764,"Not significant",0.639064103101687,""
"Rp9",1.30148704223685e-05,-0.593608230988375,0.151,0.338,0.22963437373227,"Not significant",0.638963102315489,""
"Zfp871",1.30406435226734e-05,-1.95973612978627,0.019,0.123,0.230089114314049,"Not significant",0.638103927638055,""
"Zkscan2",1.32315427620511e-05,-0.542811520963164,0.127,0.301,0.23345734049363,"Not significant",0.631792466193407,""
"Pak6",1.32706254363857e-05,-1.4886645955931,0.042,0.163,0.234146915199589,"Not significant",0.630511559515987,""
"Vps37a",1.32846959367351e-05,-0.91281508239878,0.061,0.198,0.234395175107753,"Not significant",0.630051332268473,""
"Wasf3",1.32893275349488e-05,-0.769719710404492,0.132,0.301,0.234476895026637,"Not significant",0.62989994551523,""
"Rad54l2",1.33572419310961e-05,-1.17386093513912,0.061,0.194,0.235675176632259,"Not significant",0.627686158754286,""
"Naa15",1.34389091663851e-05,-0.445162956956515,0.123,0.303,0.237116113331699,"Not significant",0.62503893234293,""
"Setd7",1.34998873593769e-05,-1.30523269581204,0.047,0.172,0.238192012568846,"Not significant",0.623072806058264,""
"Inpp5k",1.35334768207239e-05,-1.15438356063982,0.038,0.158,0.238784665024853,"Not significant",0.621993567446078,""
"Dennd5b",1.35440598981944e-05,-0.484098619503458,0.222,0.437,0.238971392843742,"Not significant",0.621654085134321,""
"Sf3b1",1.35716938533405e-05,-0.443797414932285,0.335,0.585,0.23945896634834,"Not significant",0.620768896509445,""
"Angel2",1.36080366905053e-05,-1.40334278126189,0.047,0.171,0.240100199367276,"Not significant",0.619607479326263,""
"Invs",1.36130934530481e-05,-1.14876995417629,0.057,0.187,0.240189420885581,"Not significant",0.619446124960569,""
"Pds5b",1.3644904784419e-05,-0.509651683408228,0.236,0.455,0.240750700016289,"Not significant",0.618432441429723,""
"Ptpn1",1.36598864492185e-05,-0.745867780756363,0.118,0.288,0.241015036510011,"Not significant",0.617955861700591,""
"D430041D05Rik",1.3837753026833e-05,-0.577613252980164,0.245,0.464,0.244153314405441,"Not significant",0.612337375749206,""
"Snrk",1.38410014032555e-05,-1.62131991211034,0.038,0.154,0.244210628759041,"Not significant",0.612235438216901,""
"Gnptab",1.39115271530687e-05,-0.727445247383587,0.099,0.259,0.245454985088744,"Not significant",0.610028143134093,""
"Fgfr1",1.39828063226343e-05,-1.02247188513424,0.08,0.22,0.246712634756559,"Not significant",0.607808608659656,""
"Paqr9",1.3985448499016e-05,-2.09723965353621,0.014,0.114,0.246759253316639,"Not significant",0.607726552583328,""
"Cdkal1",1.40149509895466e-05,-0.842922464803523,0.099,0.255,0.24727979525956,"Not significant",0.606811367527734,""
"Cltb",1.40286357304335e-05,-0.646578244526643,0.108,0.268,0.247521248827768,"Not significant",0.60638751247777,""
"Ubac1",1.40436480816002e-05,-2.07521334720621,0.014,0.114,0.247786126751754,"Not significant",0.605923012906786,""
"Nup93",1.41023923844476e-05,-1.2622988998067,0.052,0.18,0.248822611231194,"Not significant",0.604110156590784,""
"Aggf1",1.42649412241373e-05,-1.63780803489891,0.024,0.132,0.251690622958679,"Not significant",0.599132964321174,""
"Dpysl3",1.432684126652e-05,-0.665288771321018,0.151,0.33,0.25278278730648,"Not significant",0.597252501720027,""
"Creb1",1.43467944151576e-05,-2.27007625039842,0.009,0.105,0.253134840661041,"Not significant",0.596648075839414,""
"Ldhb",1.43483825343876e-05,-2.24267009305777,0.019,0.121,0.253162861436734,"Not significant",0.596600004247448,""
"Mri1",1.43902767177506e-05,-1.2898847314786,0.038,0.156,0.253902042407992,"Not significant",0.595333805613268,""
"0610030E20Rik",1.44111003259157e-05,-1.8857355483425,0.024,0.13,0.254269454150457,"Not significant",0.59470580927257,""
"Gm45159",1.44117237262576e-05,-1.65410984722801,0.033,0.147,0.25428045342609,"Not significant",0.594687022818609,""
"Rps6kb1",1.44164293432339e-05,-0.510428728422683,0.179,0.383,0.254363479332018,"Not significant",0.594545243114585,""
"Gucy1b1",1.44406870646933e-05,-1.80773303634122,0.019,0.123,0.254791482569449,"Not significant",0.59381509413463,""
"Ndst4",1.44440791864531e-05,-0.966589800827335,0.094,0.242,0.254851333165779,"Not significant",0.593713090209365,""
"Limk1",1.44829995522053e-05,-1.5028784548128,0.042,0.161,0.25553804409911,"Not significant",0.592544433641436,""
"Esyt3",1.45155104590045e-05,-3.09723965353621,0.009,0.103,0.256111666538675,"Not significant",0.591570637861258,""
"Tut7",1.46039179813271e-05,-0.645003536303115,0.127,0.297,0.257671528862535,"Not significant",0.588933565698185,""
"Arid4b",1.46183034985171e-05,-0.43926235551683,0.316,0.576,0.257925346927835,"Not significant",0.588505976629097,""
"Mpc2",1.46383038234149e-05,-3.00704184456463,0.009,0.103,0.258278232660333,"Not significant",0.587912194035175,""
"Cep350",1.46930727416477e-05,-0.495789030026483,0.283,0.523,0.259244575453633,"Not significant",0.586290322210672,""
"Prkci",1.47185923660498e-05,-1.91791595409165,0.019,0.121,0.259694843706583,"Not significant",0.585536673289485,""
"Kif16b",1.47662505555821e-05,-1.02483115800816,0.071,0.211,0.26053572480269,"Not significant",0.584132717581699,""
"Rnf6",1.47962622578775e-05,-2.91082652930533,0.009,0.103,0.26106525127799,"Not significant",0.583250930484686,""
"Bcas2",1.48346342068272e-05,-2.8857355483425,0.009,0.103,0.261742285945259,"Not significant",0.5821261089644,""
"Cc2d2a",1.49129536135472e-05,-1.14030837542809,0.066,0.202,0.263124153557426,"Not significant",0.579839283897426,""
"Fmn1",1.4993993583666e-05,-1.67883530315897,0.038,0.154,0.264554022790203,"Not significant",0.577485630229811,""
"Exoc5",1.50028795011419e-05,-1.08406426478847,0.052,0.182,0.264710805918148,"Not significant",0.577228329741963,""
"Tmem63c",1.50072280830924e-05,-0.888351496549507,0.071,0.211,0.264787532298082,"Not significant",0.577102467803408,""
"Tasor",1.51166223356952e-05,-0.445162956956515,0.25,0.484,0.266717684491006,"Not significant",0.573948187826297,""
"Sik3",1.51381352921739e-05,-0.365913652144888,0.302,0.558,0.267097259095115,"Not significant",0.573330568609007,""
"Zfp157",1.5162439493384e-05,-1.40334278126189,0.052,0.176,0.267526082421268,"Not significant",0.572633870093485,""
"Ufd1",1.51628897902736e-05,-1.55341584760854,0.033,0.147,0.267534027459587,"Not significant",0.572620972528381,""
"Ccnt2",1.5207900994332e-05,-0.668834930519535,0.127,0.295,0.268328205143995,"Not significant",0.571333674347871,""
"Ldlrad3",1.52409052006488e-05,-2.5253333056405,0.014,0.112,0.268910531360248,"Not significant",0.570392189141216,""
"5530601H04Rik",1.53101091031381e-05,-1.95973612978627,0.014,0.114,0.270131565015768,"Not significant",0.568424665308237,""
"Ankrd6",1.53883026138603e-05,-0.664608094242626,0.099,0.253,0.271511211318952,"Not significant",0.566212232692343,""
"Galnt7",1.55290196080591e-05,-1.32586402858417,0.052,0.178,0.273994021964594,"Not significant",0.56225891256688,""
"Kcnc2",1.56095420634376e-05,-0.614500661406842,0.307,0.532,0.275414760167292,"Not significant",0.560012788525598,""
"Samd5",1.56490321408604e-05,-0.662836829390433,0.222,0.424,0.276111523093342,"Not significant",0.558915468364629,""
"Tnip2",1.5663280276525e-05,-1.55341584760854,0.024,0.132,0.276362917199007,"Not significant",0.558520231689603,""
"Chic2",1.57339301413006e-05,-2.36027405937,0.014,0.112,0.277609463413109,"Not significant",0.556565733325104,""
"Akap11",1.57597052306748e-05,-0.63780803489891,0.127,0.299,0.278064239090026,"Not significant",0.555854860702567,""
"Cnst",1.5795866780816e-05,-2.05927180333719,0.019,0.121,0.278702273480718,"Not significant",0.554859488566555,""
"Hnrnpl",1.58070868363743e-05,-0.30918528743754,0.184,0.391,0.278900240140988,"Not significant",0.554551111793969,""
"Bmt2",1.58627297240863e-05,-1.65572994289617,0.024,0.13,0.279882003251779,"Not significant",0.553025026291697,""
"Arhgap24",1.59165626704916e-05,-1.5253333056405,0.066,0.196,0.280831831758154,"Not significant",0.55155366729222,""
"Cdh18",1.59497588007328e-05,-1.12479537605677,0.59,0.655,0.28141754428013,"Not significant",0.550648831042927,""
"Mir124-2hg",1.61006334364736e-05,-1.22277053562007,0.057,0.185,0.28407957635314,"Not significant",0.546559988367771,""
"Pdss2",1.61258587516574e-05,-0.780347148546144,0.175,0.354,0.284524651814243,"Not significant",0.545880099451407,""
"Itgb3bp",1.61547893701378e-05,-2.46562705951623,0.019,0.119,0.285035103646712,"Not significant",0.545101650934471,""
"Mrnip",1.61671535848027e-05,-0.931991139303369,0.042,0.165,0.285253257850258,"Not significant",0.544769386845557,""
"Far2",1.623530778001e-05,-1.30077304762134,0.033,0.149,0.286455770470496,"Not significant",0.542942424738326,""
"9530036O11Rik",1.63366158845267e-05,-1.06604503193261,0.085,0.229,0.288243250666589,"Not significant",0.540240853096834,""
"Hdgf",1.63373254887205e-05,-0.777359387297704,0.085,0.231,0.288255770922984,"Not significant",0.540221989306743,""
"Etfa",1.63379883777221e-05,-1.93897756961948,0.019,0.121,0.288267466936528,"Not significant",0.540204368111935,""
"Clstn1",1.64220600162166e-05,-0.420870043654571,0.17,0.374,0.289750826926125,"Not significant",0.537975315920223,""
"Ankrd42",1.64271781570897e-05,-0.698919549202298,0.137,0.31,0.28984113140369,"Not significant",0.537839983688464,""
"Olfm2",1.64447355746013e-05,-0.764071807545083,0.118,0.277,0.290150914478265,"Not significant",0.537376056316965,""
"Rab28",1.65747917556819e-05,-1.51227715281505,0.033,0.147,0.292445625737251,"Not significant",0.533954870222634,""
"Isl1",1.66826852444842e-05,-1.39583524459295,0.052,0.176,0.294349298453679,"Not significant",0.531136994939494,""
"Srsf4",1.67876405752504e-05,-1.49195716843546,0.038,0.154,0.296201130309717,"Not significant",0.528413288534809,""
"Atf7ip",1.68432548040943e-05,-0.717978383582894,0.09,0.24,0.297182387763441,"Not significant",0.526976932205539,""
"Prkce",1.68690298390646e-05,-0.501746485322882,0.472,0.683,0.297637162480456,"Not significant",0.526312844454852,""
"Fbxo3",1.69066506767338e-05,-0.760427321562866,0.08,0.229,0.29830094454029,"Not significant",0.525345371485451,""
"Nsa2",1.6908174262402e-05,-1.5253333056405,0.042,0.161,0.298327826685821,"Not significant",0.525306235701068,""
"Nphp3",1.69839990925942e-05,-2.01284746624584,0.028,0.136,0.299665679989732,"Not significant",0.523362992938782,""
"Pxk",1.70445774978923e-05,-0.64459720056155,0.137,0.316,0.300734525372812,"Not significant",0.521816710515468,""
"Msh2",1.7265135017391e-05,-1.42922141308749,0.038,0.154,0.304626042246847,"Not significant",0.516232971910526,""
"Zfp592",1.74293627808527e-05,-1.5359284208797,0.028,0.138,0.307523676905366,"Not significant",0.512121441340619,""
"Ints2",1.74415185885149e-05,-1.22277053562007,0.061,0.191,0.307738153975757,"Not significant",0.511818655738576,""
"Gm14634",1.75420992535762e-05,-1.89654230329908,0.014,0.112,0.309512799230098,"Not significant",0.509321386966739,""
"D3Ertd751e",1.75807790558201e-05,-0.771291040373163,0.123,0.288,0.310195265660889,"Not significant",0.508364834868777,""
"B930095G15Rik",1.75933546307173e-05,-2.72527087614925,0.014,0.11,0.310417149104376,"Not significant",0.508054293999967,""
"Xrcc4",1.76645833316077e-05,-0.765912860646596,0.09,0.239,0.311673908302886,"Not significant",0.506299553046781,""
"Tmem164",1.77749420282479e-05,-1.85503875111958,0.038,0.15,0.313621077146407,"Not significant",0.503594757911128,""
"Npepps",1.78083352745845e-05,-0.363368865792867,0.278,0.528,0.314210267584769,"Not significant",0.502779627435606,""
"Orai2",1.78180999177358e-05,-2.66017584792737,0.014,0.11,0.314382554948531,"Not significant",0.502541560914403,""
"Tbc1d22a",1.7849868042389e-05,-1.82763259377893,0.019,0.121,0.314943071739911,"Not significant",0.501767941015399,""
"Dmtf1",1.80155385696424e-05,-0.63780803489891,0.127,0.301,0.317866162522771,"Not significant",0.497755701125155,""
"Hibch",1.8024862529447e-05,-1.58266648070645,0.024,0.13,0.318030674469563,"Not significant",0.497530989731305,""
"Neto1",1.81431945083501e-05,-1.07274509161546,0.071,0.209,0.32011852390533,"Not significant",0.494689194343518,""
"Tmem29",1.82381506703228e-05,-1.40334278126189,0.042,0.161,0.321793930427176,"Not significant",0.492422151681502,""
"Adcyap1r1",1.82713436599443e-05,-0.744723238815423,0.099,0.255,0.322379587536057,"Not significant",0.491632464699157,""
"Timp2",1.84385312346326e-05,-0.807733036341223,0.061,0.198,0.325329445103858,"Not significant",0.487676627565357,""
"Sipa1l3",1.84434166002043e-05,-0.385500035658175,0.146,0.338,0.325415642494005,"Not significant",0.487561574676514,""
"Nop58",1.85081235912394e-05,-0.926053003529984,0.066,0.202,0.326557332643829,"Not significant",0.48604055997856,""
"Reep5",1.85242692710207e-05,-1.39679993539512,0.033,0.147,0.326842207017889,"Not significant",0.485661865568726,""
"Erp44",1.86416967356858e-05,-2.8857355483425,0.009,0.101,0.328914097204441,"Not significant",0.482917512327939,""
"Nxpe3",1.86416967356858e-05,-2.8857355483425,0.009,0.101,0.328914097204441,"Not significant",0.482917512327939,""
"Mapk1ip1",1.8701021984022e-05,-1.55341584760854,0.033,0.145,0.329960831886085,"Not significant",0.481537610138229,""
"Xpo5",1.8753160550549e-05,-1.13605890242674,0.057,0.185,0.330880764753886,"Not significant",0.480328479150383,""
"Pik3ca",1.87724316631151e-05,-0.971231768624102,0.071,0.207,0.331220784264003,"Not significant",0.479882418843822,""
"Fam189a1",1.89943378701899e-05,-0.679628210593538,0.165,0.349,0.33513609738163,"Not significant",0.474778791951817,""
"Smarcal1",1.91501013672576e-05,-1.80773303634122,0.028,0.136,0.337884388523892,"Not significant",0.471231873731334,""
"Atp11b",1.91713952300129e-05,-0.503622687504513,0.184,0.387,0.338260097438347,"Not significant",0.470749230365809,""
"Ssbp3",1.91964956650134e-05,-0.763338916982769,0.123,0.284,0.338702969513496,"Not significant",0.470180995744882,""
"Cd81",1.92676502714408e-05,-1.82543503807468,0.024,0.128,0.339958421389302,"Not significant",0.468574196091271,""
"Napg",1.92847453398287e-05,-0.575343947952257,0.156,0.339,0.340260046775938,"Not significant",0.468189042627394,""
"Lrig2",1.93179786812652e-05,-0.949394185564814,0.075,0.217,0.340846415852242,"Not significant",0.467441268436179,""
"Afdn",1.93714117432314e-05,-0.392230826141663,0.264,0.505,0.341789188797575,"Not significant",0.46624167865394,""
"Ddi2",1.94379909664768e-05,-0.812894741457002,0.08,0.226,0.342963912612516,"Not significant",0.464751574936154,""
"Tlk1",1.94599041398037e-05,-1.57640749023477,0.033,0.145,0.343350548642696,"Not significant",0.464262254306458,""
"Sema6a",1.94941279750338e-05,-0.769836428582694,0.142,0.308,0.343954393991496,"Not significant",0.463499138099622,""
"Chd2",1.95078309406764e-05,-0.362778014365164,0.321,0.572,0.344196169117295,"Not significant",0.463193967653078,""
"Hipk3",1.95450492963154e-05,-2.38196913046932,0.014,0.11,0.344852849784189,"Not significant",0.462366180751061,""
"Ptch1",1.96354443570358e-05,-1.7716637816337,0.024,0.128,0.34644778023554,"Not significant",0.460362216938581,""
"Slc1a2",1.96901990051302e-05,-1.30077304762134,0.042,0.161,0.347413871246518,"Not significant",0.459152845400856,""
"Dync1li2",1.97697807279943e-05,-0.7346695741515,0.094,0.25,0.348818011164732,"Not significant",0.457401098431258,""
"Mbip",1.97894927264666e-05,-1.03012545767767,0.047,0.171,0.349165809665778,"Not significant",0.456968289022754,""
"Lage3",1.99356115585467e-05,-2.02027767172132,0.019,0.119,0.351743930338998,"Not significant",0.453773387974307,""
"Cdkl3",1.99928320685969e-05,-0.976130568036942,0.099,0.246,0.352753529018323,"Not significant",0.452528632781218,""
"Ncapd3",2.00528655235084e-05,-0.592004345285786,0.118,0.288,0.353812759296783,"Not significant",0.451226509492241,""
"Lrif1",2.01461167757166e-05,-1.24924274698126,0.052,0.176,0.355458084390744,"Not significant",0.449211603910457,""
"Cap2",2.01901759482134e-05,-0.268162438434081,0.151,0.347,0.356235464430278,"Not significant",0.448262847254338,""
"Plxnc1",2.02541141070413e-05,-0.637808034898911,0.127,0.295,0.357363589304637,"Not significant",0.446889698527685,""
"Arid5b",2.03216708296679e-05,-0.838106685384741,0.113,0.268,0.358555560118661,"Not significant",0.445443538508434,""
"Lzts1",2.03406104510683e-05,-2.61508795839883,0.009,0.101,0.358889730798649,"Not significant",0.445038968307291,""
"Terf2",2.03466981071058e-05,-0.931539237955621,0.085,0.228,0.358997141401774,"Not significant",0.444909009578723,""
"Ppib",2.03908415964248e-05,-0.991444989513611,0.075,0.215,0.35977600912732,"Not significant",0.443967799998252,""
"Ngly1",2.04512618748975e-05,-2.54469863050743,0.009,0.101,0.360842064520691,"Not significant",0.44268284107362,""
"Tmem131l",2.04960033903449e-05,-1.06407278960101,0.061,0.193,0.361631483819245,"Not significant",0.441733766654224,""
"Fam189a2",2.05266411687276e-05,-2.44516295695651,0.019,0.117,0.36217205678103,"Not significant",0.441085060520997,""
"Rnf14",2.06541176742696e-05,-1.33083028147752,0.038,0.154,0.364421252244813,"Not significant",0.438396303862826,""
"Acvr2a",2.06714924361584e-05,-0.540111361011777,0.09,0.242,0.364727812543579,"Not significant",0.43803111803074,""
"Arhgap17",2.0716942809074e-05,-1.28550629096803,0.038,0.152,0.365529738923302,"Not significant",0.43707728375432,""
"Atg4c",2.07485751476179e-05,-2.03012545767767,0.028,0.134,0.36608785990457,"Not significant",0.436414672822579,""
"Jarid2",2.07984852962407e-05,-0.652758376364882,0.132,0.301,0.366968474566871,"Not significant",0.43537124340384,""
"5430405H02Rik",2.08988241733471e-05,-1.2567178675434,0.033,0.145,0.368738853714536,"Not significant",0.433281098724787,""
"Dapk1",2.10106720537594e-05,-0.566549351729088,0.212,0.418,0.37071229771653,"Not significant",0.430963006789854,""
"Mpc1",2.10283847651888e-05,-0.893065090140985,0.085,0.228,0.371024820796991,"Not significant",0.430597036005985,""
"Atp5c1",2.10752104853562e-05,-1.27339660869004,0.033,0.147,0.371851013803624,"Not significant",0.429631030127231,""
"Ppcdc",2.11369058402691e-05,-1.10247630190236,0.066,0.2,0.372939566645708,"Not significant",0.428361538161007,""
"Rock2",2.11569028112413e-05,-0.341675940888886,0.226,0.451,0.373292393201541,"Not significant",0.427950859857395,""
"Ttc37",2.12329947752351e-05,-0.807733036341223,0.094,0.244,0.374634959814248,"Not significant",0.426391698007272,""
"Nudt3",2.12928163635267e-05,-0.923210253761159,0.061,0.193,0.375690451918064,"Not significant",0.425169842285538,""
"Gm28905",2.13305409755481e-05,-0.514992814870346,0.302,0.519,0.376356064972571,"Not significant",0.42440108092399,""
"Gm36388",2.14382996441872e-05,-1.1942013834233,0.042,0.161,0.378257358922039,"Not significant",0.422212614109413,""
"Adcy9",2.14906433391383e-05,-0.68617105646031,0.118,0.283,0.379180911075756,"Not significant",0.421153534264183,""
"Cttn",2.16403200373221e-05,-0.971231768624103,0.071,0.207,0.381821806738511,"Not significant",0.418139271658026,""
"Tm2d3",2.16902990677783e-05,-1.67022951259129,0.033,0.143,0.382703636751881,"Not significant",0.417137410747099,""
"Trip12",2.16982174913408e-05,-0.387515297956699,0.288,0.539,0.382843349417216,"Not significant",0.416978892873273,""
"Mttp",2.17170368156022e-05,-1.67343194462963,0.024,0.128,0.383175397574484,"Not significant",0.416602383311265,""
"Slc17a5",2.17546924515972e-05,-1.2622988998067,0.057,0.182,0.383839793615982,"Not significant",0.415850002888814,""
"Lrrc8b",2.17610691355307e-05,-1.63780803489891,0.028,0.136,0.383952303827304,"Not significant",0.415722722171944,""
"Wdr47",2.20409373572559e-05,-0.996889128203739,0.066,0.198,0.388890298731424,"Not significant",0.410172890640046,""
"Ap1g1",2.2056592078386e-05,-1.08406426478847,0.052,0.178,0.389166510631042,"Not significant",0.409864539611082,""
"Tsc22d1",2.20685214795332e-05,-0.519163538400292,0.146,0.328,0.389376992984884,"Not significant",0.409629713100774,""
"Tmed8",2.21295235990006e-05,-2.68220215425736,0.014,0.108,0.390453314380766,"Not significant",0.40843088629092,""
"Pfkp",2.2196388795562e-05,-0.554787448131013,0.198,0.394,0.391633083908896,"Not significant",0.407120627511984,""
"Ogfod1",2.22212202319722e-05,-0.646578244526643,0.108,0.264,0.392071209772918,"Not significant",0.406635047258105,""
"Agtpbp1",2.22244391060856e-05,-0.689470154721403,0.137,0.306,0.392128003587775,"Not significant",0.406572141710582,""
"Gm16835",2.22574295052887e-05,-1.76119045040419,0.014,0.11,0.392710086191314,"Not significant",0.405927944359888,""
"Man2b1",2.22982788478422e-05,-1.80773303634122,0.019,0.119,0.393430831991328,"Not significant",0.405131608730325,""
"Sec24c",2.24745733712929e-05,-1.24114906493492,0.028,0.138,0.396541372563091,"Not significant",0.401711494504021,""
"Cyb5b",2.25662284400593e-05,-2.24267009305777,0.024,0.125,0.398158534596406,"Not significant",0.399943970661326,""
"Mtpap",2.28047169583207e-05,-1.72527087614925,0.019,0.119,0.402366426012611,"Not significant",0.395378264546986,""
"Pdpr",2.28110738849136e-05,-1.55207816087303,0.042,0.158,0.402478587625415,"Not significant",0.395257219702296,""
"Ina",2.28774901621227e-05,-1.44516295695651,0.042,0.158,0.403650436420494,"Not significant",0.393994573627957,""
"Cul4a",2.30412829671669e-05,-0.793927236816192,0.104,0.255,0.406540396672692,"Not significant",0.390896293414662,""
"Myo16",2.30686403466043e-05,-0.940794566132813,0.123,0.277,0.407023090275487,"Not significant",0.390380952704062,""
"Csnk1a1",2.30941371249601e-05,-0.413912022972075,0.203,0.413,0.407472955432796,"Not significant",0.389901210718041,""
"Stx5a",2.33044041516595e-05,-0.500304511148975,0.127,0.301,0.41118290685188,"Not significant",0.385964947549269,""
"Xrcc5",2.34082568650401e-05,-1.38504196451894,0.042,0.158,0.413015284126767,"Not significant",0.384033876457173,""
"Ago4",2.36372584408988e-05,-1.14476802361879,0.052,0.176,0.417055787931219,"Not significant",0.379805847256113,""
"Oprm1",2.36550741925219e-05,-0.951698810720855,0.09,0.228,0.417370129052857,"Not significant",0.379478636371978,""
"Arfgef1",2.3698038085727e-05,-0.674466505477759,0.189,0.378,0.418128183984568,"Not significant",0.378690557786963,""
"Psen1",2.37387949867056e-05,-1.25078491178966,0.052,0.174,0.418847298745434,"Not significant",0.377944281089996,""
"Efr3a",2.38264075225866e-05,-1.29601951765071,0.047,0.167,0.420393134328517,"Not significant",0.376344385287914,""
"Itm2b",2.38779811138105e-05,-1.13704066159418,0.085,0.22,0.421303098772073,"Not significant",0.375405346535002,""
"Usp54",2.38808190348309e-05,-1.08526701187013,0.061,0.191,0.421353171050557,"Not significant",0.37535373328522,""
"Snx14",2.39310120034319e-05,-0.798799911571215,0.099,0.251,0.422238775788553,"Not significant",0.374441886287172,""
"Tef",2.39310120034319e-05,-0.798799911571215,0.099,0.251,0.422238775788553,"Not significant",0.374441886287172,""
"Sh3rf1",2.39592465571175e-05,-1.47069804906365,0.052,0.172,0.422736946253782,"Not significant",0.373929794155956,""
"Sdf2",2.4192316756491e-05,-1.51822641914624,0.028,0.136,0.426849236851528,"Not significant",0.369725490701173,""
"Wwc2",2.4211272088189e-05,-2.42440439678972,0.014,0.108,0.427183684724006,"Not significant",0.369385342518926,""
"Fbh1",2.4257755101906e-05,-0.877859122731866,0.08,0.222,0.42800383101803,"Not significant",0.368552343644435,""
"Rnf138",2.43708596871584e-05,-1.83045311284131,0.014,0.11,0.429999448320222,"Not significant",0.366532101610267,""
"Mpv17",2.44847363154019e-05,-1.75328525231885,0.024,0.127,0.432008687548952,"Not significant",0.364507519581768,""
"Shprh",2.45852771523009e-05,-0.475255022112951,0.151,0.341,0.433782630075198,"Not significant",0.362727842394499,""
"Pfdn1",2.4701157871114e-05,-1.74214469471365,0.033,0.141,0.435827229477935,"Not significant",0.360685639526693,""
"Slc41a2",2.47060432139761e-05,-0.835747412510819,0.099,0.248,0.435913426467394,"Not significant",0.360599754173645,""
"Sfxn1",2.4872389554272e-05,-0.737343708449825,0.137,0.301,0.438848441295574,"Not significant",0.357685439834298,""
"Coq9",2.49531578946363e-05,-2.27007625039842,0.014,0.108,0.440273517892964,"Not significant",0.35627743622759,""
"Cnot6",2.51758065294644e-05,-1.67733639908555,0.024,0.127,0.44420193040587,"Not significant",0.35241955843321,""
"Mid2",2.5224189548489e-05,-1.95973612978627,0.019,0.117,0.44505560039354,"Not significant",0.351585729612967,""
"Prkar2b",2.52267186262442e-05,-1.47911028887985,0.033,0.143,0.445100223441453,"Not significant",0.35154218770048,""
"Rprd1a",2.52432277424259e-05,-0.825435038074682,0.071,0.209,0.445391510287363,"Not significant",0.351258065412647,""
"Tulp3",2.52698444908987e-05,-0.816145276157423,0.118,0.272,0.445861136197417,"Not significant",0.350800381587581,""
"Gm1604a",2.5496127786403e-05,-0.745989686628327,0.16,0.336,0.449853678663295,"Not significant",0.346928723741783,""
"Ipo9",2.5513241387897e-05,-0.485804941453861,0.17,0.361,0.450155631048055,"Not significant",0.346637312846353,""
"Zfp941",2.56065644014277e-05,-0.991444989513611,0.08,0.218,0.45180222229879,"Not significant",0.345051637227679,""
"Ptpn9",2.56713533344723e-05,-0.797464700887396,0.137,0.299,0.452945358233429,"Not significant",0.343954186616386,""
"Wnk1",2.57498525446712e-05,-0.407579774148358,0.231,0.448,0.454330398298178,"Not significant",0.342628204476381,""
"Hnrnph2",2.5774211871613e-05,-2.40334278126189,0.019,0.116,0.45476019426274,"Not significant",0.342217556668148,""
"Utp20",2.57838245714026e-05,-1.14476802361879,0.057,0.182,0.454929800737827,"Not significant",0.342055613242401,""
"Tcaim",2.58123583790373e-05,-1.27339660869004,0.033,0.145,0.455433251239734,"Not significant",0.341575264667831,""
"Samd4b",2.58289387623887e-05,-1.46093027281483,0.038,0.15,0.455725795523586,"Not significant",0.341296388278454,""
"Grin3a",2.60641094635946e-05,-0.816611187687676,0.17,0.339,0.459875147375662,"Not significant",0.337360059982938,""
"Slc38a6",2.61545094566877e-05,-0.670229512591288,0.113,0.272,0.461470164853799,"Not significant",0.335856371903966,""
"Wnk3",2.62843684016991e-05,-0.817717124913845,0.085,0.226,0.46376139607958,"Not significant",0.333705405261174,""
"Cadps",2.65167222618943e-05,-0.336929139438574,0.896,0.901,0.467861047588863,"Not significant",0.329883111083542,""
"Atr",2.65211607149162e-05,-0.947136093006639,0.061,0.191,0.467939359653982,"Not significant",0.329810423579746,""
"Uso1",2.65215641513881e-05,-1.16832275159769,0.052,0.174,0.467946477887091,"Not significant",0.32980381719842,""
"Golga5",2.6542550280074e-05,-1.36961192394934,0.042,0.158,0.468316757141625,"Not significant",0.329460302171075,""
"Narf",2.65564583758704e-05,-1.65572994289617,0.028,0.134,0.468562151583858,"Not significant",0.329232794744883,""
"Yeats2",2.65992187548386e-05,-0.473093889704307,0.236,0.446,0.469316615710373,"Not significant",0.328534069730428,""
"Tada2a",2.6723153766604e-05,-0.996889128203739,0.066,0.196,0.471503325057961,"Not significant",0.326515240255958,""
"Cbx7",2.67716339343234e-05,-0.935488583539596,0.057,0.185,0.472358709137202,"Not significant",0.325728072907838,""
"Gfpt1",2.68019274897224e-05,-1.44516295695651,0.042,0.158,0.472893208628662,"Not significant",0.325236922982408,""
"Uggt2",2.68102865416158e-05,-0.268393152745864,0.321,0.578,0.47304069574027,"Not significant",0.325101495255489,""
"Fbxo22",2.70409699869215e-05,-1.90459457559381,0.028,0.132,0.477110874449244,"Not significant",0.321380684762643,""
"Snapc3",2.70565307669945e-05,-0.89719466371756,0.094,0.239,0.477385428852852,"Not significant",0.321130841017109,""
"Trap1",2.73242755964937e-05,-1.19723544351293,0.052,0.174,0.482109518624535,"Not significant",0.316854293853435,""
"Babam2",2.73405618866602e-05,-0.813250041308788,0.071,0.207,0.482396873928232,"Not significant",0.316595515213092,""
"Slc10a7",2.75029459243724e-05,-1.38912892204219,0.042,0.158,0.485261977889627,"Not significant",0.314023735966042,""
"S100pbp",2.7563590357014e-05,-1.47430930261603,0.047,0.163,0.486331988259155,"Not significant",0.313067163975837,""
"Mrps9",2.76536337201268e-05,-1.56380745345513,0.028,0.134,0.487920713357918,"Not significant",0.311650744695484,""
"Rin2",2.76976044233498e-05,-2.68220215425736,0.014,0.106,0.488696532445584,"Not significant",0.310960742504653,""
"Dcaf7",2.77367784548529e-05,-1.09723965353621,0.057,0.18,0.489387719057425,"Not significant",0.310346933252545,""
"Spin1",2.77645744910076e-05,-1.98358287174064,0.014,0.108,0.489878152319338,"Not significant",0.309911928861146,""
"Pip5k1a",2.79492979279234e-05,-0.514536659997177,0.156,0.334,0.493137412640281,"Not significant",0.307032047789552,""
"Cables1",2.817761457453e-05,-2.59200434528579,0.014,0.106,0.497165831553007,"Not significant",0.30349872652656,""
"Aida",2.82963981970351e-05,-2.5685453724618,0.014,0.106,0.499261649788486,"Not significant",0.301671792496667,""
"Thsd7b",2.83305929876395e-05,-1.06475734242092,0.189,0.363,0.499864982673911,"Not significant",0.301147286060293,""
"Ankrd16",2.841467511722e-05,-2.54469863050743,0.014,0.106,0.50134852776823,"Not significant",0.299860256045354,""
"Slc35a3",2.84386931359195e-05,-2.16136999095592,0.019,0.116,0.501772301690164,"Not significant",0.299493315829551,""
"Kidins220",2.84391041735495e-05,-0.3291225167924,0.373,0.659,0.501779554038107,"Not significant",0.299487038815216,""
"Comt",2.84685757132892e-05,-0.934789772656042,0.104,0.25,0.502299549885274,"Not significant",0.299037211015106,""
"Tsc2",2.84796608603188e-05,1.36219196510109,0.311,0.202,0.502495136219465,"Not significant",0.298868137535872,""
"Ccz1",2.86729240202381e-05,-1.09152600234181,0.071,0.202,0.505905071413081,"Not significant",0.295930967012312,""
"Thoc5",2.86809473602038e-05,-1.33083028147752,0.042,0.158,0.506046635223437,"Not significant",0.295809458482463,""
"Asb3",2.87914327593427e-05,-0.561186753295998,0.146,0.325,0.507996039605842,"Not significant",0.294139673511422,""
"Sumo1",2.88416024747776e-05,-1.3061865438077,0.038,0.149,0.508881234064975,"Not significant",0.293383564242247,""
"Rap1a",2.89651516962692e-05,-2.07521334720621,0.019,0.116,0.511061136528974,"Not significant",0.291527143565886,""
"Spast",2.91066463519702e-05,-0.850801758233109,0.094,0.24,0.513557668234163,"Not significant",0.289410781687631,""
"Snx25",2.9323018868556e-05,-0.934425041257086,0.052,0.176,0.517375344916803,"Not significant",0.286194271061511,""
"Zfp169",2.95011633268538e-05,-1.5359284208797,0.028,0.134,0.520518525739008,"Not significant",0.283563808933374,""
"Slc25a4",2.96835942130981e-05,-1.78981112834396,0.028,0.132,0.523737336295903,"Not significant",0.280886464919777,""
"Chmp3",2.97443065682531e-05,-1.51822641914624,0.028,0.134,0.524808545090259,"Not significant",0.279999102261714,""
"Eml5",2.99693831995469e-05,-0.396050288695532,0.363,0.637,0.528779797172806,"Not significant",0.276725146079108,""
"Maco1",3.01652336059091e-05,-0.472029562809197,0.179,0.367,0.532235381742659,"Not significant",0.273896257960438,""
"Mia3",3.01991106809736e-05,-0.5158175105203,0.193,0.385,0.532833108855098,"Not significant",0.273408797076634,""
"Syn3",3.02178359665463e-05,-0.279914442723676,0.387,0.675,0.533163497793744,"Not significant",0.273139591533886,""
"Agpat4",3.02274787969213e-05,-0.900842440732704,0.085,0.226,0.533333635892879,"Not significant",0.273001025688918,""
"Jak2",3.02924549262779e-05,-0.906296870824812,0.052,0.174,0.534480074719247,"Not significant",0.272068480540851,""
"Chga",3.04301030134124e-05,-0.571380673159935,0.118,0.277,0.536908737568648,"Not significant",0.27009952833892,""
"Scd2",3.05705577577354e-05,-1.65770759233662,0.019,0.117,0.539386921077483,"Not significant",0.268099588422139,""
"Gcc2",3.05837713030859e-05,-0.438276571371275,0.132,0.303,0.539620060871648,"Not significant",0.267911913403557,""
"Nap1l4",3.06017247137453e-05,-1.53728115894495,0.047,0.161,0.539936830849322,"Not significant",0.267657046877597,""
"Setd1b",3.06857779920498e-05,-1.41310174772422,0.033,0.141,0.541419866891727,"Not significant",0.266465812246436,""
"Papola",3.08384776655926e-05,-0.28417108028421,0.292,0.55,0.544114099931715,"Not significant",0.264310019833487,""
"Auts2",3.11225561196851e-05,-0.659568553637721,0.712,0.761,0.549126380175724,"Not significant",0.26032769216833,""
"Rasgrf2",3.11708477855602e-05,-0.617246712416594,0.259,0.462,0.549978438328424,"Not significant",0.259654336503105,""
"Ammecr1l",3.11966975226766e-05,-1.02685032564481,0.057,0.18,0.550434531090105,"Not significant",0.259294328785127,""
"Ubqln4",3.13832964756202e-05,-1.46223647031546,0.033,0.141,0.553726883015842,"Not significant",0.256704391311937,""
"Dennd2a",3.14734518013698e-05,-1.14476802361879,0.047,0.167,0.555317583583369,"Not significant",0.255458574803451,""
"Efcab14",3.15140233632874e-05,-2.00037811428362,0.024,0.123,0.556033428221843,"Not significant",0.254899098245493,""
"Eif2ak1",3.16752328042316e-05,-1.44516295695652,0.033,0.141,0.558877807597862,"Not significant",0.252683135381668,""
"Amz2",3.16752328042316e-05,-1.44516295695652,0.033,0.141,0.558877807597862,"Not significant",0.252683135381668,""
"Gabrg3",3.17604496479348e-05,-0.69260638754277,0.788,0.783,0.560381373588161,"Not significant",0.25151630857955,""
"Sltm",3.18077973700324e-05,0.588962826948112,0.684,0.688,0.561216776796852,"Not significant",0.250869354818673,""
"Prpf39",3.18520826284813e-05,-0.40444449574146,0.193,0.396,0.561998145896925,"Not significant",0.250265117221086,""
"Pak2",3.18860048644882e-05,-1.41541561356246,0.042,0.156,0.562596669829031,"Not significant",0.249802842876748,""
"Miga1",3.19222736735189e-05,-0.721224043086548,0.118,0.275,0.563236596695567,"Not significant",0.24930913435853,""
"Nudcd1",3.19486801144771e-05,-1.95973612978627,0.024,0.123,0.563702511939834,"Not significant",0.248950029896544,""
"Cry2",3.19954155455414e-05,-0.998555378676802,0.057,0.182,0.564527111885532,"Not significant",0.248315195883327,""
"4933434E20Rik",3.23520114091101e-05,-1.2544793953474,0.038,0.15,0.570818889302338,"Not significant",0.243501663826422,""
"Camkk2",3.23697883922749e-05,-1.10347160724772,0.061,0.187,0.571132546393298,"Not significant",0.243263090550919,""
"Clvs2",3.2404404534889e-05,-0.477011822995854,0.142,0.314,0.571743313613582,"Not significant",0.2427989056503,""
"Cstf2",3.24554429960575e-05,-0.344761059998677,0.16,0.345,0.572643836222439,"Not significant",0.242115409543873,""
"Clcn2",3.25208852519326e-05,-2.33824775304,0.019,0.114,0.573798499385098,"Not significant",0.241240591868381,""
"Cdc123",3.25670564942712e-05,-1.07076744217502,0.052,0.174,0.574613144784922,"Not significant",0.24062444335928,""
"Fbxw8",3.26623217125308e-05,-0.628984184511904,0.104,0.259,0.576294004295894,"Not significant",0.239355898750682,""
"Clmp",3.2667124487296e-05,-0.712575803300883,0.118,0.277,0.57637874445385,"Not significant",0.239292043362234,""
"Glb1",3.28717055755446e-05,-0.949752041213651,0.08,0.217,0.579988373174909,"Not significant",0.236580712500151,""
"Csmd3",3.3055526872988e-05,-0.419994021812051,0.972,0.93,0.583231716147,"Not significant",0.234158867109314,""
"Clta",3.33967691808791e-05,-1.17030311572593,0.033,0.143,0.589252595427431,"Not significant",0.229698495901935,""
"Rps8",3.3488442444775e-05,-1.01923714153493,0.047,0.165,0.590870078495609,"Not significant",0.228508002021124,""
"Grb14",3.3555275949069e-05,-1.61966068818865,0.024,0.125,0.592049288845373,"Not significant",0.227642136212034,""
"Sap130",3.37183235023197e-05,-0.86352081452697,0.085,0.222,0.594926099874929,"Not significant",0.225536977817315,""
"Gm26777",3.3951070788552e-05,-1.41310174772422,0.033,0.141,0.599032692993211,"Not significant",0.222549474774138,""
"Agpat5",3.40526754411175e-05,-2.07521334720621,0.014,0.106,0.600825405483077,"Not significant",0.221251711776464,""
"Qk",3.41122045328388e-05,-1.06779587564373,0.042,0.16,0.601875736777408,"Not significant",0.220493163895806,""
"Hfm1",3.41310796194899e-05,-1.82763259377893,0.019,0.116,0.602208768806279,"Not significant",0.22025292498325,""
"Srgap2",3.4293556833541e-05,-0.401510011537244,0.316,0.578,0.605075516770998,"Not significant",0.218190419611569,""
"Tex9",3.44020692677989e-05,-0.888351496549508,0.085,0.224,0.606990110161044,"Not significant",0.216818384933764,""
"Brox",3.47476401408736e-05,-1.40719510675749,0.024,0.125,0.613087362645574,"Not significant",0.212477635740091,""
"Cyhr1",3.47813854742631e-05,-0.985731338319217,0.061,0.187,0.613682765307898,"Not significant",0.212056073288953,""
"Ate1",3.49722792080018e-05,-0.797006629748164,0.08,0.22,0.617050894345984,"Not significant",0.209679013888861,""
"Ube4b",3.51182981417913e-05,-0.441116123893813,0.25,0.481,0.619627252413766,"Not significant",0.207869489375328,""
"Gramd4",3.51256682830734e-05,-0.730917439290392,0.075,0.211,0.619757291186547,"Not significant",0.207778355236289,""
"Usp16",3.51313901866706e-05,-0.888351496549507,0.09,0.229,0.619858248453615,"Not significant",0.207707615264595,""
"Arhgef18",3.51755717600938e-05,-1.12609451620839,0.047,0.163,0.620637788135094,"Not significant",0.207161785505096,""
"Phtf2",3.52680333813448e-05,-1.04219828997825,0.042,0.158,0.622269180980448,"Not significant",0.206021707711609,""
"Cmtm4",3.53209190633795e-05,-1.70389722535668,0.019,0.116,0.623202295954267,"Not significant",0.205370955338008,""
"Ifnar1",3.53213551356167e-05,-1.55534587470694,0.019,0.116,0.623209990012821,"Not significant",0.205365593569336,""
"Tmem260",3.53536690337584e-05,-1.16832275159769,0.047,0.165,0.623780136431634,"Not significant",0.204968458972084,""
"Rnaseh2b",3.55515204464327e-05,-2.5685453724618,0.014,0.105,0.627271026756858,"Not significant",0.202544771780717,""
"Mettl2",3.57009096745941e-05,-2.52045108426075,0.014,0.105,0.629906850298539,"Not significant",0.200723668629525,""
"Zfp612",3.57306304316397e-05,-0.45121200162932,0.156,0.339,0.630431243335851,"Not significant",0.200362271926933,""
"Birc2",3.5750958968069e-05,-1.49578903002648,0.038,0.147,0.630789920032609,"Not significant",0.200115255275273,""
"Mosmo",3.58659137161904e-05,-2.09723965353621,0.019,0.114,0.632818181608463,"Not significant",0.198721051541364,""
"Smc3",3.5948701190994e-05,-0.546385007135316,0.146,0.317,0.634278883813899,"Not significant",0.197719746738677,""
"Ino80dos",3.61657211509701e-05,-1.24267009305777,0.075,0.204,0.638107983987716,"Not significant",0.195105821464246,""
"Pank1",3.61810922417342e-05,-1.51227715281505,0.038,0.147,0.638379191513158,"Not significant",0.194921277607037,""
"Dcun1d2",3.62992995073954e-05,-0.900842440732704,0.066,0.194,0.640464840508484,"Not significant",0.193504706656641,""
"Zwint",3.6325287592038e-05,-0.488060915394229,0.165,0.36,0.640923374273919,"Not significant",0.193193889543923,""
"Gm4924",3.64637670732411e-05,-0.678071905112638,0.151,0.317,0.643366706240266,"Not significant",0.191541417276537,""
"Gpm6b",3.65330272726316e-05,-1.09032023959642,0.052,0.172,0.644588733198312,"Not significant",0.190717289814322,""
"Abcd3",3.65887917460321e-05,-1.04380039457475,0.057,0.18,0.645572641566991,"Not significant",0.190054882666792,""
"Tmem67",3.66233473997677e-05,-1.23772087708604,0.047,0.163,0.646182341521502,"Not significant",0.189644914291999,""
"Adam22",3.66707858492016e-05,-0.203230349224422,0.396,0.699,0.647019345523314,"Not significant",0.189082733970525,""
"Bsdc1",3.66755325098072e-05,-1.33824775304,0.052,0.169,0.647103095603038,"Not significant",0.189026522600754,""
"Anxa7",3.6689176599157e-05,-1.2898847314786,0.038,0.149,0.647343831915527,"Not significant",0.188864985729538,""
"Tbc1d4",3.67424782958925e-05,-1.4886645955931,0.042,0.154,0.648284287052727,"Not significant",0.188234504587123,""
"Gtpbp4",3.67485246951189e-05,-0.648076370352738,0.075,0.211,0.648390969720678,"Not significant",0.188163042293278,""
"Patz1",3.67755595139358e-05,-1.04380039457475,0.057,0.18,0.648867972063883,"Not significant",0.187843661962686,""
"BC052040",3.68743692851506e-05,-1.51822641914624,0.028,0.13,0.650611371667197,"Not significant",0.186678350200871,""
"Ier3ip1",3.70479485861124e-05,-1.03990647847026,0.066,0.193,0.653674004853367,"Not significant",0.18463878560654,""
"Lclat1",3.72375117785336e-05,-0.669286266372079,0.09,0.237,0.657018657820448,"Not significant",0.182422297299564,""
"Fbxw7",3.74961553758113e-05,-0.971231768624102,0.066,0.194,0.661582165450814,"Not significant",0.179416210757046,""
"Bzw2",3.75522873833226e-05,-0.762503782348225,0.104,0.25,0.662572558591343,"Not significant",0.178766555020834,""
"Got2",3.78116932889854e-05,-1.25929641164518,0.028,0.134,0.667149516390859,"Not significant",0.175776824454229,""
"Adamts16",3.80763179409936e-05,-1.39583524459295,0.052,0.169,0.671818553750891,"Not significant",0.172748006328884,""
"Btbd10",3.83423087312052e-05,-2.36027405937,0.014,0.105,0.676511695253385,"Not significant",0.169724691098722,""
"Mapk14",3.85010853983253e-05,-0.576407490234767,0.151,0.319,0.679313150768052,"Not significant",0.167929977856328,""
"Gm16083",3.85049606414522e-05,-0.674333910924025,0.085,0.226,0.679381525557783,"Not significant",0.167886267088304,""
"Ank1",3.85123366741683e-05,-0.373518565879492,0.25,0.47,0.679511668279025,"Not significant",0.167803081351376,""
"Tox2",3.85798999822456e-05,-0.52655128379717,0.165,0.339,0.680703755286741,"Not significant",0.167041853485587,""
"Pex1",3.86110826551756e-05,-0.688434107968879,0.085,0.224,0.681253942367918,"Not significant",0.166690971476874,""
"Resp18",3.86267954916744e-05,-0.637808034898911,0.16,0.334,0.681531179655103,"Not significant",0.166514270654833,""
"Tnfrsf21",3.86783427335998e-05,-2.31587994001155,0.014,0.105,0.682440679191635,"Not significant",0.165935093473151,""
"Fbxo8",3.87443802486e-05,-2.29315986351146,0.014,0.105,0.683605845106298,"Not significant",0.165194232542057,""
"Pafah1b2",3.87443802486e-05,-2.29315986351146,0.014,0.105,0.683605845106298,"Not significant",0.165194232542057,""
"Zfp869",3.87457439347933e-05,-1.38782978189056,0.028,0.132,0.683629905985493,"Not significant",0.16517894694547,""
"Diaph2",3.8857424814864e-05,-0.697790139727143,0.137,0.295,0.685600403433461,"Not significant",0.163928935529324,""
"Mark3",3.88736475276359e-05,-0.48671544640102,0.217,0.429,0.685886636977608,"Not significant",0.163747658350757,""
"Kat7",3.89199463888861e-05,-1.67343194462963,0.033,0.138,0.686703534085506,"Not significant",0.163230717525142,""
"Ddx47",3.90596100544705e-05,-1.63780803489891,0.024,0.123,0.689167759801077,"Not significant",0.161675047631427,""
"Prepl",3.90890679110936e-05,-0.463778635123862,0.137,0.303,0.689687514223336,"Not significant",0.161347636201852,""
"Ccdc6",3.92451084566297e-05,-2.22277053562007,0.014,0.105,0.692440693608774,"Not significant",0.159617417269171,""
"Vcl",3.92451084566297e-05,-2.22277053562007,0.014,0.105,0.692440693608774,"Not significant",0.159617417269171,""
"Rbl2",3.9306650866775e-05,-1.91791595409165,0.019,0.114,0.693526547893378,"Not significant",0.158936909669394,""
"Serp2",3.9488017256121e-05,-1.3281235357663,0.024,0.125,0.696726576467,"Not significant",0.156937623091339,""
"Ildr2",3.97127780648658e-05,-0.630576465667835,0.137,0.303,0.700692256176492,"Not significant",0.154472682161629,""
"Pou2f2",3.97915842018779e-05,-0.445162956956515,0.264,0.481,0.702082711657933,"Not significant",0.153611721060188,""
"Hacd1",3.98505032472034e-05,-0.472384425691539,0.189,0.38,0.703122279293656,"Not significant",0.152969140692153,""
"Eea1",3.98507425466793e-05,-0.39198291909734,0.184,0.376,0.70312650149361,"Not significant",0.152966532792091,""
"Agap2",3.99846577022398e-05,1.23518668836577,0.363,0.272,0.705489300498319,"Not significant",0.151509568401165,""
"Fntb",4.00964718909446e-05,-2.40334278126189,0.019,0.112,0.707462150043827,"Not significant",0.150296790385756,""
"Cdc42bpa",4.01115972311556e-05,-0.335298460617535,0.467,0.725,0.70772902154651,"Not significant",0.150132995098316,""
"Tspan13",4.02258638992058e-05,-1.69091937135847,0.024,0.123,0.709745142637586,"Not significant",0.148897571021776,""
"Zfp40",4.04026640215812e-05,-1.34675925289552,0.028,0.132,0.712864603996778,"Not significant",0.146992948859062,""
"Trim8",4.05489572132832e-05,-0.986957598521298,0.052,0.172,0.71544580107117,"Not significant",0.145423260838196,""
"Dcc",4.05753810809243e-05,-0.769670962198182,0.901,0.815,0.715912023791829,"Not significant",0.145140343515129,""
"Tmem161b",4.06004782948061e-05,-1.36363307145992,0.038,0.147,0.716354839033559,"Not significant",0.144871801070833,""
"Med1",4.07379232228484e-05,-1.13605890242674,0.057,0.178,0.718779917343937,"Not significant",0.14340406554825,""
"Nup133",4.07774656552307e-05,-2.31587994001155,0.019,0.112,0.719477604020891,"Not significant",0.142982720284048,""
"March6",4.0877257285348e-05,-0.898768112494846,0.094,0.233,0.72123832754268,"Not significant",0.141921202362832,""
"Plpbp",4.09066382922955e-05,-0.974091422763343,0.052,0.171,0.721756726029262,"Not significant",0.141609160251145,""
"Dock3",4.10844118551939e-05,-0.371346216868946,0.632,0.82,0.724893362773042,"Not significant",0.139725876691743,""
"Xndc1",4.11927888933715e-05,-1.61966068818865,0.028,0.13,0.726805567234647,"Not significant",0.138581754712893,""
"Zkscan3",4.12191013226509e-05,-0.882920532735442,0.075,0.209,0.727269823736853,"Not significant",0.138304432030454,""
"Dhx40",4.15065410248215e-05,-1.33824775304,0.033,0.139,0.73234140984195,"Not significant",0.135286408226393,""
"Lpin1",4.15579730743664e-05,-0.839441896068561,0.085,0.222,0.733248876924121,"Not significant",0.134748593531223,""
"Sept7",4.1837432773196e-05,-0.529659231043288,0.113,0.268,0.73817966385027,"Not significant",0.131837923376699,""
"Gm12905",4.2041473923738e-05,-2.11893472463553,0.014,0.105,0.741779765910434,"Not significant",0.12972501742598,""
"Rhobtb2",4.2245666371327e-05,-1.31963207487266,0.028,0.132,0.745382537455694,"Not significant",0.127620785952273,""
"Atg7",4.22973788791562e-05,-1.58776735239932,0.033,0.138,0.746294952943832,"Not significant",0.127089495423763,""
"Txnl1",4.23715904498138e-05,-2.07521334720621,0.014,0.105,0.747604341896514,"Not significant",0.126328185013616,""
"Btbd3",4.24225724475108e-05,-1.8857355483425,0.024,0.121,0.748503868263881,"Not significant",0.125805950883632,""
"Ccdc112",4.26198076724319e-05,-0.796237397503393,0.071,0.204,0.751983886572389,"Not significant",0.123791465322815,""
"Prkag2",4.26218536186009e-05,-0.675562956894329,0.179,0.354,0.752019985246593,"Not significant",0.123770617696943,""
"Rnf8",4.2650003019106e-05,-0.646370048402335,0.108,0.257,0.752516653269106,"Not significant",0.123483884647274,""
"Prmt7",4.27622324626088e-05,-0.654486776045541,0.123,0.277,0.75449682957027,"Not significant",0.122342580809571,""
"Orc2",4.31210818711312e-05,-1.07319417956956,0.066,0.189,0.760828368534238,"Not significant",0.11871330250047,""
"Fam169a",4.31304054333891e-05,-0.948148155511062,0.066,0.194,0.760992873466718,"Not significant",0.118619410284055,""
"mt-Nd3",4.31402417743234e-05,-0.791378423490921,0.146,0.308,0.761166425866163,"Not significant",0.118520376168822,""
"Erc2",4.32424078978306e-05,-0.395565430670168,0.797,0.855,0.762969044949324,"Not significant",0.117493081809743,""
"Pim2",4.38941631115652e-05,-1.51822641914624,0.033,0.138,0.774468613940456,"Not significant",0.110996177735201,""
"Uhrf2",4.39220451052992e-05,-0.807733036341223,0.085,0.222,0.774960563837899,"Not significant",0.11072039729157,""
"Pcsk2",4.39970044224495e-05,-0.804586481024359,0.217,0.394,0.776283146029699,"Not significant",0.10997984275035,""
"Acat1",4.40122407908669e-05,-0.43926235551683,0.165,0.349,0.776551976514056,"Not significant",0.109829470575745,""
"Rabac1",4.42067364262348e-05,-1.3061865438077,0.038,0.147,0.779983657504486,"Not significant",0.107914496706925,""
"Clpp",4.42135907486283e-05,-1.01631965815264,0.08,0.211,0.780104595168798,"Not significant",0.107847163900232,""
"Mei4",4.42730049005766e-05,-1.39523773162483,0.047,0.16,0.781152898465774,"Not significant",0.107263951448074,""
"Rnf144a",4.44498352159682e-05,-2.54469863050743,0.014,0.103,0.784272892550543,"Not significant",0.105532795597035,""
"Chst1",4.45909057812249e-05,-0.565457190674226,0.108,0.262,0.786761941603931,"Not significant",0.104156656570657,""
"Tkt",4.45965362591586e-05,-1.27007625039842,0.042,0.154,0.786861285756594,"Not significant",0.10410182182163,""
"Oip5os1",4.46390956047329e-05,-2.52045108426075,0.014,0.103,0.787612202849908,"Not significant",0.103687563751132,""
"Otud4",4.46543345152702e-05,-0.923210253761159,0.066,0.193,0.787881078187427,"Not significant",0.103539329445161,""
"Phldb1",4.47650389971506e-05,-0.65886965042674,0.085,0.228,0.789834348065726,"Not significant",0.102463983728055,""
"Cnpy3",4.48276478473263e-05,-2.49578903002648,0.014,0.103,0.790939018618226,"Not significant",0.101856999307039,""
"Sptb",4.49015484041999e-05,-0.959736129786273,0.057,0.18,0.792242920043704,"Not significant",0.10114163323541,""
"Tmem80",4.49036290712171e-05,-1.46377863512386,0.033,0.138,0.792279631332555,"Not significant",0.101121509179541,""
"Atad5",4.49203130363942e-05,-1.41310174772422,0.042,0.152,0.79257400321414,"Not significant",0.10096017682369,""
"Vapa",4.50256105703232e-05,-1.25929641164518,0.033,0.139,0.794431872902783,"Not significant",0.0999433401066838,""
"Calb1",4.51555183122981e-05,-1.60743438585539,0.028,0.13,0.796723965102187,"Not significant",0.0986921192532807,""
"Mfsd14a",4.5377606120126e-05,-2.03012545767767,0.019,0.112,0.800642482383504,"Not significant",0.0965613697951819,""
"Arel1",4.54313191059941e-05,-1.39679993539512,0.042,0.152,0.80159019430616,"Not significant",0.0960476040825842,""
"Hbs1l",4.55740296316178e-05,-0.891564627144694,0.075,0.207,0.804108178820265,"Not significant",0.0946855205248232,""
"A230057D06Rik",4.6197745606329e-05,-0.246769854914843,0.986,0.963,0.815113023478069,"Not significant",0.0887821678617405,""
"Gdpd2",4.63089541367613e-05,-1.16435384939474,0.066,0.189,0.817075186789016,"Not significant",0.0877379781001783,""
"Pak1",4.67612874655323e-05,-0.907268709892137,0.09,0.224,0.825056156041851,"Not significant",0.0835164909299415,""
"Bbs4",4.73574199977865e-05,-0.757106963271255,0.075,0.211,0.835574318440946,"Not significant",0.0780149166222971,""
"Cxadr",4.75018032953044e-05,-0.945236560091158,0.052,0.171,0.83812181734235,"Not significant",0.0766928539775155,""
"Thrb",4.75478960513895e-05,-0.796237397503394,0.142,0.303,0.838935077930716,"Not significant",0.0762716463076288,""
"B130024G19Rik",4.76551758159427e-05,-2.19239688657655,0.024,0.119,0.840827922096493,"Not significant",0.075292874749698,""
"Zc3h15",4.79357972520162e-05,-0.557637686214927,0.085,0.222,0.845779206714574,"Not significant",0.0727429960868785,""
"Ppp4r2",4.81813790772653e-05,-1.09032023959642,0.052,0.169,0.850112252439268,"Not significant",0.0705237244078326,""
"Fbxo28",4.82630207193413e-05,-1.15718219399249,0.033,0.139,0.851552737572057,"Not significant",0.0697884505465999,""
"Cnot7",4.83366441432214e-05,-1.65572994289617,0.033,0.136,0.852851749262998,"Not significant",0.0691264554358212,""
"Ptpra",4.84005449686897e-05,-0.541948019491395,0.175,0.354,0.853979215427561,"Not significant",0.0685526992582612,""
"Bbs1",4.85324192254638e-05,-2.09723965353621,0.014,0.103,0.856306004814083,"Not significant",0.0673710104936012,""
"Pip4k2b",4.8632194604035e-05,-1.15438356063982,0.052,0.169,0.858066441593594,"Not significant",0.0664790826637856,""
"Cul3",4.87836985731981e-05,-1.63780803489891,0.033,0.136,0.860739577625507,"Not significant",0.0651282273013426,""
"Bckdha",4.88255358164379e-05,-1.98020023234599,0.024,0.119,0.86147775394523,"Not significant",0.0647559329153988,""
"Clptm1l",4.88791864542845e-05,-2.24661727757443,0.014,0.103,0.862424365799397,"Not significant",0.0642789820010985,""
"Plekhh2",4.89141090746396e-05,-1.91791595409165,0.019,0.112,0.863040540512942,"Not significant",0.0639688032331881,""
"Opa1",4.93171980332185e-05,-0.619660688188651,0.108,0.259,0.870152642098106,"Not significant",0.0604045567996129,""
"Kdm5b",4.96770013186914e-05,-0.448235791006138,0.16,0.339,0.876501011266992,"Not significant",0.0572475785006816,""
"Rsf1",4.97979505936767e-05,-0.37070396475607,0.17,0.363,0.878635040274832,"Not significant",0.0561914809084467,""
"Galntl6",5.00619354882991e-05,-1.07106929279666,0.896,0.804,0.883292789755549,"Not significant",0.0538953146578056,""
"Psmd11",5.02556816181954e-05,-0.442257225781104,0.175,0.361,0.886711246471439,"Not significant",0.0522177831902609,""
"Arsb",5.04000236029718e-05,-0.797006629748164,0.071,0.2,0.889258016450835,"Not significant",0.0509722110624301,""
"Gan",5.08089688986494e-05,-2.33824775304,0.019,0.11,0.89647344724777,"Not significant",0.0474625693305221,""
"Maml2",5.08936437129482e-05,-0.943153245590669,0.09,0.224,0.897967449671257,"Not significant",0.0467394057429061,""
"Mtch2",5.1101879528597e-05,-1.2898847314786,0.042,0.152,0.901641562402565,"Not significant",0.0449660771016401,""
"Ivns1abp",5.13449753759101e-05,-1.03834596448264,0.061,0.185,0.905930745532558,"Not significant",0.0429050009795329,""
"Cltc",5.14389930017357e-05,-0.491418547917388,0.156,0.321,0.907589592522625,"Not significant",0.0421104928839609,""
"Atp2b3",5.16165252398204e-05,-0.715810546900184,0.137,0.294,0.910721971331391,"Not significant",0.0406141858652676,""
"Sumf2",5.16174868664327e-05,-1.46377863512386,0.028,0.128,0.910738938271339,"Not significant",0.0406060949440122,""
"Ptcd3",5.1858706427057e-05,-1.22277053562007,0.061,0.18,0.914995016198993,"Not significant",0.0385812714452137,""
"Dennd5a",5.25784256395992e-05,-0.692255818921287,0.108,0.257,0.927693741985088,"Not significant",0.0325953730462816,""
"Ift46",5.26427704383493e-05,-1.5253333056405,0.028,0.128,0.928829041614235,"Not significant",0.0320642140106249,""
"Stk3",5.27792387742342e-05,-0.614091965925103,0.113,0.262,0.931236888932589,"Not significant",0.03093982871808,""
"Evi5",5.28410043643924e-05,-0.615781728568912,0.08,0.218,0.93232668100534,"Not significant",0.0304318871107164,""
"Stk32a",5.2912978038763e-05,-1.86487694344483,0.028,0.127,0.933596584515934,"Not significant",0.0298407457893746,""
"Esf1",5.29710752507987e-05,-0.380311812606547,0.113,0.273,0.934621651725093,"Not significant",0.0293641621991313,""
"Snrpn",5.32832987122654e-05,-0.687656584349472,0.179,0.349,0.940130522479211,"Not significant",0.0268118471903272,""
"Man1a2",5.33411739687424e-05,-0.885735548342496,0.08,0.213,0.94115167350449,"Not significant",0.0263403811870142,""
"Vps45",5.34537804005783e-05,-0.945236560091158,0.052,0.171,0.943138501387804,"Not significant",0.025424525744482,""
"Zmym5",5.38114078519721e-05,-0.569992650671339,0.132,0.294,0.949448480140196,"Not significant",0.0225285963802245,""
"Zfp239",5.39719398598672e-05,-1.80773303634122,0.024,0.119,0.952280906887498,"Not significant",0.0212349231323669,""
"Xpo6",5.43048223244602e-05,-0.672741825008298,0.146,0.306,0.958154285092776,"Not significant",0.0185645537925943,""
"Palm",5.43115771824923e-05,-0.732965267939251,0.09,0.228,0.958273467807894,"Not significant",0.0185105362117048,""
"Gtf2i",5.43850841833161e-05,-0.4110873284532,0.34,0.589,0.95957042533043,"Not significant",0.0179231457747873,""
"Pkn2",5.46807100311399e-05,-0.582312922307207,0.146,0.314,0.964786447789432,"Not significant",0.0155688056305454,""
"B4galt6",5.48611935231094e-05,-1.66017584792737,0.019,0.112,0.967970898521743,"Not significant",0.0141376993046297,""
"Zfp711",5.49085275248178e-05,-1.51227715281505,0.019,0.112,0.968806059647884,"Not significant",0.01376315344943,""
"Myo1b",5.53468384409949e-05,-1.80773303634122,0.028,0.127,0.976539617452914,"Not significant",0.0103101330293031,""
"Slf2",5.55316410330625e-05,-0.400768837598061,0.236,0.448,0.979800274387355,"Not significant",0.00886244325803325,""
"Shoc2",5.56445822125963e-05,-1.44516295695652,0.033,0.136,0.981793008559049,"Not significant",0.007980064877254,""
"Add3",5.56926281346504e-05,-1.04809200420712,0.052,0.169,0.982640730807771,"Not significant",0.00760523816736605,""
"Ptpn13",5.57764208248555e-05,-2.52045108426075,0.014,0.101,0.984119169033751,"Not significant",0.0069523087636604,""
"Pus10",5.58290892464871e-05,-1.12020080197952,0.047,0.16,0.985048450665018,"Not significant",0.0065424077369363,""
"Nek4",5.584089459273e-05,-0.959736129786273,0.075,0.204,0.985256744194128,"Not significant",0.00645058365721328,""
"Cdc7",5.60592535070214e-05,-1.19239688657655,0.047,0.16,0.989109468877886,"Not significant",0.00475564055783756,""
"Tapt1",5.61066055568112e-05,-2.05284553417775,0.019,0.11,0.989944948444377,"Not significant",0.00438895616164379,""
"Armcx1",5.62526904931915e-05,-2.47069804906365,0.014,0.101,0.99252247106187,"Not significant",0.0032596518719529,""
"Psmd12",5.67343180802048e-05,-0.889346801894876,0.052,0.169,1,"Not significant",0,""
"Nap1l5",5.71614190228727e-05,-0.474309302616031,0.16,0.338,1,"Not significant",0,""
"Nsd1",5.71614920993803e-05,-0.207663643229858,0.462,0.749,1,"Not significant",0,""
"Wwox",5.74453517094216e-05,-0.522859877971496,0.599,0.739,1,"Not significant",0,""
"Abce1",5.76459249005052e-05,-1.4263039297052,0.028,0.128,1,"Not significant",0,""
"Htr7",5.77777003920506e-05,-1.19852298937339,0.061,0.18,1,"Not significant",0,""
"G2e3",5.83430418245032e-05,-1.69670172395248,0.024,0.119,1,"Not significant",0,""
"Syt14",5.8408754974495e-05,-0.606099175171572,0.118,0.27,1,"Not significant",0,""
"Ap3d1",5.86860298705309e-05,0.940895475350563,0.472,0.418,1,"Not significant",0,""
"Psme4",5.89559994278017e-05,-0.390556626306044,0.226,0.437,1,"Not significant",0,""
"Rab6a",5.92472003380141e-05,-1.63780803489891,0.028,0.127,1,"Not significant",0,""
"Gnb5",5.95802284000635e-05,-1.20766364322986,0.042,0.152,1,"Not significant",0,""
"8030462N17Rik",5.95841947501638e-05,-1.63780803489891,0.024,0.119,1,"Not significant",0,""
"Pdcd4",5.98202481144968e-05,-0.832186080065762,0.071,0.198,1,"Not significant",0,""
"C130071C03Rik",6.02041688783216e-05,-1.52857896514415,0.042,0.149,1,"Not significant",0,""
"Casc3",6.03532279706005e-05,-0.66675940859504,0.094,0.237,1,"Not significant",0,""
"Eif3j1",6.04708493903184e-05,-1.3281235357663,0.024,0.119,1,"Not significant",0,""
"Dnajc1",6.05275358701177e-05,-0.0354003997183451,0.184,0.383,1,"Not significant",0,""
"Dop1b",6.05343473677051e-05,-0.391647447629513,0.226,0.433,1,"Not significant",0,""
"Alkbh1",6.0845001954031e-05,-1.27007625039842,0.047,0.158,1,"Not significant",0,""
"Lmbrd2",6.08568485463558e-05,-1.14560267509761,0.042,0.15,1,"Not significant",0,""
"Azin1",6.10445930904672e-05,-2.22277053562007,0.014,0.101,1,"Not significant",0,""
"Zfp799",6.11152594791786e-05,-1.05284553417775,0.061,0.182,1,"Not significant",0,""
"Tor1aip2",6.15736143882914e-05,-1.85282092586976,0.019,0.11,1,"Not significant",0,""
"Ap1ar",6.16222842812977e-05,-1.9354885835396,0.014,0.101,1,"Not significant",0,""
"Abcc5",6.17004565900477e-05,-0.296351668001174,0.354,0.62,1,"Not significant",0,""
"Rps6ka2",6.17296894154151e-05,-0.563807453455134,0.175,0.345,1,"Not significant",0,""
"Dhtkd1",6.17941757402679e-05,-0.971708771452349,0.061,0.182,1,"Not significant",0,""
"Rgs6",6.18257070897662e-05,-1.28519303615388,0.094,0.228,1,"Not significant",0,""
"Hif1a",6.18340311384684e-05,-2.14876995417629,0.014,0.101,1,"Not significant",0,""
"Esrra",6.21874066058262e-05,-2.44516295695651,0.019,0.108,1,"Not significant",0,""
"Spata5",6.23613431569613e-05,-1.14560267509761,0.042,0.152,1,"Not significant",0,""
"Picalm",6.25705245663004e-05,-0.892621933927736,0.061,0.183,1,"Not significant",0,""
"Pik3c2a",6.29161257794562e-05,-0.534430295053602,0.123,0.275,1,"Not significant",0,""
"Guf1",6.34345151405275e-05,-0.6285302213109,0.108,0.251,1,"Not significant",0,""
"Zxdc",6.3616989432526e-05,-2.29315986351146,0.019,0.108,1,"Not significant",0,""
"Ak2",6.3745388775883e-05,-1.56380745345513,0.028,0.127,1,"Not significant",0,""
"Stk32c",6.43317923567872e-05,-2.24661727757443,0.019,0.108,1,"Not significant",0,""
"Sesn1",6.44199454830062e-05,-0.773323005555392,0.09,0.228,1,"Not significant",0,""
"Ice2",6.44989761175073e-05,-1.35205355256503,0.052,0.163,1,"Not significant",0,""
"Vwa5b1",6.46391091852076e-05,-0.668570288669598,0.156,0.317,1,"Not significant",0,""
"Vps53",6.4649067246298e-05,-0.690919371358473,0.118,0.266,1,"Not significant",0,""
"Wasf1",6.47855790684437e-05,-1.5253333056405,0.028,0.127,1,"Not significant",0,""
"Luzp1",6.58794942022123e-05,-0.688434107968879,0.066,0.189,1,"Not significant",0,""
"Gpc5",6.65727232398207e-05,-1.15415392354568,0.193,0.349,1,"Not significant",0,""
"Exoc1",6.67766765932907e-05,-1.13257272664849,0.075,0.198,1,"Not significant",0,""
"Mindy2",6.68816709374011e-05,-1.3061865438077,0.038,0.143,1,"Not significant",0,""
"Slc12a5",6.69821923031058e-05,-0.350526082818439,0.278,0.519,1,"Not significant",0,""
"Ndufaf6",6.70285827569595e-05,-1.48215716443872,0.033,0.134,1,"Not significant",0,""
"Rock1",6.74352831640189e-05,-0.301721877014889,0.34,0.583,1,"Not significant",0,""
"Sergef",6.75751138951674e-05,-0.523165468957788,0.184,0.369,1,"Not significant",0,""
"Syp",6.77958354281133e-05,-0.481406477556344,0.179,0.363,1,"Not significant",0,""
"Cds1",6.79297212897893e-05,-1.59716605040156,0.024,0.117,1,"Not significant",0,""
"Epb41l2",6.8017848667816e-05,-2.16136999095592,0.019,0.108,1,"Not significant",0,""
"Dnajb14",6.8273667019945e-05,-1.22277053562007,0.042,0.15,1,"Not significant",0,""
"Pus7",6.84514803199756e-05,-0.87484723219976,0.08,0.209,1,"Not significant",0,""
"Exosc1",6.86869600665995e-05,-1.61508795839883,0.019,0.11,1,"Not significant",0,""
"Tiam1",6.88624748275577e-05,-0.360872812248855,0.16,0.343,1,"Not significant",0,""
"Rsbn1",6.92181536710743e-05,-0.596228931147512,0.118,0.27,1,"Not significant",0,""
"Gemin5",6.97838142114539e-05,-1.39269553706238,0.038,0.141,1,"Not significant",0,""
"Apba1",6.98635687298939e-05,-0.307432932689451,0.34,0.602,1,"Not significant",0,""
"Ubap1l",6.98695792100283e-05,-0.442792052493768,0.208,0.404,1,"Not significant",0,""
"St3gal3",7.01160517824966e-05,-0.496452185653369,0.184,0.367,1,"Not significant",0,""
"Pnkd",7.01698763789332e-05,-0.837745605407663,0.108,0.25,1,"Not significant",0,""
"A330102I10Rik",7.05713748584276e-05,-0.849858512013899,0.085,0.217,1,"Not significant",0,""
"Syvn1",7.06419151816237e-05,-2.07521334720621,0.024,0.116,1,"Not significant",0,""
"Snhg14",7.09140777187692e-05,0.313483759893854,0.995,0.985,1,"Not significant",0,""
"Larp4",7.11608342560372e-05,-0.672296411284201,0.075,0.206,1,"Not significant",0,""
"Clint1",7.19197814403345e-05,-0.637808034898911,0.113,0.262,1,"Not significant",0,""
"Hps5",7.19235324953349e-05,-1.16505503776378,0.057,0.171,1,"Not significant",0,""
"Ergic3",7.19995217330341e-05,-1.06230586342682,0.057,0.172,1,"Not significant",0,""
"Gtf2h2",7.21679501389141e-05,-0.794312520578901,0.057,0.178,1,"Not significant",0,""
"Fam20b",7.21794491305151e-05,-1.42788496552468,0.033,0.134,1,"Not significant",0,""
"Kansl2",7.25228795722794e-05,-1.36820097514163,0.028,0.127,1,"Not significant",0,""
"Zdhhc6",7.25773373259527e-05,-1.30077304762134,0.047,0.156,1,"Not significant",0,""
"Bbs5",7.27530317793665e-05,-0.91984340266276,0.057,0.174,1,"Not significant",0,""
"Abcb7",7.28516743545735e-05,-1.41039753879584,0.033,0.134,1,"Not significant",0,""
"Ctnnbip1",7.28619587419933e-05,-1.17970181372818,0.052,0.163,1,"Not significant",0,""
"Actr10",7.32068559085603e-05,-1.63780803489891,0.033,0.132,1,"Not significant",0,""
"Rtl4",7.35947922492731e-05,-0.524476089310531,0.34,0.543,1,"Not significant",0,""
"Got1",7.3972179135439e-05,-1.53397222391437,0.019,0.11,1,"Not significant",0,""
"Wwp2",7.41766440383783e-05,-0.722975418161588,0.104,0.244,1,"Not significant",0,""
"Vps4b",7.43793889774824e-05,-1.36363307145992,0.038,0.141,1,"Not significant",0,""
"Fgd4",7.45060342640144e-05,-0.411996093021315,0.203,0.404,1,"Not significant",0,""
"Zbtb4",7.45282369578954e-05,-0.677336399085548,0.094,0.233,1,"Not significant",0,""
"Zfp397",7.45350259362679e-05,-1.59716605040157,0.024,0.117,1,"Not significant",0,""
"Adarb2",7.4540979483947e-05,-0.0552711058518487,0.717,0.477,1,"Not significant",0,""
"Cops4",7.45975824252637e-05,-1.66334312700605,0.014,0.101,1,"Not significant",0,""
"Izumo4",7.47466596533848e-05,-0.756749107622418,0.09,0.226,1,"Not significant",0,""
"Usp31",7.48824938494383e-05,-1.98020023234599,0.024,0.116,1,"Not significant",0,""
"Pdia3",7.50265757590494e-05,-0.753285252318846,0.075,0.206,1,"Not significant",0,""
"Sh3bp5",7.50519614910426e-05,-1.57640749023477,0.024,0.117,1,"Not significant",0,""
"Ubn1",7.52525136541873e-05,-0.611812826365967,0.104,0.253,1,"Not significant",0,""
"Smchd1",7.56789664655969e-05,-0.346759252895521,0.17,0.358,1,"Not significant",0,""
"Mbd2",7.60866833048204e-05,-1.87484723219976,0.019,0.108,1,"Not significant",0,""
"Atf1",7.62677581351456e-05,-1.46223647031546,0.042,0.147,1,"Not significant",0,""
"Limch1",7.65191119080868e-05,-0.270076250398423,0.406,0.694,1,"Not significant",0,""
"Kcnq2",7.66284973346377e-05,-0.389880521455325,0.274,0.499,1,"Not significant",0,""
"Ythdf3",7.66603868928233e-05,-0.921601000899502,0.057,0.174,1,"Not significant",0,""
"Sgk1",7.68926182265449e-05,-1.19852298937339,0.061,0.176,1,"Not significant",0,""
"Cfap69",7.70654948167511e-05,-0.753285252318847,0.099,0.239,1,"Not significant",0,""
"Atl2",7.72025604896149e-05,-1.80773303634122,0.019,0.108,1,"Not significant",0,""
"Xpa",7.73396888494532e-05,-0.871605219507608,0.071,0.194,1,"Not significant",0,""
"Ppil4",7.73817813168474e-05,-0.722696932485424,0.094,0.229,1,"Not significant",0,""
"Cyp51",7.73923062467499e-05,-1.6012821588738,0.028,0.125,1,"Not significant",0,""
"Scamp5",7.75871858004811e-05,-1.02386646720599,0.061,0.18,1,"Not significant",0,""
"Gprasp2",7.76582953060131e-05,0.660533239670836,0.613,0.617,1,"Not significant",0,""
"Appl1",7.89642764369634e-05,-0.366846713293488,0.179,0.367,1,"Not significant",0,""
"Ankrd11",7.90401658529731e-05,0.685867722274719,0.642,0.683,1,"Not significant",0,""
"Fhit",7.91192800113569e-05,-1.21179941779906,0.066,0.183,1,"Not significant",0,""
"Dguok",7.91490366040842e-05,-2.31587994001155,0.019,0.106,1,"Not significant",0,""
"Nek10",7.952895109746e-05,-1.32230620917098,0.038,0.141,1,"Not significant",0,""
"Tasor2",7.97878910312555e-05,-0.610500688903175,0.108,0.253,1,"Not significant",0,""
"Ccdc93",7.99612703091813e-05,-0.836587899013408,0.052,0.169,1,"Not significant",0,""
"Rsrc2",8.01587851583522e-05,-0.539345396013223,0.193,0.376,1,"Not significant",0,""
"Hnrnpk",8.05916273782312e-05,-1.36961192394934,0.047,0.154,1,"Not significant",0,""
"Ndufaf5",8.0810024729287e-05,-1.1502580358357,0.047,0.156,1,"Not significant",0,""
"Nup153",8.09533737190002e-05,-1.48580494145386,0.028,0.125,1,"Not significant",0,""
"Ypel2",8.10841741823822e-05,-0.988305281983044,0.047,0.16,1,"Not significant",0,""
"Kif5c",8.17882817751945e-05,-0.337540722866141,0.335,0.582,1,"Not significant",0,""
"Erg28",8.18511721317341e-05,-1.84726140052786,0.024,0.116,1,"Not significant",0,""
"Lemd3",8.19165362170747e-05,-1.33824775304,0.047,0.154,1,"Not significant",0,""
"Rpgrip1l",8.19203491822276e-05,-0.719602126062558,0.075,0.204,1,"Not significant",0,""
"Aftph",8.192930067699e-05,-0.637808034898911,0.104,0.248,1,"Not significant",0,""
"Slc30a9",8.20621633883255e-05,-0.773323005555392,0.09,0.224,1,"Not significant",0,""
"Gm13481",8.21931089213631e-05,-1.6483772766091,0.038,0.139,1,"Not significant",0,""
"Xrcc6",8.30061872578731e-05,-1.42440439678972,0.024,0.117,1,"Not significant",0,""
"Hjurp",8.351221195587e-05,-0.398927490773894,0.189,0.376,1,"Not significant",0,""
"Slc16a2",8.41611705836739e-05,-1.74633249167708,0.024,0.116,1,"Not significant",0,""
"Osbpl1a",8.42455538046829e-05,-0.935488583539596,0.066,0.187,1,"Not significant",0,""
"Ptdss2",8.43269161765065e-05,-1.03773864178755,0.047,0.158,1,"Not significant",0,""
"Tacc1",8.45412539008404e-05,-0.613560488652233,0.127,0.275,1,"Not significant",0,""
"Tdp1",8.47418216966567e-05,-1.72527087614925,0.024,0.116,1,"Not significant",0,""
"Gpr89",8.48067429840198e-05,-0.895605792366557,0.066,0.187,1,"Not significant",0,""
"Tcea1",8.50096886064552e-05,-0.779163884144452,0.099,0.237,1,"Not significant",0,""
"Rnf170",8.50531663194573e-05,-1.12323486206915,0.038,0.141,1,"Not significant",0,""
"Fbxw11",8.52951678228922e-05,-1.34675925289552,0.042,0.147,1,"Not significant",0,""
"Oprk1",8.57918341982553e-05,-2.16136999095592,0.024,0.114,1,"Not significant",0,""
"Stk38",8.64885969859117e-05,-0.26266326274358,0.236,0.448,1,"Not significant",0,""
"Disp2",8.65336206474549e-05,-0.592004345285786,0.151,0.312,1,"Not significant",0,""
"Dhx9",8.67487067467384e-05,-1.12609451620839,0.052,0.163,1,"Not significant",0,""
"Jakmip1",8.72247601511222e-05,-0.621319912110342,0.123,0.27,1,"Not significant",0,""
"Kcmf1",8.73108850722378e-05,-0.682202154257364,0.113,0.259,1,"Not significant",0,""
"Scn3b",8.75127106814886e-05,-0.97341106668335,0.057,0.172,1,"Not significant",0,""
"Gabra5",8.76176928632384e-05,-0.602007313471064,0.118,0.266,1,"Not significant",0,""
"Ppp4r3a",8.76199372084631e-05,-0.626836917077907,0.08,0.211,1,"Not significant",0,""
"Nfe2l1",8.84441288912256e-05,-0.959736129786273,0.042,0.149,1,"Not significant",0,""
"Tmem169",8.85090856961856e-05,-1.95973612978627,0.019,0.106,1,"Not significant",0,""
"Tmcc1",8.86396187548997e-05,-0.237358071843113,0.316,0.567,1,"Not significant",0,""
"Tmem259",8.97213060022097e-05,-0.567418707007513,0.108,0.253,1,"Not significant",0,""
"Tmem189",9.01612924301442e-05,-0.516953640024525,0.118,0.266,1,"Not significant",0,""
"Fam214b",9.03668692021803e-05,-0.959736129786273,0.061,0.178,1,"Not significant",0,""
"Hdac3",9.06957208957583e-05,-0.663960322754879,0.113,0.255,1,"Not significant",0,""
"Scap",9.08869185729009e-05,-0.971708771452349,0.071,0.191,1,"Not significant",0,""
"Mtmr6",9.10580214798392e-05,-1.41310174772422,0.047,0.152,1,"Not significant",0,""
"Spcs2",9.13420088077768e-05,-1.59716605040156,0.028,0.123,1,"Not significant",0,""
"Ubr2",9.15653626355419e-05,-0.331476795062567,0.255,0.47,1,"Not significant",0,""
"Shc3",9.1565387955829e-05,-0.565915116417125,0.08,0.213,1,"Not significant",0,""
"Sec23a",9.21648843369866e-05,-1.2898847314786,0.042,0.147,1,"Not significant",0,""
"N4bp2",9.2219867904332e-05,-0.5236370149796,0.175,0.343,1,"Not significant",0,""
"Sms",9.24048346550902e-05,-0.445162956956515,0.146,0.308,1,"Not significant",0,""
"Chst11",9.24391305587203e-05,-0.565457190674226,0.113,0.261,1,"Not significant",0,""
"Pi4kb",9.2754177969164e-05,-0.983582871740641,0.075,0.196,1,"Not significant",0,""
"Morn1",9.32358938220579e-05,-0.91984340266276,0.061,0.178,1,"Not significant",0,""
"Eipr1",9.32908679752867e-05,-1.35662628235486,0.033,0.132,1,"Not significant",0,""
"Dcun1d5",9.33100561560065e-05,-1.5359284208797,0.038,0.138,1,"Not significant",0,""
"Thoc1",9.35773921367243e-05,-0.362700796764542,0.175,0.36,1,"Not significant",0,""
"Mia2",9.36431122460366e-05,-0.851932840251759,0.066,0.185,1,"Not significant",0,""
"Pyroxd1",9.43839324910044e-05,-0.913442477512338,0.042,0.149,1,"Not significant",0,""
"Dlk2",9.44341600003562e-05,-1.93897756961948,0.024,0.114,1,"Not significant",0,""
"Megf9",9.45559645502095e-05,-1.07390714970558,0.047,0.156,1,"Not significant",0,""
"Atrx",9.47220331093849e-05,0.394875774831809,0.92,0.831,1,"Not significant",0,""
"Sec11a",9.51892579816289e-05,-0.991444989513611,0.047,0.156,1,"Not significant",0,""
"Mier3",9.52361216797193e-05,-1.89654230329908,0.024,0.114,1,"Not significant",0,""
"Mterf3",9.53372694682118e-05,-1.83045311284131,0.019,0.106,1,"Not significant",0,""
"Abcg1",9.55941650170391e-05,-1.08406426478847,0.061,0.176,1,"Not significant",0,""
"Slc37a1",9.56325401605011e-05,-1.84726140052786,0.033,0.128,1,"Not significant",0,""
"Fnbp1",9.59488122294345e-05,-0.315240305755498,0.302,0.539,1,"Not significant",0,""
"Myt1",9.59682783342526e-05,-0.624387519136589,0.061,0.182,1,"Not significant",0,""
"Trappc11",9.68445802791714e-05,-1.00238046719477,0.057,0.171,1,"Not significant",0,""
"Rad52",9.72716049861004e-05,-1.73734370844983,0.019,0.106,1,"Not significant",0,""
"Ascc1",9.74283042255815e-05,-1.54469863050743,0.019,0.106,1,"Not significant",0,""
"Rpap2",9.74312445254251e-05,-1.54469863050743,0.028,0.123,1,"Not significant",0,""
"Gmeb1",9.8566593874543e-05,-1.07076744217502,0.057,0.169,1,"Not significant",0,""
"Tgs1",9.85878837004076e-05,-0.714623631949741,0.08,0.209,1,"Not significant",0,""
"Cdyl2",9.86618790918316e-05,-1.50570449889157,0.028,0.123,1,"Not significant",0,""
"Pccb",9.87490157897404e-05,-1.38782978189056,0.028,0.123,1,"Not significant",0,""
"Tmem19",9.90526680098724e-05,-0.931991139303369,0.047,0.158,1,"Not significant",0,""
"Scrn1",9.93211670013247e-05,-1.05734692641269,0.057,0.169,1,"Not significant",0,""
"Sec24a",9.93348316943703e-05,-0.526017209441354,0.146,0.306,1,"Not significant",0,""
"Washc2",9.95099997297463e-05,-0.507747494334538,0.142,0.297,1,"Not significant",0,""
"Zfand1",9.95191272473149e-05,-2.24661727757443,0.019,0.105,1,"Not significant",0,""
"Ints13",0.000100640771670576,-2.19852298937339,0.019,0.105,1,"Not significant",0,""
"Minar2",0.000101089817600593,-1.22277053562007,0.042,0.147,1,"Not significant",0,""
"Plekha5",0.000102121171139964,-0.420996645825762,0.373,0.62,1,"Not significant",0,""
"Ranbp3",0.000102231602063878,-0.690275454793047,0.071,0.196,1,"Not significant",0,""
"Epb41l5",0.00010223528576418,-1.20665087025679,0.042,0.147,1,"Not significant",0,""
"2410002F23Rik",0.00010230915076207,-1.22277053562007,0.033,0.132,1,"Not significant",0,""
"Rttn",0.00010245520015807,-1.78755515440359,0.024,0.114,1,"Not significant",0,""
"Nup98",0.000102721001811163,-0.717978383582894,0.099,0.233,1,"Not significant",0,""
"Spred1",0.000102746259460318,-1.40334278126189,0.024,0.116,1,"Not significant",0,""
"Tcte2",0.00010279258725639,-0.750508167648273,0.108,0.246,1,"Not significant",0,""
"Mpp5",0.000102796657850834,-1.22277053562007,0.047,0.154,1,"Not significant",0,""
"Nfrkb",0.000103383499906614,-1.09032023959642,0.057,0.169,1,"Not significant",0,""
"D930016D06Rik",0.000103681910371569,-1.05813983384727,0.047,0.154,1,"Not significant",0,""
"Coro2b",0.000104053387879925,-0.61271705393608,0.071,0.194,1,"Not significant",0,""
"Sema5a",0.0001041994889099,-1.80773303634122,0.033,0.128,1,"Not significant",0,""
"Hgsnat",0.000104256662128715,-1.00704184456463,0.047,0.156,1,"Not significant",0,""
"Ergic2",0.000104568797890989,-0.712354988263965,0.09,0.222,1,"Not significant",0,""
"Pigb",0.000104932919391571,-1.70389722535668,0.024,0.114,1,"Not significant",0,""
"Atp6ap2",0.000105266783881661,-1.15718219399249,0.042,0.147,1,"Not significant",0,""
"Fance",0.000105651412697975,-1.59200434528579,0.019,0.106,1,"Not significant",0,""
"Ei24",0.000106258282901783,-1.35662628235486,0.038,0.138,1,"Not significant",0,""
"Sema4g",0.000106358082186035,1.09425875985446,0.358,0.272,1,"Not significant",0,""
"Nipal2",0.000106401124860013,-0.158789909718245,0.255,0.477,1,"Not significant",0,""
"Tram1",0.000107002196081951,-2.11893472463553,0.024,0.112,1,"Not significant",0,""
"Garem1",0.000107396875698429,-1.15238120772867,0.066,0.18,1,"Not significant",0,""
"Prmt2",0.000107577869974581,-0.556194269345258,0.132,0.286,1,"Not significant",0,""
"Nob1",0.000108174477046047,-1.08259287757181,0.052,0.161,1,"Not significant",0,""
"Atp10a",0.000108839311363366,-1.80773303634122,0.019,0.105,1,"Not significant",0,""
"Ahi1",0.000109303304877177,0.266444552039883,0.995,0.98,1,"Not significant",0,""
"Iqsec2",0.000109732371783459,-0.381627300106179,0.151,0.319,1,"Not significant",0,""
"Nelfa",0.000109980817570702,-1.34830141770393,0.028,0.123,1,"Not significant",0,""
"Tmem138",0.000109983029623427,-1.24267009305777,0.028,0.123,1,"Not significant",0,""
"Gm14410",0.000110511161620221,-1.36363307145992,0.038,0.138,1,"Not significant",0,""
"Rpl30",0.000110676173588303,-1.2544793953474,0.047,0.152,1,"Not significant",0,""
"Slc30a5",0.000111411082299649,-1.14560267509761,0.042,0.147,1,"Not significant",0,""
"Prrc2b",0.00011154535296301,-0.363633071459916,0.255,0.473,1,"Not significant",0,""
"Snw1",0.000112367438512177,-1.59716605040156,0.028,0.121,1,"Not significant",0,""
"Ophn1",0.000112530216268168,-0.414429829416907,0.156,0.325,1,"Not significant",0,""
"Kmt5c",0.00011271002737634,-0.851932840251758,0.071,0.191,1,"Not significant",0,""
"Cdk12",0.000112770939845682,-0.333973097939677,0.236,0.444,1,"Not significant",0,""
"Alms1",0.000113118545307938,-0.66219219352587,0.127,0.273,1,"Not significant",0,""
"L3mbtl3",0.0001131294483966,-0.844258912366337,0.066,0.185,1,"Not significant",0,""
"Mgat4a",0.000113225909265549,-0.6930904704001,0.08,0.206,1,"Not significant",0,""
"Ptdss1",0.000113238406443018,-1.58266648070645,0.033,0.128,1,"Not significant",0,""
"Gm13629",0.000113263180197821,-2.05284553417775,0.033,0.127,1,"Not significant",0,""
"Usp49",0.000113370971458616,-0.930589784126757,0.052,0.163,1,"Not significant",0,""
"Msra",0.000114062002218405,-1.8857355483425,0.019,0.105,1,"Not significant",0,""
"Lingo1",0.000114869598180752,-0.596228931147511,0.132,0.279,1,"Not significant",0,""
"Terf1",0.000114998225657401,-1.56380745345513,0.033,0.128,1,"Not significant",0,""
"Enpp2",0.000115286287163496,-1.80773303634122,0.019,0.105,1,"Not significant",0,""
"Lias",0.000116030675389147,-0.916343534272893,0.08,0.204,1,"Not significant",0,""
"Mov10",0.000116384730098411,-1.5253333056405,0.033,0.128,1,"Not significant",0,""
"Gga2",0.000116485183658242,-0.948148155511061,0.08,0.202,1,"Not significant",0,""
"Stam2",0.000117733690525432,-1.36961192394934,0.047,0.15,1,"Not significant",0,""
"Tnrc18",0.0001187707802336,-0.279014646259686,0.217,0.428,1,"Not significant",0,""
"Babam1",0.00011907852482219,-1.78464942322818,0.019,0.105,1,"Not significant",0,""
"Yipf5",0.000119141639674681,-1.04719897103661,0.042,0.147,1,"Not significant",0,""
"Atp5l",0.00012013326596395,-2.36027405937,0.019,0.103,1,"Not significant",0,""
"Dhx35",0.000120166202113819,-1.83045311284131,0.024,0.112,1,"Not significant",0,""
"Gm15155",0.000120405436374009,-1.59557979950961,0.038,0.136,1,"Not significant",0,""
"Nrip1",0.000121434741034609,-1.51822641914624,0.033,0.128,1,"Not significant",0,""
"Acp2",0.000123076632873447,-1.46562705951623,0.028,0.121,1,"Not significant",0,""
"Mesd",0.000123636743037762,-2.24661727757443,0.019,0.103,1,"Not significant",0,""
"Dcp1b",0.000123797301414587,-0.945930330261243,0.061,0.174,1,"Not significant",0,""
"St6galnac3",0.00012417319741822,-0.783485490094545,0.108,0.242,1,"Not significant",0,""
"Dstyk",0.000124185442392099,-0.97341106668335,0.057,0.167,1,"Not significant",0,""
"Arntl",0.000124790143396205,-1.19034905792769,0.042,0.145,1,"Not significant",0,""
"Nphp1",0.000125039449088586,-2.19852298937339,0.019,0.103,1,"Not significant",0,""
"Mrpl33",0.00012518711395852,-1.22277053562007,0.038,0.138,1,"Not significant",0,""
"Bcl9",0.000125304181261221,-0.433449536392724,0.132,0.286,1,"Not significant",0,""
"Galnt18",0.000126356081078947,-0.82813924700306,0.104,0.237,1,"Not significant",0,""
"Pfas",0.000126442473010281,-2.14876995417629,0.019,0.103,1,"Not significant",0,""
"Rybp",0.000126584565918311,-1.28690087303978,0.024,0.114,1,"Not significant",0,""
"Nsun6",0.000127061161518647,-1.1852958302014,0.033,0.13,1,"Not significant",0,""
"Zfand5",0.000127061161518647,-1.1852958302014,0.033,0.13,1,"Not significant",0,""
"Smad4",0.000127269504565625,-1.26583925751195,0.024,0.114,1,"Not significant",0,""
"Mcm3ap",0.000128153697602203,-0.945930330261243,0.057,0.169,1,"Not significant",0,""
"Kcnmb2",0.000128388672656017,-1.58422699469407,0.057,0.163,1,"Not significant",0,""
"Med27",0.000128494116616771,-0.80130676718179,0.066,0.182,1,"Not significant",0,""
"Rnf13",0.000128854939820396,-1.38782978189056,0.033,0.128,1,"Not significant",0,""
"Rab5b",0.000128927587695204,-1.33824775304,0.024,0.114,1,"Not significant",0,""
"Eps15",0.000129383285222512,-1.14682168238677,0.033,0.13,1,"Not significant",0,""
"Dars",0.00013032289047607,-1.68220215425736,0.024,0.112,1,"Not significant",0,""
"Slc20a2",0.000130518010848606,-0.907897198266655,0.038,0.139,1,"Not significant",0,""
"Atcay",0.000130578343212752,-0.557465926581307,0.16,0.321,1,"Not significant",0,""
"Chgb",0.000130761481943494,-0.701938372318627,0.123,0.266,1,"Not significant",0,""
"Tcerg1l",0.000131099105365704,-0.80381798633784,0.094,0.224,1,"Not significant",0,""
"Hnrnpr",0.000131865904919052,-0.353354645430211,0.226,0.422,1,"Not significant",0,""
"Arpp21",0.000132561498031395,-0.579040626649037,0.222,0.394,1,"Not significant",0,""
"Dtx1",0.000132921749520437,-0.665288771321018,0.104,0.24,1,"Not significant",0,""
"Sap30bp",0.000133281820597229,-1.17696684600694,0.042,0.145,1,"Not significant",0,""
"Naa35",0.000134172050656398,-0.666004926729563,0.104,0.24,1,"Not significant",0,""
"Cers6",0.000134324282292807,-0.376721900854639,0.16,0.328,1,"Not significant",0,""
"Nbr1",0.000135991101453639,-0.665288771321018,0.113,0.253,1,"Not significant",0,""
"Gabbr1",0.000136022955765546,-0.233658851762803,0.264,0.499,1,"Not significant",0,""
"H3f3b",0.000136125260461737,-2.03012545767767,0.024,0.11,1,"Not significant",0,""
"Inpp5f",0.000136715055156325,-0.6285302213109,0.108,0.246,1,"Not significant",0,""
"Ppm1m",0.00013679885499223,-1.54469863050743,0.019,0.103,1,"Not significant",0,""
"Rnf24",0.000136900502091814,-1.30765943320658,0.028,0.121,1,"Not significant",0,""
"Clcn5",0.000137157612093196,-1.37477362906512,0.033,0.128,1,"Not significant",0,""
"Kctd1",0.000137295320372872,-1.63780803489891,0.028,0.119,1,"Not significant",0,""
"Aagab",0.000138110653828753,-1.59716605040156,0.028,0.119,1,"Not significant",0,""
"Clpx",0.000138429433712873,-1.03373671123005,0.061,0.172,1,"Not significant",0,""
"Kif3c",0.000138959218856824,-0.429814992623079,0.137,0.294,1,"Not significant",0,""
"Srrt",0.000139473681052671,1.04921547105826,0.401,0.332,1,"Not significant",0,""
"Efcab2",0.000140362851224064,-1.46562705951623,0.024,0.112,1,"Not significant",0,""
"Sh3pxd2b",0.00014118178271458,-1.93897756961948,0.028,0.117,1,"Not significant",0,""
"Tmx1",0.000141182140429537,-1.95973612978627,0.028,0.117,1,"Not significant",0,""
"9530059O14Rik",0.000141350718364822,-0.530892830982399,0.165,0.327,1,"Not significant",0,""
"Nim1k",0.000142120104248298,-1.06407278960101,0.042,0.145,1,"Not significant",0,""
"Slitrk5",0.000142440818177967,-0.800746606025116,0.057,0.167,1,"Not significant",0,""
"Acvr2b",0.000142543784178997,-0.84726140052786,0.104,0.233,1,"Not significant",0,""
"Traf3",0.00014336427613706,-0.248832832206263,0.269,0.486,1,"Not significant",0,""
"Tmem181a",0.00014415053622384,-0.325217804590884,0.179,0.36,1,"Not significant",0,""
"2700054A10Rik",0.000144512770350453,-0.988305281983044,0.09,0.213,1,"Not significant",0,""
"Abcb8",0.000144547338167513,-1.06779587564373,0.047,0.152,1,"Not significant",0,""
"Usp28",0.000145086716716247,-1.01923714153493,0.052,0.16,1,"Not significant",0,""
"Tent4b",0.000145187622690596,-0.72527087614925,0.108,0.242,1,"Not significant",0,""
"Schip1",0.000145747918948153,-0.954149694767694,0.321,0.49,1,"Not significant",0,""
"Phc2",0.000146309693154117,-0.414930755537099,0.278,0.495,1,"Not significant",0,""
"Map3k13",0.000147141530658222,-0.850801758233109,0.052,0.161,1,"Not significant",0,""
"Ubxn2a",0.000147309523752371,-1.78464942322818,0.019,0.103,1,"Not significant",0,""
"Mtf1",0.00014744487373419,-0.836587899013408,0.057,0.167,1,"Not significant",0,""
"Pcsk7",0.000147631931977963,-0.807733036341223,0.071,0.189,1,"Not significant",0,""
"Eps15l1",0.000148190938854255,-0.328565199642663,0.212,0.413,1,"Not significant",0,""
"Tsc22d4",0.000148417329237098,-1.83045311284131,0.024,0.11,1,"Not significant",0,""
"Dvl3",0.000148453984812198,-1.23871207948909,0.042,0.143,1,"Not significant",0,""
"Zfp810",0.000148526914175264,-0.669286266372078,0.09,0.218,1,"Not significant",0,""
"Vps13c",0.000148967784085409,-0.457726418420427,0.255,0.45,1,"Not significant",0,""
"Sdhb",0.00014925904006435,-1.00037811428362,0.052,0.16,1,"Not significant",0,""
"Aifm1",0.000150654209081242,-1.0871154362625,0.028,0.121,1,"Not significant",0,""
"Dus2",0.000150686925737585,-0.900842440732704,0.047,0.152,1,"Not significant",0,""
"Ccdc82",0.000150849790505968,-0.520451084260752,0.16,0.321,1,"Not significant",0,""
"Tubb3",0.000151247526268571,-1.14030837542809,0.075,0.189,1,"Not significant",0,""
"Gm26782",0.000151351684751483,-0.788367711474292,0.066,0.183,1,"Not significant",0,""
"Alg9",0.000151499841708396,-1.46562705951623,0.028,0.119,1,"Not significant",0,""
"Styx",0.000152072457205348,-1.3281235357663,0.028,0.119,1,"Not significant",0,""
"2610035D17Rik",0.000152155959958138,-0.603860702975573,0.104,0.244,1,"Not significant",0,""
"Fam171a1",0.000152163338336114,-0.710564377334225,0.08,0.204,1,"Not significant",0,""
"Fam91a1",0.000153935971300814,-1.42440439678972,0.028,0.119,1,"Not significant",0,""
"Zc3h12b",0.000154152911368044,-0.316952974676774,0.179,0.358,1,"Not significant",0,""
"Ankrd13a",0.00015422942186821,-0.675943163785682,0.071,0.189,1,"Not significant",0,""
"AI480526",0.000154253170511893,-0.571574336498824,0.099,0.235,1,"Not significant",0,""
"Mllt6",0.000154334884291862,-0.416593804759744,0.132,0.286,1,"Not significant",0,""
"Strn",0.000154357841560326,-2.22277053562007,0.019,0.101,1,"Not significant",0,""
"N4bp2l1",0.000154672676074538,-0.463129503485963,0.146,0.303,1,"Not significant",0,""
"Cul5",0.000154947621536172,-0.427388255228539,0.184,0.36,1,"Not significant",0,""
"P4ha1",0.000155101774371674,-1.78755515440359,0.024,0.11,1,"Not significant",0,""
"Srsf3",0.000155123358176168,-1.1852958302014,0.033,0.128,1,"Not significant",0,""
"Ppil6",0.000155233897567021,-2.19852298937339,0.019,0.101,1,"Not significant",0,""
"4930570G19Rik",0.000155454893411062,-0.931991139303369,0.057,0.167,1,"Not significant",0,""
"Lpin2",0.000156024449642545,-0.501994179553191,0.175,0.339,1,"Not significant",0,""
"Dnajb12",0.000156110225934778,-2.17386093513912,0.019,0.101,1,"Not significant",0,""
"Nr2c1",0.000156110225934778,-2.17386093513912,0.019,0.101,1,"Not significant",0,""
"Dipk1a",0.000156302595027491,-1.14030837542809,0.042,0.143,1,"Not significant",0,""
"Cep120",0.000156719016312584,-0.613560488652234,0.127,0.273,1,"Not significant",0,""
"Ccdc148",0.000157040394893865,-0.478741548931292,0.212,0.398,1,"Not significant",0,""
"Rufy1",0.000157199405776666,-0.436895340972914,0.127,0.275,1,"Not significant",0,""
"Ap3s1",0.000157347115667242,-1.1852958302014,0.033,0.127,1,"Not significant",0,""
"Wdfy1",0.000157503801052005,-0.49795037131595,0.123,0.264,1,"Not significant",0,""
"Pan2",0.00015786342817343,-1.07076744217502,0.038,0.136,1,"Not significant",0,""
"Tbc1d14",0.000158245401511339,-1.22277053562007,0.024,0.112,1,"Not significant",0,""
"Reck",0.000158536813369808,-1.66017584792737,0.019,0.103,1,"Not significant",0,""
"Gak",0.000160204043495757,-0.37070396475607,0.179,0.349,1,"Not significant",0,""
"Rapgef6",0.000161020412545869,-0.364178513825918,0.283,0.503,1,"Not significant",0,""
"Trit1",0.000161993810469965,-0.989793363642453,0.057,0.165,1,"Not significant",0,""
"Med17",0.000162790013216051,-1.30077304762134,0.038,0.134,1,"Not significant",0,""
"Smc6",0.000162815565367288,-0.297732593301289,0.17,0.349,1,"Not significant",0,""
"Pdhx",0.000163566323902185,-1.36820097514163,0.028,0.119,1,"Not significant",0,""
"Atp6v0a1",0.000163730154802241,-0.387581405365737,0.354,0.589,1,"Not significant",0,""
"Gzf1",0.000163892138944587,-1.52045108426075,0.019,0.103,1,"Not significant",0,""
"Hnrnph1",0.0001648157530038,-0.467077733384956,0.156,0.317,1,"Not significant",0,""
"Prr14",0.000165141528349933,-0.842166533405097,0.061,0.172,1,"Not significant",0,""
"Pip4k2a",0.000165707169228404,-1.65572994289617,0.033,0.125,1,"Not significant",0,""
"Birc6",0.000165718622801106,-0.340264098638507,0.439,0.714,1,"Not significant",0,""
"Slc38a10",0.000165757613341716,-1.2898847314786,0.042,0.141,1,"Not significant",0,""
"Gfra1",0.000166698414466714,-1.21523686293466,0.08,0.194,1,"Not significant",0,""
"A330008L17Rik",0.000166875875175409,-1.03809176748773,0.104,0.233,1,"Not significant",0,""
"Ube2f",0.000166887346247763,-1.63780803489891,0.028,0.117,1,"Not significant",0,""
"Rab43",0.000167194413224376,-2.05284553417775,0.024,0.108,1,"Not significant",0,""
"Gm7854",0.000167829512163658,-1.30765943320658,0.024,0.112,1,"Not significant",0,""
"Ppm1b",0.000167919230514485,-1.30765943320658,0.028,0.119,1,"Not significant",0,""
"Mbtps1",0.000168503646435318,-0.921601000899502,0.066,0.18,1,"Not significant",0,""
"Klhl23",0.00016865776342301,-1.95973612978627,0.019,0.101,1,"Not significant",0,""
"Mfsd11",0.000170032428178484,-0.728955922957106,0.061,0.174,1,"Not significant",0,""
"Pde7a",0.000171010239217868,-0.590810555361741,0.104,0.24,1,"Not significant",0,""
"Bloc1s2",0.000171531956834801,-1.8857355483425,0.019,0.101,1,"Not significant",0,""
"Tpm3",0.000171534785095378,-0.238452157852336,0.142,0.295,1,"Not significant",0,""
"Setx",0.000171778191917359,-0.322799353951339,0.288,0.516,1,"Not significant",0,""
"Ntmt1",0.000171978907238987,-1.42440439678972,0.028,0.117,1,"Not significant",0,""
"Entpd5",0.000172346782817257,-1.28166422467364,0.033,0.127,1,"Not significant",0,""
"Nipsnap2",0.000172489517510427,-0.701938372318626,0.09,0.217,1,"Not significant",0,""
"Gm35256",0.000172917022027066,-1.59716605040157,0.024,0.11,1,"Not significant",0,""
"Arih2",0.000172928657947314,-0.614349062074921,0.08,0.204,1,"Not significant",0,""
"Nol11",0.000173074906074976,-1.07638104863854,0.061,0.169,1,"Not significant",0,""
"Hnrnpll",0.000173166958329377,-1.07076744217502,0.038,0.136,1,"Not significant",0,""
"Prpf18",0.000174601805988429,-0.977658037783535,0.038,0.136,1,"Not significant",0,""
"Gaa",0.000174631787665976,-0.318435644915305,0.307,0.536,1,"Not significant",0,""
"Gabpb1",0.000174916473309727,-1.53397222391437,0.024,0.11,1,"Not significant",0,""
"Nars2",0.000175780143523468,-1.02027767172132,0.033,0.128,1,"Not significant",0,""
"Clmn",0.000175856682646285,-0.637808034898911,0.09,0.218,1,"Not significant",0,""
"Ntng1",0.00017683448255095,-1.3779409081438,0.179,0.317,1,"Not significant",0,""
"Clptm1",0.000176841354107823,-0.698690277045933,0.075,0.196,1,"Not significant",0,""
"Trip4",0.000177817917802659,-0.646796818126165,0.123,0.261,1,"Not significant",0,""
"Cand1",0.000178148560916491,-1.17030311572593,0.042,0.141,1,"Not significant",0,""
"Stambpl1",0.000180745055755271,-1.05813983384727,0.042,0.143,1,"Not significant",0,""
"Scarb1",0.000181542433141295,-0.719602126062558,0.085,0.206,1,"Not significant",0,""
"Tnpo2",0.000182479002218454,-1.04809200420712,0.057,0.163,1,"Not significant",0,""
"Tm6sf1",0.000183608595134101,-1.76119045040419,0.019,0.101,1,"Not significant",0,""
"Ap2b1",0.000184190676250384,-0.495789030026483,0.146,0.299,1,"Not significant",0,""
"Macf1",0.000184279645111638,0.261780869775202,1,0.996,1,"Not significant",0,""
"Ak5",0.000184847733208785,-0.243307466622761,0.193,0.365,1,"Not significant",0,""
"Sec31a",0.000184975808264409,-0.845403454307279,0.052,0.16,1,"Not significant",0,""
"Zfp771",0.000185046456018895,-1.22277053562007,0.033,0.127,1,"Not significant",0,""
"Mok",0.000185236751666844,-1.71309616220315,0.019,0.101,1,"Not significant",0,""
"Ndufaf7",0.000185406824135946,-0.731784183107924,0.066,0.178,1,"Not significant",0,""
"3300002I08Rik",0.000185905774102388,-1.69091937135847,0.038,0.13,1,"Not significant",0,""
"Trim24",0.000186240188720336,-0.418026827019,0.104,0.242,1,"Not significant",0,""
"Dnajb4",0.000186276022753488,-1.34675925289552,0.042,0.139,1,"Not significant",0,""
"Banf2",0.00018677971120967,-1.86662672539479,0.019,0.101,1,"Not significant",0,""
"Rint1",0.000187330768432056,-1.66334312700605,0.019,0.101,1,"Not significant",0,""
"Pdzd8",0.000187851033112052,-1.30765943320658,0.028,0.117,1,"Not significant",0,""
"Cdh9",0.000188490604887764,-1.84726140052786,0.024,0.108,1,"Not significant",0,""
"Adcy1",0.000189238659369322,-1.42440439678972,0.024,0.11,1,"Not significant",0,""
"Cdk13",0.00019010155016353,-0.278623770353584,0.184,0.358,1,"Not significant",0,""
"Fam124a",0.000190236331867243,-0.690275454793046,0.071,0.187,1,"Not significant",0,""
"Cntln",0.000190350259991683,-0.572219693271334,0.118,0.259,1,"Not significant",0,""
"Zfp60",0.000190993480100836,-1.38196913046932,0.028,0.117,1,"Not significant",0,""
"March1",0.000191690945362948,-0.654935601012242,0.679,0.732,1,"Not significant",0,""
"Pogz",0.000192635005330338,-0.481857756937198,0.16,0.319,1,"Not significant",0,""
"Crtac1",0.000192857267179211,-0.791054295194592,0.071,0.183,1,"Not significant",0,""
"Antxr1",0.000193230143292218,-1.84292246480352,0.028,0.116,1,"Not significant",0,""
"Rapgef1",0.000193726659436439,-0.376804164292488,0.189,0.361,1,"Not significant",0,""
"Gm1976",0.000194644714469277,-0.583065070304479,0.118,0.259,1,"Not significant",0,""
"Tfcp2",0.000195412235723971,-0.82001136611966,0.066,0.18,1,"Not significant",0,""
"Ttc26",0.000195710103249309,-1.31587994001155,0.024,0.11,1,"Not significant",0,""
"Lrfn1",0.000195710103249309,-1.31587994001155,0.024,0.11,1,"Not significant",0,""
"Magi3",0.00019616973389476,-0.429221413087493,0.236,0.426,1,"Not significant",0,""
"Coq2",0.000197372598998332,-0.771663781633702,0.038,0.136,1,"Not significant",0,""
"Orc4",0.000197470579544716,-0.688434107968879,0.08,0.202,1,"Not significant",0,""
"Igdcc4",0.000197648192488404,-0.573992937301467,0.132,0.277,1,"Not significant",0,""
"Pcnp",0.000197657088482505,-1.3281235357663,0.033,0.125,1,"Not significant",0,""
"Slc35b1",0.000198312570352844,-0.959736129786273,0.057,0.163,1,"Not significant",0,""
"Hsf1",0.000199272532632346,-1.02247188513424,0.052,0.156,1,"Not significant",0,""
"Hlf",0.000199514707050071,-2.22277053562007,0.024,0.106,1,"Not significant",0,""
"Gm1604b",0.00019987624097777,-1.06230586342682,0.052,0.156,1,"Not significant",0,""
"Psmd13",0.000200791686117687,-1.00704184456463,0.052,0.156,1,"Not significant",0,""
"Ltn1",0.000200825346688685,-0.493797732207391,0.132,0.279,1,"Not significant",0,""
"Zc2hc1a",0.000201007373799531,-0.324308562082129,0.151,0.31,1,"Not significant",0,""
"AW554918",0.000201119728564088,-0.39198291909734,0.189,0.365,1,"Not significant",0,""
"2610316D01Rik",0.000201309438220081,-1.65572994289617,0.033,0.123,1,"Not significant",0,""
"Tigd2",0.000201916925409941,-1.61508795839883,0.024,0.108,1,"Not significant",0,""
"Cpd",0.000202228491953803,-0.91984340266276,0.066,0.176,1,"Not significant",0,""
"Spindoc",0.00020225997601783,-0.834205247702414,0.071,0.185,1,"Not significant",0,""
"Rdx",0.000202266311555636,-0.535238301258363,0.127,0.273,1,"Not significant",0,""
"Edrf1",0.000202746235543532,-0.917915954091646,0.061,0.171,1,"Not significant",0,""
"Ddx42",0.00020295732539592,-0.554479651300014,0.137,0.286,1,"Not significant",0,""
"Sgip1",0.000204193801038776,-0.362812017135478,0.755,0.828,1,"Not significant",0,""
"Dst",0.000204745763551635,0.295110623848771,0.986,0.958,1,"Not significant",0,""
"Qsox2",0.00020624789108631,-1.31963207487266,0.033,0.125,1,"Not significant",0,""
"Flot2",0.000207505993721443,-0.449541397467089,0.113,0.253,1,"Not significant",0,""
"Sox5",0.000207661119317664,-1.08360778794844,0.071,0.182,1,"Not significant",0,""
"Nin",0.000207683522053324,-0.364789540492495,0.142,0.29,1,"Not significant",0,""
"Zfp609",0.000208346172797798,-0.366056411964008,0.198,0.383,1,"Not significant",0,""
"Vstm2l",0.000208548894738086,-0.651104857512369,0.061,0.174,1,"Not significant",0,""
"C530008M17Rik",0.000208565832371831,-0.312095465184034,0.349,0.602,1,"Not significant",0,""
"Rbfox1",0.000208910015631741,-0.575663965647692,0.967,0.892,1,"Not significant",0,""
"Gls2",0.000209061324021021,-1.23984404897901,0.038,0.132,1,"Not significant",0,""
"Nucb1",0.000209120979659762,-0.650632075256495,0.071,0.187,1,"Not significant",0,""
"Slc22a14",0.000209442591982831,-0.904594575593812,0.033,0.127,1,"Not significant",0,""
"Sdf4",0.000209447524629884,-2.00704184456463,0.024,0.106,1,"Not significant",0,""
"Sgtb",0.000209447524629884,-2.00704184456463,0.024,0.106,1,"Not significant",0,""
"Aldh7a1",0.000209565506765108,-1.1502580358357,0.052,0.154,1,"Not significant",0,""
"Ddx18",0.000212229063933866,-0.609049041917487,0.104,0.235,1,"Not significant",0,""
"Kat6a",0.000212680311335161,-0.714623631949741,0.09,0.215,1,"Not significant",0,""
"Ash2l",0.000213212043575876,-0.784649423228182,0.057,0.165,1,"Not significant",0,""
"Paxip1",0.000213761243316369,-1.9354885835396,0.024,0.106,1,"Not significant",0,""
"Adk",0.000216298878064102,-0.945930330261243,0.057,0.161,1,"Not significant",0,""
"Brat1",0.000216549498400204,-1.49025084648505,0.028,0.116,1,"Not significant",0,""
"Hdac11",0.000217726056197485,-0.710564377334225,0.085,0.206,1,"Not significant",0,""
"Elmsan1",0.000218567209332966,-1.14560267509761,0.047,0.147,1,"Not significant",0,""
"Ankfn1",0.000218878775903387,-0.780765988740954,0.151,0.29,1,"Not significant",0,""
"Nup188",0.00021926994503618,-1.07390714970558,0.052,0.154,1,"Not significant",0,""
"Phyhipl",0.000221429884340325,-1.05813983384727,0.047,0.147,1,"Not significant",0,""
"Phactr2",0.000223443468428793,-1.51822641914624,0.033,0.123,1,"Not significant",0,""
"Mapk9",0.000223914342883549,-1.11354146586531,0.047,0.147,1,"Not significant",0,""
"Slc50a1",0.000224020217932383,-0.611812826365966,0.066,0.18,1,"Not significant",0,""
"Syt1",0.00022454253689598,-0.522612818102192,0.967,0.87,1,"Not significant",0,""
"Ski",0.000225743213063909,-0.693661269632428,0.104,0.233,1,"Not significant",0,""
"Sncaip",0.000226097222665935,-0.626492721671077,0.075,0.194,1,"Not significant",0,""
"Cherp",0.000226367214236535,-0.683611724512035,0.09,0.211,1,"Not significant",0,""
"Ipo7",0.000226713195188834,-0.913442477512338,0.052,0.156,1,"Not significant",0,""
"Ercc6l2",0.000226826367057398,-0.426303929705199,0.108,0.244,1,"Not significant",0,""
"Vps8",0.000228312022941003,-0.496945499059061,0.104,0.24,1,"Not significant",0,""
"Snx6",0.000228542206200881,-0.786199874791581,0.085,0.206,1,"Not significant",0,""
"Spats2",0.000228666280706774,-1.44516295695652,0.038,0.13,1,"Not significant",0,""
"Fndc5",0.000228816609854285,-1.3281235357663,0.028,0.116,1,"Not significant",0,""
"Mgat5b",0.000229192784828159,-0.777738296043386,0.071,0.185,1,"Not significant",0,""
"Mapk1ip1l",0.000230159152217853,-1.42440439678972,0.028,0.116,1,"Not significant",0,""
"Arhgef12",0.00023043470808584,-0.397316197716205,0.302,0.53,1,"Not significant",0,""
"Wdr73",0.000231305556828199,-1.1661870072537,0.033,0.125,1,"Not significant",0,""
"Sfxn5",0.000231373429253376,-0.527104570492691,0.118,0.257,1,"Not significant",0,""
"Ythdc2",0.000231860286991069,-0.565915116417125,0.09,0.217,1,"Not significant",0,""
"Hyou1",0.000232005049099713,-1.40334278126189,0.028,0.116,1,"Not significant",0,""
"Fam118a",0.000232005049099713,-1.40334278126189,0.028,0.116,1,"Not significant",0,""
"Dnaja2",0.000232898813151584,-1.37477362906512,0.038,0.13,1,"Not significant",0,""
"Zic1",0.000233267355098241,-1.30077304762134,0.042,0.138,1,"Not significant",0,""
"Tmem132c",0.000234006262388301,-1.61643438410634,0.047,0.143,1,"Not significant",0,""
"Pgap1",0.000234729243693431,-0.30523269581204,0.226,0.418,1,"Not significant",0,""
"Bcl2l1",0.000234882930049604,-1.24446560671939,0.028,0.116,1,"Not significant",0,""
"Scaf11",0.000235142384176386,-0.453383463761483,0.123,0.27,1,"Not significant",0,""
"Tmem175",0.000235239345564892,-0.648377276609098,0.09,0.217,1,"Not significant",0,""
"Ube3b",0.000235335227209384,-0.87484723219976,0.057,0.163,1,"Not significant",0,""
"Slc45a4",0.000235719599608807,-1.36027405937,0.028,0.116,1,"Not significant",0,""
"Tmem87b",0.000236751393536743,-0.690275454793047,0.071,0.187,1,"Not significant",0,""
"Nhsl2",0.000237310004121148,-0.668396354732334,0.099,0.228,1,"Not significant",0,""
"Grm3",0.000239940114259933,-0.807733036341223,0.085,0.206,1,"Not significant",0,""
"Spats2l",0.000239979829880067,-0.856642636822169,0.075,0.189,1,"Not significant",0,""
"Letmd1",0.000240019672563292,-1.31587994001155,0.024,0.108,1,"Not significant",0,""
"Lsm14a",0.00024036529181224,-1.22277053562007,0.033,0.123,1,"Not significant",0,""
"Cdk7",0.000241118122166749,-0.807733036341223,0.075,0.191,1,"Not significant",0,""
"Kras",0.000241390467604365,-1.24114906493492,0.042,0.138,1,"Not significant",0,""
"Spaca6",0.000242901642111692,-0.490250846485053,0.151,0.299,1,"Not significant",0,""
"Trpm7",0.000243496613855597,-0.354015068898319,0.25,0.448,1,"Not significant",0,""
"Ppp4r1",0.000244082399776273,-0.991444989513611,0.052,0.154,1,"Not significant",0,""
"Gfod1",0.000244327044323684,-1.31240774810474,0.033,0.123,1,"Not significant",0,""
"Sema4a",0.000245221345263768,-0.677336399085548,0.066,0.18,1,"Not significant",0,""
"Wdr34",0.00024568159275052,-0.478027590862141,0.071,0.187,1,"Not significant",0,""
"Atp5b",0.000246692346877266,-0.921601000899502,0.071,0.182,1,"Not significant",0,""
"Galnt9",0.000247240621389832,-0.975677673655295,0.052,0.154,1,"Not significant",0,""
"Tdrd7",0.000251748736298106,-0.991444989513611,0.052,0.154,1,"Not significant",0,""
"Gtf2a1",0.000252693654414199,-1.27721831964244,0.038,0.13,1,"Not significant",0,""
"Rbm39",0.000252748933526554,-0.296427577345376,0.575,0.771,1,"Not significant",0,""
"Wipi2",0.000252815007011825,-0.573677697479195,0.132,0.272,1,"Not significant",0,""
"Zc3h7a",0.000253016395061007,-0.43942658740737,0.193,0.363,1,"Not significant",0,""
"Fam110b",0.000254190992973756,-0.45277614106639,0.052,0.156,1,"Not significant",0,""
"Zfyve26",0.000254294651087604,-0.876594894486027,0.071,0.182,1,"Not significant",0,""
"Pitpnb",0.000254411295559773,-1.26583925751195,0.028,0.116,1,"Not significant",0,""
"Acss2",0.000255213720513985,-0.441269040852023,0.137,0.281,1,"Not significant",0,""
"Ston2",0.000255891083595872,-1.14030837542809,0.028,0.116,1,"Not significant",0,""
"Zfp654",0.000256471286431506,-1.25929641164518,0.038,0.13,1,"Not significant",0,""
"Mef2d",0.000256534277544026,-0.664608094242626,0.118,0.251,1,"Not significant",0,""
"Rbm28",0.000256852915313361,-0.303220368040083,0.222,0.415,1,"Not significant",0,""
"Jam3",0.000258646557153197,-0.718728030282478,0.066,0.178,1,"Not significant",0,""
"Chd6",0.00025876708842227,-0.348301417703926,0.415,0.677,1,"Not significant",0,""
"Scarb2",0.000259266754139575,-0.894147788158696,0.047,0.147,1,"Not significant",0,""
"4931406P16Rik",0.000259671851032652,-0.450181031723139,0.104,0.239,1,"Not significant",0,""
"Atpaf1",0.000259742030694989,-1.18800511745939,0.042,0.138,1,"Not significant",0,""
"Syt17",0.000259892522725017,-1.0895040047566,0.042,0.139,1,"Not significant",0,""
"Iqsec1",0.000262081233029441,-0.400862857933777,0.311,0.53,1,"Not significant",0,""
"Tspyl2",0.00026252596076384,0.857719382240301,0.443,0.387,1,"Not significant",0,""
"Jkamp",0.000262819539897295,-0.778289258448741,0.057,0.161,1,"Not significant",0,""
"Cab39",0.000263376179909481,-1.51227715281505,0.028,0.114,1,"Not significant",0,""
"Gsg1l",0.000263517197770005,-1.35770011570618,0.057,0.156,1,"Not significant",0,""
"Eif2ak4",0.000263584612208659,-0.434991151899224,0.151,0.306,1,"Not significant",0,""
"Lcmt1",0.000263931462693422,-1.9354885835396,0.024,0.105,1,"Not significant",0,""
"Riok1",0.000266203475392259,-0.46874977727413,0.142,0.292,1,"Not significant",0,""
"Zfp975",0.00026669484565443,-1.1502580358357,0.057,0.158,1,"Not significant",0,""
"Wwc1",0.000266817346764962,-0.793086260376822,0.099,0.222,1,"Not significant",0,""
"Foxn3",0.000267947446112781,-0.215116963076632,0.236,0.431,1,"Not significant",0,""
"Tmco3",0.000269835059112018,-0.352053552565033,0.061,0.172,1,"Not significant",0,""
"Gpr158",0.000270354835075441,0.640576001564475,0.939,0.883,1,"Not significant",0,""
"Ankrd26",0.000270893985764735,-0.28257993085537,0.137,0.292,1,"Not significant",0,""
"Baiap3",0.000272014808762026,0.571694874679662,0.66,0.699,1,"Not significant",0,""
"Gm14204",0.000273263030770737,-0.850801758233109,0.057,0.161,1,"Not significant",0,""
"Atp9a",0.000274051443199849,-0.330718448987181,0.297,0.51,1,"Not significant",0,""
"Trnau1ap",0.000274236383553491,-1.76709105184388,0.033,0.119,1,"Not significant",0,""
"Cox7b",0.000274412470117621,-1.18212855112272,0.028,0.116,1,"Not significant",0,""
"Trabd",0.000274524553796534,-1.36363307145992,0.042,0.136,1,"Not significant",0,""
"Phlpp1",0.000274668020036067,-0.349462540535929,0.165,0.325,1,"Not significant",0,""
"Kcnc1",0.000275210732210419,-0.348778420532172,0.208,0.391,1,"Not significant",0,""
"Anp32a",0.000275636285542982,-1.13423386101841,0.033,0.123,1,"Not significant",0,""
"Optn",0.000275691178600344,-0.767091051843877,0.071,0.182,1,"Not significant",0,""
"Slx4ip",0.000276678727525504,-1.06407278960101,0.042,0.138,1,"Not significant",0,""
"Hmgb1",0.000277620158013278,-0.603592319560998,0.17,0.319,1,"Not significant",0,""
"Serbp1",0.000277861934346021,-0.648377276609098,0.094,0.218,1,"Not significant",0,""
"Stam",0.000278238874586591,-1.83045311284131,0.024,0.105,1,"Not significant",0,""
"Mbd1",0.000278470130878411,-1.20549254418823,0.038,0.13,1,"Not significant",0,""
"Desi1",0.000278690545155423,-1.32968573953658,0.042,0.136,1,"Not significant",0,""
"Lactb2",0.000279743558207939,-1.83045311284131,0.024,0.105,1,"Not significant",0,""
"Ankrd40",0.000279795583621099,-1.31240774810474,0.042,0.136,1,"Not significant",0,""
"Cbx5",0.00027982156177903,-0.678450019396257,0.099,0.226,1,"Not significant",0,""
"Atp2b1",0.000279878930504781,-0.30128256379859,0.302,0.523,1,"Not significant",0,""
"Rpl27a",0.000281044443874102,-1.11893472463553,0.028,0.116,1,"Not significant",0,""
"Msl2",0.000281671032544186,-1.80773303634122,0.024,0.105,1,"Not significant",0,""
"Kdm3a",0.00028179180558432,-1.31240774810474,0.042,0.136,1,"Not significant",0,""
"Kazn",0.000285917297301795,-0.582666480706449,0.113,0.244,1,"Not significant",0,""
"Rcan3",0.000286048110226254,-1.27721831964244,0.042,0.136,1,"Not significant",0,""
"Cfap97",0.000286421314967853,-0.959736129786273,0.033,0.123,1,"Not significant",0,""
"Top3b",0.000286769096881447,-0.895605792366557,0.066,0.174,1,"Not significant",0,""
"Ttll5",0.00028689499393508,-0.350149842096295,0.156,0.321,1,"Not significant",0,""
"Nup155",0.000288370669847508,-1.36027405937,0.028,0.114,1,"Not significant",0,""
"Krba1",0.000289044973812041,-0.722341545110579,0.085,0.204,1,"Not significant",0,""
"Txndc15",0.000290403779206069,-1.00037811428362,0.033,0.123,1,"Not significant",0,""
"Cr1l",0.00029087515318649,-1.14560267509761,0.052,0.15,1,"Not significant",0,""
"Mbtps2",0.000291044979723749,-0.740901527863014,0.075,0.189,1,"Not significant",0,""
"Armc2",0.000291601933264505,-1.04809200420712,0.052,0.152,1,"Not significant",0,""
"Manba",0.000292247512560914,-0.747432526073409,0.042,0.138,1,"Not significant",0,""
"Ccdc30",0.000292456622825892,-0.357255867807087,0.278,0.483,1,"Not significant",0,""
"Hexa",0.000292727655043163,-1.08259287757181,0.057,0.158,1,"Not significant",0,""
"Tcf4",0.000292768123885023,-0.774180476630197,0.146,0.284,1,"Not significant",0,""
"Hcfc2",0.000292958192227433,-1.31587994001155,0.028,0.114,1,"Not significant",0,""
"Rreb1",0.000293635522514985,-0.670229512591288,0.085,0.206,1,"Not significant",0,""
"Myo6",0.000295669039993403,-0.48389535144523,0.118,0.253,1,"Not significant",0,""
"Oxct1",0.000297869568212398,-0.352053552565033,0.226,0.417,1,"Not significant",0,""
"Vgll4",0.000299951730499127,-1.35662628235486,0.033,0.121,1,"Not significant",0,""
"Ccdc187",0.00030006094718124,-1.33083028147752,0.042,0.136,1,"Not significant",0,""
"Aldh9a1",0.00030065643769892,-1.4678830334566,0.028,0.112,1,"Not significant",0,""
"Stradb",0.000301718635794647,-1.63780803489891,0.028,0.112,1,"Not significant",0,""
"Sdc2",0.000302359489982854,-0.842166533405097,0.061,0.165,1,"Not significant",0,""
"Tcerg1",0.000302537734739138,-0.157444287742123,0.255,0.466,1,"Not significant",0,""
"Cdc27",0.000302882121578647,-0.719602126062558,0.09,0.209,1,"Not significant",0,""
"Diaph1",0.000303084345083641,-0.782858367702194,0.08,0.194,1,"Not significant",0,""
"Bean1",0.000303849870340056,-1.44516295695651,0.042,0.134,1,"Not significant",0,""
"Rftn1",0.000304267305868023,-0.214455267408063,0.118,0.255,1,"Not significant",0,""
"Pik3r3",0.000304699227471304,-0.948148155511062,0.071,0.18,1,"Not significant",0,""
"Dot1l",0.000305301683339965,-0.30077304762134,0.208,0.387,1,"Not significant",0,""
"Astn2",0.000307100755588616,-0.538772515640019,0.604,0.714,1,"Not significant",0,""
"Washc5",0.000307323509217448,-0.988305281983044,0.061,0.165,1,"Not significant",0,""
"Nr3c1",0.000307681281329904,-1.01862981883984,0.075,0.183,1,"Not significant",0,""
"D230025D16Rik",0.000308652534957821,-0.791613370977946,0.047,0.147,1,"Not significant",0,""
"Immt",0.000309444500549453,-0.757547279173006,0.071,0.182,1,"Not significant",0,""
"Zfp2",0.00030969014666851,-1.5685453724618,0.024,0.105,1,"Not significant",0,""
"Jak1",0.00031384184425107,-0.959736129786273,0.052,0.152,1,"Not significant",0,""
"Igf2r",0.000313982572002517,-1.2622988998067,0.033,0.121,1,"Not significant",0,""
"Gtf3c2",0.000314316738926671,-0.329685739536579,0.179,0.349,1,"Not significant",0,""
"Nek9",0.000315449341077763,-0.462236470315456,0.123,0.264,1,"Not significant",0,""
"Rmnd1",0.000315580719059779,-0.753285252318846,0.09,0.206,1,"Not significant",0,""
"Dnajc7",0.000315968041096637,-0.447908333695332,0.184,0.349,1,"Not significant",0,""
"Arid1a",0.00031610406571593,-0.414531338302851,0.175,0.341,1,"Not significant",0,""
"Tubb2a",0.000316798495381545,-2.03012545767767,0.024,0.103,1,"Not significant",0,""
"Tmem131",0.000316801776969002,-0.395835244592947,0.17,0.336,1,"Not significant",0,""
"A330040F15Rik",0.000318303782293493,-0.959736129786273,0.052,0.152,1,"Not significant",0,""
"Tmem184b",0.000318452945206836,-0.89833558512213,0.071,0.178,1,"Not significant",0,""
"0610043K17Rik",0.000318991009684948,-2.05284553417775,0.024,0.103,1,"Not significant",0,""
"Fbxl4",0.000319135679623832,-1.15238120772867,0.042,0.136,1,"Not significant",0,""
"Smyd2",0.000320239711121686,-0.614349062074921,0.08,0.198,1,"Not significant",0,""
"Btbd11",0.000320294648785592,-0.354635983494041,0.231,0.415,1,"Not significant",0,""
"Trim66",0.000320510662448587,-1.20415485745272,0.038,0.128,1,"Not significant",0,""
"Tmed9",0.000322001530710657,-0.929039332563357,0.052,0.152,1,"Not significant",0,""
"Tnik",0.000324449587911708,-0.197105652226719,0.788,0.859,1,"Not significant",0,""
"Pde11a",0.000325143897774714,-1.47802759086214,0.057,0.156,1,"Not significant",0,""
"Aplp2",0.000325274250387576,-0.34042212427434,0.245,0.446,1,"Not significant",0,""
"Ubxn2b",0.000325495675213324,-1.18212855112272,0.033,0.121,1,"Not significant",0,""
"Ctns",0.000325595727291143,-1.9354885835396,0.024,0.103,1,"Not significant",0,""
"Chmp7",0.000325595867082363,-1.95973612978627,0.024,0.103,1,"Not significant",0,""
"Mmaa",0.000326359863741958,-0.6930904704001,0.094,0.215,1,"Not significant",0,""
"Hip1",0.000327052117978635,-0.598637437618233,0.151,0.295,1,"Not significant",0,""
"Fam168b",0.000327727678478754,-1.4678830334566,0.028,0.112,1,"Not significant",0,""
"Actg1",0.000327809573999909,-1.91082652930533,0.024,0.103,1,"Not significant",0,""
"Atg13",0.000330936936318771,-0.943616464422996,0.052,0.15,1,"Not significant",0,""
"Supt16",0.000331633341973188,-0.479928375117192,0.108,0.24,1,"Not significant",0,""
"Phf6",0.000331863867352272,-0.823674580210244,0.052,0.152,1,"Not significant",0,""
"Pcbp3",0.000332725837684227,-0.547295741993468,0.104,0.233,1,"Not significant",0,""
"Ap4e1",0.000333069584813227,-1.10493404532621,0.057,0.156,1,"Not significant",0,""
"Asph",0.00033375533200579,-0.585340615004775,0.09,0.213,1,"Not significant",0,""
"Hdac1",0.000334090451310971,-0.502878454812802,0.113,0.244,1,"Not significant",0,""
"4930444P10Rik",0.000334113086072997,-1.85282092586976,0.028,0.11,1,"Not significant",0,""
"Snx4",0.000334692477154966,-0.534714541934807,0.066,0.178,1,"Not significant",0,""
"Emc2",0.000335199840129117,-1.42207934384347,0.024,0.105,1,"Not significant",0,""
"Chordc1",0.000338100165435367,-0.582098602312623,0.09,0.211,1,"Not significant",0,""
"Rimklb",0.000338494725788455,-0.82001136611966,0.08,0.193,1,"Not significant",0,""
"Ppp6c",0.000341385038677523,-1.44516295695651,0.028,0.112,1,"Not significant",0,""
"Cadm4",0.000342101113386206,-0.68617105646031,0.052,0.154,1,"Not significant",0,""
"Katnal1",0.000342228451977802,-1.16136999095592,0.052,0.149,1,"Not significant",0,""
"Cyfip1",0.000342623766034642,-0.170931604100448,0.165,0.334,1,"Not significant",0,""
"Slc7a6os",0.000343930269416613,-1.44516295695651,0.028,0.112,1,"Not significant",0,""
"St8sia3",0.000344305664406495,-1.08846944390848,0.042,0.136,1,"Not significant",0,""
"Stard7",0.000344358825665984,-1.03012545767767,0.047,0.143,1,"Not significant",0,""
"Anks3",0.000346617023560046,-0.407195106757494,0.179,0.341,1,"Not significant",0,""
"Kansl1l",0.000347035689678513,-1.40719510675749,0.033,0.119,1,"Not significant",0,""
"Nop56",0.000348383229591309,0.698672815617137,0.528,0.503,1,"Not significant",0,""
"Idh3b",0.000348450233859014,-1.01284746624584,0.047,0.143,1,"Not significant",0,""
"Carm1",0.000348450233859014,-1.01284746624584,0.047,0.143,1,"Not significant",0,""
"Gpsm1",0.000349087506487385,-0.565658249143075,0.113,0.246,1,"Not significant",0,""
"Tmem167",0.000349653756083489,-1.76119045040419,0.024,0.103,1,"Not significant",0,""
"Mfhas1",0.000349747608830788,-0.491957168435456,0.099,0.224,1,"Not significant",0,""
"Klhl22",0.000351918357203582,-0.439868657287002,0.104,0.235,1,"Not significant",0,""
"Rsu1",0.000352048669571186,-1.73734370844983,0.024,0.103,1,"Not significant",0,""
"Tyk2",0.000352468615472453,-1.36027405937,0.028,0.112,1,"Not significant",0,""
"Hsd17b12",0.000354351781668143,-1.07838062628489,0.038,0.128,1,"Not significant",0,""
"Dcaf5",0.000356558082114976,-0.440575687460863,0.113,0.248,1,"Not significant",0,""
"Tatdn1",0.000356804886572398,-1.07521334720621,0.028,0.112,1,"Not significant",0,""
"Gm10862",0.000356857589959028,-1.68843410796888,0.024,0.103,1,"Not significant",0,""
"Zfp57",0.000357407931042275,-0.772967618180546,0.08,0.193,1,"Not significant",0,""
"Smad2",0.000357698997468698,-0.880664558795074,0.033,0.121,1,"Not significant",0,""
"Mboat7",0.000358857120607177,-0.753285252318846,0.09,0.206,1,"Not significant",0,""
"Csnk1e",0.000360438388846099,-0.599333887084275,0.17,0.316,1,"Not significant",0,""
"Fmr1",0.000360479275169621,-1.31587994001155,0.024,0.105,1,"Not significant",0,""
"Ldb1",0.000360769542017502,-0.771663781633702,0.042,0.138,1,"Not significant",0,""
"Faah",0.000361890007362123,-0.618699211951206,0.113,0.24,1,"Not significant",0,""
"Glt8d1",0.000364382734124916,-0.453383463761484,0.142,0.283,1,"Not significant",0,""
"Catsper2",0.000364533476069876,-1.28690087303978,0.033,0.119,1,"Not significant",0,""
"Epha7",0.000364627948894624,-1.35662628235486,0.028,0.112,1,"Not significant",0,""
"Usp13",0.000365313977962247,-0.377656137598238,0.118,0.255,1,"Not significant",0,""
"Brap",0.00036608350047633,-1.00977681228587,0.047,0.143,1,"Not significant",0,""
"March4",0.000366738617819978,-0.915792782198676,0.057,0.158,1,"Not significant",0,""
"Cc2d1a",0.00036705181179165,1.42189821122536,0.316,0.239,1,"Not significant",0,""
"Tdg",0.000367610271592473,-1.24661727757443,0.024,0.105,1,"Not significant",0,""
"Ilkap",0.000367656393180137,-0.599333887084275,0.113,0.242,1,"Not significant",0,""
"Dnmbp",0.000367669424216093,-0.927314652093896,0.042,0.138,1,"Not significant",0,""
"Slc6a7",0.000367988243167608,-0.663343127006048,0.123,0.251,1,"Not significant",0,""
"Papolg",0.000373700425140652,-1.30765943320658,0.028,0.112,1,"Not significant",0,""
"Capzb",0.000374100089631751,-0.561859181665612,0.104,0.231,1,"Not significant",0,""
"Arfgap3",0.000374154241108125,-0.974091422763343,0.061,0.163,1,"Not significant",0,""
"Caml",0.000374958162309806,-1.12323486206915,0.047,0.141,1,"Not significant",0,""
"Unk",0.000375304917524737,-0.637808034898911,0.113,0.239,1,"Not significant",0,""
"Cnnm3",0.000375363982703329,-1.42788496552468,0.042,0.132,1,"Not significant",0,""
"Trappc12",0.000377525209285982,-0.775311558648845,0.047,0.145,1,"Not significant",0,""
"Cemip2",0.000378008686444604,-0.860200456235359,0.042,0.136,1,"Not significant",0,""
"Alkbh3",0.000380456051379093,-1.5685453724618,0.024,0.103,1,"Not significant",0,""
"Shisa6",0.000381180969741704,-1.98830528198304,0.024,0.103,1,"Not significant",0,""
"Asah1",0.000382892097467839,-0.991444989513611,0.057,0.156,1,"Not significant",0,""
"Ppp2ca",0.000384259011669155,-1.00037811428362,0.033,0.121,1,"Not significant",0,""
"Psma1",0.000384862954465143,-0.929039332563357,0.052,0.15,1,"Not significant",0,""
"Suco",0.000384972274953437,-0.714158921029026,0.061,0.167,1,"Not significant",0,""
"Vipas39",0.000385217683998316,-0.975677673655295,0.057,0.156,1,"Not significant",0,""
"2700049A03Rik",0.000388049698008215,-0.975677673655295,0.047,0.143,1,"Not significant",0,""
"Cdc16",0.00038846433898472,-1.07076744217502,0.047,0.141,1,"Not significant",0,""
"Mthfd1",0.000389625037946214,-1.13423386101841,0.042,0.134,1,"Not significant",0,""
"Gm37494",0.000390349207900515,-1.1852958302014,0.038,0.127,1,"Not significant",0,""
"Mthfd1l",0.000390349207900515,-1.1852958302014,0.038,0.127,1,"Not significant",0,""
"Usp34",0.000390355787683065,0.436641914260971,0.83,0.804,1,"Not significant",0,""
"Snx3",0.00039090925680583,-1.47069804906365,0.024,0.103,1,"Not significant",0,""
"Fam76b",0.000392800461158817,-0.860200456235358,0.033,0.121,1,"Not significant",0,""
"Tet2",0.000393768302882381,-0.384359677894315,0.108,0.242,1,"Not significant",0,""
"Kdm5d",0.000393883566801013,-0.354015068898319,0.16,0.323,1,"Not significant",0,""
"Syt9",0.00039394741919407,-0.885735548342496,0.094,0.207,1,"Not significant",0,""
"Cadps2",0.000394360109796434,-0.709270397455535,0.222,0.372,1,"Not significant",0,""
"Atg5",0.000395604789551071,-1.18212855112272,0.033,0.119,1,"Not significant",0,""
"Zw10",0.000397209273466284,-0.940370804919342,0.038,0.128,1,"Not significant",0,""
"Nipal3",0.00039740595032295,-0.943616464422996,0.047,0.143,1,"Not significant",0,""
"Cog2",0.000398195336162372,-1.14682168238677,0.038,0.127,1,"Not significant",0,""
"Nup35",0.000401040847247869,-1.4678830334566,0.028,0.11,1,"Not significant",0,""
"Ccdc138",0.000401320092642032,-1.9354885835396,0.024,0.101,1,"Not significant",0,""
"Slc6a11",0.000401320602387458,-1.95973612978627,0.024,0.101,1,"Not significant",0,""
"Lrp11",0.00040233408270523,-1.01631965815264,0.047,0.141,1,"Not significant",0,""
"Nucb2",0.000404054943590842,-1.91082652930533,0.024,0.101,1,"Not significant",0,""
"Cys1",0.000404054943590842,-1.91082652930533,0.024,0.101,1,"Not significant",0,""
"Syngr1",0.000404055483899612,-0.568545372461797,0.075,0.191,1,"Not significant",0,""
"Nr1d2",0.00040423565689932,-1.06407278960101,0.047,0.139,1,"Not significant",0,""
"Pank4",0.000404726002911034,-0.775311558648845,0.052,0.149,1,"Not significant",0,""
"Sin3a",0.000405331576868861,-1.4678830334566,0.024,0.103,1,"Not significant",0,""
"Nono",0.000406148181734466,-1.10729331820013,0.038,0.127,1,"Not significant",0,""
"Rft1",0.000406797153191362,-1.91082652930533,0.024,0.101,1,"Not significant",0,""
"Ifnar2",0.000406797153191362,-1.8857355483425,0.024,0.101,1,"Not significant",0,""
"Cox7c",0.000406932212476724,-0.910826529305327,0.047,0.143,1,"Not significant",0,""
"Rad9b",0.000406967839517043,-1.18212855112272,0.028,0.112,1,"Not significant",0,""
"D130043K22Rik",0.000407723831691025,-0.442336912877751,0.193,0.36,1,"Not significant",0,""
"Grik1",0.000409422752183215,-0.943116508216788,0.42,0.55,1,"Not significant",0,""
"Gab2",0.000409928411077483,-0.466327566954557,0.203,0.369,1,"Not significant",0,""
"Uck2",0.0004105265205681,-0.894147788158696,0.047,0.143,1,"Not significant",0,""
"Ppfia4",0.000411550955146935,-0.3778399321129,0.118,0.253,1,"Not significant",0,""
"Pnma2",0.000413431695674416,-1.83045311284131,0.028,0.108,1,"Not significant",0,""
"St6galnac5",0.00041436376333653,-0.379275021300057,0.175,0.328,1,"Not significant",0,""
"Ranbp2",0.000415934691461715,-0.250784911789663,0.151,0.314,1,"Not significant",0,""
"Gnai2",0.000416988064521637,-0.753285252318847,0.071,0.176,1,"Not significant",0,""
"Glra1",0.000417064543824532,-1.99536003951699,0.024,0.101,1,"Not significant",0,""
"Bbs2",0.0004192622446131,-0.609793658729314,0.061,0.169,1,"Not significant",0,""
"Gm9866",0.000419939489593708,-1.04874113584502,0.08,0.185,1,"Not significant",0,""
"Abhd8",0.000420012117282136,-1.78464942322818,0.028,0.108,1,"Not significant",0,""
"Paxbp1",0.000420534432846973,-0.209350019857745,0.165,0.327,1,"Not significant",0,""
"Uimc1",0.000422494420052651,-0.528578965144152,0.052,0.152,1,"Not significant",0,""
"Sntg2",0.000423407924999739,-1.02113667445042,0.057,0.156,1,"Not significant",0,""
"Cep295",0.000424948786289179,-0.619660688188651,0.108,0.237,1,"Not significant",0,""
"Pdcd6ip",0.00042519655979405,-0.87484723219976,0.061,0.163,1,"Not significant",0,""
"Eif4e3",0.000427631681365041,-0.998555378676801,0.071,0.174,1,"Not significant",0,""
"Tomm34",0.000429097374585646,-1.00037811428362,0.033,0.119,1,"Not significant",0,""
"Phf20",0.000429925427586195,-0.348850283999642,0.179,0.341,1,"Not significant",0,""
"Epb41",0.000430190810668087,-0.406482488792455,0.142,0.286,1,"Not significant",0,""
"P2rx4",0.000431353816976676,-0.860200456235359,0.061,0.163,1,"Not significant",0,""
"Bag6",0.000431792077093232,1.16489052472747,0.297,0.211,1,"Not significant",0,""
"Rere",0.000431826505747661,-0.309307286088062,0.67,0.802,1,"Not significant",0,""
"Psmc6",0.000433441653713616,-1.01631965815264,0.042,0.134,1,"Not significant",0,""
"Tub",0.000433696092227125,-0.521615017394388,0.108,0.237,1,"Not significant",0,""
"Ttll4",0.000434302077737831,-0.881733617785,0.052,0.149,1,"Not significant",0,""
"Dicer1",0.000434898814183305,-0.237270105315182,0.236,0.422,1,"Not significant",0,""
"Susd6",0.000435396647491077,-1.28166422467363,0.038,0.125,1,"Not significant",0,""
"Cdc37l1",0.000435502789842444,-0.222770535620067,0.175,0.347,1,"Not significant",0,""
"Zfp934",0.000435704367055114,-0.826841859288928,0.066,0.171,1,"Not significant",0,""
"Adamts17",0.00043620949650845,-0.527625117148487,0.085,0.2,1,"Not significant",0,""
"Mef2c",0.000438402192558544,-1.99144498951361,0.024,0.101,1,"Not significant",0,""
"Slc22a23",0.000440092604342239,-0.365123459031397,0.113,0.24,1,"Not significant",0,""
"Zfyve1",0.000440375018806095,-0.882430403618824,0.071,0.176,1,"Not significant",0,""
"Keap1",0.000440543716670266,-0.993288689497299,0.047,0.141,1,"Not significant",0,""
"Ppid",0.000441614521971625,-0.637808034898911,0.061,0.165,1,"Not significant",0,""
"Tmem266",0.000441707097559858,-1.30765943320658,0.033,0.117,1,"Not significant",0,""
"Usp10",0.000443269099671745,-0.532314906051597,0.108,0.237,1,"Not significant",0,""
"Iqgap1",0.000445372222923113,-0.475377570003523,0.132,0.277,1,"Not significant",0,""
"Asb7",0.000446641075567911,-0.711057016929549,0.057,0.158,1,"Not significant",0,""
"A630089N07Rik",0.000447052894927385,-0.169331276658606,0.104,0.228,1,"Not significant",0,""
"Mdh2",0.000447128320264291,-1.29315986351146,0.024,0.103,1,"Not significant",0,""
"Abca5",0.000448111066309847,-0.384521605616679,0.165,0.314,1,"Not significant",0,""
"Zfp800",0.000448742651819831,-0.637808034898911,0.066,0.171,1,"Not significant",0,""
"Dgcr8",0.000449605105902721,-0.959736129786273,0.057,0.154,1,"Not significant",0,""
"Ube2d1",0.000449704802320066,-1.66017584792737,0.028,0.108,1,"Not significant",0,""
"Pde9a",0.000451464317849425,-0.675943163785682,0.071,0.18,1,"Not significant",0,""
"A230087F16Rik",0.000453917628442315,-1.61508795839883,0.028,0.108,1,"Not significant",0,""
"Sys1",0.000454858966490957,-0.850801758233109,0.061,0.163,1,"Not significant",0,""
"Fam219a",0.000456007211875192,-0.314110847158492,0.231,0.417,1,"Not significant",0,""
"Nek1",0.000460015415079566,-0.372874096149635,0.203,0.369,1,"Not significant",0,""
"B4galt5",0.000461103100858069,-0.89833558512213,0.075,0.182,1,"Not significant",0,""
"Parm1",0.000462197651810411,-0.980200232345989,0.066,0.167,1,"Not significant",0,""
"Slc22a21",0.000462676495276907,-1.38196913046932,0.033,0.116,1,"Not significant",0,""
"Fam57a",0.000463452231827534,-0.897675161654022,0.057,0.154,1,"Not significant",0,""
"Rbmx",0.000465443311128389,-0.748232024592562,0.057,0.158,1,"Not significant",0,""
"Tmem62",0.000467258135900755,-0.907897198266655,0.047,0.141,1,"Not significant",0,""
"Rlf",0.000467793334706183,-0.693661269632428,0.108,0.231,1,"Not significant",0,""
"1700012D14Rik",0.000467844981982267,-0.458837893853591,0.104,0.231,1,"Not significant",0,""
"Rnps1",0.000468318447324109,-0.620530043467076,0.137,0.266,1,"Not significant",0,""
"Rusc2",0.00046940366094163,-0.897675161654022,0.052,0.149,1,"Not significant",0,""
"Dnajc27",0.000470086174599929,-0.872273288535933,0.042,0.134,1,"Not significant",0,""
"Scn5a",0.00047101870102022,-0.604641170963711,0.108,0.229,1,"Not significant",0,""
"Suds3",0.000472650005933853,-0.943616464422996,0.057,0.154,1,"Not significant",0,""
"Bcl7c",0.000473001745009866,-0.941588783076014,0.042,0.134,1,"Not significant",0,""
"Sh3pxd2a",0.00047381360052479,-0.613560488652233,0.075,0.183,1,"Not significant",0,""
"U2af2",0.000474619959469742,-0.753285252318847,0.052,0.149,1,"Not significant",0,""
"Ube2q2",0.000474698161574654,-0.890195196533196,0.047,0.141,1,"Not significant",0,""
"Rps6ka3",0.00047500153300765,-0.701938372318627,0.052,0.149,1,"Not significant",0,""
"Galnt16",0.00047669914578156,-0.246153463058018,0.226,0.417,1,"Not significant",0,""
"Wdfy2",0.000478278969428184,-0.845403454307278,0.061,0.161,1,"Not significant",0,""
"Ankmy2",0.000481824791092116,-0.904594575593812,0.042,0.134,1,"Not significant",0,""
"5330439K02Rik",0.000481905823781899,-0.915792782198676,0.052,0.149,1,"Not significant",0,""
"Nadk",0.000483865644676406,-0.651613834423941,0.071,0.178,1,"Not significant",0,""
"Ip6k2",0.000484872796615616,-0.813250041308789,0.094,0.207,1,"Not significant",0,""
"Sel1l3",0.000485368208186118,-1.61763015296128,0.024,0.101,1,"Not significant",0,""
"Ddx5",0.00048638889481588,-0.305094261321612,0.392,0.626,1,"Not significant",0,""
"Kcnj9",0.000486846937150853,-1.38782978189056,0.038,0.123,1,"Not significant",0,""
"Cyc1",0.000488405612199444,-1.1091137538245,0.024,0.103,1,"Not significant",0,""
"Smarca1",0.000488455682117872,-0.570693839040374,0.151,0.286,1,"Not significant",0,""
"Scyl2",0.000490306378267692,-1.4678830334566,0.028,0.108,1,"Not significant",0,""
"Gnai1",0.000490624137961233,-1.06407278960101,0.047,0.139,1,"Not significant",0,""
"Rrn3",0.00049281168769085,-0.976609948350669,0.052,0.147,1,"Not significant",0,""
"Aplp1",0.000495575038399537,-0.447908333695332,0.184,0.345,1,"Not significant",0,""
"Smap1",0.000496939232357909,-0.637808034898911,0.08,0.193,1,"Not significant",0,""
"Ywhag",0.000497506485744874,-0.544698630507429,0.085,0.198,1,"Not significant",0,""
"Stx17",0.000497851450666459,-0.671755366822248,0.047,0.141,1,"Not significant",0,""
"Utp14a",0.000498234088505115,-0.569421059918661,0.071,0.178,1,"Not significant",0,""
"Cox18",0.000498544434074148,-1.40334278126189,0.033,0.116,1,"Not significant",0,""
"Galc",0.000498544434074148,-1.40334278126189,0.033,0.116,1,"Not significant",0,""
"Ankrd17",0.00049917547331594,-0.243755560749402,0.373,0.631,1,"Not significant",0,""
"Mark2",0.00050131776748502,-0.297904865680846,0.25,0.439,1,"Not significant",0,""
"Fastkd1",0.000501990965760966,-1.39862037101948,0.028,0.108,1,"Not significant",0,""
"Ppargc1a",0.000503683160940465,-1.39269553706238,0.033,0.116,1,"Not significant",0,""
"Fras1",0.000503877041877648,-1.58122450653254,0.033,0.116,1,"Not significant",0,""
"Fam173a",0.000504751180825931,-0.610840987298641,0.066,0.172,1,"Not significant",0,""
"Fam234b",0.000507481805113834,-1.36027405937,0.033,0.116,1,"Not significant",0,""
"Mlh3",0.000508937450600572,-1.27721831964244,0.042,0.13,1,"Not significant",0,""
"Aebp2",0.000511987928356439,-1.33824775304,0.033,0.116,1,"Not significant",0,""
"Hnrnpa1",0.000512184168046439,-0.690919371358473,0.047,0.141,1,"Not significant",0,""
"Mras",0.000512681000235116,-0.872273288535933,0.042,0.134,1,"Not significant",0,""
"Snrnp70",0.000513001555473826,0.405356144368264,0.816,0.804,1,"Not significant",0,""
"Lin7a",0.000514540039848046,-0.361746948768877,0.184,0.35,1,"Not significant",0,""
"Smap2",0.000514728568130707,-0.800746606025116,0.066,0.167,1,"Not significant",0,""
"Ankle2",0.000516209894507162,-1.03469818746749,0.042,0.132,1,"Not significant",0,""
"2900093K20Rik",0.000516656597769537,-0.959736129786273,0.052,0.147,1,"Not significant",0,""
"Sntb2",0.000520552579734496,-1.38782978189056,0.033,0.116,1,"Not significant",0,""
"Nhlrc2",0.000523989883130535,-1.26583925751195,0.028,0.108,1,"Not significant",0,""
"Setd2",0.000524542716399787,-0.226806048855223,0.264,0.472,1,"Not significant",0,""
"Brms1l",0.000524630165229526,-1.06665133370278,0.033,0.117,1,"Not significant",0,""
"Rnf32",0.000525264964200032,-0.915792782198676,0.057,0.154,1,"Not significant",0,""
"Rprd1b",0.000529436493132267,-1.03990647847026,0.038,0.125,1,"Not significant",0,""
"Ankib1",0.000529882588569335,-0.217476235950554,0.217,0.398,1,"Not significant",0,""
"Exd2",0.000530041862177327,-0.775311558648845,0.094,0.207,1,"Not significant",0,""
"4930402H24Rik",0.000530168996721253,-0.263621773151486,0.844,0.881,1,"Not significant",0,""
"Lars",0.000532429089185763,-0.587181961828943,0.08,0.193,1,"Not significant",0,""
"Srcap",0.000533857960471681,-0.3779409081438,0.231,0.407,1,"Not significant",0,""
"Timmdc1",0.000534030048804816,-1.02483115800816,0.033,0.117,1,"Not significant",0,""
"Ncan",0.000539621048747263,-1.05284553417775,0.028,0.108,1,"Not significant",0,""
"Jmy",0.000539848739910627,-1.0871154362625,0.033,0.116,1,"Not significant",0,""
"Mrs2",0.000543556979902002,-0.860200456235359,0.066,0.167,1,"Not significant",0,""
"Trappc3",0.00054396313492767,-1.26583925751195,0.033,0.116,1,"Not significant",0,""
"Ivd",0.000544949108962469,-0.386269267902946,0.127,0.262,1,"Not significant",0,""
"Ccdc171",0.000547111081495048,-1.23871207948909,0.052,0.143,1,"Not significant",0,""
"Ncoa6",0.000547775348942679,-0.334027286721808,0.203,0.372,1,"Not significant",0,""
"Hipk1",0.00054917400154058,-0.959736129786273,0.047,0.139,1,"Not significant",0,""
"Mgat4c",0.000550140154478369,-0.897833690860366,0.613,0.655,1,"Not significant",0,""
"Adcy2",0.000550785603551872,-0.325549132797503,0.264,0.45,1,"Not significant",0,""
"Clec16a",0.000550824001538188,-0.417208895385514,0.179,0.332,1,"Not significant",0,""
"Setd4",0.000551489691605024,-0.942662616427331,0.047,0.139,1,"Not significant",0,""
"Man2a1",0.00055395584274435,-1.25929641164518,0.038,0.123,1,"Not significant",0,""
"Golga2",0.000555442294662923,-0.611172908395444,0.127,0.253,1,"Not significant",0,""
"2510002D24Rik",0.000556387334971253,-0.959736129786273,0.057,0.152,1,"Not significant",0,""
"Hspa9",0.000556873246521274,-1.07638104863854,0.061,0.158,1,"Not significant",0,""
"Gtpbp8",0.000558592412023728,-1.20074422929007,0.033,0.116,1,"Not significant",0,""
"Retreg1",0.000560050364675478,-0.834205247702414,0.071,0.174,1,"Not significant",0,""
"Cfap300",0.000561805982459721,-1.53397222391437,0.033,0.114,1,"Not significant",0,""
"AU041133",0.000562152853155944,-1.44516295695651,0.038,0.121,1,"Not significant",0,""
"Lman1",0.000563853939758208,-0.852820925869761,0.028,0.11,1,"Not significant",0,""
"Hace1",0.000564005069722372,-0.959736129786273,0.042,0.132,1,"Not significant",0,""
"Prmt3",0.000567146152627011,-0.747432526073409,0.047,0.141,1,"Not significant",0,""
"Porcn",0.000568796927428112,-1.54469863050743,0.028,0.106,1,"Not significant",0,""
"Eif4g3",0.00056937583365983,-0.246083703614994,0.519,0.794,1,"Not significant",0,""
"D10Wsu102e",0.000570902649950869,-0.959736129786273,0.047,0.138,1,"Not significant",0,""
"Fip1l1",0.00058048115105135,-0.542230374916679,0.108,0.229,1,"Not significant",0,""
"Phf1",0.000581272585087845,-0.836587899013408,0.066,0.167,1,"Not significant",0,""
"Nyap1",0.000581744039864507,-1.07638104863854,0.066,0.163,1,"Not significant",0,""
"5730455P16Rik",0.000583590681443517,-1.2567178675434,0.047,0.136,1,"Not significant",0,""
"Cyth3",0.000583788062326877,-0.849312140092623,0.052,0.147,1,"Not significant",0,""
"A830018L16Rik",0.000583985948708378,-0.423789306163948,0.241,0.398,1,"Not significant",0,""
"Wdr19",0.000587819309003721,-1.53397222391437,0.028,0.106,1,"Not significant",0,""
"Prkar1a",0.000589447499937728,-0.479110288879852,0.099,0.218,1,"Not significant",0,""
"Cct6a",0.000589920716671786,-0.894147788158696,0.052,0.145,1,"Not significant",0,""
"Cox8a",0.000590579098347729,-1.46562705951623,0.033,0.114,1,"Not significant",0,""
"Hspa4l",0.000590596270494963,-0.351812480621805,0.151,0.295,1,"Not significant",0,""
"Kcna6",0.000591437222346959,-1.05927180333719,0.042,0.13,1,"Not significant",0,""
"2010300C02Rik",0.000593192933236717,-1.14030837542809,0.033,0.116,1,"Not significant",0,""
"Pcsk5",0.000597896355213396,-1.2622988998067,0.028,0.108,1,"Not significant",0,""
"Bclaf1",0.000599592557337221,-0.313863594413044,0.392,0.642,1,"Not significant",0,""
"Adipor1",0.00060091679612109,-1.00345750721559,0.033,0.116,1,"Not significant",0,""
"Taf2",0.000603460822712006,-0.535928420879697,0.094,0.209,1,"Not significant",0,""
"Coro1c",0.000605774577023733,-0.711057016929549,0.066,0.169,1,"Not significant",0,""
"Farp2",0.000605911003986702,-1.06665133370278,0.038,0.123,1,"Not significant",0,""
"Ubap2",0.000607466725856114,-0.368621402083522,0.123,0.257,1,"Not significant",0,""
"Wnk2",0.000608192949609955,-0.249389280427211,0.358,0.606,1,"Not significant",0,""
"Denr",0.000609102579441077,-1.07521334720621,0.033,0.116,1,"Not significant",0,""
"Six3",0.000611160219868047,-0.986957598521298,0.057,0.152,1,"Not significant",0,""
"Gabpb2",0.000613155084192882,-0.758102268616622,0.061,0.16,1,"Not significant",0,""
"Wipf2",0.000614445170254075,-0.441542641277818,0.156,0.297,1,"Not significant",0,""
"Dhx32",0.00061475603431405,-0.46272132834082,0.09,0.207,1,"Not significant",0,""
"Daam1",0.000618282483150409,-0.349181915162376,0.245,0.426,1,"Not significant",0,""
"Ist1",0.000620533828923517,-0.404973866840816,0.142,0.283,1,"Not significant",0,""
"Spon1",0.00062125582618615,-0.833358844016717,0.066,0.163,1,"Not significant",0,""
"Pdss1",0.000628034755294925,-0.959736129786273,0.061,0.158,1,"Not significant",0,""
"Gm32014",0.000631429151441196,-0.609793658729314,0.09,0.202,1,"Not significant",0,""
"Ccnt1",0.000631945654086483,-0.23164868696652,0.123,0.257,1,"Not significant",0,""
"Taok2",0.000632950442011498,-0.475751276789937,0.108,0.231,1,"Not significant",0,""
"Ttll1",0.000634703686797638,-1.68220215425736,0.033,0.112,1,"Not significant",0,""
"Zswim6",0.000634935994145035,-0.915792782198676,0.052,0.145,1,"Not significant",0,""
"Aqr",0.000636952263560597,-1.00704184456463,0.057,0.15,1,"Not significant",0,""
"Zfp1",0.000637980463788835,-0.815346220451098,0.057,0.15,1,"Not significant",0,""
"C1qtnf4",0.000638455543251136,-0.904594575593812,0.042,0.13,1,"Not significant",0,""
"Gas7",0.000638693123437058,-0.552078160873027,0.142,0.272,1,"Not significant",0,""
"Pdia6",0.000639210293163895,-0.624387519136589,0.066,0.169,1,"Not significant",0,""
"Gnb2",0.00063946928711423,-0.547042570975728,0.123,0.248,1,"Not significant",0,""
"Sec23ip",0.000639707415328586,-0.974843022176481,0.066,0.163,1,"Not significant",0,""
"Gde1",0.000640346367925114,-0.959736129786273,0.033,0.116,1,"Not significant",0,""
"Rab11fip2",0.000643996085040461,-1.04719897103661,0.052,0.143,1,"Not significant",0,""
"Slit1",0.000647707243835962,-0.457525457974233,0.203,0.363,1,"Not significant",0,""
"Sfta3-ps",0.000649246282510983,-1.16353133224539,0.08,0.182,1,"Not significant",0,""
"Coq5",0.000649338919615073,-0.894147788158696,0.047,0.138,1,"Not significant",0,""
"Tubgcp4",0.000650618864976535,-0.866626725394791,0.042,0.13,1,"Not significant",0,""
"Eef1a1",0.000650937119389905,-1.05284553417775,0.061,0.156,1,"Not significant",0,""
"Araf",0.000653981505515451,-0.353167172875742,0.175,0.332,1,"Not significant",0,""
"Celf6",0.000656414216626616,-0.540111361011777,0.113,0.237,1,"Not significant",0,""
"Gab3",0.000656649032761074,-0.742144694713646,0.071,0.174,1,"Not significant",0,""
"Faf2",0.000657988543528894,-0.488944648984428,0.142,0.279,1,"Not significant",0,""
"Zcchc17",0.000659404614310032,-0.653404889949929,0.061,0.16,1,"Not significant",0,""
"Fam228b",0.000660659989706818,-1.27007625039842,0.028,0.106,1,"Not significant",0,""
"Arpc2",0.000661578043149034,-0.261659549013662,0.151,0.299,1,"Not significant",0,""
"Cacna1c",0.000662067815636733,-0.394495531108589,0.778,0.813,1,"Not significant",0,""
"2810004N23Rik",0.000662174062989728,-0.549751858233715,0.099,0.218,1,"Not significant",0,""
"Deaf1",0.000662646660634328,-0.507747494334537,0.075,0.182,1,"Not significant",0,""
"Jpx",0.000666122949005216,-0.520994369916161,0.123,0.248,1,"Not significant",0,""
"Extl3",0.000666130749228927,-0.520451084260752,0.085,0.196,1,"Not significant",0,""
"Vstm2a",0.00066618667612469,-0.654881548257852,0.047,0.139,1,"Not significant",0,""
"Dcakd",0.00066997563689852,-0.974091422763343,0.066,0.163,1,"Not significant",0,""
"Nceh1",0.000670201510592019,-0.717535227369645,0.057,0.154,1,"Not significant",0,""
"Exoc3",0.00067046614105252,-0.313918423678262,0.108,0.237,1,"Not significant",0,""
"Kcnh8",0.000670824358518834,-0.913442477512338,0.085,0.191,1,"Not significant",0,""
"Fbxo34",0.000672812478956743,-0.881733617785,0.057,0.15,1,"Not significant",0,""
"2610008E11Rik",0.000673208076801391,-1.06665133370278,0.038,0.121,1,"Not significant",0,""
"Gria4",0.00067522188061803,-0.312037873717154,0.915,0.89,1,"Not significant",0,""
"Add2",0.000675415818311512,-0.308102589419829,0.231,0.409,1,"Not significant",0,""
"Il1rapl2",0.000677860262137894,-1.77571629845817,0.151,0.261,1,"Not significant",0,""
"Ube2d2a",0.000679490825149207,-0.807733036341223,0.085,0.191,1,"Not significant",0,""
"Akap1",0.000680060708153478,-0.941588783076014,0.042,0.13,1,"Not significant",0,""
"Ccnh",0.000681882448843427,-0.978844952733978,0.038,0.123,1,"Not significant",0,""
"B3galt5",0.000682170918769162,-0.548540696801823,0.057,0.154,1,"Not significant",0,""
"Dnajb6",0.000683224716455664,-0.649780676564987,0.08,0.187,1,"Not significant",0,""
"Zswim5",0.00068588123322997,-1.15238120772867,0.042,0.128,1,"Not significant",0,""
"9530026P05Rik",0.000686340018005868,-1.78619987479158,0.038,0.119,1,"Not significant",0,""
"Fhad1",0.000694718590113723,-1.78981112834396,0.038,0.117,1,"Not significant",0,""
"Trim26",0.000694825328012743,-0.904594575593812,0.042,0.13,1,"Not significant",0,""
"Amn1",0.000696424959368933,-0.739346061360973,0.066,0.167,1,"Not significant",0,""
"Cul1",0.000696552458252376,-0.346505904042312,0.17,0.327,1,"Not significant",0,""
"Slc2a3",0.00069998614558176,-0.586582711543737,0.123,0.246,1,"Not significant",0,""
"Vwa3a",0.000705145913369447,-1.50570449889157,0.033,0.112,1,"Not significant",0,""
"Rilpl1",0.000708442980270868,-0.959736129786273,0.052,0.143,1,"Not significant",0,""
"Tacc2",0.000711447580676881,-0.382766419818647,0.137,0.268,1,"Not significant",0,""
"Gm20342",0.000711959460908252,-1.05927180333719,0.042,0.128,1,"Not significant",0,""
"Ccdc107",0.000712530146884607,-0.779163884144452,0.042,0.13,1,"Not significant",0,""
"9330159F19Rik",0.000713441275719505,-0.277736994837995,0.241,0.428,1,"Not significant",0,""
"Mto1",0.00071583755356248,-0.798272707092157,0.047,0.136,1,"Not significant",0,""
"Soga1",0.000715921151462669,-0.582666480706449,0.113,0.233,1,"Not significant",0,""
"Zfp282",0.00071605648547952,-0.753285252318847,0.075,0.18,1,"Not significant",0,""
"Cbx3",0.000716070550264612,-1.03012545767767,0.028,0.106,1,"Not significant",0,""
"Yaf2",0.000718372902996114,-1.04589277353599,0.033,0.114,1,"Not significant",0,""
"Tmem179",0.000718535922787892,-0.714623631949741,0.094,0.204,1,"Not significant",0,""
"Otud5",0.00071950164843721,-0.688434107968879,0.08,0.187,1,"Not significant",0,""
"Rab11fip3",0.000721860162366128,-0.288658471276524,0.259,0.433,1,"Not significant",0,""
"Wscd2",0.000724812061308316,-0.386269267902946,0.179,0.323,1,"Not significant",0,""
"Rnf166",0.000725291424871533,-1.11893472463553,0.033,0.114,1,"Not significant",0,""
"Mtmr4",0.000726016882795144,-0.897675161654022,0.057,0.15,1,"Not significant",0,""
"Ero1lb",0.000728300063421755,-1.08526701187013,0.028,0.106,1,"Not significant",0,""
"Arf3",0.000728686483051115,-0.427884965524679,0.132,0.261,1,"Not significant",0,""
"Hdac2",0.000728804495785803,-1.49025084648505,0.028,0.105,1,"Not significant",0,""
"Wdr20",0.000730411144100467,-0.728005843870489,0.09,0.198,1,"Not significant",0,""
"Zfp91",0.000731448460550297,-0.293159863511465,0.151,0.297,1,"Not significant",0,""
"Impdh1",0.000732895441692022,-1.24267009305777,0.042,0.127,1,"Not significant",0,""
"Dexi",0.000736239319973685,-0.694391563265278,0.071,0.172,1,"Not significant",0,""
"Tfdp1",0.000741776218188273,-0.778289258448742,0.061,0.158,1,"Not significant",0,""
"Crtc1",0.000742866659344695,-0.230506184399672,0.151,0.294,1,"Not significant",0,""
"Ttyh3",0.00074782145258496,-0.959736129786273,0.047,0.136,1,"Not significant",0,""
"Phyh",0.00074825896393137,-1.39862037101948,0.028,0.105,1,"Not significant",0,""
"Nwd1",0.000748621440799574,-1.38196913046932,0.033,0.112,1,"Not significant",0,""
"Rgs10",0.00075141947289768,-0.98358287174064,0.028,0.105,1,"Not significant",0,""
"Ap3b1",0.000751557346173087,-0.434821012735055,0.104,0.222,1,"Not significant",0,""
"Rnf187",0.000760551985872951,-0.817131734343473,0.042,0.13,1,"Not significant",0,""
"Mphosph8",0.000760707609077548,-0.310643291645401,0.16,0.305,1,"Not significant",0,""
"Tvp23a",0.000765285069722321,-0.923210253761159,0.047,0.136,1,"Not significant",0,""
"N4bp1",0.000766900951473706,-0.772967618180546,0.09,0.196,1,"Not significant",0,""
"Ptges3",0.000770714448495442,-1.29315986351146,0.033,0.112,1,"Not significant",0,""
"Prpf19",0.000770861819835727,-0.816145276157423,0.057,0.15,1,"Not significant",0,""
"Drg1",0.000774004437057409,-0.721872299687385,0.071,0.172,1,"Not significant",0,""
"Ntan1",0.000776622538439811,-0.800746606025116,0.071,0.171,1,"Not significant",0,""
"P4htm",0.000777475762395473,-0.390715172934138,0.142,0.275,1,"Not significant",0,""
"Fzd3",0.000780790603390738,-1.66017584792737,0.033,0.11,1,"Not significant",0,""
"Dalrd3",0.000782919825088804,-0.410397538795838,0.127,0.255,1,"Not significant",0,""
"C87436",0.000783106167757127,-0.637808034898911,0.099,0.213,1,"Not significant",0,""
"Stmn1",0.000784875861028506,-1.76119045040419,0.028,0.103,1,"Not significant",0,""
"Fkbp3",0.000786244145552964,-0.668834930519535,0.061,0.16,1,"Not significant",0,""
"Drc1",0.000786689388618093,-0.595579799509613,0.071,0.174,1,"Not significant",0,""
"Aimp1",0.000786976046406347,-0.940370804919342,0.042,0.128,1,"Not significant",0,""
"Mpp6",0.00078739929692016,-0.807733036341223,0.061,0.158,1,"Not significant",0,""
"Dhx8",0.000790050621967898,-0.959736129786274,0.028,0.106,1,"Not significant",0,""
"Trafd1",0.000791193544669215,-0.601282158873796,0.09,0.2,1,"Not significant",0,""
"Capn15",0.00079161343370287,-0.222770535620067,0.184,0.343,1,"Not significant",0,""
"Fcho1",0.000792533004246738,-0.717535227369645,0.057,0.15,1,"Not significant",0,""
"Ptpn2",0.00079494853886967,-0.72527087614925,0.071,0.171,1,"Not significant",0,""
"Cep192",0.00079613669227076,-0.815346220451099,0.066,0.163,1,"Not significant",0,""
"Nvl",0.000800646971518494,-0.185295830201404,0.193,0.354,1,"Not significant",0,""
"Gm7072",0.000801690497505262,-1.05284553417775,0.028,0.105,1,"Not significant",0,""
"Gas5",0.000804402247968675,-0.408326188776143,0.151,0.284,1,"Not significant",0,""
"Zfp507",0.000805509838542912,-1.28166422467363,0.042,0.125,1,"Not significant",0,""
"Gclc",0.000809624970005039,-0.744723238815423,0.075,0.178,1,"Not significant",0,""
"Cd46",0.000810450011332872,-0.296771117063844,0.17,0.317,1,"Not significant",0,""
"Nit1",0.00081358055265278,-0.620530043467075,0.052,0.145,1,"Not significant",0,""
"Clybl",0.000816945941369604,-1.61763015296128,0.033,0.11,1,"Not significant",0,""
"Ergic1",0.00082095112525065,-0.455969711913097,0.16,0.299,1,"Not significant",0,""
"Sorl1",0.000825565690091573,-0.539029880420737,0.085,0.194,1,"Not significant",0,""
"Kcnt1",0.000827076799648323,0.896528392752278,0.453,0.422,1,"Not significant",0,""
"Caprin2",0.000831525261524055,-0.82001136611966,0.075,0.176,1,"Not significant",0,""
"Dnajc18",0.000832286259398569,-0.882430403618824,0.071,0.169,1,"Not significant",0,""
"Adcy5",0.00083394878884762,-0.62301103297083,0.146,0.272,1,"Not significant",0,""
"Tada3",0.000835407597642014,-1.42440439678972,0.038,0.117,1,"Not significant",0,""
"Fam185a",0.000837217103287425,-0.892621933927736,0.066,0.161,1,"Not significant",0,""
"Gtf2ird2",0.000837646739244978,-0.834205247702414,0.08,0.182,1,"Not significant",0,""
"C130026L21Rik",0.000837706530432881,-0.866626725394791,0.038,0.121,1,"Not significant",0,""
"Abcb10",0.000840764439154753,-0.711057016929549,0.066,0.165,1,"Not significant",0,""
"Pcdh9",0.000843159949154813,-0.704597555378359,0.962,0.877,1,"Not significant",0,""
"Fam227a",0.000843659811491381,-0.240152613848303,0.132,0.266,1,"Not significant",0,""
"Selenow",0.000845994495812866,1.27128346890288,0.288,0.211,1,"Not significant",0,""
"Apaf1",0.000846584570542663,-1.22277053562007,0.028,0.105,1,"Not significant",0,""
"Por",0.000849511604431994,-0.0301254576776708,0.165,0.314,1,"Not significant",0,""
"Nap1l1",0.00085058344114037,-0.369319198973009,0.137,0.272,1,"Not significant",0,""
"Efnb3",0.000855593814906983,-0.799271457593027,0.052,0.143,1,"Not significant",0,""
"Vstm5",0.000857403874550101,-0.860200456235359,0.047,0.136,1,"Not significant",0,""
"Myt1l",0.000860910786374763,-0.275463429460256,0.873,0.903,1,"Not significant",0,""
"Mmp17",0.000862983052743845,-1.49578903002648,0.028,0.103,1,"Not significant",0,""
"Nudcd3",0.000865285096331466,-0.248954467423722,0.222,0.404,1,"Not significant",0,""
"Pank2",0.000874553028049302,-1.02027767172132,0.042,0.127,1,"Not significant",0,""
"Pwwp3a",0.000877165944222177,-1.00977681228587,0.057,0.147,1,"Not significant",0,""
"Wasl",0.000880466717740424,-0.728955922957106,0.061,0.158,1,"Not significant",0,""
"Lrrc7",0.000883713435783419,-0.317678189031571,0.882,0.861,1,"Not significant",0,""
"Cfl2",0.000883865333082654,-1.00037811428362,0.042,0.127,1,"Not significant",0,""
"Slc36a4",0.000885904358501996,-1.09723965353621,0.033,0.112,1,"Not significant",0,""
"Senp3",0.000885904358501996,-1.09723965353621,0.033,0.112,1,"Not significant",0,""
"Slc9a6",0.000885904358501996,-1.09723965353621,0.033,0.112,1,"Not significant",0,""
"Jdp2",0.000891055317523969,-1.4678830334566,0.028,0.103,1,"Not significant",0,""
"Cfap20",0.000893749623475882,-1.05284553417775,0.042,0.127,1,"Not significant",0,""
"Cep83",0.000894419681129979,-0.323699444470847,0.113,0.239,1,"Not significant",0,""
"Ddx3x",0.000894836648322679,-0.959736129786273,0.047,0.134,1,"Not significant",0,""
"Osbpl2",0.000898820360590456,-0.815346220451099,0.061,0.156,1,"Not significant",0,""
"Kndc1",0.000904634852608522,-0.175773056082897,0.231,0.418,1,"Not significant",0,""
"Bnip2",0.00090895160981326,-1.28690087303978,0.038,0.117,1,"Not significant",0,""
"Elp2",0.000910253089836961,-0.682202154257364,0.099,0.209,1,"Not significant",0,""
"Cgn",0.000911914603213467,-0.570693839040374,0.09,0.198,1,"Not significant",0,""
"Usp20",0.000912302240032502,-0.384051442653128,0.156,0.299,1,"Not significant",0,""
"Mirg",0.000912528582066453,-0.279914442723676,0.443,0.681,1,"Not significant",0,""
"Podxl2",0.000912594176196698,0.825727982071123,0.472,0.451,1,"Not significant",0,""
"Azi2",0.000914286039520277,-0.696701723952479,0.066,0.163,1,"Not significant",0,""
"Camsap2",0.000920875822613056,-0.41413606133589,0.132,0.261,1,"Not significant",0,""
"Senp1",0.000926240976479371,-0.749316350115901,0.085,0.189,1,"Not significant",0,""
"Col4a3bp",0.000927293386365934,-0.571920099242454,0.075,0.18,1,"Not significant",0,""
"Gps2",0.000927331626703597,1.12839478049239,0.269,0.189,1,"Not significant",0,""
"Fam216a",0.00092921664118345,-0.423303522992776,0.099,0.217,1,"Not significant",0,""
"Mcts1",0.00093144506254942,-0.563807453455134,0.042,0.128,1,"Not significant",0,""
"Ero1l",0.000933752175763233,-1.32586402858417,0.028,0.103,1,"Not significant",0,""
"Ptpru",0.000938589675791146,-0.477343362705665,0.09,0.202,1,"Not significant",0,""
"Gart",0.000944086477485337,-0.61271705393608,0.085,0.189,1,"Not significant",0,""
"Frmd4b",0.000951277731701705,-0.61271705393608,0.071,0.172,1,"Not significant",0,""
"Prr14l",0.000951786855074665,-0.101755134658701,0.193,0.358,1,"Not significant",0,""
"Supt20",0.000958595448277829,-0.336427317415634,0.151,0.292,1,"Not significant",0,""
"Resf1",0.000958765950389471,-0.374773629065117,0.104,0.222,1,"Not significant",0,""
"Gpx3",0.000959849293468123,-1.73734370844983,0.028,0.101,1,"Not significant",0,""
"Zfp341",0.000967357700831939,-1.73734370844983,0.028,0.101,1,"Not significant",0,""
"Scml4",0.000970067832142947,-0.56942105991866,0.193,0.343,1,"Not significant",0,""
"Ttf1",0.000972828645967944,-0.791613370977946,0.057,0.149,1,"Not significant",0,""
"Tmx2",0.000973304488318999,-0.938977569619476,0.038,0.119,1,"Not significant",0,""
"Rxylt1",0.000973850263746637,-0.4549439777491,0.104,0.222,1,"Not significant",0,""
"4732463B04Rik",0.000976006226299877,-1.26583925751195,0.033,0.11,1,"Not significant",0,""
"Taf3",0.000978726505143068,-0.354015068898319,0.075,0.18,1,"Not significant",0,""
"Stim2",0.000978863561536738,-1.18212855112272,0.038,0.117,1,"Not significant",0,""
"Mmel1",0.000979181674804955,-1.25929641164518,0.033,0.11,1,"Not significant",0,""
"Tshz3",0.000982336548525912,-1.33824775304,0.033,0.11,1,"Not significant",0,""
"Slc26a11",0.000986094247015071,-0.789811128343961,0.047,0.134,1,"Not significant",0,""
"Fam160a2",0.000987130028729956,-0.914648240257735,0.033,0.112,1,"Not significant",0,""
"Gck",0.00098779627798519,-0.335538465782017,0.09,0.202,1,"Not significant",0,""
"Pygb",0.000997722087079545,-0.459470793640398,0.123,0.244,1,"Not significant",0,""
"Vps11",0.000998625959600926,-1.07390714970558,0.057,0.145,1,"Not significant",0,""
"Slc8a2",0.00100005204977522,-0.959736129786273,0.061,0.152,1,"Not significant",0,""
"Ints6l",0.00100025607037092,-0.286096470988896,0.132,0.261,1,"Not significant",0,""
"Kdm4b",0.00100090606862239,1.21989808263597,0.33,0.273,1,"Not significant",0,""
"Rffl",0.00100207272091899,-1.19852298937339,0.028,0.103,1,"Not significant",0,""
"Mkrn1",0.00100359803159488,-1.05284553417775,0.047,0.132,1,"Not significant",0,""
"Agl",0.00100503428397098,-0.744723238815423,0.08,0.182,1,"Not significant",0,""
"Foxred1",0.00100607327997663,-1.17837641626161,0.033,0.11,1,"Not significant",0,""
"Srcin1",0.00100858253976387,-0.252783104686506,0.259,0.457,1,"Not significant",0,""
"Nfatc2",0.00101088016599392,-0.931991139303369,0.066,0.16,1,"Not significant",0,""
"Ptpre",0.00101918136011745,-0.518660769605906,0.113,0.229,1,"Not significant",0,""
"Hmgn3",0.0010219108870756,-0.728410583679817,0.08,0.18,1,"Not significant",0,""
"Smg1",0.00102732110212058,-0.294109317340329,0.443,0.67,1,"Not significant",0,""
"Rae1",0.0010290653597576,-0.614349062074921,0.094,0.202,1,"Not significant",0,""
"Rab3b",0.0010298462738747,-1.05927180333719,0.038,0.117,1,"Not significant",0,""
"Zfp821",0.00103280871227607,-0.556671272173505,0.09,0.196,1,"Not significant",0,""
"Anapc10",0.00103507097726613,-0.614349062074921,0.08,0.185,1,"Not significant",0,""
"Gm10069",0.00103695425869157,-0.708197362790309,0.052,0.141,1,"Not significant",0,""
"Zfp523",0.00103764437531376,-0.289884731478604,0.137,0.27,1,"Not significant",0,""
"Tor1b",0.00103862695153533,-0.618699211951206,0.042,0.127,1,"Not significant",0,""
"Erich3",0.00104104875777692,-0.601282158873796,0.08,0.185,1,"Not significant",0,""
"Ilrun",0.00104204876624602,-0.678835303158965,0.075,0.176,1,"Not significant",0,""
"Ppil2",0.00104496240786332,-0.374773629065117,0.085,0.194,1,"Not significant",0,""
"Tpra1",0.00104716469620186,-1.4678830334566,0.033,0.108,1,"Not significant",0,""
"Nectin1",0.00104844583530942,-0.959736129786273,0.052,0.139,1,"Not significant",0,""
"Heatr5b",0.00104956746733927,-0.541592719639608,0.08,0.185,1,"Not significant",0,""
"Fbxo25",0.00105060568708535,-0.767091051843877,0.038,0.119,1,"Not significant",0,""
"Prkaa2",0.00105776440563774,-1.42207934384347,0.033,0.108,1,"Not significant",0,""
"Zfyve28",0.00105808581137545,-0.625735202598336,0.09,0.196,1,"Not significant",0,""
"Pomgnt1",0.00106377931663101,-0.807733036341223,0.052,0.139,1,"Not significant",0,""
"Mrpl38",0.00106572737023755,-0.576407490234767,0.075,0.176,1,"Not significant",0,""
"Slc12a9",0.00106714343471354,-0.835747412510819,0.038,0.119,1,"Not significant",0,""
"Adam9",0.0010772765912273,-1.08526701187013,0.028,0.103,1,"Not significant",0,""
"Zc3h12c",0.00107745869847038,-1.3281235357663,0.038,0.116,1,"Not significant",0,""
"Rnf215",0.00107801398779936,-0.711808616342688,0.047,0.134,1,"Not significant",0,""
"Ssu72",0.00108017977021632,-0.685113749677267,0.033,0.112,1,"Not significant",0,""
"D130040H23Rik",0.00108093098237874,-0.199311562796078,0.137,0.272,1,"Not significant",0,""
"Cirbp",0.00108587107453217,-0.63780803489891,0.047,0.134,1,"Not significant",0,""
"Pygo1",0.00109318161298635,-0.544698630507429,0.052,0.141,1,"Not significant",0,""
"Fam234a",0.00109365817636622,-0.758823435860277,0.052,0.141,1,"Not significant",0,""
"Mpzl1",0.00109996472532088,-1.03012545767767,0.033,0.11,1,"Not significant",0,""
"Dag1",0.00110101529742984,-0.213837410850059,0.127,0.255,1,"Not significant",0,""
"Gm12940",0.00110138025194755,-0.372406614521201,0.17,0.312,1,"Not significant",0,""
"Snca",0.00110304413988322,-0.929039332563357,0.052,0.139,1,"Not significant",0,""
"Zfp384",0.00110586071090684,-0.607434385855392,0.061,0.156,1,"Not significant",0,""
"Col26a1",0.00110764179036888,-1.42788496552468,0.042,0.121,1,"Not significant",0,""
"Eif4e2",0.00111115903765051,-1.39862037101948,0.028,0.101,1,"Not significant",0,""
"Zfand4",0.00111270548028732,-1.36027405937,0.033,0.108,1,"Not significant",0,""
"Gm2824",0.00111799627949545,-1.59716605040156,0.038,0.114,1,"Not significant",0,""
"Tmem25",0.00112287235256674,-0.821029858954681,0.075,0.172,1,"Not significant",0,""
"Ndufv3",0.00112289392880324,-0.623308465203796,0.066,0.163,1,"Not significant",0,""
"Zc3h4",0.00112309965671941,-0.860200456235359,0.052,0.139,1,"Not significant",0,""
"Acbd3",0.00112494461764901,-1.01284746624584,0.052,0.138,1,"Not significant",0,""
"Ahctf1",0.00112998395225929,-0.409539047225793,0.104,0.222,1,"Not significant",0,""
"Smarca2",0.00113054395992558,-0.43617417372926,0.278,0.453,1,"Not significant",0,""
"Gm44643",0.00113068576600107,-0.430003149785509,0.108,0.226,1,"Not significant",0,""
"Med15",0.00113695280746761,-0.595579799509613,0.071,0.167,1,"Not significant",0,""
"Ints1",0.00113768309821326,1.10345769670092,0.297,0.218,1,"Not significant",0,""
"Cntrob",0.00114232749909549,-1.1661870072537,0.042,0.123,1,"Not significant",0,""
"Stx3",0.001145619172204,-0.583360250876534,0.071,0.171,1,"Not significant",0,""
"Dnajc16",0.00114971396413113,-0.637808034898911,0.042,0.127,1,"Not significant",0,""
"Zfp160",0.00116312838706671,-0.860200456235358,0.038,0.117,1,"Not significant",0,""
"Stat2",0.00116430590013119,-0.825435038074682,0.047,0.132,1,"Not significant",0,""
"Kcnq1ot1",0.00116691894567641,0.318889604600636,0.995,0.95,1,"Not significant",0,""
"Msh3",0.00117114293335727,-0.665288771321018,0.071,0.169,1,"Not significant",0,""
"Pign",0.00117153227411992,-0.784649423228182,0.061,0.152,1,"Not significant",0,""
"6030443J06Rik",0.00117224950635737,-0.941588783076014,0.038,0.117,1,"Not significant",0,""
"Ss18l1",0.00118145403697325,-0.941588783076014,0.052,0.138,1,"Not significant",0,""
"Asxl3",0.00118234914119335,-0.800079463797788,0.057,0.147,1,"Not significant",0,""
"Dph7",0.00118383677688943,-0.894147788158696,0.057,0.145,1,"Not significant",0,""
"Vsnl1",0.00119045235729716,-0.270665225724378,0.302,0.488,1,"Not significant",0,""
"Zfp426",0.00119155804312718,-0.914648240257735,0.033,0.11,1,"Not significant",0,""
"Rps6kb2",0.00119310447654611,1.13416400909521,0.325,0.259,1,"Not significant",0,""
"Syt6",0.00119940233853677,-1.36027405937,0.047,0.128,1,"Not significant",0,""
"Pi4k2a",0.00120173026893459,-0.400308721172254,0.066,0.163,1,"Not significant",0,""
"Gm13830",0.00120278506400606,-0.784649423228182,0.057,0.147,1,"Not significant",0,""
"Pot1b",0.00120391618927501,-1.14030837542809,0.038,0.116,1,"Not significant",0,""
"Itga3",0.00120554442796329,-0.753285252318847,0.047,0.132,1,"Not significant",0,""
"Tarsl2",0.00120702930611641,-0.940370804919342,0.038,0.117,1,"Not significant",0,""
"Aars",0.00120753365988462,-0.637808034898911,0.066,0.158,1,"Not significant",0,""
"Reln",0.0012123591578986,-1.43617417372926,0.104,0.206,1,"Not significant",0,""
"Pde7b",0.00121764241609454,-0.521888747599343,0.151,0.279,1,"Not significant",0,""
"Micu1",0.00122078982541112,-0.550345193648571,0.099,0.209,1,"Not significant",0,""
"Snx1",0.00122491846315782,-0.753285252318847,0.057,0.147,1,"Not significant",0,""
"Afap1",0.00122751737883556,-1.17386093513912,0.028,0.101,1,"Not significant",0,""
"Slc39a10",0.00122871409954552,-1.15565633976153,0.033,0.108,1,"Not significant",0,""
"Ift52",0.00123080580432342,-0.617630152961281,0.038,0.119,1,"Not significant",0,""
"Rpl5",0.00123257013807092,-1.20415485745272,0.047,0.128,1,"Not significant",0,""
"Ppp1r16b",0.00123370804498908,-0.758102268616622,0.066,0.158,1,"Not significant",0,""
"Fxr1",0.00123811420658984,-0.54246015831143,0.127,0.246,1,"Not significant",0,""
"Cfap44",0.00124404742830609,-0.530892830982399,0.085,0.191,1,"Not significant",0,""
"Gigyf1",0.00124611934745678,-0.167427501776292,0.278,0.483,1,"Not significant",0,""
"Polk",0.00124616629051095,-0.865613952421723,0.057,0.145,1,"Not significant",0,""
"Tmem132e",0.00125562420619218,-0.637808034898911,0.066,0.161,1,"Not significant",0,""
"Rnf41",0.00126090758898789,-0.682202154257364,0.071,0.167,1,"Not significant",0,""
"Prkcg",0.00126468195365143,-0.338247753040003,0.156,0.294,1,"Not significant",0,""
"Ern1",0.00126561989881816,-1.16136999095592,0.033,0.108,1,"Not significant",0,""
"Nagk",0.00126792468656521,-0.700817832424711,0.09,0.191,1,"Not significant",0,""
"Cbx1",0.00127202058187643,-0.855038751119579,0.061,0.15,1,"Not significant",0,""
"Wdr5",0.00127873994266608,-0.704922230757448,0.057,0.147,1,"Not significant",0,""
"Fhl1",0.00128031819197727,-0.314268890105563,0.142,0.27,1,"Not significant",0,""
"Ralyl",0.0012825079557955,-0.520244195837285,0.943,0.85,1,"Not significant",0,""
"Gm41804",0.00130518310920203,-0.566724936837428,0.057,0.145,1,"Not significant",0,""
"Tmod3",0.00131118713786231,-0.959736129786273,0.028,0.101,1,"Not significant",0,""
"Scamp2",0.00131135896348174,-0.675282740317574,0.047,0.132,1,"Not significant",0,""
"Elp3",0.00131326575289775,-0.7346695741515,0.042,0.125,1,"Not significant",0,""
"Pde1a",0.00131412913002355,-0.626312396061081,0.245,0.389,1,"Not significant",0,""
"Dnajc11",0.00132321035962553,-0.364431684843658,0.104,0.215,1,"Not significant",0,""
"Pkp2",0.00132387180555946,-1.3281235357663,0.047,0.127,1,"Not significant",0,""
"Egfem1",0.00132424934078438,-0.3298477581836,0.344,0.527,1,"Not significant",0,""
"Zfp287",0.00132426130195553,-1.03635741138919,0.028,0.101,1,"Not significant",0,""
"Nsfl1c",0.00132759612788508,-0.978844952733978,0.042,0.123,1,"Not significant",0,""
"Thy1",0.00133209323548651,-0.498404978233495,0.094,0.202,1,"Not significant",0,""
"Abcb9",0.00133216340020606,-0.72527087614925,0.071,0.165,1,"Not significant",0,""
"Ppme1",0.00133316591008874,-0.445162956956515,0.09,0.196,1,"Not significant",0,""
"St3gal5",0.00133374652908465,-1.06779587564373,0.066,0.154,1,"Not significant",0,""
"Mob2",0.00133636152981063,-1.16136999095592,0.042,0.121,1,"Not significant",0,""
"Rasgrf1",0.00133779697099302,-0.422470371096413,0.75,0.78,1,"Not significant",0,""
"Tmlhe",0.00133892596899932,-0.455969711913098,0.094,0.198,1,"Not significant",0,""
"March2",0.00134027104770134,-0.782197944234086,0.052,0.138,1,"Not significant",0,""
"Dlg5",0.00134278363142811,-0.425587418619754,0.156,0.286,1,"Not significant",0,""
"Ampd2",0.00135108661682198,-0.40136783907683,0.113,0.229,1,"Not significant",0,""
"Rala",0.00135182169863114,-0.378889737537349,0.09,0.196,1,"Not significant",0,""
"Pcdh15",0.00135917119528749,-0.935488583539595,0.811,0.736,1,"Not significant",0,""
"Csnk1d",0.00137379566758508,-0.977658037783535,0.052,0.136,1,"Not significant",0,""
"Tom1",0.00137730865825915,-0.696701723952479,0.066,0.16,1,"Not significant",0,""
"Mrpl3",0.00137800990666101,-0.589979509808296,0.061,0.154,1,"Not significant",0,""
"Axin1",0.00138109826632618,-0.445162956956515,0.09,0.198,1,"Not significant",0,""
"Lancl1",0.0013824312133855,-0.406802483257754,0.127,0.253,1,"Not significant",0,""
"Gtf3c1",0.00138834571494449,-0.454096081726523,0.123,0.242,1,"Not significant",0,""
"Psma7",0.00138909840612345,-0.649780676564987,0.099,0.204,1,"Not significant",0,""
"Taf6",0.00139166494878251,-0.872273288535933,0.047,0.13,1,"Not significant",0,""
"Nae1",0.00139223543488542,-0.849312140092623,0.052,0.138,1,"Not significant",0,""
"Znhit6",0.00139844158031523,-0.572713006677025,0.09,0.193,1,"Not significant",0,""
"Akap7",0.00140029908494359,-0.352405816036662,0.094,0.204,1,"Not significant",0,""
"Ddc",0.0014013319431528,-1.51227715281505,0.038,0.112,1,"Not significant",0,""
"Cfap54",0.00140233912190273,-0.760427321562866,0.085,0.183,1,"Not significant",0,""
"Map2k3",0.00140656742754169,-1.66017584792737,0.033,0.105,1,"Not significant",0,""
"Pgm2l1",0.00140687825256299,-0.682202154257364,0.066,0.158,1,"Not significant",0,""
"Naxd",0.00140759700626123,-0.854125941825674,0.047,0.13,1,"Not significant",0,""
"Cse1l",0.00141096604741438,-0.771663781633702,0.052,0.138,1,"Not significant",0,""
"Abhd14b",0.00141102540090509,-0.839441896068561,0.038,0.116,1,"Not significant",0,""
"Unkl",0.00141310910882508,-0.753285252318847,0.075,0.171,1,"Not significant",0,""
"Tdrd3",0.00141402201068357,-0.816145276157423,0.057,0.143,1,"Not significant",0,""
"Lamc1",0.00141596185348723,-1.03469818746749,0.047,0.128,1,"Not significant",0,""
"Acsl3",0.00141842942509502,-0.621319912110342,0.057,0.145,1,"Not significant",0,""
"Numbl",0.00141880387327491,-0.48026675791243,0.075,0.174,1,"Not significant",0,""
"Asap3",0.00141896201723994,-1.66017584792737,0.033,0.105,1,"Not significant",0,""
"Jmjd1c",0.00141924194655192,-0.160954528018311,0.316,0.532,1,"Not significant",0,""
"Cct3",0.00142453345417718,-0.937368316757818,0.033,0.108,1,"Not significant",0,""
"Cacng3",0.00142454394518014,-1.25929641164518,0.038,0.114,1,"Not significant",0,""
"Ube2j2",0.00142808806234945,-0.694391563265278,0.075,0.171,1,"Not significant",0,""
"Pold3",0.00145001218113348,-0.830453112841306,0.061,0.15,1,"Not significant",0,""
"Gid4",0.00145384929023822,-0.940370804919342,0.038,0.116,1,"Not significant",0,""
"Slc1a6",0.00145404521363767,-0.517513801181199,0.061,0.152,1,"Not significant",0,""
"BC005537",0.00145715804794561,-0.489285510188822,0.132,0.251,1,"Not significant",0,""
"Src",0.0014574742598085,-0.462236470315456,0.057,0.147,1,"Not significant",0,""
"Tmem208",0.0014647076604607,-1.11893472463553,0.038,0.114,1,"Not significant",0,""
"Gba2",0.00147272318478694,-0.779163884144452,0.047,0.13,1,"Not significant",0,""
"Mthfd2l",0.00147670760757769,-0.76491995280225,0.052,0.136,1,"Not significant",0,""
"Pwp1",0.00147785213021619,-0.84726140052786,0.042,0.123,1,"Not significant",0,""
"Rpl3",0.00148231826873749,-1.08846944390848,0.052,0.134,1,"Not significant",0,""
"Gnb4",0.0014833679697459,-0.589979509808295,0.057,0.143,1,"Not significant",0,""
"Arl3",0.00148421744226666,-0.234041647955087,0.208,0.365,1,"Not significant",0,""
"Fastk",0.00148713999682658,-0.807733036341223,0.057,0.143,1,"Not significant",0,""
"Slc25a46",0.00148873564365481,-0.827632593778928,0.042,0.123,1,"Not significant",0,""
"Bbof1",0.00149172698836449,-0.508821594178833,0.108,0.218,1,"Not significant",0,""
"Gnl3l",0.00149523927278109,-0.289884731478604,0.151,0.283,1,"Not significant",0,""
"Iars2",0.00150001626910125,-0.474309302616031,0.156,0.284,1,"Not significant",0,""
"Dnajc13",0.00150128014511718,-0.277976037643521,0.241,0.407,1,"Not significant",0,""
"Fubp3",0.00150516548229223,-0.832824017304054,0.057,0.143,1,"Not significant",0,""
"Dlst",0.00151124120530648,-0.784649423228182,0.061,0.15,1,"Not significant",0,""
"Pds5a",0.0015231710588421,-0.348301417703926,0.156,0.292,1,"Not significant",0,""
"Ppfibp1",0.00152631158482567,-1.39679993539512,0.057,0.138,1,"Not significant",0,""
"Usp24",0.00153024980111399,-0.279153005517585,0.236,0.407,1,"Not significant",0,""
"A930015D03Rik",0.00153204346258552,-0.398620371019485,0.156,0.286,1,"Not significant",0,""
"Egln1",0.00153250786519734,-0.807733036341223,0.047,0.128,1,"Not significant",0,""
"Fam184b",0.00153660486563855,-0.522330817478974,0.057,0.147,1,"Not significant",0,""
"Serpine2",0.00155311624642487,-1.13423386101841,0.038,0.114,1,"Not significant",0,""
"Hars",0.00155391600520963,-0.604641170963711,0.057,0.145,1,"Not significant",0,""
"Gm16759",0.00156552187095418,-0.778289258448742,0.061,0.15,1,"Not significant",0,""
"Ddx3y",0.00156671204415456,-0.748232024592561,0.066,0.156,1,"Not significant",0,""
"Pex3",0.00157545287649563,-0.583360250876535,0.075,0.171,1,"Not significant",0,""
"Mrps10",0.00158514466445259,-1.37477362906512,0.033,0.105,1,"Not significant",0,""
"Pea15a",0.00158550824755018,-1.00345750721559,0.038,0.114,1,"Not significant",0,""
"Kif21a",0.00158819862037512,-0.228744436664699,0.467,0.714,1,"Not significant",0,""
"Bsg",0.00159767348161355,-0.408326188776143,0.127,0.25,1,"Not significant",0,""
"Tax1bp1",0.00160574630716654,-0.423069186105898,0.137,0.261,1,"Not significant",0,""
"Als2",0.00162127579222963,-0.673431944629632,0.052,0.138,1,"Not significant",0,""
"Auh",0.00162207265563555,-0.663343127006049,0.085,0.183,1,"Not significant",0,""
"Zfp933",0.00163026127592937,-0.84726140052786,0.047,0.128,1,"Not significant",0,""
"Zdhhc8",0.00163370219992717,-0.512277152815052,0.09,0.191,1,"Not significant",0,""
"Itpr1",0.00163693768946257,-0.585340615004775,0.123,0.235,1,"Not significant",0,""
"Eefsec",0.00163803467451439,-0.538272361347996,0.085,0.185,1,"Not significant",0,""
"Necab1",0.00164135511408257,-1.06407278960101,0.061,0.147,1,"Not significant",0,""
"Rtn4",0.00164310226010419,-0.163635411532734,0.193,0.35,1,"Not significant",0,""
"Naa16",0.00165021126115122,-0.654109847228011,0.052,0.138,1,"Not significant",0,""
"Gars",0.00165826605301087,-0.408326188776143,0.09,0.193,1,"Not significant",0,""
"Ermard",0.00166645689413048,-0.807733036341223,0.071,0.161,1,"Not significant",0,""
"Klf13",0.00166692073882212,-0.613560488652233,0.08,0.176,1,"Not significant",0,""
"Slain2",0.00167716446147413,-0.573677697479195,0.057,0.143,1,"Not significant",0,""
"Srsf5",0.00168337618620123,-0.261976617879554,0.278,0.47,1,"Not significant",0,""
"Cep164",0.00168644710629811,-0.177962740261391,0.259,0.44,1,"Not significant",0,""
"Snap47",0.00168920780355441,-0.362948193668327,0.137,0.255,1,"Not significant",0,""
"Idh2",0.00169008778361004,-0.619660688188651,0.052,0.136,1,"Not significant",0,""
"Zfp292",0.00169551553831382,-0.110295806361654,0.264,0.444,1,"Not significant",0,""
"Ppm1f",0.00169554602174917,-0.923210253761159,0.052,0.134,1,"Not significant",0,""
"Psmc1",0.00169705132579035,-0.959736129786273,0.071,0.16,1,"Not significant",0,""
"Fam98a",0.00169909396585956,-0.917915954091646,0.038,0.114,1,"Not significant",0,""
"Cul2",0.00170124286425596,-0.160373998482199,0.151,0.29,1,"Not significant",0,""
"Trip11",0.001707488046896,-0.421184094022075,0.269,0.426,1,"Not significant",0,""
"Mrtfa",0.00171152042090245,-0.360274059370001,0.104,0.213,1,"Not significant",0,""
"Cpsf4",0.00171324913934593,-0.818380280540731,0.038,0.114,1,"Not significant",0,""
"Ighmbp2",0.00171852969503278,-1.49025084648505,0.038,0.11,1,"Not significant",0,""
"Mlxip",0.00172016898162915,-0.467883033456598,0.094,0.202,1,"Not significant",0,""
"Set",0.00172094815838211,-0.817131734343473,0.047,0.128,1,"Not significant",0,""
"Klhl12",0.00173169779960237,-0.910826529305327,0.061,0.147,1,"Not significant",0,""
"Parn",0.00173176007476399,-0.87484723219976,0.038,0.114,1,"Not significant",0,""
"Aacs",0.00174036117608411,-0.798272707092157,0.047,0.128,1,"Not significant",0,""
"Ppwd1",0.00174038677661129,-0.315879940011548,0.118,0.239,1,"Not significant",0,""
"Epc2",0.00174459800704878,-0.667555378292963,0.071,0.163,1,"Not significant",0,""
"Atraid",0.0017476394528761,-0.340607025913925,0.118,0.24,1,"Not significant",0,""
"Kmt2c",0.00175351586447009,-0.196732674718543,0.415,0.644,1,"Not significant",0,""
"Cluap1",0.0017544097273758,-0.436895340972914,0.146,0.268,1,"Not significant",0,""
"Rgs7bp",0.00175971080936716,-0.0163196581526404,0.184,0.336,1,"Not significant",0,""
"Arpc1a",0.00176116857290828,-0.885735548342496,0.047,0.127,1,"Not significant",0,""
"Mthfs",0.00176486502846492,-0.830453112841307,0.038,0.114,1,"Not significant",0,""
"Plxna1",0.0017667367363159,-0.435315171000167,0.118,0.231,1,"Not significant",0,""
"Smg7",0.00176962446836039,-0.501306034994049,0.104,0.211,1,"Not significant",0,""
"Tgfbrap1",0.00177244564795479,-0.759798559277521,0.047,0.128,1,"Not significant",0,""
"Klhdc8b",0.00178524111080463,-1.39862037101948,0.038,0.11,1,"Not significant",0,""
"Sptlc1",0.00179058864886959,-0.68617105646031,0.066,0.156,1,"Not significant",0,""
"Mecr",0.00179772449510366,-0.427129034126253,0.127,0.244,1,"Not significant",0,""
"Zfp667",0.00180760369119371,-0.940370804919342,0.042,0.119,1,"Not significant",0,""
"Cdk18",0.00181464341706444,-1.49578903002648,0.033,0.103,1,"Not significant",0,""
"Arl2",0.0018155192851361,-0.940370804919342,0.042,0.119,1,"Not significant",0,""
"Trhde",0.00182054923246199,-1.01220354968041,0.066,0.154,1,"Not significant",0,""
"Cdon",0.00182160279522361,-0.533972223914371,0.038,0.116,1,"Not significant",0,""
"Nlgn3",0.00182658758535298,-0.799271457593027,0.057,0.141,1,"Not significant",0,""
"Ndufs2",0.00182673297450768,-1.1091137538245,0.033,0.105,1,"Not significant",0,""
"Srsf2",0.00182894598149489,-0.306834800408541,0.127,0.251,1,"Not significant",0,""
"Ercc5",0.00183355858790069,-0.567906021668754,0.113,0.22,1,"Not significant",0,""
"Sugp2",0.00183523832871443,0.867684415325437,0.401,0.358,1,"Not significant",0,""
"Usf3",0.00183798225484381,-1.00037811428362,0.042,0.119,1,"Not significant",0,""
"Iffo2",0.00184028555166992,-0.679628210593537,0.042,0.121,1,"Not significant",0,""
"Asic2",0.00184075702629068,-0.47186428642626,0.981,0.881,1,"Not significant",0,""
"Atp11c",0.00184411609391415,-0.608661689239395,0.066,0.158,1,"Not significant",0,""
"Cdh6",0.00184553884079027,-1.5308928309824,0.042,0.117,1,"Not significant",0,""
"Ndst1",0.00184616692597433,-0.835747412510819,0.052,0.134,1,"Not significant",0,""
"Cntnap5b",0.00184966037997856,-0.619429505584056,0.264,0.407,1,"Not significant",0,""
"Ints7",0.00185081104942066,-1.06665133370278,0.038,0.112,1,"Not significant",0,""
"Ubxn6",0.00185901443792218,-0.772457561593693,0.075,0.167,1,"Not significant",0,""
"Pkm",0.00186424324080076,-0.387829781890563,0.113,0.228,1,"Not significant",0,""
"Zfp354c",0.00186843475666715,-0.807733036341223,0.057,0.141,1,"Not significant",0,""
"Arfgap1",0.00187141117500323,-0.249242746981258,0.132,0.257,1,"Not significant",0,""
"Zhx3",0.00187485092368315,-0.260003441819042,0.132,0.257,1,"Not significant",0,""
"Slc22a5",0.00187662404614464,-0.708197362790308,0.033,0.106,1,"Not significant",0,""
"Pmepa1",0.0018774773933661,-0.976609948350669,0.047,0.127,1,"Not significant",0,""
"Prpf6",0.00188335271807661,-0.157815093779297,0.127,0.25,1,"Not significant",0,""
"Arhgef15",0.00188625580590738,-1.29315986351146,0.033,0.103,1,"Not significant",0,""
"Pard3b",0.00189047898036388,-0.856976555361072,0.08,0.172,1,"Not significant",0,""
"Atxn3",0.00189393954631313,-0.704922230757448,0.061,0.149,1,"Not significant",0,""
"Rnf217",0.00189448479673172,-0.374773629065117,0.132,0.253,1,"Not significant",0,""
"Mgat3",0.00191742007128206,-0.488231678848401,0.085,0.183,1,"Not significant",0,""
"Ptov1",0.00191941305351174,-0.438903966484832,0.085,0.185,1,"Not significant",0,""
"Rnf19a",0.00192015993988389,-0.866626725394791,0.047,0.127,1,"Not significant",0,""
"Zfp955b",0.00192289698378806,-0.896542303299079,0.038,0.112,1,"Not significant",0,""
"Nat8l",0.00193176792358129,-0.613560488652233,0.033,0.106,1,"Not significant",0,""
"Nalcn",0.0019537140801256,-0.197235443512929,0.646,0.806,1,"Not significant",0,""
"Cenpc1",0.00195614696084734,-0.197569981494925,0.193,0.349,1,"Not significant",0,""
"Fbl",0.00195637336413798,-1.17386093513912,0.033,0.103,1,"Not significant",0,""
"Tsg101",0.0019596322612825,-0.937368316757818,0.038,0.112,1,"Not significant",0,""
"Kcnab2",0.00196538914331914,-1.1852958302014,0.042,0.117,1,"Not significant",0,""
"Ctnnb1",0.00197056961402128,-1.30077304762134,0.033,0.103,1,"Not significant",0,""
"Ehmt1",0.00197761561734555,-0.0648181758438304,0.292,0.497,1,"Not significant",0,""
"Arl2bp",0.00197917658951403,-0.900842440732704,0.042,0.119,1,"Not significant",0,""
"Rbm34",0.0019837767558618,-1.22277053562007,0.038,0.11,1,"Not significant",0,""
"Eif2d",0.0019860645843797,-1.1661870072537,0.042,0.117,1,"Not significant",0,""
"Fbxo41",0.00199376493382312,-0.222770535620067,0.123,0.246,1,"Not significant",0,""
"Zic4",0.00199794336646352,-1.61763015296128,0.038,0.108,1,"Not significant",0,""
"Lsm7",0.00200089786590323,-0.463778635123862,0.09,0.189,1,"Not significant",0,""
"Zfp64",0.00200183221711405,-0.485804941453861,0.085,0.183,1,"Not significant",0,""
"Tbc1d8",0.00200958644078794,-0.682202154257364,0.071,0.161,1,"Not significant",0,""
"Ociad1",0.00200958644078794,-0.682202154257364,0.071,0.161,1,"Not significant",0,""
"Scaper",0.00200977249734755,-0.0637591943295011,0.406,0.65,1,"Not significant",0,""
"Ccar1",0.00201299023516159,-0.172397013104948,0.297,0.499,1,"Not significant",0,""
"Baz2b",0.00201321370450454,-0.303933388514668,0.335,0.532,1,"Not significant",0,""
"Dhx29",0.00201798808277777,-0.708197362790308,0.057,0.141,1,"Not significant",0,""
"Ints4",0.00201906322610113,-0.910826529305327,0.033,0.105,1,"Not significant",0,""
"Trub2",0.00202058930220324,-0.860200456235358,0.042,0.119,1,"Not significant",0,""
"Trpv2",0.00202924454520841,-0.860200456235358,0.042,0.119,1,"Not significant",0,""
"Sin3b",0.00202972365948281,-0.464971438036695,0.085,0.185,1,"Not significant",0,""
"Gm49336",0.00203040883619773,-0.679628210593537,0.042,0.119,1,"Not significant",0,""
"Ube2v2",0.00204386228190153,-0.36572848946211,0.08,0.178,1,"Not significant",0,""
"Ndufv2",0.00204831571486011,-0.609793658729314,0.075,0.167,1,"Not significant",0,""
"Calr",0.00205260206581124,-0.389420405029518,0.132,0.251,1,"Not significant",0,""
"Stx7",0.00205733440470242,-0.715810546900184,0.052,0.134,1,"Not significant",0,""
"Eml2",0.00205845324615193,-0.140308375428094,0.193,0.349,1,"Not significant",0,""
"Ccdc84",0.00206263949154353,-0.818380280540731,0.042,0.119,1,"Not significant",0,""
"Btaf1",0.00207002982561541,-0.243755560749403,0.222,0.38,1,"Not significant",0,""
"Trak2",0.00207857874201422,-0.405992359675837,0.085,0.185,1,"Not significant",0,""
"Trp53bp1",0.0020831495063158,-0.324053871457248,0.278,0.461,1,"Not significant",0,""
"Zscan26",0.00208450379436815,-0.498404978233495,0.108,0.217,1,"Not significant",0,""
"Snx5",0.00208481658931678,-1.19852298937339,0.033,0.103,1,"Not significant",0,""
"Zfp641",0.00208506031747222,-0.522330817478974,0.061,0.149,1,"Not significant",0,""
"Fam13c",0.00209892593065594,-0.317927768660407,0.113,0.224,1,"Not significant",0,""
"Fbn1",0.00211323342101746,-0.455431292410342,0.099,0.206,1,"Not significant",0,""
"C2cd2l",0.00211485524728189,-0.917915954091646,0.042,0.117,1,"Not significant",0,""
"Bcor",0.00211721053112324,-0.943616464422996,0.052,0.132,1,"Not significant",0,""
"Syngr3",0.00212567250041491,-0.507223925088766,0.061,0.15,1,"Not significant",0,""
"Samhd1",0.00213200631597784,-1.11893472463553,0.038,0.11,1,"Not significant",0,""
"Sdad1",0.00213212710884723,-0.458837893853591,0.08,0.176,1,"Not significant",0,""
"Mta1",0.00214144457487077,-0.665288771321018,0.08,0.172,1,"Not significant",0,""
"Serac1",0.00214446073664874,-0.84726140052786,0.047,0.125,1,"Not significant",0,""
"Nphp4",0.0021487512802162,-0.428354669269961,0.099,0.204,1,"Not significant",0,""
"Usp40",0.00214920691847976,-0.222770535620067,0.184,0.334,1,"Not significant",0,""
"Ganab",0.00215234804447796,-0.48283337492257,0.071,0.163,1,"Not significant",0,""
"1110032A03Rik",0.00215887529537115,-0.693661269632428,0.052,0.134,1,"Not significant",0,""
"Tctn2",0.00216085750297444,-0.574614208411717,0.099,0.202,1,"Not significant",0,""
"Tbc1d24",0.00216159934014467,-0.365123459031397,0.123,0.235,1,"Not significant",0,""
"Gm20754",0.00216335507977716,-0.646796818126165,0.075,0.165,1,"Not significant",0,""
"Dnah7c",0.00217955405831618,-1.28690087303978,0.042,0.116,1,"Not significant",0,""
"Cerk",0.00218489446107974,-0.684101687172846,0.066,0.154,1,"Not significant",0,""
"Bsn",0.00218904706588327,-0.0921864258099223,0.236,0.413,1,"Not significant",0,""
"Mapre1",0.002189106516814,-0.937368316757818,0.038,0.11,1,"Not significant",0,""
"Slc16a11",0.0021903235169824,-0.590502320120554,0.085,0.182,1,"Not significant",0,""
"Retreg2",0.00219930841815784,-0.58032254023815,0.099,0.2,1,"Not significant",0,""
"Bcap29",0.00220051068504841,-1.49578903002648,0.033,0.101,1,"Not significant",0,""
"Rerg",0.0022047349684089,-0.54246015831143,0.118,0.226,1,"Not significant",0,""
"Tsen2",0.00220778568531464,-0.925384624995496,0.057,0.138,1,"Not significant",0,""
"Adam17",0.00220868100665277,-0.980200232345989,0.042,0.117,1,"Not significant",0,""
"Slc35e2",0.00221937284949545,-1.47069804906365,0.033,0.101,1,"Not significant",0,""
"Dpf2",0.00221965999880055,-0.797006629748164,0.038,0.112,1,"Not significant",0,""
"Mast2",0.00222526143537586,-0.17225526436582,0.325,0.534,1,"Not significant",0,""
"Atg9a",0.00222615981851518,-0.925384624995496,0.057,0.138,1,"Not significant",0,""
"Iscu",0.00223163092728395,-0.959736129786273,0.042,0.117,1,"Not significant",0,""
"Slc22a17",0.00223199540779686,-0.153019427177647,0.25,0.431,1,"Not significant",0,""
"Fbxl6",0.00223834176527906,-1.44516295695652,0.033,0.101,1,"Not significant",0,""
"Usp19",0.00224910323518346,-0.359092006832847,0.099,0.206,1,"Not significant",0,""
"2310061I04Rik",0.00225116013914404,-0.825435038074682,0.057,0.138,1,"Not significant",0,""
"Sema4b",0.00225184832109137,-0.682202154257364,0.038,0.112,1,"Not significant",0,""
"Otof",0.0022524055529401,1.20288407103281,0.288,0.209,1,"Not significant",0,""
"Maea",0.00225924592300286,-0.885735548342496,0.047,0.125,1,"Not significant",0,""
"Cmas",0.00225924592300286,-0.885735548342496,0.047,0.125,1,"Not significant",0,""
"Gdi1",0.0022695510280195,-0.174676247419022,0.151,0.284,1,"Not significant",0,""
"Hectd4",0.00228638418003317,-0.127100088871177,0.401,0.672,1,"Not significant",0,""
"B3galnt2",0.00228791079950603,-1.18212855112272,0.042,0.116,1,"Not significant",0,""
"Map4k2",0.00229401337280125,-0.255560470737736,0.222,0.371,1,"Not significant",0,""
"Pknox1",0.00229512630972683,-0.807733036341223,0.052,0.132,1,"Not significant",0,""
"Ntrk2",0.00230569376961157,0.0755305003386382,0.476,0.736,1,"Not significant",0,""
"Ptprr",0.00231905591073126,-0.268442394005349,0.231,0.393,1,"Not significant",0,""
"Tspan33",0.00232087864488352,-1.20549254418823,0.052,0.128,1,"Not significant",0,""
"Ddx10",0.00232136610059148,-0.324650149639281,0.108,0.218,1,"Not significant",0,""
"Ppp4c",0.00232344555611093,-1.24661727757443,0.038,0.108,1,"Not significant",0,""
"Map1a",0.00232397078145963,0.951403938823604,0.373,0.312,1,"Not significant",0,""
"Begain",0.00232967474523821,1.04201365216369,0.354,0.305,1,"Not significant",0,""
"Eif2b3",0.00233056116322514,-0.978844952733978,0.047,0.123,1,"Not significant",0,""
"Zfp131",0.00234068982555686,-0.700092313153253,0.042,0.119,1,"Not significant",0,""
"Cnot10",0.00234232761507684,-0.234266174457896,0.302,0.503,1,"Not significant",0,""
"Myo10",0.00235781867467189,-0.499101764067318,0.08,0.174,1,"Not significant",0,""
"Gulp1",0.00236178739884516,-1.49578903002648,0.033,0.101,1,"Not significant",0,""
"Zfp932",0.00237063085793774,-0.983582871740641,0.033,0.103,1,"Not significant",0,""
"Rsbn1l",0.00238265438748111,-0.356626282354857,0.132,0.25,1,"Not significant",0,""
"Fam189b",0.0023868477003071,-0.880664558795074,0.042,0.117,1,"Not significant",0,""
"Rgs9",0.00238709016874446,-0.331704907173231,0.127,0.244,1,"Not significant",0,""
"Eif4e",0.00239247019516844,-0.621319912110342,0.066,0.152,1,"Not significant",0,""
"Syt13",0.00239843621337428,-0.278913613657601,0.108,0.218,1,"Not significant",0,""
"Pnmal2",0.00240623202696454,-0.272014054639916,0.113,0.226,1,"Not significant",0,""
"Sh2b2",0.00240986063334821,-1.20074422929007,0.038,0.108,1,"Not significant",0,""
"Smurf1",0.00241161182111697,-0.518660769605906,0.132,0.242,1,"Not significant",0,""
"Spryd3",0.0024180136034266,-0.656667062150227,0.052,0.132,1,"Not significant",0,""
"BC004004",0.00242264369309508,-0.607434385855392,0.066,0.152,1,"Not significant",0,""
"Polr3b",0.00243274327724158,-1.17837641626161,0.038,0.108,1,"Not significant",0,""
"Rheb",0.0024397130816492,-0.660175847927365,0.038,0.112,1,"Not significant",0,""
"Rsph10b",0.00244653167735371,-0.981762436116272,0.033,0.103,1,"Not significant",0,""
"Sft2d3",0.00245043238898952,-0.885735548342496,0.052,0.13,1,"Not significant",0,""
"Rpl13",0.00245339332942748,-0.506563501620658,0.052,0.134,1,"Not significant",0,""
"Zim1",0.00245620201164571,-0.209350019857745,0.179,0.321,1,"Not significant",0,""
"Gm45341",0.00246429561361509,-1.36820097514163,0.033,0.101,1,"Not significant",0,""
"Gm42372",0.00247356016425748,-1.13257272664849,0.033,0.101,1,"Not significant",0,""
"Trmt13",0.00247614971561905,-0.61271705393608,0.09,0.185,1,"Not significant",0,""
"Odf2",0.00249051977774188,-0.265520183079404,0.307,0.484,1,"Not significant",0,""
"Wrn",0.00249178409300151,-0.423683229546064,0.071,0.163,1,"Not significant",0,""
"Ccdc47",0.00250441242920992,-0.650191759354743,0.099,0.194,1,"Not significant",0,""
"Slc25a28",0.00251534023177619,-0.3456272834056,0.08,0.174,1,"Not significant",0,""
"Eml6",0.00252075911067213,-0.183481404506009,0.689,0.818,1,"Not significant",0,""
"Fem1b",0.00252155046447825,-1.02483115800816,0.042,0.116,1,"Not significant",0,""
"Cdh20",0.00253604894537728,-1.1837764040042,0.071,0.154,1,"Not significant",0,""
"Sncb",0.00255020134844738,-0.872273288535933,0.052,0.13,1,"Not significant",0,""
"Ensa",0.00255757213040769,-0.807733036341223,0.038,0.11,1,"Not significant",0,""
"Zfp827",0.00258582161672352,-0.522330817478975,0.108,0.211,1,"Not significant",0,""
"Ric1",0.00258785644870588,-0.499101764067318,0.08,0.174,1,"Not significant",0,""
"Fbxo42",0.00259942348146801,-0.393882452012821,0.118,0.228,1,"Not significant",0,""
"Chrm3",0.00259960188232099,-0.606720357114813,0.236,0.365,1,"Not significant",0,""
"Dlgap4",0.00260119314164659,-0.296581774581665,0.302,0.477,1,"Not significant",0,""
"Ddb2",0.00260456941411376,-0.767091051843877,0.042,0.117,1,"Not significant",0,""
"Fbxl18",0.00260456941411376,-0.767091051843877,0.042,0.117,1,"Not significant",0,""
"Slc39a13",0.00260567596690144,-0.761190450404193,0.038,0.11,1,"Not significant",0,""
"Cep44",0.00261456785620436,-0.679628210593537,0.047,0.125,1,"Not significant",0,""
"Polr3e",0.0026166899779636,-0.512277152815052,0.047,0.127,1,"Not significant",0,""
"Pgbd5",0.00261683709511389,-0.704922230757448,0.061,0.145,1,"Not significant",0,""
"Pitrm1",0.00261902406856739,-1.05284553417775,0.038,0.108,1,"Not significant",0,""
"Spice1",0.00262229387947542,-0.959736129786273,0.038,0.108,1,"Not significant",0,""
"Chst10",0.00262625325659415,-0.817131734343473,0.052,0.13,1,"Not significant",0,""
"Dync1li1",0.00263310682441099,-0.318739594150789,0.156,0.279,1,"Not significant",0,""
"Lrrc1",0.00265360498935626,-0.666377187095682,0.08,0.171,1,"Not significant",0,""
"Dnah7b",0.00266044413198002,-0.671231036436361,0.085,0.178,1,"Not significant",0,""
"Brd1",0.00266460719994687,-0.338247753040003,0.118,0.229,1,"Not significant",0,""
"Bc1",0.00266663071786182,-0.401107776878579,0.104,0.207,1,"Not significant",0,""
"Zfp672",0.00266781414429993,-0.637808034898911,0.042,0.117,1,"Not significant",0,""
"Psma5",0.00267840231657155,-0.775311558648845,0.038,0.11,1,"Not significant",0,""
"Mlec",0.00268076424930711,-1.08526701187013,0.033,0.101,1,"Not significant",0,""
"Prmt1",0.00268076424930711,-1.08526701187013,0.033,0.101,1,"Not significant",0,""
"Ubxn11",0.00269583615174542,-0.289884731478604,0.08,0.176,1,"Not significant",0,""
"Rps6ka1",0.00271403145536932,-1.02483115800816,0.038,0.108,1,"Not significant",0,""
"Znfx1",0.0027295341111567,-0.866626725394791,0.047,0.123,1,"Not significant",0,""
"Tro",0.00274377064001462,0.5566513736631,0.58,0.644,1,"Not significant",0,""
"Ampd3",0.0027603603721453,-0.737343708449826,0.033,0.103,1,"Not significant",0,""
"Pknox2",0.00277275377844161,-0.213492722032056,0.118,0.233,1,"Not significant",0,""
"Gsdme",0.00279010978114199,-1.05284553417775,0.033,0.101,1,"Not significant",0,""
"Rhbdd3",0.00279061688314738,-0.981762436116272,0.038,0.108,1,"Not significant",0,""
"Pnn",0.00280205943548365,0.699936765451227,0.542,0.572,1,"Not significant",0,""
"Vps33a",0.0028026050949473,-0.508172754482315,0.099,0.198,1,"Not significant",0,""
"Atg16l2",0.00280831579036742,-0.45139491066803,0.09,0.187,1,"Not significant",0,""
"Polr3f",0.0028163922501482,-1.03990647847026,0.047,0.121,1,"Not significant",0,""
"Khdrbs2",0.00281993309358115,-0.445162956956515,0.335,0.501,1,"Not significant",0,""
"H2afy",0.00283043847821975,-0.0240865411963305,0.132,0.257,1,"Not significant",0,""
"Farsa",0.00283376358477425,-0.58266648070645,0.052,0.132,1,"Not significant",0,""
"Ywhaz",0.00284419607336472,-0.557189574690626,0.066,0.152,1,"Not significant",0,""
"Matr3",0.00284919384562515,-0.368621402083521,0.137,0.25,1,"Not significant",0,""
"C330007P06Rik",0.00285518552171054,-0.807733036341223,0.038,0.108,1,"Not significant",0,""
"Thrap3",0.0028632951197432,-0.116348476483913,0.184,0.328,1,"Not significant",0,""
"Ksr1",0.00286813897476452,-0.427884965524679,0.057,0.139,1,"Not significant",0,""
"Vps9d1",0.0028726420203571,-0.673431944629632,0.057,0.138,1,"Not significant",0,""
"Recql5",0.00288271668466814,-0.581224506532543,0.075,0.165,1,"Not significant",0,""
"Ppp1r7",0.00288651783563354,-0.623308465203796,0.075,0.163,1,"Not significant",0,""
"Gstz1",0.00290330429000894,-0.282713076076349,0.156,0.279,1,"Not significant",0,""
"Usp53",0.00290445644906346,-0.839441896068561,0.042,0.116,1,"Not significant",0,""
"Mapk4",0.00291773812330432,-0.530892830982399,0.047,0.123,1,"Not significant",0,""
"Scaf4",0.00291803764686074,-0.405147278108636,0.137,0.25,1,"Not significant",0,""
"Emc8",0.002925928184403,-0.910826529305327,0.033,0.101,1,"Not significant",0,""
"Calcoco1",0.00293506405676742,-0.779163884144452,0.047,0.123,1,"Not significant",0,""
"Ephb2",0.00293568158370261,-0.183776404004203,0.226,0.385,1,"Not significant",0,""
"Pdcd2l",0.00295138685430112,-1.15565633976153,0.038,0.106,1,"Not significant",0,""
"Puf60",0.00297386407703806,-0.541132015487237,0.08,0.171,1,"Not significant",0,""
"Nrsn1",0.0029765048450391,-0.753285252318847,0.071,0.154,1,"Not significant",0,""
"U2af1",0.00298044734856221,-0.298719388853365,0.09,0.189,1,"Not significant",0,""
"Zfp618",0.00301804051817522,-0.364431684843658,0.113,0.22,1,"Not significant",0,""
"March3",0.00302121197173835,-0.821029858954681,0.075,0.161,1,"Not significant",0,""
"Nup160",0.00303644267839693,-0.430365955028434,0.075,0.165,1,"Not significant",0,""
"Pgap2",0.00305171333112907,-0.654881548257852,0.057,0.136,1,"Not significant",0,""
"Rab3gap2",0.00306524871414901,-0.360967829540086,0.175,0.305,1,"Not significant",0,""
"Vdac3",0.00307938032674095,-0.761190450404193,0.033,0.101,1,"Not significant",0,""
"Nol9",0.00310397794671925,-0.807733036341223,0.047,0.121,1,"Not significant",0,""
"Peli1",0.00310584826074313,-0.900842440732704,0.047,0.121,1,"Not significant",0,""
"Slc9a7",0.00312520821714594,-0.041163729130119,0.208,0.363,1,"Not significant",0,""
"Bcl11a",0.00313391707727844,-0.830453112841307,0.057,0.136,1,"Not significant",0,""
"Wdr75",0.00313535162253325,-0.959736129786273,0.038,0.106,1,"Not significant",0,""
"Ctcf",0.00315937400907487,-0.320067736974982,0.113,0.22,1,"Not significant",0,""
"Tma7",0.00316501590396277,-0.466327566954557,0.08,0.171,1,"Not significant",0,""
"Abhd16a",0.00317861620678014,-0.507223925088766,0.075,0.165,1,"Not significant",0,""
"Phf14",0.00319505663887964,-0.244081041865479,0.278,0.448,1,"Not significant",0,""
"Lmbrd1",0.00322211544350713,-0.333414599304059,0.127,0.24,1,"Not significant",0,""
"Ssr4",0.00322669552328402,-0.457986997314098,0.08,0.174,1,"Not significant",0,""
"Amotl1",0.00322815536625831,-0.753285252318846,0.038,0.108,1,"Not significant",0,""
"Ncdn",0.00323107848811506,-0.652758376364882,0.066,0.149,1,"Not significant",0,""
"Kcnj6",0.00324252174394638,-0.0983998426143251,0.236,0.407,1,"Not significant",0,""
"Amz1",0.00324859589936956,-0.622040719040594,0.061,0.143,1,"Not significant",0,""
"Dip2b",0.00327257809494898,-0.17926889698348,0.241,0.409,1,"Not significant",0,""
"Shisal1",0.00327736851367969,-0.671755366822248,0.057,0.136,1,"Not significant",0,""
"Gmps",0.00329186850101243,-0.559805522897638,0.047,0.123,1,"Not significant",0,""
"Top1",0.00329645801936369,-0.292896622010709,0.226,0.376,1,"Not significant",0,""
"Spred2",0.00331417021330235,-0.264349639371467,0.146,0.264,1,"Not significant",0,""
"Cdk5rap2",0.00334289462732067,-0.381032619536799,0.052,0.132,1,"Not significant",0,""
"Gm14966",0.00336097843041604,-0.923210253761159,0.052,0.127,1,"Not significant",0,""
"Lman2l",0.00336817060809657,-0.405992359675837,0.08,0.174,1,"Not significant",0,""
"Dlk1",0.0033724414890489,-0.660891648011952,0.071,0.154,1,"Not significant",0,""
"Spink10",0.00337262706557695,-0.314110847158493,0.123,0.229,1,"Not significant",0,""
"Ctu2",0.00338159670201633,-1.28690087303978,0.047,0.117,1,"Not significant",0,""
"Kcnk2",0.00339966351338757,-0.881733617785,0.057,0.134,1,"Not significant",0,""
"4930598N05Rik",0.00340074551297796,-0.699208579563054,0.061,0.141,1,"Not significant",0,""
"B130055M24Rik",0.00340425625020511,-1.08526701187013,0.038,0.105,1,"Not significant",0,""
"Vps37d",0.00341472104618509,-1.09723965353621,0.042,0.112,1,"Not significant",0,""
"Tbc1d10b",0.00341472104618509,-1.09723965353621,0.042,0.112,1,"Not significant",0,""
"Ncoa3",0.00341860845105802,-0.400308721172255,0.075,0.165,1,"Not significant",0,""
"Pepd",0.0034192968418776,-0.715810546900184,0.052,0.128,1,"Not significant",0,""
"Mcmbp",0.0034297640772167,-0.521294026172486,0.08,0.169,1,"Not significant",0,""
"Hap1",0.00343851212168834,0.587091242048112,0.575,0.602,1,"Not significant",0,""
"Ly6h",0.00343990951633523,-0.269268997719958,0.358,0.552,1,"Not significant",0,""
"Coil",0.00345388535474009,-0.533972223914371,0.042,0.116,1,"Not significant",0,""
"Adam12",0.00345911158326208,-0.855713065243044,0.057,0.134,1,"Not significant",0,""
"Drp2",0.00346673096075063,-0.434274640813779,0.099,0.196,1,"Not significant",0,""
"Atp1a1",0.00350669729857994,-0.570693839040374,0.108,0.206,1,"Not significant",0,""
"Letm2",0.00352055988650063,-0.197895866981038,0.184,0.323,1,"Not significant",0,""
"Usp29",0.00352532315453265,-0.15756889775166,0.953,0.917,1,"Not significant",0,""
"Sars",0.00356395240154334,0.915790294912911,0.377,0.347,1,"Not significant",0,""
"Rnf123",0.00356494305932133,-0.621319912110342,0.066,0.149,1,"Not significant",0,""
"Rpap3",0.00358080558640293,-0.620530043467075,0.061,0.141,1,"Not significant",0,""
"Pcolce2",0.00359372070092788,-0.502878454812802,0.066,0.149,1,"Not significant",0,""
"Spopl",0.00360809494771514,-0.720270195090883,0.047,0.121,1,"Not significant",0,""
"Pkp4",0.00365328833675039,-0.104024258103317,0.278,0.459,1,"Not significant",0,""
"Syne1",0.00366662932272911,0.252683705475397,1,0.947,1,"Not significant",0,""
"mt-Nd2",0.0036695714616609,-0.491473691540553,0.203,0.332,1,"Not significant",0,""
"Cpsf3",0.00367968651398511,-0.437509384413079,0.075,0.163,1,"Not significant",0,""
"Slc6a1",0.00371653947700527,-0.216075883046059,0.175,0.306,1,"Not significant",0,""
"Dpf3",0.00372045751635043,-0.881733617785,0.047,0.119,1,"Not significant",0,""
"Wdr11",0.00374663837051273,-0.937368316757818,0.042,0.112,1,"Not significant",0,""
"Igsf9b",0.0037907908550601,-0.0211366744504162,0.099,0.196,1,"Not significant",0,""
"Dagla",0.00379587803626342,-0.335779497449253,0.123,0.229,1,"Not significant",0,""
"Kin",0.00380418022092371,-0.462236470315456,0.061,0.143,1,"Not significant",0,""
"Zfp62",0.00380524103986428,-0.437509384413079,0.071,0.156,1,"Not significant",0,""
"H2afy2",0.00381473539101638,-0.775311558648845,0.038,0.106,1,"Not significant",0,""
"Arf5",0.00381550526309884,-0.418026827019001,0.057,0.136,1,"Not significant",0,""
"Rcor1",0.00383181996412838,-0.665288771321018,0.075,0.16,1,"Not significant",0,""
"Uckl1",0.00386192505234516,-0.512277152815052,0.042,0.114,1,"Not significant",0,""
"Snhg20",0.00386299550451965,-0.209224003782119,0.259,0.426,1,"Not significant",0,""
"Snta1",0.00386729633695302,-0.394138953932048,0.099,0.196,1,"Not significant",0,""
"Ssr1",0.00387035800029744,-0.98358287174064,0.038,0.105,1,"Not significant",0,""
"Morc2a",0.003871700481104,-0.315879940011548,0.094,0.191,1,"Not significant",0,""
"Fkbp8",0.00387829054506334,-0.426303929705199,0.094,0.189,1,"Not significant",0,""
"Clip3",0.00388147511059693,-0.401107776878579,0.104,0.204,1,"Not significant",0,""
"Ccdc174",0.00389406532416362,-0.359092006832847,0.104,0.204,1,"Not significant",0,""
"Phf20l1",0.00389901756832056,-0.108437860141072,0.292,0.479,1,"Not significant",0,""
"Slc38a1",0.00390894869751571,0.0623207910869243,0.269,0.439,1,"Not significant",0,""
"Rasgef1a",0.00391522572437674,-0.234085848847901,0.302,0.481,1,"Not significant",0,""
"Catsperg1",0.00392582555769691,-0.381032619536799,0.057,0.134,1,"Not significant",0,""
"Odr4",0.00393437222585798,-0.465627059516231,0.047,0.121,1,"Not significant",0,""
"Xpo1",0.00395713731954704,-0.222770535620067,0.184,0.321,1,"Not significant",0,""
"Slc35f3",0.00395810780810773,-0.308568408375296,0.264,0.409,1,"Not significant",0,""
"Dclre1c",0.00399763277083063,-0.959736129786273,0.038,0.105,1,"Not significant",0,""
"Rrp1",0.00400159736368313,1.13787466684015,0.264,0.198,1,"Not significant",0,""
"Nxn",0.00400583038458549,-0.839441896068561,0.066,0.145,1,"Not significant",0,""
"Dazap1",0.00401044750320096,-0.208343464984787,0.17,0.299,1,"Not significant",0,""
"Utp11",0.00401468345761165,-0.462236470315456,0.066,0.149,1,"Not significant",0,""
"Lrrc8c",0.00403408758429887,-0.682202154257364,0.071,0.152,1,"Not significant",0,""
"Sdk2",0.00403729482024217,-0.232261984597364,0.212,0.35,1,"Not significant",0,""
"Ago2",0.00407254552200952,-0.222770535620067,0.198,0.334,1,"Not significant",0,""
"Trub1",0.00407275275024778,-0.72527087614925,0.061,0.139,1,"Not significant",0,""
"Ankhd1",0.00411109578250433,-0.0972396535362081,0.25,0.426,1,"Not significant",0,""
"Ptpn11",0.00411936026114516,-0.258615734566789,0.142,0.259,1,"Not significant",0,""
"AW549877",0.00412355628519392,-0.72527087614925,0.047,0.119,1,"Not significant",0,""
"Dsel",0.00413009952548953,-0.784649423228182,0.038,0.105,1,"Not significant",0,""
"Npm1",0.00413089257770982,-0.959736129786273,0.047,0.117,1,"Not significant",0,""
"Gm15446",0.00413578903814176,-0.403342781261887,0.061,0.141,1,"Not significant",0,""
"Lhfpl4",0.00416324946379103,-0.403342781261888,0.099,0.196,1,"Not significant",0,""
"Vps33b",0.0041645818488967,-0.572713006677025,0.042,0.114,1,"Not significant",0,""
"E230029C05Rik",0.00416610865856905,-0.907897198266655,0.052,0.125,1,"Not significant",0,""
"Dnajc8",0.00418815099991696,-0.519752273377198,0.108,0.204,1,"Not significant",0,""
"Pcgf3",0.00419496422539881,-0.839441896068561,0.047,0.117,1,"Not significant",0,""
"Kpna1",0.0042210934122592,-0.400768837598061,0.094,0.187,1,"Not significant",0,""
"Dnah9",0.00422313533341835,-0.65216332787598,0.066,0.147,1,"Not significant",0,""
"Galnt14",0.00423630974324457,-0.970791318295269,0.075,0.156,1,"Not significant",0,""
"Sirt4",0.0042419307014572,-1.20259265368244,0.047,0.116,1,"Not significant",0,""
"Acly",0.00424478897689471,-0.592004345285786,0.038,0.106,1,"Not significant",0,""
"Mettl1",0.00426746185094001,-0.872273288535933,0.052,0.125,1,"Not significant",0,""
"Setd3",0.00427710701374726,-0.518226419146238,0.061,0.141,1,"Not significant",0,""
"Dgkk",0.00428468132238704,-0.959736129786273,0.061,0.136,1,"Not significant",0,""
"Dnajc17",0.00428754193616751,-1.13257272664849,0.038,0.103,1,"Not significant",0,""
"Rec8",0.00429154164304679,-0.606099175171572,0.057,0.134,1,"Not significant",0,""
"Mxd4",0.00429339918245966,-0.637808034898911,0.047,0.119,1,"Not significant",0,""
"Stx6",0.00431333389594031,-0.87484723219976,0.047,0.117,1,"Not significant",0,""
"Tsnax",0.00431554555735163,-0.700092313153253,0.047,0.119,1,"Not significant",0,""
"Ccdc173",0.00439631783874079,-0.493418125563736,0.052,0.127,1,"Not significant",0,""
"Nfatc3",0.00439871802071028,-0.348301417703926,0.09,0.182,1,"Not significant",0,""
"Msl1",0.00439947520705624,-0.387829781890563,0.09,0.183,1,"Not significant",0,""
"Hpf1",0.00441971290235957,-0.673431944629632,0.066,0.145,1,"Not significant",0,""
"Flt3",0.00443898747201452,-0.518226419146238,0.057,0.132,1,"Not significant",0,""
"Xpot",0.00444535604895185,-1.00037811428362,0.042,0.11,1,"Not significant",0,""
"Col19a1",0.00445605007105584,-0.845403454307278,0.061,0.138,1,"Not significant",0,""
"Hecw1",0.00445879050428749,-0.18152224935255,0.476,0.723,1,"Not significant",0,""
"Mccc1",0.00452055706013623,-0.245854148733108,0.16,0.284,1,"Not significant",0,""
"Atp6v1c1",0.00452589237785648,-0.713096162203148,0.038,0.105,1,"Not significant",0,""
"Cdc40",0.00454604106775294,-0.688434107968879,0.066,0.145,1,"Not significant",0,""
"Fstl4",0.00456086285891919,-0.232551556412652,0.184,0.306,1,"Not significant",0,""
"Rexo4",0.0045772137635778,-0.589979509808295,0.061,0.139,1,"Not significant",0,""
"Gprasp1",0.00457803504821174,0.407127196564739,0.698,0.714,1,"Not significant",0,""
"Me3",0.00457829131493849,-0.217804282726717,0.203,0.347,1,"Not significant",0,""
"Fbrs",0.00457970334752492,-0.535928420879697,0.061,0.139,1,"Not significant",0,""
"Bclaf3",0.00457993111973689,-0.654881548257852,0.057,0.132,1,"Not significant",0,""
"Nrxn2",0.00460778450753036,0.322283243664453,0.755,0.756,1,"Not significant",0,""
"Ppargc1b",0.00461289325762218,-0.271680136101013,0.16,0.279,1,"Not significant",0,""
"Ctsd",0.00461415044337516,-1.07521334720621,0.042,0.108,1,"Not significant",0,""
"Dffa",0.00463127850739127,-0.983582871740641,0.038,0.103,1,"Not significant",0,""
"6430548M08Rik",0.00466132712783009,-0.595579799509613,0.085,0.171,1,"Not significant",0,""
"Pdrg1",0.00466218273326398,-1.32586402858417,0.038,0.101,1,"Not significant",0,""
"Tarbp2",0.00466918433030462,-0.426303929705199,0.057,0.132,1,"Not significant",0,""
"Lyrm1",0.00467078560953564,-0.557189574690626,0.061,0.139,1,"Not significant",0,""
"Pcnx3",0.00468945185085223,-0.615087958398827,0.042,0.112,1,"Not significant",0,""
"Spg7",0.00470174602202347,-0.364431684843658,0.123,0.226,1,"Not significant",0,""
"Gfod2",0.00471166209603334,-0.173860935139121,0.094,0.189,1,"Not significant",0,""
"Abca3",0.00472620976988531,-0.370112251695254,0.175,0.295,1,"Not significant",0,""
"Crebbp",0.0047457834683534,-0.0600410355819584,0.349,0.574,1,"Not significant",0,""
"Mettl26",0.00477998551582161,-0.525333305640498,0.052,0.127,1,"Not significant",0,""
"Adcy8",0.00478836139690234,-0.380311812606547,0.175,0.294,1,"Not significant",0,""
"Vwa5b2",0.00480745603705549,-0.222770535620067,0.212,0.35,1,"Not significant",0,""
"Chn2",0.00480787547860225,-0.544698630507429,0.071,0.154,1,"Not significant",0,""
"Srrm3",0.0048373528340613,-0.12770833864846,0.425,0.655,1,"Not significant",0,""
"Camkk1",0.00486877089116975,-0.937368316757818,0.047,0.116,1,"Not significant",0,""
"Cpq",0.00487726050575759,-0.334880901941604,0.061,0.138,1,"Not significant",0,""
"Gys1",0.00488246943030877,-0.463778635123862,0.094,0.185,1,"Not significant",0,""
"Exosc10",0.0048843688302178,-0.0889147888852762,0.179,0.325,1,"Not significant",0,""
"Adcy3",0.00488923704276404,-0.295702058073918,0.127,0.233,1,"Not significant",0,""
"Dlgap3",0.00489208539177421,-0.521294026172486,0.085,0.171,1,"Not significant",0,""
"Smarca5",0.00489620428160898,-0.297317488985121,0.113,0.215,1,"Not significant",0,""
"Prdm11",0.00489888569693408,-0.391168067315785,0.09,0.18,1,"Not significant",0,""
"Castor2",0.00491272249711765,0.0833325921056129,0.137,0.255,1,"Not significant",0,""
"Oaz1",0.00491718031248745,-1.08526701187013,0.038,0.101,1,"Not significant",0,""
"Inha",0.00492142936801918,-0.456567720228764,0.108,0.204,1,"Not significant",0,""
"Sbds",0.0049355970959196,-0.761190450404193,0.042,0.11,1,"Not significant",0,""
"Arhgef7",0.0049358367294445,0.136022853019158,0.208,0.356,1,"Not significant",0,""
"Ipmk",0.00495433143324157,-0.868105654320705,0.038,0.103,1,"Not significant",0,""
"Smarcd1",0.00499665830852183,-0.782197944234086,0.057,0.13,1,"Not significant",0,""
"Borcs7",0.00500986615077804,-0.917915954091646,0.047,0.116,1,"Not significant",0,""
"Sertad2",0.0050137357744225,-0.896542303299079,0.038,0.103,1,"Not significant",0,""
"Eif4b",0.00504477833167119,-0.548540696801823,0.071,0.152,1,"Not significant",0,""
"Galnt10",0.00505402088506205,-0.394138953932048,0.094,0.185,1,"Not significant",0,""
"Trappc6b",0.00506386804920176,-0.896542303299079,0.047,0.116,1,"Not significant",0,""
"Celsr3",0.00506480694503873,0.910682909157099,0.368,0.328,1,"Not significant",0,""
"Cbarp",0.0050802701893275,1.13740502862426,0.344,0.305,1,"Not significant",0,""
"Mtrex",0.00510444685959004,-0.445162956956515,0.066,0.147,1,"Not significant",0,""
"Panx2",0.00511831615654764,-0.87484723219976,0.047,0.116,1,"Not significant",0,""
"Hmgcl",0.00515208363566307,-0.654881548257852,0.061,0.138,1,"Not significant",0,""
"Tox4",0.00515268134009839,-0.563807453455134,0.075,0.158,1,"Not significant",0,""
"Mgat4b",0.00516306234046582,-0.43750938441308,0.071,0.152,1,"Not significant",0,""
"Hmgxb4",0.00516454656803324,-0.451039523293184,0.104,0.198,1,"Not significant",0,""
"Zfyve27",0.00519811530135118,-0.250784911789663,0.085,0.178,1,"Not significant",0,""
"Cyth1",0.00522209429768829,-0.173231074818752,0.203,0.341,1,"Not significant",0,""
"Atp6v0a2",0.00523217434590159,-0.382550979656836,0.104,0.198,1,"Not significant",0,""
"Ube2l3",0.00524213759233068,-0.592004345285786,0.075,0.156,1,"Not significant",0,""
"Klc2",0.00524273189357724,-0.100780011241457,0.179,0.316,1,"Not significant",0,""
"Orc6",0.00524324199980698,-1.00345750721559,0.047,0.114,1,"Not significant",0,""
"Swt1",0.00524661120990752,-0.133961268662211,0.151,0.275,1,"Not significant",0,""
"Gm46102",0.00525769235123956,-1.17124023497998,0.052,0.121,1,"Not significant",0,""
"Cdh22",0.0052578311663259,-0.0236991885182378,0.16,0.283,1,"Not significant",0,""
"Gpr107",0.00534242788224836,-0.182128551122721,0.123,0.233,1,"Not significant",0,""
"Cryzl1",0.00535310874867593,-0.177327564858899,0.222,0.372,1,"Not significant",0,""
"Rimkla",0.00535934197650279,-1.00037811428362,0.047,0.114,1,"Not significant",0,""
"Lzts3",0.00537503382424854,-0.870468791689186,0.066,0.141,1,"Not significant",0,""
"Lynx1",0.00537846002232362,-0.818380280540731,0.047,0.116,1,"Not significant",0,""
"Evl",0.00539683922364342,-0.125395124575441,0.311,0.505,1,"Not significant",0,""
"Tprkb",0.00540531083652564,-0.46562705951623,0.052,0.125,1,"Not significant",0,""
"Snx21",0.00541810566415933,-0.720270195090883,0.052,0.123,1,"Not significant",0,""
"Thra",0.00543880119127727,-0.0852670118701317,0.231,0.391,1,"Not significant",0,""
"Grk5",0.00546022573008371,-0.789811128343961,0.052,0.123,1,"Not significant",0,""
"Stk4",0.00548016767114408,-0.700092313153253,0.052,0.123,1,"Not significant",0,""
"Rnpep",0.00548872489977157,-0.388780487058996,0.118,0.218,1,"Not significant",0,""
"Lrp3",0.0054994453844557,-0.445162956956515,0.066,0.145,1,"Not significant",0,""
"Ep400",0.00551426638869468,-0.272523570817166,0.288,0.453,1,"Not significant",0,""
"Tspoap1",0.00551609958405877,0.634444900964262,0.538,0.569,1,"Not significant",0,""
"Ercc6",0.00551640932237521,-0.620530043467075,0.066,0.143,1,"Not significant",0,""
"Gm40437",0.00557319648254088,-1.00037811428362,0.038,0.101,1,"Not significant",0,""
"Tmem39b",0.00558590506747942,-0.978844952733978,0.057,0.127,1,"Not significant",0,""
"Sgsm1",0.00558653415783241,0.554239777441542,0.575,0.629,1,"Not significant",0,""
"Ubash3b",0.00559540718977573,-0.445162956956515,0.132,0.237,1,"Not significant",0,""
"Apbb1",0.00562576499841215,-0.286335664397533,0.099,0.194,1,"Not significant",0,""
"Itfg2",0.00564116405109695,-0.387829781890563,0.052,0.125,1,"Not significant",0,""
"Parp1",0.00567942373607169,-0.553415847608539,0.061,0.138,1,"Not significant",0,""
"Gtpbp3",0.00571153200071184,-0.98358287174064,0.042,0.106,1,"Not significant",0,""
"Nnat",0.00575108790875565,-0.429221413087493,0.184,0.301,1,"Not significant",0,""
"Nxpe4",0.00576477316200673,-0.26399319834658,0.113,0.211,1,"Not significant",0,""
"Smpd3",0.00578566789758729,-0.238980762801326,0.142,0.253,1,"Not significant",0,""
"Casp8ap2",0.00580874851744862,-0.63780803489891,0.052,0.123,1,"Not significant",0,""
"Sox2ot",0.00580982858517364,-0.674897353634131,0.208,0.321,1,"Not significant",0,""
"Pabpc1",0.00581739349846057,-0.670229512591288,0.075,0.154,1,"Not significant",0,""
"Fam57b",0.00582536506776675,-0.58266648070645,0.057,0.13,1,"Not significant",0,""
"Spout1",0.00582826256682624,-0.512277152815052,0.057,0.13,1,"Not significant",0,""
"Dab2ip",0.00584785475438549,-0.294920321375902,0.142,0.25,1,"Not significant",0,""
"Pck2",0.0058629298507951,-0.460930272814831,0.066,0.145,1,"Not significant",0,""
"Ttc39c",0.00589899299103148,-0.489285510188823,0.057,0.13,1,"Not significant",0,""
"Fdft1",0.00590754870677151,-0.343064769337779,0.052,0.127,1,"Not significant",0,""
"Rbm3",0.00591844874585306,-0.938977569619476,0.047,0.114,1,"Not significant",0,""
"Ugdh",0.00595196819001011,-0.297317488985121,0.127,0.229,1,"Not significant",0,""
"Ano10",0.00599979174798518,-0.696701723952479,0.057,0.128,1,"Not significant",0,""
"Cep135",0.00600545066992439,-0.492859698987811,0.099,0.189,1,"Not significant",0,""
"Nf2",0.00601983040233364,-0.700092313153253,0.047,0.116,1,"Not significant",0,""
"Wdpcp",0.00603649929241438,-0.392695537062379,0.104,0.194,1,"Not significant",0,""
"Pigt",0.00604213260708323,-0.617630152961281,0.047,0.116,1,"Not significant",0,""
"Pcgf6",0.00605501208450245,-0.506563501620658,0.061,0.138,1,"Not significant",0,""
"Cpne3",0.00609305742352364,-0.730917439290392,0.042,0.108,1,"Not significant",0,""
"4930581F22Rik",0.00609305742352364,-0.730917439290392,0.042,0.108,1,"Not significant",0,""
"Cacna2d2",0.00609342997989398,-0.224984956685509,0.401,0.578,1,"Not significant",0,""
"Ggt7",0.00609372057743513,-0.244465606719386,0.184,0.312,1,"Not significant",0,""
"Oscp1",0.00610807738336007,-0.263412520117413,0.09,0.18,1,"Not significant",0,""
"Ercc4",0.00611651720300346,-0.557189574690626,0.066,0.143,1,"Not significant",0,""
"Taf1",0.00613865318065817,-0.188360504834235,0.236,0.382,1,"Not significant",0,""
"Ubap1",0.00615461160155578,-0.637808034898911,0.052,0.121,1,"Not significant",0,""
"Sec22a",0.00617191474820051,-0.491957168435456,0.075,0.156,1,"Not significant",0,""
"Pigq",0.00621891035166354,-0.30294088430405,0.094,0.183,1,"Not significant",0,""
"Pcbd2",0.00623751317300034,-0.679628210593537,0.042,0.108,1,"Not significant",0,""
"Shfl",0.00624085781520979,0.833334566265084,0.401,0.38,1,"Not significant",0,""
"Cfap74",0.0062425323274053,-0.652758376364882,0.071,0.149,1,"Not significant",0,""
"Csmd2",0.00626621045525785,0.268592598048798,0.854,0.763,1,"Not significant",0,""
"Atp5h",0.0062911363083007,-0.747432526073409,0.061,0.134,1,"Not significant",0,""
"Cachd1",0.00633188337988921,-0.977658037783535,0.042,0.106,1,"Not significant",0,""
"Fbxo31",0.00634748035124178,-0.426303929705199,0.057,0.13,1,"Not significant",0,""
"Chd4",0.00639690007141926,0.627574125791306,0.575,0.617,1,"Not significant",0,""
"Tbk1",0.00640264249664902,-0.281664224673635,0.104,0.2,1,"Not significant",0,""
"Nrip2",0.00642253858988194,-0.713096162203148,0.038,0.101,1,"Not significant",0,""
"Ift140",0.00647514488818403,-0.516501738676777,0.09,0.174,1,"Not significant",0,""
"Ddx24",0.00647785995610711,-0.0726301861922066,0.325,0.525,1,"Not significant",0,""
"Rnf214",0.00648277725253635,-0.106194958770688,0.184,0.316,1,"Not significant",0,""
"Cdadc1",0.00651331303109905,-0.183457611595241,0.16,0.279,1,"Not significant",0,""
"Dcun1d4",0.00653462743627657,-0.637808034898911,0.066,0.141,1,"Not significant",0,""
"Adat1",0.00656794680639938,-0.68617105646031,0.071,0.147,1,"Not significant",0,""
"Metap2",0.00657680645126945,-0.013317169991117,0.165,0.295,1,"Not significant",0,""
"Mindy4",0.00660849432772224,-0.708197362790308,0.038,0.101,1,"Not significant",0,""
"Trim3",0.00666277628550352,-0.445162956956515,0.071,0.15,1,"Not significant",0,""
"Stat3",0.00666768418382382,-0.379739881958466,0.08,0.163,1,"Not significant",0,""
"Gm32618",0.00670012267583801,-0.271680136101013,0.066,0.143,1,"Not significant",0,""
"Grk4",0.00673050624422922,-0.753285252318847,0.047,0.114,1,"Not significant",0,""
"Slc25a3",0.00673134059789043,-0.1441607009237,0.099,0.191,1,"Not significant",0,""
"Wdr44",0.00674338427268202,-0.74633249167708,0.047,0.114,1,"Not significant",0,""
"Stx1a",0.00675682197910268,-0.415415613562462,0.052,0.123,1,"Not significant",0,""
"Prkar1b",0.00681348077904369,-0.21785504520595,0.236,0.389,1,"Not significant",0,""
"Grm5",0.00682582946038933,-0.605081598882331,0.915,0.806,1,"Not significant",0,""
"Usp37",0.00683384171079187,-0.457986997314098,0.099,0.187,1,"Not significant",0,""
"Erlin1",0.00686133411865606,-0.807733036341223,0.042,0.106,1,"Not significant",0,""
"Mtg2",0.00687450280737763,-0.491957168435456,0.071,0.149,1,"Not significant",0,""
"Aarsd1",0.00690054358963724,-0.493418125563736,0.057,0.128,1,"Not significant",0,""
"Adgrg1",0.00692664773414239,-1.06101946562345,0.042,0.105,1,"Not significant",0,""
"Crat",0.00692763842364192,-0.374773629065117,0.085,0.171,1,"Not significant",0,""
"Tmem150c",0.00692964701101486,-0.346345220738599,0.108,0.204,1,"Not significant",0,""
"Radil",0.00694582523043445,-0.233187151565405,0.113,0.211,1,"Not significant",0,""
"Bud23",0.00696001454042166,-0.682202154257364,0.047,0.114,1,"Not significant",0,""
"Kpnb1",0.00696088967351233,-0.519163538400292,0.047,0.116,1,"Not significant",0,""
"Mctp1",0.00696303335242532,-0.125908996367478,0.283,0.437,1,"Not significant",0,""
"Srsf6",0.00696594292395371,-0.426303929705199,0.052,0.123,1,"Not significant",0,""
"Kdm6a",0.0069874297377994,-0.30765943320658,0.085,0.171,1,"Not significant",0,""
"Copg1",0.00702038155535716,-0.400768837598061,0.094,0.182,1,"Not significant",0,""
"Mrpl21",0.00703546827711801,-0.403342781261888,0.052,0.123,1,"Not significant",0,""
"Cacna1a",0.00707234694515297,0.254720845035811,0.972,0.943,1,"Not significant",0,""
"B3gntl1",0.0070789672253508,-0.775311558648845,0.042,0.106,1,"Not significant",0,""
"Dpp8",0.00714073626726385,-0.253144184663585,0.127,0.231,1,"Not significant",0,""
"Cnbp",0.00716345117473371,-1.03012545767767,0.042,0.105,1,"Not significant",0,""
"Sod1",0.00717969435742093,-1.00704184456463,0.042,0.105,1,"Not significant",0,""
"Ttc27",0.00718315707960913,-0.455969711913098,0.047,0.116,1,"Not significant",0,""
"Gdpd1",0.00720949565527131,-0.369319198973009,0.142,0.246,1,"Not significant",0,""
"Fgfr1op",0.00723741156885115,-0.74633249167708,0.052,0.119,1,"Not significant",0,""
"Ilf3",0.00724059208435212,-0.296299571042032,0.146,0.255,1,"Not significant",0,""
"Heca",0.00724893449955641,-0.730917439290392,0.042,0.106,1,"Not significant",0,""
"Stxbp1",0.00727487353452586,-0.114750664696376,0.292,0.47,1,"Not significant",0,""
"1810030O07Rik",0.0072837827575808,-0.424404396789717,0.052,0.119,1,"Not significant",0,""
"Ppp2r2d",0.0072852162864459,-0.528578965144152,0.071,0.147,1,"Not significant",0,""
"Kcnn3",0.00728574982338407,-0.185295830201404,0.189,0.321,1,"Not significant",0,""
"Rab34",0.00728583260112625,-0.256717867543405,0.066,0.143,1,"Not significant",0,""
"Gucy1a2",0.00729595077117461,0.396384174397652,0.759,0.714,1,"Not significant",0,""
"Fancm",0.00730477822536546,-0.98358287174064,0.042,0.105,1,"Not significant",0,""
"Mir124a-1hg",0.00734453629234931,-0.151217274595033,0.16,0.281,1,"Not significant",0,""
"Map3k4",0.00734670355844902,-0.156772976845827,0.208,0.345,1,"Not significant",0,""
"Dnttip1",0.00737540688831054,-0.34675925289552,0.066,0.143,1,"Not significant",0,""
"Abcg4",0.00741089714398739,-0.504541504035446,0.042,0.106,1,"Not significant",0,""
"Rubcn",0.00741825266485398,-0.247432589854336,0.165,0.281,1,"Not significant",0,""
"Cox16",0.00744979875968975,-0.254306109053173,0.731,0.804,1,"Not significant",0,""
"Mfn2",0.00745125870917503,-0.207173680569048,0.075,0.156,1,"Not significant",0,""
"Brd9",0.0074654903831369,0.909019336935475,0.363,0.325,1,"Not significant",0,""
"Amd1",0.00747730803472489,-0.512277152815052,0.057,0.127,1,"Not significant",0,""
"Acyp2",0.00751626718740844,-0.0434468361755049,0.292,0.464,1,"Not significant",0,""
"Zfp385a",0.00751960486701785,-0.607434385855392,0.075,0.152,1,"Not significant",0,""
"Rgs20",0.00752539356291848,-0.140308375428094,0.156,0.266,1,"Not significant",0,""
"Utrn",0.00753699727997261,-0.585340615004776,0.108,0.198,1,"Not significant",0,""
"Pitpnm1",0.00755739845176972,0.788456719803187,0.396,0.369,1,"Not significant",0,""
"Chmp4b",0.00758561572147885,-0.700092313153253,0.052,0.119,1,"Not significant",0,""
"Cfdp1",0.00759178400200188,-0.260738385819087,0.137,0.239,1,"Not significant",0,""
"Ubxn4",0.00760457508892977,-0.175605427541386,0.278,0.448,1,"Not significant",0,""
"Jakmip3",0.0076236848425854,-0.0528455341777545,0.184,0.317,1,"Not significant",0,""
"Ibtk",0.00763012913184273,-0.471798083459982,0.066,0.141,1,"Not significant",0,""
"Ints10",0.00768946961566028,-0.371414616975203,0.132,0.231,1,"Not significant",0,""
"Rpn2",0.00770011735869937,-0.131622647561871,0.123,0.224,1,"Not significant",0,""
"Pdxdc1",0.00771217678553658,-0.277632470654585,0.123,0.218,1,"Not significant",0,""
"Chp1",0.00779139824572009,-0.43617417372926,0.066,0.141,1,"Not significant",0,""
"Pkig",0.00779577642143289,-0.637808034898911,0.075,0.15,1,"Not significant",0,""
"Pabpc4",0.00780186246528578,-0.234175298892316,0.104,0.194,1,"Not significant",0,""
"Actn4",0.00780834645851514,-0.263128273236208,0.137,0.239,1,"Not significant",0,""
"Jag2",0.00782541883103657,-0.161369990955924,0.123,0.222,1,"Not significant",0,""
"Hspa5",0.00784960010975685,-0.27826564821177,0.142,0.246,1,"Not significant",0,""
"Gria1",0.00788850610212487,-0.245115996704654,0.953,0.888,1,"Not significant",0,""
"Oxa1l",0.00792574482922546,-0.30765943320658,0.052,0.123,1,"Not significant",0,""
"Gm30382",0.00797267545952167,-0.845916230229111,0.08,0.156,1,"Not significant",0,""
"Slc11a2",0.00799382213254743,-0.352053552565033,0.09,0.174,1,"Not significant",0,""
"Sec16a",0.00799761004838115,-0.0930026606497372,0.151,0.261,1,"Not significant",0,""
"Hpcal1",0.00800869754849827,-0.426303929705199,0.08,0.161,1,"Not significant",0,""
"Fxr2",0.00806839173531192,-0.131140060154499,0.16,0.279,1,"Not significant",0,""
"Dync1h1",0.0081642150271977,0.539069727185169,0.566,0.642,1,"Not significant",0,""
"Eif4h",0.00816726678011376,-0.46562705951623,0.047,0.114,1,"Not significant",0,""
"Atp6v1g2",0.00820722234891625,-0.682202154257364,0.047,0.112,1,"Not significant",0,""
"Arhgef33",0.00821696298735187,-0.671755366822248,0.061,0.132,1,"Not significant",0,""
"Pnkp",0.00823963967551261,-0.696701723952479,0.057,0.125,1,"Not significant",0,""
"Ppp1r12a",0.00825930235295739,-0.139714795892508,0.335,0.517,1,"Not significant",0,""
"Mir670hg",0.0082619882076156,-0.108127969678944,0.09,0.174,1,"Not significant",0,""
"Lonp1",0.00826822045374044,1.15459654569272,0.222,0.16,1,"Not significant",0,""
"U2surp",0.00829313047623499,0.0146876235077112,0.259,0.433,1,"Not significant",0,""
"Skil",0.00830347290390366,-0.789811128343961,0.061,0.13,1,"Not significant",0,""
"Limk2",0.00833019916971029,-0.193770663897515,0.175,0.29,1,"Not significant",0,""
"Wdr1",0.00834865964416014,-0.491957168435456,0.075,0.152,1,"Not significant",0,""
"Atp8b2",0.0083575977291661,-0.478027590862141,0.09,0.172,1,"Not significant",0,""
"Grin2a",0.00836837681615007,-0.337590937621925,0.325,0.466,1,"Not significant",0,""
"Decr2",0.00838559880421611,-0.500304511148975,0.066,0.139,1,"Not significant",0,""
"Irak1",0.00842484285933713,-0.0809378412071071,0.212,0.349,1,"Not significant",0,""
"Adra1a",0.0084282691600417,-0.35865396370184,0.057,0.127,1,"Not significant",0,""
"Bcr",0.00844323371244083,-0.254479395347405,0.175,0.288,1,"Not significant",0,""
"Clcn7",0.00844883048565578,-0.237270105315182,0.085,0.169,1,"Not significant",0,""
"Sema6c",0.00847342962400633,1.34404461839083,0.184,0.125,1,"Not significant",0,""
"Akap9",0.0085080341777048,0.323673152496713,0.807,0.75,1,"Not significant",0,""
"Gm5820",0.00850952387605495,-0.571920099242454,0.075,0.152,1,"Not significant",0,""
"Ngef",0.0085424012021502,-0.730917439290392,0.042,0.105,1,"Not significant",0,""
"Nmnat2",0.00855200752472776,0.297743257374247,0.302,0.495,1,"Not significant",0,""
"Ddx39b",0.00861017129278476,-0.222770535620067,0.25,0.402,1,"Not significant",0,""
"Ide",0.00863312556631683,-0.108028449447063,0.264,0.417,1,"Not significant",0,""
"Ptprs",0.00864420946462892,0.34570384231252,0.745,0.771,1,"Not significant",0,""
"Chic1",0.00870033620497546,-0.389128922042187,0.085,0.167,1,"Not significant",0,""
"Gm44257",0.00870967908931538,-0.548540696801823,0.066,0.139,1,"Not significant",0,""
"Mgrn1",0.00873679820748417,-0.179049158190749,0.17,0.294,1,"Not significant",0,""
"B3gat1",0.0087669231765946,-0.35150384974227,0.137,0.235,1,"Not significant",0,""
"Ptpdc1",0.00880462200738507,-0.437509384413079,0.075,0.152,1,"Not significant",0,""
"Rnf220",0.0088399774896997,-0.423683229546064,0.066,0.139,1,"Not significant",0,""
"Actn1",0.00884877162172524,-0.246617277574434,0.203,0.332,1,"Not significant",0,""
"Lca5l",0.00885013041900086,-0.637808034898911,0.047,0.112,1,"Not significant",0,""
"Tbc1d1",0.00887082956528712,-0.389880521455325,0.108,0.196,1,"Not significant",0,""
"Celf5",0.00890447298325378,0.517568657974247,0.566,0.615,1,"Not significant",0,""
"Ccpg1",0.00892750881704861,-0.00764611474765808,0.189,0.323,1,"Not significant",0,""
"Zfp949",0.00892765029912095,-0.3456272834056,0.085,0.165,1,"Not significant",0,""
"Zfp956",0.0089284908967773,-0.342352151372739,0.075,0.154,1,"Not significant",0,""
"Smg5",0.00893997855183218,-0.130848046179027,0.146,0.255,1,"Not significant",0,""
"Csf2ra",0.00894081809819553,-0.30077304762134,0.075,0.152,1,"Not significant",0,""
"Eif4g2",0.00897386707777145,-0.320617859018212,0.108,0.2,1,"Not significant",0,""
"Dnmt3a",0.0090232361682603,0.285229983286205,0.915,0.848,1,"Not significant",0,""
"Shank2",0.00903752345076888,-0.0954581817631608,0.41,0.624,1,"Not significant",0,""
"Slc38a7",0.00905025922189442,-0.588898434417964,0.042,0.105,1,"Not significant",0,""
"Chid1",0.00906636285389519,-0.560640174376451,0.075,0.15,1,"Not significant",0,""
"Aifm3",0.00907443448630809,-0.150101467921834,0.231,0.367,1,"Not significant",0,""
"Srebf2",0.00907857458812544,-0.222770535620067,0.09,0.174,1,"Not significant",0,""
"Ttc39b",0.00908574539209763,-0.891564627144694,0.042,0.103,1,"Not significant",0,""
"Srsf9",0.00909189549315665,-0.493418125563736,0.061,0.132,1,"Not significant",0,""
"Trim41",0.00911098285439034,-0.505704498891565,0.052,0.119,1,"Not significant",0,""
"Meaf6",0.00920044192550102,-0.123234862069152,0.189,0.321,1,"Not significant",0,""
"Zcwpw2",0.00920245412508265,-0.503790686927223,0.085,0.163,1,"Not significant",0,""
"Elfn2",0.0092065720265421,-0.398620371019485,0.108,0.196,1,"Not significant",0,""
"Magel2",0.00920785286235883,-0.789811128343961,0.057,0.123,1,"Not significant",0,""
"Cacng4",0.00923027371078049,-0.15718219399249,0.212,0.345,1,"Not significant",0,""
"Ecsit",0.00923469036748888,-0.374773629065117,0.057,0.127,1,"Not significant",0,""
"Rcan1",0.00926781001023267,-0.310233376870406,0.085,0.165,1,"Not significant",0,""
"Osbp2",0.00934634035811527,-0.132572726648489,0.189,0.314,1,"Not significant",0,""
"Fgfr2",0.00935856648719425,-0.172144462550099,0.146,0.251,1,"Not significant",0,""
"Sod2",0.00938734372591754,-0.201075464520748,0.165,0.277,1,"Not significant",0,""
"Chchd7",0.009452861641608,-0.387829781890563,0.057,0.127,1,"Not significant",0,""
"Gnptg",0.00946499870601651,-0.30874375872992,0.108,0.198,1,"Not significant",0,""
"Ilf2",0.00956101413791984,-0.10671240615649,0.165,0.279,1,"Not significant",0,""
"Madd",0.00956230472506348,-0.106361043504756,0.222,0.36,1,"Not significant",0,""
"Rfx1",0.00956549782658796,-0.242670093057772,0.127,0.228,1,"Not significant",0,""
"Fam193b",0.00956959170226405,0.743282132456595,0.481,0.501,1,"Not significant",0,""
"Actr8",0.00957570214024644,-0.418026827019001,0.057,0.127,1,"Not significant",0,""
"Thumpd3",0.0096292774688042,-0.807733036341223,0.042,0.103,1,"Not significant",0,""
"Rora",0.00964529519642805,-0.432753667985972,0.802,0.787,1,"Not significant",0,""
"Zfand6",0.0096719239565671,-0.784649423228182,0.042,0.103,1,"Not significant",0,""
"Pcgf2",0.00973046826411857,-0.58266648070645,0.061,0.13,1,"Not significant",0,""
"Plch2",0.00976734092082181,-0.721872299687385,0.08,0.154,1,"Not significant",0,""
"Cntnap5c",0.00976992170977786,-0.254479395347405,0.217,0.33,1,"Not significant",0,""
"Zc3h3",0.00977864038947771,-0.512277152815052,0.061,0.13,1,"Not significant",0,""
"Entr1",0.00979509006634118,-0.135834898848786,0.142,0.248,1,"Not significant",0,""
"Ro60",0.00980011637401458,-0.374773629065117,0.066,0.138,1,"Not significant",0,""
"Fermt2",0.00981253720848106,0.0937031291751875,0.146,0.264,1,"Not significant",0,""
"Gpld1",0.00981681051228909,-0.581224506532543,0.085,0.161,1,"Not significant",0,""
"Actr3",0.00984611001566917,-0.555345874706938,0.052,0.117,1,"Not significant",0,""
"Kctd20",0.00985136405584781,-0.563807453455134,0.061,0.13,1,"Not significant",0,""
"Asphd2",0.00985328401159006,-0.7346695741515,0.061,0.128,1,"Not significant",0,""
"Tubgcp5",0.00985408489547534,-0.36572848946211,0.094,0.178,1,"Not significant",0,""
"Wbp4",0.00993114043282535,-0.208123759655666,0.085,0.167,1,"Not significant",0,""
"Dgat1",0.00993273893209948,-0.207663643229858,0.08,0.16,1,"Not significant",0,""
"Slc9a5",0.00998786946252102,-0.250784911789663,0.085,0.167,1,"Not significant",0,""
"Pcf11",0.0100094205654337,-0.042649767071866,0.165,0.281,1,"Not significant",0,""
"Stx2",0.0100325878450354,-0.163269523871405,0.08,0.161,1,"Not significant",0,""
"Pbx4",0.010060770524215,-0.117277406772753,0.127,0.226,1,"Not significant",0,""
"Pms2",0.0100648220476955,-0.493418125563736,0.057,0.125,1,"Not significant",0,""
"B230217O12Rik",0.0101011192012952,-0.273396608690035,0.071,0.147,1,"Not significant",0,""
"Tmem214",0.010134754460611,0.913523687940966,0.354,0.314,1,"Not significant",0,""
"Cacna1i",0.0101831955046755,0.00278916479506419,0.179,0.299,1,"Not significant",0,""
"Eogt",0.0102021584314949,-0.616434384106344,0.047,0.11,1,"Not significant",0,""
"Appl2",0.0102350670709548,-0.708197362790308,0.042,0.103,1,"Not significant",0,""
"Evi5l",0.0102510769282594,-0.145411652913827,0.217,0.349,1,"Not significant",0,""
"Taf1d",0.0102557017934783,-0.0669457312226084,0.302,0.481,1,"Not significant",0,""
"Snrnp40",0.0103102997249268,-0.530892830982399,0.061,0.13,1,"Not significant",0,""
"Gpbp1l1",0.0103129133824848,-0.346345220738599,0.113,0.202,1,"Not significant",0,""
"Acot7",0.0103328422855709,0.84852643309453,0.358,0.323,1,"Not significant",0,""
"Usf2",0.0103352636905365,-0.682202154257364,0.052,0.116,1,"Not significant",0,""
"Lrrc4",0.0103976162057232,-0.715810546900184,0.08,0.154,1,"Not significant",0,""
"Cabp1",0.0104898343415202,-0.553415847608539,0.061,0.13,1,"Not significant",0,""
"Pias4",0.0105151386986174,-0.488664595593101,0.09,0.167,1,"Not significant",0,""
"Prdm10",0.0105774203029617,-0.0903202395964173,0.17,0.292,1,"Not significant",0,""
"Cyfip2",0.0106197769557105,-0.0858605914057173,0.344,0.532,1,"Not significant",0,""
"Plod3",0.0106924350056449,-0.587767352399315,0.066,0.136,1,"Not significant",0,""
"Ctnna3",0.0107063148586845,-0.830453112841306,0.042,0.101,1,"Not significant",0,""
"Chd1",0.0107262678691002,-0.222770535620067,0.118,0.209,1,"Not significant",0,""
"Zfp385b",0.010768959864519,-0.258144865721952,0.34,0.497,1,"Not significant",0,""
"Odf2l",0.0108340849887692,-0.35865396370184,0.075,0.15,1,"Not significant",0,""
"Traf3ip1",0.0108654760181654,-0.868105654320705,0.042,0.101,1,"Not significant",0,""
"Ttc3",0.0109723867863373,0.265013969017538,0.995,0.991,1,"Not significant",0,""
"Akr1a1",0.0110002330862219,-0.338247753040003,0.061,0.132,1,"Not significant",0,""
"Commd10",0.0110099056883456,-0.320617859018212,0.094,0.178,1,"Not significant",0,""
"Zfp112",0.0110294267148998,-0.637808034898911,0.052,0.116,1,"Not significant",0,""
"Wdr12",0.0111196049499711,-0.518226419146238,0.066,0.136,1,"Not significant",0,""
"Usp21",0.0111215722191784,-0.685113749677267,0.047,0.108,1,"Not significant",0,""
"Hook2",0.0111310776550148,-0.116461633473726,0.151,0.259,1,"Not significant",0,""
"Tbc1d22b",0.0111443670344754,-0.194201383423296,0.09,0.169,1,"Not significant",0,""
"Sugp1",0.0111474458315866,-0.0688578521663854,0.146,0.255,1,"Not significant",0,""
"Phrf1",0.01118643589524,-0.30874375872992,0.108,0.194,1,"Not significant",0,""
"Sptbn4",0.0112265504288345,0.441469096313002,0.642,0.681,1,"Not significant",0,""
"Tctn3",0.0112872994386959,-0.77025833092256,0.042,0.101,1,"Not significant",0,""
"Zfp952",0.0113681772502922,-0.682202154257364,0.047,0.108,1,"Not significant",0,""
"Myh10",0.0113954770115565,0.0268016104071647,0.269,0.429,1,"Not significant",0,""
"Tmem200a",0.0114315861590769,-0.294920321375902,0.061,0.13,1,"Not significant",0,""
"Parp6",0.0115075888343253,-0.138706270831592,0.146,0.25,1,"Not significant",0,""
"Eif4g1",0.011536197377999,0.684120059988452,0.472,0.51,1,"Not significant",0,""
"Clu",0.011589190352715,-0.399648297704146,0.066,0.136,1,"Not significant",0,""
"Cdk4",0.0116294211008486,-1.00345750721559,0.052,0.112,1,"Not significant",0,""
"Pigl",0.0116896367852681,-0.896542303299079,0.047,0.106,1,"Not significant",0,""
"Slc9a1",0.0117008858628327,-0.423303522992776,0.113,0.198,1,"Not significant",0,""
"Pcbp4",0.0117121087319198,0.908935143591755,0.344,0.31,1,"Not significant",0,""
"Glrx3",0.0118668104416206,-0.504541504035446,0.047,0.108,1,"Not significant",0,""
"Fndc1",0.0120514980168147,-0.399648297704146,0.061,0.128,1,"Not significant",0,""
"Pip5k1c",0.0120897097430088,-0.349302941548998,0.118,0.206,1,"Not significant",0,""
"Sbno1",0.0121167518562743,-0.139557167371085,0.274,0.428,1,"Not significant",0,""
"Unc5a",0.0121225178107302,-0.366506013081517,0.104,0.185,1,"Not significant",0,""
"Myrip",0.0121289385601068,-0.0640727896010085,0.118,0.209,1,"Not significant",0,""
"Gm12743",0.0121565617663349,-0.567418707007513,0.066,0.134,1,"Not significant",0,""
"Adss",0.0121722758236123,-0.205492544188231,0.071,0.143,1,"Not significant",0,""
"Ncor1",0.0121797860740186,-0.142600186936083,0.429,0.657,1,"Not significant",0,""
"Inpp1",0.0121946826030347,-0.685113749677267,0.042,0.101,1,"Not significant",0,""
"Pdhb",0.0122038534558432,-0.117800976018525,0.094,0.18,1,"Not significant",0,""
"Atm",0.0122314834783018,-0.338247753040003,0.075,0.149,1,"Not significant",0,""
"Mamld1",0.0122584154375358,-0.319632074872656,0.061,0.128,1,"Not significant",0,""
"Clip2",0.0123532705494624,-0.167427501776292,0.165,0.273,1,"Not significant",0,""
"Prkcz",0.0123629739929274,-0.0447722336420724,0.25,0.411,1,"Not significant",0,""
"Ppp2r3a",0.012382890041616,-0.209889244323335,0.193,0.31,1,"Not significant",0,""
"Ints9",0.0124034515317824,-0.839441896068561,0.047,0.106,1,"Not significant",0,""
"Kpna4",0.0124393139446993,-0.479110288879852,0.071,0.141,1,"Not significant",0,""
"Cep112",0.0124638888252842,0.31470303931977,0.807,0.699,1,"Not significant",0,""
"Poglut1",0.0124762670571284,-0.427884965524679,0.066,0.136,1,"Not significant",0,""
"Ecel1",0.0125627432980674,-0.538798029067745,0.142,0.226,1,"Not significant",0,""
"Galnt2",0.0125877374635165,-0.264896011292743,0.118,0.207,1,"Not significant",0,""
"Phc1",0.0125885624717725,-0.222770535620067,0.09,0.169,1,"Not significant",0,""
"Hnrnpd",0.0126270113927703,-0.144768023618794,0.094,0.178,1,"Not significant",0,""
"Ctnnd2",0.0126785102938158,-0.105041745303183,0.92,0.899,1,"Not significant",0,""
"Sgsm2",0.01275290691746,-0.079723917853902,0.264,0.413,1,"Not significant",0,""
"Gmip",0.0127880446507945,-0.288061995871786,0.099,0.18,1,"Not significant",0,""
"Nol8",0.0128468604330063,-0.594739313007024,0.047,0.106,1,"Not significant",0,""
"Reep2",0.0129752160112484,-0.438499226675504,0.104,0.183,1,"Not significant",0,""
"Grin2b",0.012991373126412,-0.164137049478357,0.764,0.848,1,"Not significant",0,""
"Actr1a",0.0130262536523662,-0.485804941453861,0.075,0.147,1,"Not significant",0,""
"Slitrk3",0.013056220958612,-0.507747494334537,0.085,0.16,1,"Not significant",0,""
"Jade2",0.0130667580571335,-0.601282158873796,0.061,0.127,1,"Not significant",0,""
"Prpf3",0.0130829126429486,-0.34675925289552,0.075,0.149,1,"Not significant",0,""
"Lats1",0.0131180931062077,-0.238200576189672,0.08,0.156,1,"Not significant",0,""
"Bcl7a",0.0131182501422873,-0.292311468873144,0.075,0.149,1,"Not significant",0,""
"Prdm16",0.0131547195088427,-0.528183543724412,0.071,0.136,1,"Not significant",0,""
"Lncppara",0.0131831200350057,-0.0763810486385439,0.085,0.163,1,"Not significant",0,""
"Tubgcp3",0.0132239188658758,-0.257535953780743,0.113,0.2,1,"Not significant",0,""
"Snx9",0.0132260492702866,-0.959736129786273,0.047,0.105,1,"Not significant",0,""
"Frmpd3",0.0132365830697873,-0.206091794473436,0.156,0.257,1,"Not significant",0,""
"Eftud2",0.0132420968963229,-0.125254029705804,0.127,0.228,1,"Not significant",0,""
"Nwd2",0.0132471322521985,-0.485804941453861,0.057,0.121,1,"Not significant",0,""
"Aldh4a1",0.013250083904559,-0.161369990955924,0.137,0.231,1,"Not significant",0,""
"Ogdhl",0.0133581612860294,1.12367987840136,0.226,0.169,1,"Not significant",0,""
"Mlf2",0.0133665096355295,-0.368200975141631,0.052,0.116,1,"Not significant",0,""
"Yars",0.0134067981102499,-0.00459036557053327,0.137,0.235,1,"Not significant",0,""
"Shc2",0.0134915689346906,-0.499101764067318,0.094,0.171,1,"Not significant",0,""
"Tcea2",0.013691191810964,-0.379739881958466,0.085,0.158,1,"Not significant",0,""
"Gmeb2",0.0136934568127591,-0.637808034898911,0.047,0.106,1,"Not significant",0,""
"Ahsa2",0.0137880175806084,-0.255937399555267,0.118,0.207,1,"Not significant",0,""
"Nicn1",0.013831135097505,-0.423683229546063,0.085,0.158,1,"Not significant",0,""
"Bod1l",0.0139393862299642,-0.133098490153174,0.358,0.552,1,"Not significant",0,""
"Med24",0.013954720217125,-0.315879940011548,0.085,0.161,1,"Not significant",0,""
"Fam160b1",0.0139558022552772,-0.43617417372926,0.066,0.134,1,"Not significant",0,""
"Rarb",0.0139611075245294,-0.185295830201404,0.047,0.108,1,"Not significant",0,""
"Rab3ip",0.0139888538006012,-0.539627640960008,0.052,0.114,1,"Not significant",0,""
"Pcgf5",0.0140584693538913,0.0241442048504503,0.189,0.314,1,"Not significant",0,""
"Rbck1",0.0140838041056389,-0.471798083459981,0.071,0.139,1,"Not significant",0,""
"Wdr61",0.0141089266415661,-0.498404978233495,0.057,0.119,1,"Not significant",0,""
"Dnm1",0.0142649527780613,0.578078422578127,0.528,0.578,1,"Not significant",0,""
"Rnf31",0.0142659267540734,-0.445162956956515,0.066,0.134,1,"Not significant",0,""
"Eif3c",0.0143029891724833,-0.298321568627244,0.08,0.154,1,"Not significant",0,""
"Sfpq",0.0143179714011688,-0.0565211923211525,0.311,0.49,1,"Not significant",0,""
"Gnl3",0.0143784285479506,-0.0727450916154595,0.137,0.235,1,"Not significant",0,""
"Tert",0.0144171197514121,-1.1091137538245,0.047,0.103,1,"Not significant",0,""
"Slc29a1",0.0144359398378705,-0.891564627144694,0.052,0.11,1,"Not significant",0,""
"Snhg12",0.0145578912165138,-0.30918528743754,0.071,0.139,1,"Not significant",0,""
"Nfs1",0.0145922390547927,-0.239258658408636,0.075,0.149,1,"Not significant",0,""
"Ssb",0.0146428207431897,-0.0219515262319705,0.146,0.25,1,"Not significant",0,""
"Ccdc191",0.0146504894275596,-0.338247753040003,0.061,0.128,1,"Not significant",0,""
"Gm32647",0.0146612026429443,-0.753285252318847,0.288,0.385,1,"Not significant",0,""
"Rabgef1",0.0147533369675018,-0.392695537062379,0.066,0.134,1,"Not significant",0,""
"Qser1",0.0147881761988179,-0.398620371019485,0.108,0.189,1,"Not significant",0,""
"Spag6l",0.01479004926746,-0.144160700923701,0.099,0.182,1,"Not significant",0,""
"Vgf",0.0147955839901016,-0.409539047225793,0.09,0.163,1,"Not significant",0,""
"Thoc2",0.0148418894315943,-0.152760814372324,0.387,0.576,1,"Not significant",0,""
"Fam45a",0.0148946701157971,-0.254479395347405,0.075,0.149,1,"Not significant",0,""
"Mms19",0.0149272609637239,-0.253144184663585,0.132,0.222,1,"Not significant",0,""
"Atrip",0.0149397847955409,-0.445162956956515,0.052,0.114,1,"Not significant",0,""
"Ccl27a",0.0149762929566152,-0.380311812606547,0.08,0.152,1,"Not significant",0,""
"Olfm1",0.0150414197837065,-0.210059483870513,0.099,0.18,1,"Not significant",0,""
"Phkg2",0.0150509823830566,0.832511899881123,0.33,0.295,1,"Not significant",0,""
"Sema6b",0.0151931983432971,-0.36572848946211,0.094,0.171,1,"Not significant",0,""
"Kdm4a",0.0152631985134077,-0.572713006677025,0.052,0.112,1,"Not significant",0,""
"Fgd1",0.0153688735652647,-0.360274059370001,0.09,0.165,1,"Not significant",0,""
"Rif1",0.0154878899141722,-0.198765072609277,0.25,0.385,1,"Not significant",0,""
"Hnrnpa3",0.0155341787957121,-0.0674923101421556,0.123,0.217,1,"Not significant",0,""
"Ppp6r2",0.0155395306728493,0.0261427619690743,0.259,0.422,1,"Not significant",0,""
"Gm17018",0.0155897568948091,-0.485804941453861,0.057,0.119,1,"Not significant",0,""
"Ece1",0.0156136920399897,-0.212278161802424,0.123,0.211,1,"Not significant",0,""
"Eif4ebp2",0.0156199730284296,-0.844258912366337,0.047,0.103,1,"Not significant",0,""
"Zfp692",0.0157205693608103,-0.222770535620067,0.203,0.314,1,"Not significant",0,""
"Nup85",0.0157924899070211,-0.506563501620658,0.071,0.138,1,"Not significant",0,""
"Dchs2",0.0159679671759001,-0.478027590862141,0.085,0.156,1,"Not significant",0,""
"Tmem145",0.0159892050419849,-0.242670093057772,0.146,0.239,1,"Not significant",0,""
"Serinc3",0.0161728498825272,-0.286900873039782,0.052,0.114,1,"Not significant",0,""
"Gm41361",0.0161752826558256,-0.328703980369132,0.104,0.182,1,"Not significant",0,""
"Itih3",0.0161942634246431,1.15273859947214,0.108,0.059,1,"Not significant",0,""
"Etl4",0.0162236936509291,-0.378375865745312,0.363,0.484,1,"Not significant",0,""
"2510009E07Rik",0.016270857856135,-0.222770535620067,0.08,0.154,1,"Not significant",0,""
"Yy1",0.01627182683451,-0.46562705951623,0.057,0.117,1,"Not significant",0,""
"Ywhaq",0.0162913005825658,-0.0997121392157285,0.137,0.231,1,"Not significant",0,""
"Ckmt1",0.0163105653286826,-0.379275021300058,0.09,0.165,1,"Not significant",0,""
"Neurl1a",0.016341498128004,-0.0484403550577532,0.099,0.176,1,"Not significant",0,""
"Kalrn",0.0164184072136127,-0.166151185703066,0.91,0.917,1,"Not significant",0,""
"Miga2",0.0164970851150627,0.086557522487662,0.17,0.286,1,"Not significant",0,""
"Ccdc88a",0.0165358631249,0.278016826116365,0.849,0.783,1,"Not significant",0,""
"Tmc4",0.0165503017157101,-0.170303115725931,0.226,0.347,1,"Not significant",0,""
"Stk33",0.0167247737416596,-0.328123535766295,0.052,0.112,1,"Not significant",0,""
"Mrps5",0.0169525951880136,-0.396799935395116,0.123,0.206,1,"Not significant",0,""
"Ptpn5",0.017045473244778,-0.0253244714138496,0.335,0.521,1,"Not significant",0,""
"Pgp",0.0171860112244887,-0.761190450404193,0.047,0.103,1,"Not significant",0,""
"mt-Nd5",0.0171922767794545,-0.34182320726383,0.08,0.15,1,"Not significant",0,""
"Tnrc6c",0.0171944494547687,-0.0981695246872447,0.566,0.741,1,"Not significant",0,""
"Cmtr1",0.0171980138183705,-0.128133661481991,0.217,0.343,1,"Not significant",0,""
"Zc3h18",0.0173483706948946,-0.313373084400974,0.104,0.183,1,"Not significant",0,""
"Mtcl1",0.0174135268360985,-0.169331276658606,0.151,0.248,1,"Not significant",0,""
"Cars",0.0174495388531454,-0.0972396535362079,0.142,0.235,1,"Not significant",0,""
"Mapkbp1",0.0175068000449014,-0.119959730036291,0.165,0.272,1,"Not significant",0,""
"Txlna",0.0175211791303505,-0.0337367112300502,0.09,0.169,1,"Not significant",0,""
"Cic",0.0175339655020391,-0.222770535620067,0.075,0.147,1,"Not significant",0,""
"Bicral",0.0176407961906745,-0.0544128293247145,0.434,0.661,1,"Not significant",0,""
"Pomt2",0.0176641530701735,-0.512277152815052,0.047,0.105,1,"Not significant",0,""
"Selenoo",0.0177014199439753,-1.01126643042635,0.047,0.101,1,"Not significant",0,""
"Gspt2",0.0177656461222588,-0.959736129786273,0.061,0.119,1,"Not significant",0,""
"Usp36",0.0178938171479143,1.06201842285425,0.311,0.266,1,"Not significant",0,""
"Plppr2",0.0179346131475703,-0.0773400960985033,0.189,0.303,1,"Not significant",0,""
"Hdhd5",0.0179673921415542,-0.467883033456598,0.047,0.105,1,"Not significant",0,""
"Ddrgk1",0.0181771547612358,-0.0972396535362079,0.113,0.202,1,"Not significant",0,""
"Ece2",0.018285184184229,-0.034698187467495,0.283,0.435,1,"Not significant",0,""
"Nfasc",0.0183617361964735,-0.127692213835914,0.519,0.767,1,"Not significant",0,""
"Atf4",0.0183878296460108,-0.637808034898911,0.047,0.103,1,"Not significant",0,""
"Tbc1d16",0.0185256415516738,-0.20665087025679,0.071,0.139,1,"Not significant",0,""
"Rnf126",0.0185351654972966,-0.935488583539595,0.047,0.101,1,"Not significant",0,""
"Cep290",0.0185468612715866,-0.12770833864846,0.264,0.409,1,"Not significant",0,""
"Qtrt1",0.0186050702198419,-0.0430645133851693,0.09,0.165,1,"Not significant",0,""
"Eid1",0.0186841406106898,-0.35052608281844,0.047,0.103,1,"Not significant",0,""
"Ten1",0.0187365924560813,-1.03012545767767,0.052,0.106,1,"Not significant",0,""
"Ing4",0.0187642187115177,-0.120890921600853,0.113,0.198,1,"Not significant",0,""
"Timm44",0.0188029235572669,-0.0528455341777545,0.208,0.332,1,"Not significant",0,""
"Syne2",0.0188981991644233,-0.844258912366337,0.066,0.127,1,"Not significant",0,""
"Ap1m1",0.018900771110959,-0.415415613562462,0.061,0.123,1,"Not significant",0,""
"Pcyt2",0.0190094204970643,0.700267482565049,0.373,0.343,1,"Not significant",0,""
"Ehmt2",0.0190725475662507,0.821623583738386,0.373,0.36,1,"Not significant",0,""
"Thbs3",0.0190984226232004,-0.243529095786864,0.057,0.119,1,"Not significant",0,""
"Bace1",0.019114914997979,-0.207173680569048,0.085,0.158,1,"Not significant",0,""
"Sorcs3",0.019179176080031,-0.281266184930211,0.283,0.4,1,"Not significant",0,""
"Dbn1",0.019282640446361,0.603931592571655,0.505,0.538,1,"Not significant",0,""
"Gm11613",0.0193389085848149,-0.422079343843474,0.047,0.103,1,"Not significant",0,""
"Poldip3",0.0193583561877903,-0.481082531211457,0.047,0.103,1,"Not significant",0,""
"Per2",0.0194212730067665,-0.47652712786585,0.075,0.141,1,"Not significant",0,""
"Myo1d",0.0194382800847172,-0.328123535766295,0.057,0.117,1,"Not significant",0,""
"Med23",0.0194466763863521,-0.356626282354858,0.071,0.136,1,"Not significant",0,""
"Slc25a51",0.0195231971897983,-0.455969711913098,0.057,0.116,1,"Not significant",0,""
"Clcn6",0.0195419704174702,-0.334880901941604,0.094,0.167,1,"Not significant",0,""
"Man1a",0.0195993187656038,-0.400768837598061,0.08,0.147,1,"Not significant",0,""
"Gpaa1",0.0197105898591075,-0.35401506889832,0.057,0.117,1,"Not significant",0,""
"Dnajc21",0.0197295516576912,-0.370524156063759,0.094,0.169,1,"Not significant",0,""
"Prex2",0.0197472259527428,-0.407195106757494,0.052,0.11,1,"Not significant",0,""
"Srsf11",0.0198473979228269,0.631634799199475,0.552,0.642,1,"Not significant",0,""
"Nmt1",0.0198740257586513,-0.26024524103873,0.108,0.189,1,"Not significant",0,""
"Rnf168",0.0199297503791483,-0.33295345337049,0.057,0.117,1,"Not significant",0,""
"Man1c1",0.0199370844645953,-0.283524566699163,0.08,0.15,1,"Not significant",0,""
"Rims4",0.0199885805331122,-0.323699444470848,0.057,0.117,1,"Not significant",0,""
"Fam184a",0.0200042649322872,-0.0952808004981511,0.175,0.286,1,"Not significant",0,""
"Actr1b",0.0200084019156306,-0.0923738983643918,0.203,0.327,1,"Not significant",0,""
"Rnmt",0.0200473121482386,-0.415415613562463,0.061,0.123,1,"Not significant",0,""
"Dnal1",0.0201315730978057,-0.34235215137274,0.071,0.138,1,"Not significant",0,""
"Wiz",0.0201726281126776,-0.277218319642443,0.071,0.138,1,"Not significant",0,""
"Pisd",0.0201755177903741,-0.312407748104743,0.075,0.143,1,"Not significant",0,""
"Rras2",0.0203363507006315,-0.616434384106344,0.052,0.108,1,"Not significant",0,""
"Tango6",0.0203892129925926,-0.194201383423296,0.09,0.163,1,"Not significant",0,""
"Lamtor4",0.0204408269094757,-0.30765943320658,0.104,0.18,1,"Not significant",0,""
"Arvcf",0.0205084651351344,-0.275237955514203,0.104,0.182,1,"Not significant",0,""
"Cdc42bpb",0.0205754890886843,-0.126743647846291,0.231,0.356,1,"Not significant",0,""
"Nub1",0.0206250082161282,-0.0972396535362079,0.193,0.31,1,"Not significant",0,""
"Zfp369",0.0206705258052181,-0.374773629065117,0.047,0.103,1,"Not significant",0,""
"Robo1",0.0207150870493725,-0.389187462286099,0.882,0.787,1,"Not significant",0,""
"Rtel1",0.0207228789240866,-0.143698964628868,0.057,0.117,1,"Not significant",0,""
"Psmd3",0.0207353613517847,-0.30918528743754,0.075,0.143,1,"Not significant",0,""
"2310033P09Rik",0.0207380377348694,-0.597166050401565,0.057,0.114,1,"Not significant",0,""
"Sparcl1",0.020802515040738,-0.620530043467076,0.061,0.121,1,"Not significant",0,""
"Zfp536",0.0208104549493294,-0.857253172185022,0.08,0.143,1,"Not significant",0,""
"Topors",0.0208145912173203,-0.243529095786864,0.057,0.117,1,"Not significant",0,""
"Tmem201",0.0208378125975561,-0.34182320726383,0.085,0.156,1,"Not significant",0,""
"Map9",0.0208794877394243,-0.0034575072155909,0.127,0.218,1,"Not significant",0,""
"Wdr48",0.0208812839818254,-0.173860935139121,0.108,0.191,1,"Not significant",0,""
"Dennd4b",0.0211357637054045,-0.406482488792455,0.08,0.147,1,"Not significant",0,""
"Zeb1",0.0212127414151575,-0.179701813728181,0.519,0.705,1,"Not significant",0,""
"Ppp1r21",0.0212916531038153,-0.136058902426736,0.108,0.189,1,"Not significant",0,""
"Cars2",0.0213723032941936,-0.315879940011548,0.057,0.116,1,"Not significant",0,""
"Pik3c2b",0.0213867325320442,-0.413101747724216,0.075,0.141,1,"Not significant",0,""
"Gria2",0.0214109872063864,-0.103544980167809,0.995,0.983,1,"Not significant",0,""
"Luc7l",0.0215175431814211,-0.214665485983011,0.307,0.455,1,"Not significant",0,""
"Cers4",0.0215363356155026,-0.0306196159427825,0.491,0.725,1,"Not significant",0,""
"Mad1l1",0.0215548273270401,-0.255560470737736,0.075,0.143,1,"Not significant",0,""
"Stoml1",0.0215553083789394,-0.24549061212015,0.052,0.11,1,"Not significant",0,""
"Exoc7",0.0216332481085814,-0.120200801979519,0.09,0.163,1,"Not significant",0,""
"Phka2",0.021711999311699,-0.0819079997802175,0.108,0.193,1,"Not significant",0,""
"Gm10419",0.0217430608328277,-0.033292736756354,0.165,0.27,1,"Not significant",0,""
"Agap3",0.0217787674258142,0.855231976381206,0.358,0.338,1,"Not significant",0,""
"Atp13a2",0.0218117595144315,-0.205176475605328,0.16,0.25,1,"Not significant",0,""
"Habp4",0.02182950665384,-0.222770535620067,0.071,0.136,1,"Not significant",0,""
"Cisd2",0.0218491122718029,-0.35150384974227,0.075,0.141,1,"Not significant",0,""
"Zfp942",0.0220115636316676,0.12515276780024,0.085,0.158,1,"Not significant",0,""
"Pom121",0.0221732807660061,-0.563807453455134,0.047,0.101,1,"Not significant",0,""
"Irak1bp1",0.0222658889903026,-0.420216599826284,0.071,0.134,1,"Not significant",0,""
"Lig3",0.0223159934571258,-0.400308721172254,0.085,0.152,1,"Not significant",0,""
"Kif5a",0.0224100400779648,-0.174723361212958,0.387,0.56,1,"Not significant",0,""
"Uba5",0.0224738085593992,-0.383235207813313,0.104,0.178,1,"Not significant",0,""
"Kcnd3",0.0224916063970367,0.0853517597422653,0.307,0.477,1,"Not significant",0,""
"Brf1",0.0225996596404771,-0.23684572083179,0.099,0.174,1,"Not significant",0,""
"Mlh1",0.0226617425977455,-0.935488583539595,0.052,0.105,1,"Not significant",0,""
"Dpysl4",0.0226866767129288,-0.30765943320658,0.094,0.165,1,"Not significant",0,""
"Pnmal1",0.0226957689391014,-0.20415485745272,0.071,0.136,1,"Not significant",0,""
"Stau1",0.0227167594956219,-0.253467332842983,0.085,0.156,1,"Not significant",0,""
"Ankrd24",0.0227699385793138,0.823772050316964,0.358,0.336,1,"Not significant",0,""
"Gad1",0.0229000940104697,0.0783989991004981,0.146,0.239,1,"Not significant",0,""
"Brd7",0.0231815985389139,-0.287621679970035,0.085,0.154,1,"Not significant",0,""
"Atn1",0.0232022081085908,-0.152381207728669,0.071,0.138,1,"Not significant",0,""
"Ip6k1",0.0233178119473592,-0.126694564065019,0.292,0.44,1,"Not significant",0,""
"Cep104",0.023624746036419,-0.13350319752298,0.132,0.218,1,"Not significant",0,""
"Cers1",0.023785531883654,-0.367160444955242,0.052,0.108,1,"Not significant",0,""
"Ttc13",0.0237943105529361,-0.0700352954752699,0.189,0.306,1,"Not significant",0,""
"Abhd2",0.0238442730253602,-0.133765529561322,0.099,0.172,1,"Not significant",0,""
"Dhx57",0.0240147068746757,-0.0182317790964174,0.264,0.411,1,"Not significant",0,""
"Kcnip2",0.0241448392489843,-0.293159863511464,0.113,0.189,1,"Not significant",0,""
"Vcp",0.0241484430943445,-0.125746081225202,0.212,0.33,1,"Not significant",0,""
"Emsy",0.0241954912597336,-0.0505015937094553,0.184,0.297,1,"Not significant",0,""
"Psmc4",0.0244269452042645,-0.208123759655666,0.085,0.156,1,"Not significant",0,""
"Sppl2b",0.0244965759267913,-0.260738385819088,0.071,0.134,1,"Not significant",0,""
"Fxyd6",0.024682740019252,-0.170303115725931,0.071,0.136,1,"Not significant",0,""
"Zdbf2",0.0248101393842143,0.0148412733338203,0.189,0.294,1,"Not significant",0,""
"Anapc5",0.024836164417982,-0.0198107549339624,0.288,0.448,1,"Not significant",0,""
"Sept6",0.0248403263091753,-0.797006629748164,0.052,0.105,1,"Not significant",0,""
"Tyw1",0.0249008353545173,-0.387829781890563,0.066,0.127,1,"Not significant",0,""
"Strip1",0.0249104041010629,-0.273396608690035,0.075,0.141,1,"Not significant",0,""
"Ntrk3",0.0249341186189105,-0.27508368132907,0.722,0.782,1,"Not significant",0,""
"Uspl1",0.0249826512446322,-0.422079343843474,0.047,0.101,1,"Not significant",0,""
"Emc1",0.0250883017988731,-0.26399319834658,0.057,0.116,1,"Not significant",0,""
"Txnrd1",0.0252328150230672,-0.33295345337049,0.057,0.114,1,"Not significant",0,""
"Kmt2e",0.0253147755941213,0.277875679167614,0.764,0.772,1,"Not significant",0,""
"Rfc1",0.0253491285657108,-0.0320869740109573,0.085,0.158,1,"Not significant",0,""
"Lta4h",0.0255594416459464,-0.321334370103656,0.099,0.171,1,"Not significant",0,""
"Ahdc1",0.0255809647592953,-0.0618343174050091,0.165,0.262,1,"Not significant",0,""
"Slc27a4",0.0256219221635651,-0.123234862069153,0.09,0.161,1,"Not significant",0,""
"B230307C23Rik",0.0256580400604482,-0.0746718966309325,0.113,0.194,1,"Not significant",0,""
"Prmt5",0.0257170979916902,-0.325864028584171,0.08,0.145,1,"Not significant",0,""
"Stx12",0.0257199344304641,-0.207173680569048,0.08,0.149,1,"Not significant",0,""
"Mapre3",0.0258189816828885,-0.0198571222238439,0.217,0.345,1,"Not significant",0,""
"Ogfrl1",0.0259476719659012,-0.328123535766295,0.057,0.114,1,"Not significant",0,""
"Utp18",0.0259637779699049,-0.685113749677267,0.052,0.105,1,"Not significant",0,""
"Atp11a",0.0260066841381293,-0.0202776717213236,0.146,0.237,1,"Not significant",0,""
"Nop14",0.0261736787503033,-0.136058902426736,0.108,0.183,1,"Not significant",0,""
"Zdhhc14",0.0261851676106585,-0.0528455341777547,0.208,0.325,1,"Not significant",0,""
"Ccar2",0.0262408347473852,-0.959736129786273,0.052,0.103,1,"Not significant",0,""
"Vwa8",0.0263606066286033,-0.0808885713595573,0.288,0.442,1,"Not significant",0,""
"Rbms3",0.0263678418554406,-0.327852581677624,0.552,0.651,1,"Not significant",0,""
"Mark4",0.0267191867989674,-0.315879940011548,0.09,0.158,1,"Not significant",0,""
"Scly",0.0267636530063773,-0.255560470737736,0.08,0.145,1,"Not significant",0,""
"Nenf",0.0268498915396248,-0.35150384974227,0.075,0.138,1,"Not significant",0,""
"Megf11",0.0269153563211476,-0.97341106668335,0.052,0.105,1,"Not significant",0,""
"Plekhg5",0.0273061674407446,-0.30077304762134,0.066,0.127,1,"Not significant",0,""
"Trappc10",0.0277018828755495,-0.256717867543404,0.132,0.211,1,"Not significant",0,""
"Rabl2",0.027852976263667,-0.161369990955923,0.104,0.18,1,"Not significant",0,""
"Sf3a3",0.0280933749931963,-0.572713006677025,0.052,0.105,1,"Not significant",0,""
"Atg4b",0.0281728887160301,-0.182128551122721,0.061,0.121,1,"Not significant",0,""
"Agpat3",0.0285327254081887,-0.101755134658701,0.151,0.248,1,"Not significant",0,""
"Oxsr1",0.0285439925700639,-0.120590140813589,0.108,0.185,1,"Not significant",0,""
"Afmid",0.0286747281711803,-0.20971438279462,0.104,0.178,1,"Not significant",0,""
"Inpp5a",0.0286784258468683,-0.222770535620067,0.132,0.211,1,"Not significant",0,""
"Meis3",0.0287385764329073,-0.844258912366337,0.057,0.108,1,"Not significant",0,""
"Pdgfa",0.0288078671223002,0.0240232292065161,0.127,0.213,1,"Not significant",0,""
"Uchl1",0.028876051972833,0.836935710504201,0.335,0.314,1,"Not significant",0,""
"Snapc1",0.0289032461152706,-0.143043343149333,0.08,0.145,1,"Not significant",0,""
"Hspa4",0.0290020897858314,-0.210697703319492,0.113,0.189,1,"Not significant",0,""
"Mettl25",0.0291095885470925,0.0726853479061043,0.08,0.147,1,"Not significant",0,""
"Iffo1",0.0291697735938884,-0.222770535620067,0.061,0.119,1,"Not significant",0,""
"Klhl26",0.0292499646189774,-0.381032619536799,0.066,0.125,1,"Not significant",0,""
"Anxa6",0.0293074528791005,-0.18033526929967,0.132,0.215,1,"Not significant",0,""
"Stk19",0.0295385243210218,0.0534392589614598,0.104,0.182,1,"Not significant",0,""
"Mtch1",0.029800096111237,-0.0549655860521236,0.212,0.328,1,"Not significant",0,""
"Coro7",0.0298348302588888,-0.130406517471407,0.118,0.196,1,"Not significant",0,""
"Stard9",0.0301827952102544,-0.094446438644527,0.118,0.194,1,"Not significant",0,""
"Prkn",0.0302391687839447,-0.229825293154017,0.759,0.769,1,"Not significant",0,""
"Cep78",0.0302779854771554,-0.315879940011548,0.057,0.112,1,"Not significant",0,""
"Snx32",0.0304230973158169,-0.111739223231323,0.165,0.262,1,"Not significant",0,""
"Man2a2",0.0305807463122384,-0.0713814856151824,0.222,0.341,1,"Not significant",0,""
"Slc2a13",0.0305831221778596,0.45734919814143,0.203,0.323,1,"Not significant",0,""
"Abl1",0.0306238153722784,-0.0199536526203796,0.156,0.25,1,"Not significant",0,""
"Arfrp1",0.030668809721489,-0.415415613562463,0.061,0.117,1,"Not significant",0,""
"Atp6ap1",0.0307030738563468,-0.0579165237251766,0.175,0.279,1,"Not significant",0,""
"Xpc",0.0307921303028729,-0.185295830201404,0.066,0.127,1,"Not significant",0,""
"Gpi1",0.0308481625155858,0.588299801936526,0.509,0.556,1,"Not significant",0,""
"2900026A02Rik",0.0312490017034684,-0.0783806262848921,0.09,0.156,1,"Not significant",0,""
"2900060N12Rik",0.0313141010031181,-0.146821682386768,0.061,0.119,1,"Not significant",0,""
"Tmem151a",0.0313173403444334,-0.26716465497852,0.09,0.156,1,"Not significant",0,""
"Rgl2",0.0313955874440039,0.892113102264284,0.302,0.273,1,"Not significant",0,""
"Dcaf6",0.0314772227468529,-0.132572726648489,0.212,0.325,1,"Not significant",0,""
"Rai1",0.0315130171566424,-0.00037811428361878,0.245,0.383,1,"Not significant",0,""
"Snx19",0.0316229882419497,-0.445162956956515,0.057,0.11,1,"Not significant",0,""
"Sox6",0.0316523545368084,-0.620530043467075,0.066,0.121,1,"Not significant",0,""
"Neat1",0.0319417450144887,0.84372487616684,0.198,0.147,1,"Not significant",0,""
"Pik3ip1",0.0320715583769284,-0.143698964628868,0.061,0.119,1,"Not significant",0,""
"Iglon5",0.0321220399328656,-0.262298899806704,0.066,0.125,1,"Not significant",0,""
"Plec",0.0321712923723092,0.81078202409096,0.363,0.35,1,"Not significant",0,""
"Samd4",0.0323464159162955,0.0302102055498042,0.278,0.426,1,"Not significant",0,""
"Cdk17",0.0327097257155199,-0.135307694369727,0.09,0.156,1,"Not significant",0,""
"Ddx25",0.0327276197294437,-0.161369990955924,0.061,0.119,1,"Not significant",0,""
"Trim2",0.0329229312330192,-0.101434214839584,0.528,0.734,1,"Not significant",0,""
"Snf8",0.0330530473697019,-0.389880521455325,0.057,0.11,1,"Not significant",0,""
"Kcnip3",0.0331039658038558,-0.338247753040002,0.052,0.105,1,"Not significant",0,""
"Vegfa",0.0331703596360442,-0.30765943320658,0.061,0.117,1,"Not significant",0,""
"Camta2",0.0332396236142064,-0.0363574113891856,0.113,0.189,1,"Not significant",0,""
"Cacnb1",0.033398850011889,-0.149707073430344,0.071,0.132,1,"Not significant",0,""
"Trpm2",0.0334139009020175,-0.172845310288384,0.137,0.218,1,"Not significant",0,""
"Cep89",0.0335203604932235,-0.175073793588771,0.113,0.187,1,"Not significant",0,""
"Ccdc25",0.0336933478996133,-0.761190450404193,0.052,0.101,1,"Not significant",0,""
"Rab26",0.0336983306379241,-0.166187007253699,0.066,0.125,1,"Not significant",0,""
"Efcc1",0.0339880291212739,-0.797006629748164,0.052,0.101,1,"Not significant",0,""
"Nemf",0.0340677696907798,0.0833325921056127,0.288,0.464,1,"Not significant",0,""
"Ankrd27",0.0341858146685733,-0.191406364710732,0.085,0.15,1,"Not significant",0,""
"Ccdc66",0.0342622135028201,-0.168322751597691,0.099,0.169,1,"Not significant",0,""
"Sf1",0.0344007132188974,0.00178972239909103,0.193,0.305,1,"Not significant",0,""
"Chrm2",0.0344510825902794,-0.653074791552221,0.132,0.202,1,"Not significant",0,""
"D8Ertd738e",0.0344595971493582,-0.176227949683037,0.052,0.105,1,"Not significant",0,""
"3110082I17Rik",0.0345082940932248,-0.20665087025679,0.075,0.136,1,"Not significant",0,""
"Slc23a2",0.034661848187785,-0.0796455935214697,0.165,0.261,1,"Not significant",0,""
"Blcap",0.034869693755151,-0.761190450404193,0.057,0.106,1,"Not significant",0,""
"Polr1a",0.035019936869569,0.0211550472660225,0.146,0.237,1,"Not significant",0,""
"Soga3",0.0352841803993234,-0.0710692927966619,0.363,0.53,1,"Not significant",0,""
"Nom1",0.0353647985714978,-0.195803488019798,0.104,0.174,1,"Not significant",0,""
"Ddx1",0.0354667107233909,-0.0163196581526401,0.099,0.171,1,"Not significant",0,""
"Fam114a2",0.0354950645793802,0.0160163239670499,0.151,0.244,1,"Not significant",0,""
"Golga1",0.0357224635724641,-0.0810424260084064,0.156,0.244,1,"Not significant",0,""
"Psmd4",0.0357288882358803,0.93508163352167,0.283,0.253,1,"Not significant",0,""
"Slc4a7",0.035768201346854,-0.0442324038730462,0.17,0.266,1,"Not significant",0,""
"Usp5",0.0361310426005433,-0.152381207728669,0.099,0.169,1,"Not significant",0,""
"Atp6v0d1",0.0365045272082975,-0.241149064934921,0.08,0.141,1,"Not significant",0,""
"Nrg1",0.0365996665371359,-0.704457070333979,0.83,0.697,1,"Not significant",0,""
"Smpd4",0.0366206137945165,-0.189793213173794,0.175,0.262,1,"Not significant",0,""
"Zfp948",0.0367958795414801,-0.445162956956515,0.071,0.127,1,"Not significant",0,""
"Prdm15",0.0368277910256091,-0.249242746981258,0.104,0.171,1,"Not significant",0,""
"Usp35",0.0368386163133027,-0.281664224673635,0.099,0.165,1,"Not significant",0,""
"Noc3l",0.0368416689410991,-0.325864028584171,0.052,0.103,1,"Not significant",0,""
"Psen2",0.0368603911437948,-0.202592653682437,0.066,0.121,1,"Not significant",0,""
"Spg11",0.0368918670819526,-0.281664224673635,0.094,0.16,1,"Not significant",0,""
"A830082K12Rik",0.0370872647722466,-0.753285252318847,0.075,0.13,1,"Not significant",0,""
"Kyat1",0.0370919821293042,-0.368991276471111,0.075,0.134,1,"Not significant",0,""
"Spire2",0.0371125297414233,-0.210059483870513,0.104,0.174,1,"Not significant",0,""
"Hivep1",0.0372787838295176,-0.319632074872656,0.071,0.127,1,"Not significant",0,""
"Upf2",0.0373850264665137,0.159100099723578,0.184,0.294,1,"Not significant",0,""
"Cpne5",0.0375056071168699,-0.113541465865308,0.151,0.239,1,"Not significant",0,""
"Gnaz",0.0375708695907963,-0.0458927735359875,0.137,0.22,1,"Not significant",0,""
"Cdk5",0.0375858891485438,-0.150620749864231,0.118,0.191,1,"Not significant",0,""
"Zfp664",0.0378693264213933,-0.261244683434703,0.118,0.189,1,"Not significant",0,""
"Parg",0.0379820911249327,-0.103471607247723,0.118,0.194,1,"Not significant",0,""
"Ulk1",0.0385131055331212,-0.271680136101013,0.085,0.147,1,"Not significant",0,""
"Gtpbp2",0.0385569916348141,-0.0666513337027848,0.137,0.22,1,"Not significant",0,""
"Trpc7",0.0386057627003535,0.0338660990155766,0.193,0.292,1,"Not significant",0,""
"Pacsin2",0.0387418137339288,-0.26399319834658,0.066,0.121,1,"Not significant",0,""
"Cabin1",0.038747797007086,-0.0227698702723163,0.25,0.38,1,"Not significant",0,""
"Rapgef3",0.0392224549339451,-0.381032619536799,0.071,0.127,1,"Not significant",0,""
"Hspa14",0.039510869709238,-0.286900873039782,0.066,0.121,1,"Not significant",0,""
"Kcnc3",0.0397835566065839,-0.034698187467495,0.151,0.237,1,"Not significant",0,""
"Rnf112",0.0399136764246086,-0.072353693066968,0.25,0.371,1,"Not significant",0,""
"Dcaf1",0.0401265732816426,-0.293853633681549,0.099,0.163,1,"Not significant",0,""
"Slc35c2",0.0402601225498758,-0.277218319642443,0.075,0.132,1,"Not significant",0,""
"Fndc4",0.0405081142584103,-0.374773629065117,0.075,0.132,1,"Not significant",0,""
"Dctn2",0.0408838683974157,-0.104126039121448,0.104,0.172,1,"Not significant",0,""
"Ppt2",0.0412377351037629,-0.490250846485053,0.057,0.106,1,"Not significant",0,""
"Mir9-3hg",0.0415633825536654,-0.000378114283619002,0.08,0.141,1,"Not significant",0,""
"Cacng2",0.0415761723581134,0.0178090193860312,0.241,0.363,1,"Not significant",0,""
"Ctnnal1",0.0416185648773918,0.040263870213727,0.146,0.233,1,"Not significant",0,""
"Lztr1",0.0417244249803107,0.100699724075701,0.184,0.292,1,"Not significant",0,""
"Atp6v1e1",0.041767190710005,-0.172144462550099,0.085,0.147,1,"Not significant",0,""
"Fbxl16",0.0418060249377709,0.00463996048300563,0.123,0.202,1,"Not significant",0,""
"Rasal1",0.0418912430682179,-0.013317169991117,0.09,0.152,1,"Not significant",0,""
"Elmo2",0.0420058378341763,-0.273396608690035,0.08,0.139,1,"Not significant",0,""
"Lpcat1",0.0421513914352401,-0.194201383423296,0.094,0.16,1,"Not significant",0,""
"Pacs2",0.0422315080264094,-0.0363574113891858,0.156,0.244,1,"Not significant",0,""
"Polr3gl",0.0422633096630936,-0.281664224673635,0.071,0.127,1,"Not significant",0,""
"Kifc3",0.0422652561131923,-0.136613891870352,0.057,0.108,1,"Not significant",0,""
"Ap1b1",0.0422968536286398,0.057751296942568,0.208,0.316,1,"Not significant",0,""
"Gtf3c3",0.042402349405976,-0.519163538400292,0.061,0.112,1,"Not significant",0,""
"Hars2",0.0429522437234861,-0.254479395347405,0.094,0.154,1,"Not significant",0,""
"Tex2",0.0429828121606758,-0.118934724635527,0.127,0.202,1,"Not significant",0,""
"Dbndd2",0.0429943495266954,-0.30077304762134,0.052,0.101,1,"Not significant",0,""
"Nsrp1",0.0430172055194956,-0.0458927735359875,0.057,0.108,1,"Not significant",0,""
"Ryr3",0.0430994349959921,-0.33039276971044,0.557,0.668,1,"Not significant",0,""
"Dlg4",0.0431409565452712,-0.0252099672635545,0.274,0.407,1,"Not significant",0,""
"Micall1",0.0432326407927638,-0.13423386101841,0.075,0.134,1,"Not significant",0,""
"Ring1",0.0435438657577969,0.127171935436892,0.16,0.255,1,"Not significant",0,""
"Phf2",0.0437919412780978,-0.33295345337049,0.061,0.112,1,"Not significant",0,""
"Ccdc57",0.0441054268569645,-0.0488766319748088,0.226,0.338,1,"Not significant",0,""
"Nt5c3b",0.044332204394395,0.0555306268670375,0.094,0.163,1,"Not significant",0,""
"Ppip5k1",0.0443748941521664,-0.12752222047225,0.283,0.42,1,"Not significant",0,""
"Emc9",0.0444394231316151,-0.312407748104743,0.08,0.138,1,"Not significant",0,""
"Cox10",0.0445402869257574,-0.505704498891565,0.066,0.117,1,"Not significant",0,""
"Gnao1",0.0447580982770819,0.0142686616807827,0.505,0.706,1,"Not significant",0,""
"Rab6b",0.0448786217023919,0.0433697810815485,0.231,0.352,1,"Not significant",0,""
"Gcn1",0.0448826107532283,0.193738350875445,0.236,0.363,1,"Not significant",0,""
"Htatsf1",0.0448938112509144,-0.119677042655963,0.075,0.134,1,"Not significant",0,""
"Megf6",0.0452326993152105,-0.020277671721324,0.071,0.128,1,"Not significant",0,""
"Trim28",0.0452453588215796,-0.203405210753136,0.071,0.127,1,"Not significant",0,""
"Dzip1l",0.0452666767411877,-0.222770535620067,0.099,0.161,1,"Not significant",0,""
"Elp1",0.0453294731935538,0.083475937035026,0.16,0.248,1,"Not significant",0,""
"Dusp26",0.0453395087416746,-0.0248311580081579,0.104,0.172,1,"Not significant",0,""
"Morc2b",0.0453912324494097,-0.170303115725932,0.08,0.139,1,"Not significant",0,""
"Mtss2",0.0455480993290579,-0.132572726648489,0.09,0.152,1,"Not significant",0,""
"Abcf3",0.0457036624938061,-0.259296411645181,0.075,0.132,1,"Not significant",0,""
"Iqsec3",0.0460320438822978,-0.0917184258220447,0.274,0.393,1,"Not significant",0,""
"Ptpn23",0.0461281699127225,1.00790849690134,0.245,0.204,1,"Not significant",0,""
"mt-Co3",0.046274549178083,0.173603119393741,0.646,0.578,1,"Not significant",0,""
"Pik3r1",0.0462921579449827,-0.354015068898319,0.057,0.106,1,"Not significant",0,""
"Golga3",0.0465059573285903,-0.253467332842983,0.09,0.15,1,"Not significant",0,""
"Spag4",0.0465803522501873,0.777229464379933,0.127,0.081,1,"Not significant",0,""
"Grina",0.0467323830120441,0.748200415768401,0.368,0.363,1,"Not significant",0,""
"Fbn2",0.0467606053024334,-0.420216599826284,0.061,0.11,1,"Not significant",0,""
"Slc4a8",0.0468393534018181,-0.125746081225202,0.113,0.183,1,"Not significant",0,""
"Brd3",0.0468886753002891,0.0259085772366572,0.193,0.295,1,"Not significant",0,""
"Homer1",0.0477318137850897,0.232908948156123,0.061,0.112,1,"Not significant",0,""
"Dnaja1",0.0478555487357308,-0.0640727896010085,0.175,0.266,1,"Not significant",0,""
"Axin2",0.0480512566979367,-0.119677042655963,0.075,0.132,1,"Not significant",0,""
"Vcan",0.0481086321488898,-0.454096081726522,0.057,0.105,1,"Not significant",0,""
"Hdac5",0.0481314765661022,0.958836270869881,0.236,0.196,1,"Not significant",0,""
"Diablo",0.0482811589970201,-0.222770535620067,0.071,0.125,1,"Not significant",0,""
"Plppr3",0.048528029497424,-0.0463905120404553,0.212,0.327,1,"Not significant",0,""
"Meis2",0.0486512109557349,-0.803394100616886,0.061,0.11,1,"Not significant",0,""
"Nucks1",0.0486575653356735,-0.0895040047566025,0.094,0.158,1,"Not significant",0,""
"1600020E01Rik",0.0488669134903791,-0.103471607247723,0.108,0.176,1,"Not significant",0,""
"Tecpr1",0.0489403588486807,0.00709700627852805,0.217,0.328,1,"Not significant",0,""
"Slc27a1",0.0495595319389965,-0.0301254576776708,0.108,0.178,1,"Not significant",0,""
"Supt6",0.0496543041874182,0.0783989991004981,0.175,0.264,1,"Not significant",0,""
"Klhl18",0.0498176669118029,-0.200744229290068,0.061,0.112,1,"Not significant",0,""
"Cep112it",0.0499161138468089,0.0277729260305302,0.108,0.174,1,"Not significant",0,""
"Cald1",0.0500371866892213,-0.477343362705665,0.061,0.11,1,"Not significant",0,""
"Abca7",0.0500472624944258,1.11603137783169,0.127,0.084,1,"Not significant",0,""
"Ctbp2",0.0501287074086569,-0.104934045326208,0.142,0.215,1,"Not significant",0,""
"Rexo2",0.0501546024977619,-0.368200975141631,0.071,0.123,1,"Not significant",0,""
"Aco2",0.0503892388176192,0.0743257062873601,0.255,0.382,1,"Not significant",0,""
"Ncbp1",0.0504189468427051,-0.222770535620067,0.071,0.125,1,"Not significant",0,""
"Klhl5",0.050769061121658,0.133373274605209,0.071,0.127,1,"Not significant",0,""
"Flot1",0.0508762770055759,-0.222770535620067,0.085,0.143,1,"Not significant",0,""
"1700030K09Rik",0.0509849710366858,-0.0224718851342356,0.09,0.152,1,"Not significant",0,""
"Tpm1",0.0510182951909941,-0.0972396535362079,0.094,0.158,1,"Not significant",0,""
"Rab15",0.0511029215276877,-0.152381207728669,0.075,0.132,1,"Not significant",0,""
"Gnl2",0.0512233012839855,-0.0148776839787339,0.198,0.297,1,"Not significant",0,""
"Slc25a25",0.0513356628523984,-0.243529095786864,0.066,0.117,1,"Not significant",0,""
"Tbkbp1",0.0514842589408634,0.816048713270461,0.297,0.27,1,"Not significant",0,""
"Man2c1",0.0516928688855807,-0.00977681228586835,0.142,0.218,1,"Not significant",0,""
"Ywhab",0.0517020536090511,-0.343064769337779,0.071,0.123,1,"Not significant",0,""
"Gorasp2",0.0519833549500973,-0.320617859018212,0.057,0.105,1,"Not significant",0,""
"B3gat3",0.0520883695525975,-0.241149064934921,0.075,0.13,1,"Not significant",0,""
"Tmsb10",0.0521655512969224,-0.0528455341777541,0.08,0.138,1,"Not significant",0,""
"Ddb1",0.0524123167777478,-0.100434992696015,0.118,0.187,1,"Not significant",0,""
"Hspa8",0.0527347589253736,0.0461644716534115,0.118,0.191,1,"Not significant",0,""
"Ccdc149",0.0529228147600961,-0.17546482084171,0.09,0.149,1,"Not significant",0,""
"Cdc5l",0.0529399880656457,-0.159760738094266,0.108,0.174,1,"Not significant",0,""
"Zfp512",0.053064262116027,-0.0972396535362081,0.198,0.294,1,"Not significant",0,""
"Eef1g",0.0536336138471518,-0.137881638033554,0.104,0.167,1,"Not significant",0,""
"Kcnh2",0.0542550066904395,-0.185295830201404,0.071,0.123,1,"Not significant",0,""
"Eps8",0.0544711446052614,-0.206091794473436,0.075,0.13,1,"Not significant",0,""
"Huwe1",0.0544908766900681,0.30260316881129,0.774,0.791,1,"Not significant",0,""
"Miat",0.055051890554222,0.0263246792558533,0.401,0.589,1,"Not significant",0,""
"Adcy6",0.0552498983406543,0.00855501048638896,0.142,0.222,1,"Not significant",0,""
"Rpl17",0.0552509483901648,-0.222770535620067,0.061,0.11,1,"Not significant",0,""
"Gm1673",0.0554448539002286,-0.203405210753135,0.071,0.123,1,"Not significant",0,""
"Ankzf1",0.0556071256385006,0.926092850294416,0.255,0.224,1,"Not significant",0,""
"Nol4l",0.0558483947873986,0.0615324869673787,0.269,0.398,1,"Not significant",0,""
"Prpf8",0.0561173901619265,-0.315879940011548,0.08,0.134,1,"Not significant",0,""
"Gm49380",0.0562085688060209,-0.663343127006048,0.057,0.101,1,"Not significant",0,""
"Ikbkb",0.05627797355417,-0.0285979879310769,0.118,0.187,1,"Not significant",0,""
"Rhot2",0.0563744880415765,0.0667360815749178,0.142,0.218,1,"Not significant",0,""
"Larp1",0.0564600731017644,-0.0917645234700568,0.245,0.354,1,"Not significant",0,""
"Nudc",0.0566881801609813,-0.730917439290392,0.066,0.112,1,"Not significant",0,""
"Lhfpl3",0.0567508177043479,-0.30765943320658,0.684,0.708,1,"Not significant",0,""
"St8sia1",0.0567587884512034,-0.239258658408636,0.085,0.141,1,"Not significant",0,""
"Mbp",0.0569527626291208,-0.136613891870352,0.127,0.196,1,"Not significant",0,""
"Med14",0.0571612243944817,0.0991575592672955,0.085,0.141,1,"Not significant",0,""
"Nup214",0.0571857638812224,0.0151728892508967,0.151,0.233,1,"Not significant",0,""
"Col7a1",0.0573257333873553,0.745520604652595,0.127,0.083,1,"Not significant",0,""
"Ssh3",0.0574100183260157,-0.0697589171141009,0.156,0.237,1,"Not significant",0,""
"Zranb1",0.057533034880404,0.248629406277889,0.226,0.352,1,"Not significant",0,""
"Smarcc1",0.0577536568106573,0.0402638702137272,0.212,0.319,1,"Not significant",0,""
"Tpcn1",0.0579036913201519,-0.152381207728669,0.057,0.105,1,"Not significant",0,""
"Acsl4",0.0580082426506304,-0.445162956956515,0.08,0.132,1,"Not significant",0,""
"Stip1",0.0581938166453753,0.0402638702137268,0.118,0.185,1,"Not significant",0,""
"Gpr108",0.0583778705200756,-0.637808034898911,0.061,0.106,1,"Not significant",0,""
"Cul9",0.0585005170835813,0.072236259952007,0.307,0.457,1,"Not significant",0,""
"Pnma3",0.0585713854255298,-0.0727450916154591,0.137,0.209,1,"Not significant",0,""
"Dgkq",0.0587612885416268,-0.131796875572576,0.179,0.261,1,"Not significant",0,""
"Gtf2f1",0.0591310538195893,1.07531081731293,0.142,0.101,1,"Not significant",0,""
"Fnbp4",0.0594489606956637,-0.00977681228586813,0.222,0.334,1,"Not significant",0,""
"Zer1",0.0596376660816262,-0.0356849830195716,0.203,0.295,1,"Not significant",0,""
"Dab1",0.0596378064470997,-0.30802660125358,0.825,0.772,1,"Not significant",0,""
"Scpep1",0.0596424546883274,-0.445162956956514,0.066,0.114,1,"Not significant",0,""
"Anks1",0.0599121749536719,0.0369511361728914,0.217,0.319,1,"Not significant",0,""
"Glis2",0.0601803059435658,0.0518518444889384,0.057,0.105,1,"Not significant",0,""
"Hectd3",0.0602116420396958,-0.065229258633587,0.075,0.128,1,"Not significant",0,""
"Eef1a2",0.0603001246214238,-0.0783806262848925,0.071,0.123,1,"Not significant",0,""
"Kif1b",0.0603514145723834,-0.124307896734379,0.792,0.857,1,"Not significant",0,""
"Aup1",0.0605120564766359,-0.17386093513912,0.085,0.141,1,"Not significant",0,""
"Nckap5l",0.0605323443112835,-0.0128474662458355,0.08,0.136,1,"Not significant",0,""
"Tmem94",0.0610557046806018,-0.0476838290619757,0.09,0.149,1,"Not significant",0,""
"Asic1",0.061338783175556,0.0287682313758979,0.142,0.217,1,"Not significant",0,""
"Srpk1",0.0614177583635347,0.119335441204926,0.222,0.323,1,"Not significant",0,""
"Pcdh1",0.0614795497346623,-0.0783806262848921,0.075,0.128,1,"Not significant",0,""
"Samm50",0.062207339969656,-0.110561032034042,0.146,0.218,1,"Not significant",0,""
"Akap13",0.0623875554223266,-0.14203926350721,0.132,0.2,1,"Not significant",0,""
"1110002L01Rik",0.062577251136923,-0.289884731478604,0.057,0.103,1,"Not significant",0,""
"Fam118b",0.0626338309585487,-0.422079343843474,0.057,0.101,1,"Not significant",0,""
"Rfc2",0.0627294490897678,-0.107293318200131,0.071,0.123,1,"Not significant",0,""
"Tctn1",0.0632563636374541,-0.242670093057772,0.071,0.121,1,"Not significant",0,""
"Rpl11",0.0633415610821443,0.0587998216511543,0.118,0.185,1,"Not significant",0,""
"Tubgcp2",0.0638558027339362,-0.30765943320658,0.071,0.119,1,"Not significant",0,""
"Zbtb9",0.0640190580959306,-0.0211366744504162,0.123,0.191,1,"Not significant",0,""
"Strn4",0.0640388339971303,-0.0972396535362079,0.146,0.22,1,"Not significant",0,""
"1110004F10Rik",0.0641039481230801,-0.407195106757494,0.066,0.114,1,"Not significant",0,""
"Rnf10",0.0642159792702482,0.114264451657504,0.118,0.187,1,"Not significant",0,""
"Cdk16",0.0643097107451279,-0.210386811164235,0.113,0.174,1,"Not significant",0,""
"Fam160b2",0.0644585216219282,-0.103471607247723,0.057,0.103,1,"Not significant",0,""
"Mical2",0.0647954800202792,0.155229584334247,0.212,0.31,1,"Not significant",0,""
"Klhl1",0.0648040712651103,-0.121740615388822,0.156,0.229,1,"Not significant",0,""
"Rab7",0.0652813675521261,-0.108437860141072,0.099,0.158,1,"Not significant",0,""
"Cspp1",0.0654350378490425,0.0783989991004982,0.335,0.494,1,"Not significant",0,""
"Wdr70",0.0656558213946886,0.206072763183808,0.16,0.246,1,"Not significant",0,""
"Dhx16",0.0661865239303401,-0.152381207728669,0.057,0.103,1,"Not significant",0,""
"Pmpca",0.0665848866266203,0.0142686616807826,0.08,0.136,1,"Not significant",0,""
"Ddx55",0.066656056555219,0.126813902170161,0.193,0.292,1,"Not significant",0,""
"Rnf227",0.0669614793144905,-0.034698187467495,0.08,0.134,1,"Not significant",0,""
"Mapk8ip1",0.0672926084411009,-0.0666513337027848,0.108,0.172,1,"Not significant",0,""
"Wdr6",0.0673037088552415,0.0807790299524409,0.175,0.264,1,"Not significant",0,""
"Fgd5",0.0675219153034705,-0.277218319642443,0.075,0.125,1,"Not significant",0,""
"Nmt2",0.0675258391031988,0.0726853479061043,0.193,0.292,1,"Not significant",0,""
"Lonrf2",0.0688134545932742,0.0596291950806582,0.184,0.275,1,"Not significant",0,""
"Kif3b",0.069028497291622,0.0469897334020399,0.113,0.182,1,"Not significant",0,""
"Zfp651",0.0695384379365389,-0.0915260023418139,0.061,0.108,1,"Not significant",0,""
"Usp4",0.0698894688784724,-0.0020824204958676,0.241,0.35,1,"Not significant",0,""
"Heatr1",0.0702073282142799,-0.239844048979009,0.09,0.143,1,"Not significant",0,""
"Zhx2",0.0711012715591743,-0.315879940011548,0.075,0.125,1,"Not significant",0,""
"Stx1b",0.0713675809820779,-0.30077304762134,0.099,0.154,1,"Not significant",0,""
"Erlec1",0.0716663908738564,0.0402638702137272,0.146,0.22,1,"Not significant",0,""
"Mcoln1",0.0717035636738132,-0.0034575072155909,0.066,0.114,1,"Not significant",0,""
"Gm26549",0.0719721018562498,-0.110561032034042,0.137,0.207,1,"Not significant",0,""
"Adgrb2",0.0721354321714961,0.815909932543993,0.297,0.279,1,"Not significant",0,""
"Tial1",0.0723970955965872,0.0674000001512413,0.344,0.514,1,"Not significant",0,""
"Tceal5",0.0725625094220005,-0.102476301902355,0.061,0.108,1,"Not significant",0,""
"Becn1",0.0726024522967519,-0.311579802577923,0.061,0.106,1,"Not significant",0,""
"Ubtf",0.0730322022496977,1.13478146899802,0.184,0.149,1,"Not significant",0,""
"Chd7",0.0733279302081315,-0.265839257511953,0.113,0.171,1,"Not significant",0,""
"Map2k2",0.0733588422488239,0.727611531963369,0.387,0.393,1,"Not significant",0,""
"Ddah1",0.0740712627446603,-0.363633071459916,0.071,0.117,1,"Not significant",0,""
"Prrt1",0.0741461417178805,0.979472186094974,0.198,0.16,1,"Not significant",0,""
"A330074K22Rik",0.074424626215661,-0.467883033456598,0.061,0.105,1,"Not significant",0,""
"Rsph3a",0.0747895179093768,-0.00553981939939741,0.08,0.132,1,"Not significant",0,""
"Iqce",0.0752317232665594,-0.00405003034290996,0.269,0.38,1,"Not significant",0,""
"Psmd2",0.075232503171861,-0.166187007253699,0.075,0.125,1,"Not significant",0,""
"Dock6",0.0752748365008164,-0.0923738983643916,0.071,0.119,1,"Not significant",0,""
"Gm15396",0.0754392422919949,-0.143698964628868,0.066,0.114,1,"Not significant",0,""
"Hnrnpm",0.0755122552766385,-0.0909806630645253,0.236,0.338,1,"Not significant",0,""
"Dnm1l",0.0761612297234951,-0.0306838842535956,0.292,0.424,1,"Not significant",0,""
"Atat1",0.0763287610297917,0.0774624881679762,0.142,0.217,1,"Not significant",0,""
"Stx4a",0.0767332642085755,1.12612460686756,0.127,0.09,1,"Not significant",0,""
"Taf1a",0.0771879155968065,-0.0871154362625006,0.071,0.119,1,"Not significant",0,""
"Czib",0.0772997534592135,-0.0640727896010085,0.09,0.145,1,"Not significant",0,""
"Fam171a2",0.0774520842832783,-0.101208555739154,0.094,0.15,1,"Not significant",0,""
"Mgll",0.0776050889304589,-0.292311468873144,0.075,0.123,1,"Not significant",0,""
"Tbc1d13",0.0776394994911103,-0.149707073430343,0.08,0.13,1,"Not significant",0,""
"Glrx2",0.0776925412482206,-0.109876479214133,0.09,0.143,1,"Not significant",0,""
"Ccdc88c",0.077786290129129,-0.140308375428094,0.085,0.138,1,"Not significant",0,""
"Med12",0.0781130053042452,-0.0814146863745258,0.066,0.114,1,"Not significant",0,""
"Prpsap1",0.0782591338739013,-0.169821655671108,0.108,0.167,1,"Not significant",0,""
"Gapdh",0.0783195864951548,-0.140308375428094,0.09,0.143,1,"Not significant",0,""
"Hp1bp3",0.0789755168289368,-0.00257232769653104,0.198,0.29,1,"Not significant",0,""
"Sulf1",0.0791708375578432,-0.272523570817166,0.094,0.149,1,"Not significant",0,""
"Sptan1",0.0796652615227249,-0.0586511558589601,0.481,0.681,1,"Not significant",0,""
"Prxl2c",0.0797337470847303,0.0726853479061043,0.066,0.114,1,"Not significant",0,""
"Slc6a17",0.0798921163651689,0.00512206409346994,0.179,0.261,1,"Not significant",0,""
"Adck5",0.0801148004583796,-0.201708920092238,0.066,0.112,1,"Not significant",0,""
"Tsta3",0.0804587533106745,-0.1091137538245,0.061,0.106,1,"Not significant",0,""
"Vars2",0.0807619675716159,1.0200859882761,0.179,0.143,1,"Not significant",0,""
"Syt3",0.0812318507132285,0.0942587598544562,0.127,0.194,1,"Not significant",0,""
"Ccm2",0.0821484592420605,-0.162899079642668,0.127,0.187,1,"Not significant",0,""
"Eif2s2",0.0822967959865535,-0.0224718851342356,0.198,0.283,1,"Not significant",0,""
"BC005561",0.0823097088076038,0.159754150140286,0.288,0.424,1,"Not significant",0,""
"Atp6v1d",0.0825205435254757,-0.163876846566498,0.071,0.117,1,"Not significant",0,""
"Zfp715",0.0826942882358824,-0.136613891870352,0.066,0.112,1,"Not significant",0,""
"Pinx1",0.0830234995397744,-0.185295830201404,0.071,0.117,1,"Not significant",0,""
"Ccdc39",0.0830485861175039,0.073622467160158,0.17,0.248,1,"Not significant",0,""
"Mrpl41",0.0835414964121879,0.00855501048638851,0.09,0.143,1,"Not significant",0,""
"Tcf3",0.084042894423652,0.0142686616807826,0.09,0.145,1,"Not significant",0,""
"Creld1",0.0840585551967217,0.0246106059022417,0.142,0.213,1,"Not significant",0,""
"Nxf1",0.0846419842107155,0.0320433634087585,0.193,0.279,1,"Not significant",0,""
"L3mbtl1",0.084665107368654,-0.102930765614064,0.127,0.191,1,"Not significant",0,""
"Itsn2",0.084933785143618,-0.0137759694991619,0.302,0.422,1,"Not significant",0,""
"Fam20c",0.0852672733785615,0.0709606674366432,0.094,0.152,1,"Not significant",0,""
"Kat2a",0.0857128686632633,0.224688441351154,0.08,0.132,1,"Not significant",0,""
"Gng7",0.0858882916391774,0.0173634681036479,0.123,0.187,1,"Not significant",0,""
"Ik",0.086254623692239,-0.0217230166819737,0.108,0.169,1,"Not significant",0,""
"Hadha",0.0863510494946215,-0.118934724635527,0.071,0.117,1,"Not significant",0,""
"Tex10",0.0863626269204999,0.0704258407239791,0.075,0.125,1,"Not significant",0,""
"Mdn1",0.0870114214697074,0.0566450117971832,0.448,0.664,1,"Not significant",0,""
"Josd2",0.0875858833751333,0.0402638702137268,0.094,0.15,1,"Not significant",0,""
"Per1",0.0879954886789496,1.05733738357267,0.132,0.095,1,"Not significant",0,""
"Mdm2",0.0885968168696686,-0.0492342806253752,0.151,0.22,1,"Not significant",0,""
"Prpf4",0.0886191067449557,0.10280533628244,0.085,0.138,1,"Not significant",0,""
"Scg2",0.0888185879105854,0.384629354220845,0.25,0.356,1,"Not significant",0,""
"Arhgef10l",0.08891190911913,-0.0224718851342354,0.156,0.224,1,"Not significant",0,""
"Slk",0.0889968969410748,-0.0427918695138314,0.146,0.217,1,"Not significant",0,""
"Mcf2l",0.0890949425939976,0.042402780970062,0.288,0.418,1,"Not significant",0,""
"Bahcc1",0.089575933179232,-0.0915260023418139,0.132,0.196,1,"Not significant",0,""
"Ccdc92",0.0898744381475833,-0.344076831842201,0.061,0.103,1,"Not significant",0,""
"Kdm7a",0.0900389738106424,-0.194201383423296,0.104,0.158,1,"Not significant",0,""
"Gnas",0.0903689796430398,0.259350255771002,0.783,0.736,1,"Not significant",0,""
"mt-Atp6",0.0905230841801178,-0.0327379607291796,0.358,0.477,1,"Not significant",0,""
"Safb",0.0910753272140943,0.151624979161431,0.236,0.35,1,"Not significant",0,""
"Dlx1",0.0911620441400907,-0.207173680569048,0.085,0.134,1,"Not significant",0,""
"Arrb2",0.0915407577645633,0.0726853479061043,0.085,0.136,1,"Not significant",0,""
"Kansl3",0.091564498881057,0.040263870213727,0.165,0.242,1,"Not significant",0,""
"Npc1",0.0916463283195077,-0.0389063432198808,0.108,0.165,1,"Not significant",0,""
"Ypel3",0.0919032212360205,0.215350576771818,0.061,0.106,1,"Not significant",0,""
"Cacng7",0.0923284625108606,0.143357363177831,0.151,0.22,1,"Not significant",0,""
"Arid4a",0.0928424017997347,0.0959118997636413,0.311,0.457,1,"Not significant",0,""
"B4galnt4",0.0936345350550773,0.0657989623208648,0.151,0.224,1,"Not significant",0,""
"Pcnt",0.0940962400594766,0.0296166260142181,0.071,0.117,1,"Not significant",0,""
"Nav1",0.0941502403993895,0.24877898474943,0.896,0.877,1,"Not significant",0,""
"Uqcrc1",0.0941534550221016,-0.0528455341777545,0.094,0.147,1,"Not significant",0,""
"Zfp444",0.0945030981996378,-0.0528455341777545,0.071,0.117,1,"Not significant",0,""
"Wbp2",0.0945322993278369,-0.294920321375902,0.08,0.127,1,"Not significant",0,""
"Nav2",0.0946237952769821,0.12977292650538,0.915,0.842,1,"Not significant",0,""
"Zcchc12",0.0948879354485838,-0.0146623402898667,0.179,0.255,1,"Not significant",0,""
"Bex2",0.0952749495908659,0.0223419622164647,0.08,0.128,1,"Not significant",0,""
"Ankrd13d",0.0952975099717145,0.0315466531126181,0.245,0.36,1,"Not significant",0,""
"Map1b",0.095872603425693,-0.0390585824476786,0.722,0.809,1,"Not significant",0,""
"Cep170b",0.0962311550661878,-0.311579802577923,0.071,0.114,1,"Not significant",0,""
"Gpatch4",0.0964528958209916,-0.775311558648845,0.066,0.105,1,"Not significant",0,""
"Ovgp1",0.0966159005969282,-0.505704498891565,0.071,0.112,1,"Not significant",0,""
"Noct",0.0969651325630389,-0.200744229290068,0.066,0.108,1,"Not significant",0,""
"Fam193a",0.0974148328319676,-0.0290894109251463,0.425,0.602,1,"Not significant",0,""
"Cux2",0.0974617767134854,0.0749100130206183,0.245,0.35,1,"Not significant",0,""
"Ttll3",0.0975656335879064,0.0496017347930633,0.08,0.128,1,"Not significant",0,""
"Zpr1",0.0978402577666302,0.99295815543537,0.142,0.105,1,"Not significant",0,""
"Zfp24",0.0984941567674831,-0.199686922507026,0.061,0.103,1,"Not significant",0,""
"Rab40c",0.0985626072852438,0.236661083017231,0.245,0.356,1,"Not significant",0,""
"Nlgn2",0.0992426559918681,0.0367916783069222,0.217,0.306,1,"Not significant",0,""
"Ktn1",0.0998258552054662,0.0587998216511546,0.443,0.622,1,"Not significant",0,""
"Dlgap1",0.0999864924829807,0.181390374408171,0.929,0.857,1,"Not significant",0,""
"Zfp438",0.100226817474515,0.119335441204926,0.071,0.117,1,"Not significant",0,""
"Trmt1l",0.100317677115672,0.0261427619690744,0.165,0.242,1,"Not significant",0,""
"Banp",0.101211958821428,-0.0186298188398415,0.259,0.354,1,"Not significant",0,""
"Clk4",0.101362608801284,0.0601634276514316,0.189,0.275,1,"Not significant",0,""
"Ift20",0.101388221105566,0.248981354653099,0.113,0.171,1,"Not significant",0,""
"Hnrnpu",0.101801048527443,0.101325395950006,0.415,0.617,1,"Not significant",0,""
"Pik3r2",0.10206529881516,-0.0034575072155909,0.071,0.116,1,"Not significant",0,""
"Atp6v0b",0.102700704155034,0.581504993505565,0.396,0.433,1,"Not significant",0,""
"Ypel4",0.103084972104627,-0.0865661520217555,0.108,0.163,1,"Not significant",0,""
"Gm11508",0.103271797068911,0.188017490657419,0.231,0.341,1,"Not significant",0,""
"Polg",0.103639789484263,0.0251569778235186,0.094,0.145,1,"Not significant",0,""
"Nsun2",0.103779555463889,-0.0528455341777545,0.137,0.2,1,"Not significant",0,""
"Ptprt",0.104343048099793,-0.130774751539294,0.373,0.466,1,"Not significant",0,""
"Xrn2",0.105494234639126,0.0657989623208648,0.156,0.228,1,"Not significant",0,""
"Isyna1",0.105698593341695,-0.092373898364392,0.08,0.127,1,"Not significant",0,""
"Cdh4",0.105796903504353,0.206397292493665,0.316,0.446,1,"Not significant",0,""
"Cplane1",0.105989813154916,0.216170150185264,0.877,0.901,1,"Not significant",0,""
"Anks6",0.107278472290957,-0.0528455341777545,0.066,0.108,1,"Not significant",0,""
"Pick1",0.107929285850294,-0.00595914654691843,0.118,0.174,1,"Not significant",0,""
"Npdc1",0.108084579854645,0.0711431830976992,0.231,0.323,1,"Not significant",0,""
"Sept8",0.108378123492837,0.143357363177831,0.146,0.218,1,"Not significant",0,""
"Telo2",0.108440761930286,0.0502479587863496,0.08,0.127,1,"Not significant",0,""
"Scn2a",0.109395047949905,-0.0619477412850068,0.759,0.833,1,"Not significant",0,""
"Apopt1",0.109596471471943,0.0332434425359547,0.108,0.163,1,"Not significant",0,""
"Eno2",0.110164791514351,0.682979138583882,0.354,0.352,1,"Not significant",0,""
"Xpnpep1",0.11047771857062,-0.0528455341777545,0.113,0.167,1,"Not significant",0,""
"Os9",0.110502042896958,0.18816256532604,0.198,0.281,1,"Not significant",0,""
"Cope",0.11070586842378,-0.130848046179028,0.085,0.13,1,"Not significant",0,""
"Prrc2a",0.110860315891279,0.0137375757035396,0.245,0.339,1,"Not significant",0,""
"Nomo1",0.11132897295082,0.0496017347930633,0.08,0.128,1,"Not significant",0,""
"Fibp",0.111713196446878,-0.065229258633587,0.085,0.132,1,"Not significant",0,""
"Phf3",0.112970364767265,0.0195903019489774,0.255,0.349,1,"Not significant",0,""
"Syn1",0.114713158212418,0.0528639069933609,0.283,0.394,1,"Not significant",0,""
"Ncl",0.114831237241802,0.0954054244061882,0.16,0.233,1,"Not significant",0,""
"Cntfr",0.115124697923507,0.0667360815749181,0.09,0.138,1,"Not significant",0,""
"4930483P17Rik",0.115351927726838,-0.0752133472062089,0.066,0.106,1,"Not significant",0,""
"Mprip",0.115580752073873,0.112318807342535,0.335,0.472,1,"Not significant",0,""
"Psma4",0.115976399273856,0.0726853479061043,0.099,0.152,1,"Not significant",0,""
"Plekhm2",0.11643276966036,0.0660598710910645,0.203,0.294,1,"Not significant",0,""
"Usp11",0.116771616491444,0.10489392881644,0.255,0.36,1,"Not significant",0,""
"Clstn3",0.116850564378253,0.320371789406462,0.292,0.433,1,"Not significant",0,""
"Sez6l2",0.118485176723026,0.214850249025903,0.217,0.321,1,"Not significant",0,""
"Ckb",0.118545146553968,0.0521706368979011,0.184,0.259,1,"Not significant",0,""
"Map3k10",0.118941687968164,0.0587998216511547,0.132,0.193,1,"Not significant",0,""
"Dlx6os1",0.119976865089232,-0.010617298788457,0.094,0.143,1,"Not significant",0,""
"Rbbp7",0.120164816516254,0.154083769770889,0.071,0.114,1,"Not significant",0,""
"Dpp9",0.120561518241594,-0.293159863511464,0.066,0.105,1,"Not significant",0,""
"Npas2",0.120613810349311,-0.138237025408399,0.104,0.154,1,"Not significant",0,""
"Tanc2",0.122636693325309,-0.0826543433938078,0.901,0.883,1,"Not significant",0,""
"Tenm4",0.123249266796841,-0.195855534234233,0.896,0.85,1,"Not significant",0,""
"Sh3glb2",0.123770547199164,0.148887416592601,0.231,0.33,1,"Not significant",0,""
"Nefm",0.124228130823777,1.10232483834598,0.156,0.123,1,"Not significant",0,""
"Pde1b",0.124310461687318,-0.130848046179028,0.085,0.128,1,"Not significant",0,""
"Mink1",0.125665990152395,0.124328135002202,0.137,0.198,1,"Not significant",0,""
"Akap8",0.126037397379323,0.649073112889251,0.387,0.406,1,"Not significant",0,""
"Senp2",0.126265545685835,0.107874776368405,0.212,0.306,1,"Not significant",0,""
"Prkag1",0.126352672686057,0.238456596678845,0.156,0.228,1,"Not significant",0,""
"Tnk2",0.127231652420522,0.111230391567871,0.241,0.345,1,"Not significant",0,""
"Def8",0.127412787537672,-0.244465606719386,0.071,0.11,1,"Not significant",0,""
"Stk25",0.128083156463745,0.111383861600555,0.203,0.292,1,"Not significant",0,""
"Acin1",0.128527402866034,0.433113751031707,0.519,0.587,1,"Not significant",0,""
"Arhgef4",0.129241874076872,0.126124606867565,0.113,0.167,1,"Not significant",0,""
"Rcc1l",0.129497660346517,-0.0577112893495704,0.108,0.16,1,"Not significant",0,""
"Pptc7",0.13079833408433,-0.0666513337027848,0.075,0.117,1,"Not significant",0,""
"Haghl",0.130856677962254,0.826595541700913,0.269,0.253,1,"Not significant",0,""
"mt-Co1",0.131654944369838,0.205026194374119,0.344,0.464,1,"Not significant",0,""
"Wdr78",0.131890001138793,-0.0691473465068548,0.099,0.147,1,"Not significant",0,""
"Rbm5",0.132969571331014,0.0210049931766586,0.472,0.684,1,"Not significant",0,""
"Sidt2",0.133086455172805,0.0341377674168859,0.132,0.191,1,"Not significant",0,""
"Smarcc2",0.133271142195225,0.271493654809352,0.283,0.409,1,"Not significant",0,""
"Eef2",0.133307527107371,0.0937031291751871,0.123,0.18,1,"Not significant",0,""
"Map2k7",0.133381798705547,-0.563807453455134,0.066,0.101,1,"Not significant",0,""
"Dgkg",0.133699867644309,0.0761409065423238,0.321,0.446,1,"Not significant",0,""
"Sept4",0.13389755189403,0.12515276780024,0.066,0.105,1,"Not significant",0,""
"Wdr18",0.134499674346083,-0.0528455341777545,0.08,0.123,1,"Not significant",0,""
"Vps16",0.134699956399608,0.0820840459083541,0.09,0.136,1,"Not significant",0,""
"Cir1",0.134864998458401,0.188543877616059,0.108,0.161,1,"Not significant",0,""
"Wdr43",0.134902855490266,0.0655749587429146,0.127,0.183,1,"Not significant",0,""
"Ell",0.135009278555727,-0.0117828775558686,0.137,0.194,1,"Not significant",0,""
"Psmd7",0.135242687874896,0.0682007467168502,0.208,0.288,1,"Not significant",0,""
"Mapk11",0.135651575118338,0.0402638702137272,0.132,0.189,1,"Not significant",0,""
"Man1b1",0.136078737560204,0.0761409065423233,0.156,0.222,1,"Not significant",0,""
"Map7d2",0.136400393459787,0.253525279798047,0.288,0.413,1,"Not significant",0,""
"Atp13a1",0.137136880756686,0.212814341062863,0.142,0.204,1,"Not significant",0,""
"Pitpnm3",0.137508100504635,0.255276761184577,0.156,0.224,1,"Not significant",0,""
"Kcnip4",0.137970708868549,-0.697991736848831,0.981,0.846,1,"Not significant",0,""
"Ttll11",0.138389003899404,0.0265889333166507,0.335,0.459,1,"Not significant",0,""
"Sv2c",0.138461381131502,0.254388675566574,0.108,0.16,1,"Not significant",0,""
"Slc39a11",0.13847867002272,-0.0884694439084757,0.085,0.128,1,"Not significant",0,""
"Hid1",0.139032638402652,0.0534392589614603,0.123,0.176,1,"Not significant",0,""
"Kcnip1",0.139053326528962,-0.0318859155421079,0.377,0.501,1,"Not significant",0,""
"Mast1",0.139182464476214,0.0888156150458367,0.311,0.433,1,"Not significant",0,""
"Dgkb",0.139270255634927,-0.301997226770642,0.825,0.807,1,"Not significant",0,""
"Ssbp4",0.139287624959607,0.814704169798596,0.255,0.239,1,"Not significant",0,""
"Rpl38",0.139313279922372,0.0164171282593593,0.066,0.105,1,"Not significant",0,""
"Acad9",0.139475394567688,0.181619719459269,0.071,0.112,1,"Not significant",0,""
"Ttyh1",0.140238565168187,0.169546887158694,0.156,0.22,1,"Not significant",0,""
"Rps15",0.140550792564256,0.855231976381206,0.165,0.134,1,"Not significant",0,""
"Sympk",0.140941618017091,0.204650688114609,0.127,0.185,1,"Not significant",0,""
"Unc13a",0.141898177747627,0.503468651953081,0.472,0.534,1,"Not significant",0,""
"Med25",0.142118640360841,0.0966018543635392,0.132,0.187,1,"Not significant",0,""
"Cacnb3",0.142846057913381,1.05879982165115,0.132,0.103,1,"Not significant",0,""
"Whrn",0.143229421226434,0.0473186277476776,0.094,0.139,1,"Not significant",0,""
"Hdgfl2",0.143241295764794,0.151295182602471,0.137,0.196,1,"Not significant",0,""
"Mrap2",0.143285016707874,-0.0163196581526408,0.137,0.193,1,"Not significant",0,""
"Cc2d1b",0.144119931750254,0.0694102158732435,0.151,0.215,1,"Not significant",0,""
"Cnot3",0.14419422440553,0.794507455811769,0.269,0.259,1,"Not significant",0,""
"Ppp2r3d",0.144221960793152,0.0596291950806584,0.08,0.123,1,"Not significant",0,""
"Btbd8",0.144914033687906,-0.0141839138086493,0.151,0.211,1,"Not significant",0,""
"Taok3",0.144976898387389,0.166271755125832,0.255,0.354,1,"Not significant",0,""
"Elavl3",0.145440163815245,0.155741087633663,0.939,0.848,1,"Not significant",0,""
"Ralgds",0.145549546102916,0.144011795051556,0.132,0.189,1,"Not significant",0,""
"Arfip2",0.145629983921135,-0.152381207728669,0.066,0.103,1,"Not significant",0,""
"Slc39a7",0.146487477591021,0.0921028017333452,0.09,0.134,1,"Not significant",0,""
"Dnm2",0.146513725600238,0.0367060508005379,0.208,0.29,1,"Not significant",0,""
"Cep63",0.146687295504847,-0.013317169991117,0.108,0.156,1,"Not significant",0,""
"Nkain2",0.147484544521199,-0.0327975221255996,0.995,0.91,1,"Not significant",0,""
"Rassf5",0.148455550027746,0.061022430380524,0.075,0.116,1,"Not significant",0,""
"Galnt13",0.1506757385761,-0.306091745040322,0.726,0.719,1,"Not significant",0,""
"Adgra1",0.151738296994453,0.187417563997381,0.156,0.226,1,"Not significant",0,""
"Baz2a",0.152258257388393,0.532765806239919,0.349,0.358,1,"Not significant",0,""
"Eif2b4",0.152644501583289,-0.15718219399249,0.099,0.141,1,"Not significant",0,""
"Mib2",0.152764824584549,0.103104743783959,0.17,0.239,1,"Not significant",0,""
"Tcirg1",0.153212050858344,1.07588777994445,0.108,0.081,1,"Not significant",0,""
"Rabl6",0.15363988326546,-0.008176484844026,0.325,0.435,1,"Not significant",0,""
"2210016L21Rik",0.154119308178422,0.252138419636175,0.193,0.281,1,"Not significant",0,""
"Ythdc1",0.154429082629158,0.0846579895721804,0.236,0.323,1,"Not significant",0,""
"Hcn3",0.1546652325349,-0.0248311580081579,0.071,0.108,1,"Not significant",0,""
"Zmiz2",0.155311528602433,0.172089081721147,0.179,0.251,1,"Not significant",0,""
"Col16a1",0.155660892311408,0.808799543380803,0.198,0.169,1,"Not significant",0,""
"Gga3",0.156280188939593,0.265618705406036,0.16,0.228,1,"Not significant",0,""
"Sgta",0.15666919541609,0.0473186277476776,0.113,0.161,1,"Not significant",0,""
"Prpf40b",0.15678824696686,0.575301145603201,0.344,0.35,1,"Not significant",0,""
"Nolc1",0.156816997974675,0.075310817312928,0.066,0.103,1,"Not significant",0,""
"Mdga1",0.157869257355133,-0.0752133472062089,0.066,0.101,1,"Not significant",0,""
"Ppp1r9a",0.159691873884777,0.100344474217738,0.509,0.697,1,"Not significant",0,""
"Cog4",0.161484035302754,0.124328135002202,0.142,0.204,1,"Not significant",0,""
"Tln1",0.161571868038461,-0.00704184456462986,0.099,0.143,1,"Not significant",0,""
"Rpl13a",0.161962289702665,0.815703612194569,0.208,0.183,1,"Not significant",0,""
"Trmt2a",0.162080376857774,0.0164171282593593,0.066,0.103,1,"Not significant",0,""
"Arid3a",0.162651408507831,0.0502479587863491,0.075,0.116,1,"Not significant",0,""
"Dhps",0.163009955497513,-0.0351435324442955,0.127,0.178,1,"Not significant",0,""
"Srp68",0.163952607976868,0.0991575592672955,0.066,0.103,1,"Not significant",0,""
"Dnah1",0.164783982583444,0.144286934756955,0.127,0.182,1,"Not significant",0,""
"Sorcs2",0.164806094040529,0.149647329720989,0.142,0.204,1,"Not significant",0,""
"Snrnp48",0.165177936281807,0.184099642787378,0.274,0.398,1,"Not significant",0,""
"Rpl10a",0.165211399484664,0.207469370302447,0.132,0.191,1,"Not significant",0,""
"Slc25a23",0.166074285288176,0.0903873496395632,0.335,0.47,1,"Not significant",0,""
"Hnrnpa2b1",0.166178974780548,0.079160650701588,0.415,0.596,1,"Not significant",0,""
"Cdk9",0.166952504004723,0.264344641702945,0.142,0.202,1,"Not significant",0,""
"Gm17276",0.166993265132411,0.0106276358374734,0.42,0.574,1,"Not significant",0,""
"Gtf2ird1",0.168969531081519,0.178132679455141,0.325,0.442,1,"Not significant",0,""
"mt-Nd1",0.169247752862432,-0.0235299673531984,0.344,0.446,1,"Not significant",0,""
"Erbb4",0.169699316961555,-0.745336499203356,0.547,0.549,1,"Not significant",0,""
"Mthfsd",0.169780628457949,-0.114246078841898,0.066,0.101,1,"Not significant",0,""
"Ap2a1",0.17041612712426,0.23666108301723,0.137,0.196,1,"Not significant",0,""
"Efcab12",0.170511067207751,-0.0399064784702565,0.085,0.125,1,"Not significant",0,""
"Clk3",0.171441701358156,0.0959118997636415,0.099,0.143,1,"Not significant",0,""
"4933439C10Rik",0.172154351616569,0.722367529345415,0.226,0.204,1,"Not significant",0,""
"Hip1r",0.173046878944146,0.159100099723577,0.113,0.165,1,"Not significant",0,""
"Pdzd2",0.173177665941584,-0.185295830201404,0.099,0.141,1,"Not significant",0,""
"Golga4",0.173263336117929,0.288662929679124,0.552,0.607,1,"Not significant",0,""
"Agbl4",0.173882246878698,-0.125699873581841,0.943,0.877,1,"Not significant",0,""
"Naa25",0.174971288354995,0.068833022410498,0.146,0.202,1,"Not significant",0,""
"Napa",0.174972879920555,-0.0217230166819737,0.118,0.165,1,"Not significant",0,""
"Brwd3",0.175282926122643,0.0959118997636415,0.104,0.149,1,"Not significant",0,""
"Tpr",0.176754678806639,0.0531863690065244,0.335,0.472,1,"Not significant",0,""
"Gon4l",0.177403385424481,0.0670249383264866,0.387,0.545,1,"Not significant",0,""
"Apc2",0.17812768996841,0.218827789929912,0.175,0.242,1,"Not significant",0,""
"Rpl10",0.178373389853743,0.221531558163971,0.189,0.261,1,"Not significant",0,""
"Cnbd2",0.178425632730044,0.144600530028463,0.113,0.163,1,"Not significant",0,""
"Vps39",0.1785395196557,0.106537089632893,0.142,0.196,1,"Not significant",0,""
"Kptn",0.178660715219678,0.0610224303805245,0.08,0.119,1,"Not significant",0,""
"Rrbp1",0.179918754476472,0.103104743783959,0.156,0.218,1,"Not significant",0,""
"Ctc1",0.180249238478691,0.132710118978322,0.075,0.114,1,"Not significant",0,""
"Rbbp6",0.180374227936598,0.128921490034124,0.307,0.426,1,"Not significant",0,""
"Galns",0.181789816413205,0.102324838345978,0.099,0.143,1,"Not significant",0,""
"Ascc2",0.184140850366664,0.0970498963053044,0.156,0.217,1,"Not significant",0,""
"Eef1d",0.185788838412695,0.254132219243636,0.113,0.163,1,"Not significant",0,""
"Sbno2",0.186277650816575,0.213328579186606,0.104,0.152,1,"Not significant",0,""
"Ndor1",0.186509059024483,-0.0592718033371877,0.085,0.123,1,"Not significant",0,""
"Rtf1",0.188932742945607,0.0956769905323336,0.184,0.25,1,"Not significant",0,""
"Tbc1d9b",0.189584454535265,0.206072763183808,0.241,0.338,1,"Not significant",0,""
"Mtmr14",0.189772618472533,-0.0752133472062089,0.075,0.11,1,"Not significant",0,""
"G6pc3",0.18978998673915,0.187105258542998,0.075,0.112,1,"Not significant",0,""
"Dpf1",0.189995581541697,0.305161020064711,0.151,0.217,1,"Not significant",0,""
"Rpl9",0.190223612568461,-0.114246078841898,0.071,0.105,1,"Not significant",0,""
"Ftsj3",0.191404446821388,0.947154465822245,0.132,0.105,1,"Not significant",0,""
"Hgs",0.191597005714125,0.139799543764642,0.08,0.119,1,"Not significant",0,""
"Cmip",0.193315017795753,0.355171537423317,0.675,0.743,1,"Not significant",0,""
"Mbd6",0.193449053128179,0.235814679331534,0.175,0.244,1,"Not significant",0,""
"Maged1",0.193457894024084,0.57030016043129,0.392,0.424,1,"Not significant",0,""
"Col11a1",0.194019456912833,0.77534482003499,0.311,0.295,1,"Not significant",0,""
"Acbd4",0.194639229604177,0.927789140955314,0.113,0.086,1,"Not significant",0,""
"Hexdc",0.19483418886469,0.146155038804465,0.175,0.239,1,"Not significant",0,""
"Ggnbp2",0.195117658612479,0.0765708742000554,0.354,0.483,1,"Not significant",0,""
"Ncln",0.195468801040124,-0.0471989710366123,0.094,0.134,1,"Not significant",0,""
"Rph3a",0.196620110788101,0.21018887165604,0.226,0.305,1,"Not significant",0,""
"Cuedc1",0.200126258140685,0.116614756343842,0.241,0.336,1,"Not significant",0,""
"Nat10",0.200513017640322,-0.0196786702425551,0.094,0.134,1,"Not significant",0,""
"Plekhn1",0.201211829092747,0.173530401077191,0.184,0.251,1,"Not significant",0,""
"Capns1",0.201243148905506,0.202535299112605,0.127,0.18,1,"Not significant",0,""
"Nfic",0.201279174703179,0.351622723390902,0.151,0.215,1,"Not significant",0,""
"Upf3b",0.201618552283274,0.230947431822837,0.241,0.332,1,"Not significant",0,""
"Usp42",0.201628789983239,0.161893314615258,0.123,0.172,1,"Not significant",0,""
"Snhg11",0.202064644519212,0.0775522988511668,1,1,1,"Not significant",0,""
"Ralbp1",0.203838417975375,0.219234011259047,0.222,0.306,1,"Not significant",0,""
"Syt7",0.204121280817443,0.202646109438776,0.259,0.35,1,"Not significant",0,""
"Kif3a",0.204958001605072,0.0656404331145199,0.401,0.558,1,"Not significant",0,""
"Otud7a",0.206552287284345,0.0466901393731601,0.561,0.706,1,"Not significant",0,""
"Nos1",0.207780267595623,0.203494219082031,0.09,0.127,1,"Not significant",0,""
"Tmf1",0.207824688251473,0.0402638702137272,0.094,0.134,1,"Not significant",0,""
"Plp1",0.208359525612854,-0.0163196581526406,0.108,0.152,1,"Not significant",0,""
"Cntnap1",0.208445560979805,0.782095219551749,0.25,0.24,1,"Not significant",0,""
"Stxbp2",0.208643171116071,1.16954688715869,0.118,0.094,1,"Not significant",0,""
"Phactr1",0.209701613547784,-0.28101567665602,0.901,0.804,1,"Not significant",0,""
"Csdc2",0.211920330424757,0.203494219082031,0.113,0.16,1,"Not significant",0,""
"Setd1a",0.212078224161974,0.0991575592672955,0.231,0.312,1,"Not significant",0,""
"Tmem120b",0.212189190176129,-0.00864573026721915,0.09,0.127,1,"Not significant",0,""
"Cit",0.212243967915823,0.346117202243018,0.59,0.684,1,"Not significant",0,""
"Tmem63b",0.212490171772553,0.503306742403403,0.439,0.492,1,"Not significant",0,""
"Ebf4",0.212670328989805,0.809650942072311,0.193,0.171,1,"Not significant",0,""
"Psmc3",0.213042241577866,0.210188871656039,0.071,0.105,1,"Not significant",0,""
"Ache",0.215911195173874,0.625226370934883,0.311,0.314,1,"Not significant",0,""
"mt-Cytb",0.2169260747721,-0.126891885677241,0.321,0.411,1,"Not significant",0,""
"Szt2",0.21774330311092,0.159375082101402,0.142,0.193,1,"Not significant",0,""
"Slc25a11",0.217825135486187,0.265976649841786,0.071,0.105,1,"Not significant",0,""
"Map3k12",0.218628345522989,0.834944962236221,0.245,0.237,1,"Not significant",0,""
"Spns1",0.218733207745271,0.187694233868953,0.094,0.134,1,"Not significant",0,""
"Kcnk3",0.219450217926555,0.918585313625475,0.132,0.108,1,"Not significant",0,""
"Acrbp",0.221149890686141,0.246714747681153,0.09,0.128,1,"Not significant",0,""
"Ppp1cc",0.222702638713064,0.184653779548901,0.113,0.16,1,"Not significant",0,""
"Grik5",0.222771130781483,0.552756732602438,0.401,0.44,1,"Not significant",0,""
"Tubgcp6",0.222837072326949,0.814704169798596,0.123,0.097,1,"Not significant",0,""
"Tenm1",0.223228209943974,-0.276709342730871,0.759,0.721,1,"Not significant",0,""
"Tafa5",0.223887332333688,0.0665067729769803,0.42,0.58,1,"Not significant",0,""
"Efr3b",0.224144985847474,0.215350576771818,0.274,0.372,1,"Not significant",0,""
"Camk2n1",0.224749101501475,0.0496017347930633,0.09,0.127,1,"Not significant",0,""
"Zscan18",0.225772087317217,0.11575406979799,0.146,0.198,1,"Not significant",0,""
"Snrnp27",0.225839934986768,0.139799543764642,0.08,0.116,1,"Not significant",0,""
"Lgi3",0.226211777229831,0.1227260304057,0.099,0.138,1,"Not significant",0,""
"Nbeal2",0.227123650880055,0.158658571015957,0.094,0.132,1,"Not significant",0,""
"Khsrp",0.227361084675017,0.210188871656039,0.09,0.128,1,"Not significant",0,""
"Tcf25",0.228596155612395,0.343208861733517,0.547,0.668,1,"Not significant",0,""
"Adamts10",0.229158736042016,0.0341377674168859,0.132,0.178,1,"Not significant",0,""
"Ppfia3",0.230577589136601,0.265729125599798,0.226,0.31,1,"Not significant",0,""
"Ptpa",0.231013090979026,0.288729803160068,0.165,0.229,1,"Not significant",0,""
"Trrap",0.232539385152977,0.0197997676540115,0.443,0.607,1,"Not significant",0,""
"Pxdn",0.234720191529046,0.216113705613145,0.156,0.213,1,"Not significant",0,""
"Unc80",0.235971222864591,0.171134725174775,0.934,0.884,1,"Not significant",0,""
"Cdan1",0.23617680200619,0.103457696700921,0.085,0.119,1,"Not significant",0,""
"Pkn1",0.237137306275276,0.629130825390799,0.203,0.182,1,"Not significant",0,""
"Sez6",0.237910630784945,0.325355196920718,0.132,0.182,1,"Not significant",0,""
"Col11a2",0.239250292347428,1.21281434106286,0.123,0.101,1,"Not significant",0,""
"Sptbn1",0.239292305986801,0.188980106163435,0.679,0.727,1,"Not significant",0,""
"Ppp6r1",0.239778915233163,0.765547659332298,0.212,0.194,1,"Not significant",0,""
"Cpne7",0.241337561700292,0.206913739623178,0.288,0.387,1,"Not significant",0,""
"Rnf20",0.243547287561388,0.762729894684818,0.283,0.292,1,"Not significant",0,""
"Scaf1",0.243684823181463,0.254388675566575,0.151,0.206,1,"Not significant",0,""
"Kmt2b",0.244823962440073,0.266267545102554,0.189,0.257,1,"Not significant",0,""
"Dap3",0.244937322750084,0.0891734706946732,0.137,0.182,1,"Not significant",0,""
"Ap3b2",0.24502150373534,0.118266382215,0.274,0.363,1,"Not significant",0,""
"Prr12",0.245473241244135,0.319547627692596,0.127,0.178,1,"Not significant",0,""
"Zmiz1",0.246792853360172,0.112578075029617,0.231,0.299,1,"Not significant",0,""
"Camkv",0.247272213637536,0.323717817286454,0.179,0.242,1,"Not significant",0,""
"Adam11",0.247396084158293,0.747845657598839,0.212,0.198,1,"Not significant",0,""
"Arhgef1",0.248071344851502,0.195081979265831,0.156,0.209,1,"Not significant",0,""
"Sart3",0.249943733898267,0.345118451742148,0.104,0.145,1,"Not significant",0,""
"Coro6",0.250135982415999,0.813988014390051,0.241,0.233,1,"Not significant",0,""
"Ltbp4",0.250475751375457,0.187105258542998,0.16,0.218,1,"Not significant",0,""
"Kif17",0.250588250369899,0.206541094640895,0.184,0.251,1,"Not significant",0,""
"Tmem38a",0.251580341799347,0.289435622665775,0.142,0.196,1,"Not significant",0,""
"Prkcsh",0.252330218151802,1.08347593703503,0.146,0.128,1,"Not significant",0,""
"Arhgef2",0.252904025707403,0.262656291550175,0.132,0.18,1,"Not significant",0,""
"Airn",0.253223069635398,0.0712907658343516,0.189,0.244,1,"Not significant",0,""
"Paf1",0.253357860578545,0.329277342628354,0.156,0.209,1,"Not significant",0,""
"Gdap1l1",0.25397979645566,0.212444845596407,0.085,0.119,1,"Not significant",0,""
"Dhx15",0.254862674901374,0.147597914325049,0.146,0.196,1,"Not significant",0,""
"Ndufa10",0.254917690392491,0.118920814088725,0.137,0.182,1,"Not significant",0,""
"Copz1",0.254924370668821,0.217802055765914,0.099,0.138,1,"Not significant",0,""
"Cmc2",0.255285145941409,0.123405105513973,0.071,0.101,1,"Not significant",0,""
"Ppp2r5d",0.255670053791644,1.07588777994445,0.108,0.088,1,"Not significant",0,""
"Psd",0.257242223646592,0.149198241766891,0.278,0.369,1,"Not significant",0,""
"Hsp90ab1",0.25887421527128,0.678864334536956,0.307,0.317,1,"Not significant",0,""
"Plxnb2",0.26120769924352,0.0726853479061047,0.132,0.174,1,"Not significant",0,""
"Bptf",0.261523015701051,0.302167194028872,0.552,0.67,1,"Not significant",0,""
"Ddx21",0.263263827256123,0.139799543764641,0.104,0.141,1,"Not significant",0,""
"Plxna3",0.266156310703151,0.169546887158694,0.156,0.207,1,"Not significant",0,""
"Grm7",0.266383842989905,0.0545245633388969,0.939,0.793,1,"Not significant",0,""
"Arhgap33",0.268270742031099,0.795151372377195,0.208,0.193,1,"Not significant",0,""
"Ppig",0.268752876969104,0.151974257710744,0.387,0.516,1,"Not significant",0,""
"Eif3a",0.273994992415766,0.130566263986604,0.226,0.301,1,"Not significant",0,""
"Atp1a3",0.274169550546639,0.270624725518013,0.594,0.697,1,"Not significant",0,""
"Hps4",0.274484687630891,0.179327907951279,0.193,0.261,1,"Not significant",0,""
"Grk2",0.278680173318378,0.881566124194669,0.127,0.106,1,"Not significant",0,""
"Dbnl",0.278854742482135,0.139799543764642,0.127,0.169,1,"Not significant",0,""
"Dnajb2",0.279048647247107,0.689356708354599,0.184,0.167,1,"Not significant",0,""
"Supt5",0.280378264343758,0.520144324877326,0.33,0.339,1,"Not significant",0,""
"Stub1",0.280603707337487,0.639725940629998,0.16,0.215,1,"Not significant",0,""
"Map1s",0.280967574146278,0.217802055765914,0.113,0.15,1,"Not significant",0,""
"Herc2",0.281248440270652,0.329083653289151,0.524,0.651,1,"Not significant",0,""
"Trmt1",0.282906908716543,0.681260405849211,0.292,0.308,1,"Not significant",0,""
"Ccnl1",0.283448201404637,0.218090739116731,0.269,0.35,1,"Not significant",0,""
"Cuedc2",0.283961527063512,0.133373274605209,0.094,0.128,1,"Not significant",0,""
"Ncor2",0.284668077429552,0.515997301180125,0.387,0.439,1,"Not significant",0,""
"Agrn",0.285795580524081,0.514195058546139,0.34,0.369,1,"Not significant",0,""
"2610507B11Rik",0.286179166408928,0.236222373863511,0.297,0.404,1,"Not significant",0,""
"Arhgef25",0.28700819277321,0.24537830011834,0.198,0.268,1,"Not significant",0,""
"Fsd1",0.287585180736756,0.347545189136688,0.118,0.161,1,"Not significant",0,""
"Rnpc3",0.288255127501966,0.283240623706268,0.505,0.585,1,"Not significant",0,""
"Zcchc18",0.29104822130724,0.0465228606854095,0.462,0.642,1,"Not significant",0,""
"Nbea",0.29129316702298,0.0283956900222817,0.953,0.954,1,"Not significant",0,""
"Trnp1",0.291368340669138,0.124032227906325,0.104,0.139,1,"Not significant",0,""
"Fbxo44",0.291852577257968,0.108435372855306,0.075,0.105,1,"Not significant",0,""
"Baiap2",0.29244552357058,0.347394963173009,0.208,0.283,1,"Not significant",0,""
"Fkbp4",0.29495520286487,-0.0600410355819583,0.08,0.108,1,"Not significant",0,""
"Ttc4",0.295074149833099,0.260551703225252,0.302,0.413,1,"Not significant",0,""
"Acap3",0.29547517524183,0.883538366526274,0.16,0.141,1,"Not significant",0,""
"Ddx46",0.296219611084437,0.466419333976726,0.368,0.404,1,"Not significant",0,""
"P3h3",0.297181765495853,0.282757497606684,0.25,0.338,1,"Not significant",0,""
"Clasrp",0.300200303535286,0.553524905580694,0.344,0.374,1,"Not significant",0,""
"Rtl5",0.300397754225503,0.296102774643317,0.08,0.11,1,"Not significant",0,""
"Knop1",0.301345627121344,0.161893314615258,0.132,0.174,1,"Not significant",0,""
"Pmm2",0.302253881545361,0.132710118978322,0.085,0.116,1,"Not significant",0,""
"Syt5",0.304464706915558,0.449654806351429,0.118,0.16,1,"Not significant",0,""
"Stac",0.309290645197301,0.286527695169017,0.132,0.172,1,"Not significant",0,""
"Ppm1g",0.31082744811057,0.314886250322733,0.08,0.11,1,"Not significant",0,""
"Dimt1",0.311098052968048,0.0518518444889384,0.075,0.103,1,"Not significant",0,""
"Dgkz",0.3136059525449,0.583218844413308,0.349,0.374,1,"Not significant",0,""
"Ccnl2",0.314746084859113,0.176219022426907,0.33,0.442,1,"Not significant",0,""
"Ube2o",0.314967893871074,0.210188871656039,0.321,0.444,1,"Not significant",0,""
"Rrp1b",0.317090134986542,0.362191965101089,0.156,0.207,1,"Not significant",0,""
"Siah3",0.319054156563969,0.256838964954861,0.08,0.11,1,"Not significant",0,""
"Cluh",0.319674580729933,0.758120641432229,0.203,0.193,1,"Not significant",0,""
"Pou6f1",0.320276680279954,0.616574500681974,0.292,0.301,1,"Not significant",0,""
"Dlgap2",0.320633479043125,-0.0838724297983788,0.745,0.76,1,"Not significant",0,""
"Smc1a",0.320956413708764,0.241897731383378,0.123,0.161,1,"Not significant",0,""
"Rap1gap",0.322080058188749,0.304706470440329,0.274,0.372,1,"Not significant",0,""
"Sulf2",0.322238018810598,0.262656291550175,0.146,0.193,1,"Not significant",0,""
"Hsf4",0.323207949992593,1.03288433984813,0.104,0.086,1,"Not significant",0,""
"Drosha",0.323381972980582,0.338079508984282,0.212,0.281,1,"Not significant",0,""
"Rpl41",0.324667014672046,0.0921028017333452,0.099,0.13,1,"Not significant",0,""
"Brsk2",0.328239929165317,0.315898312827154,0.123,0.165,1,"Not significant",0,""
"Peak1",0.328612863114684,0.777229464379933,0.137,0.119,1,"Not significant",0,""
"Gripap1",0.32894080866168,0.44602355590456,0.401,0.453,1,"Not significant",0,""
"Slc44a2",0.329444461159945,0.14496124888042,0.203,0.262,1,"Not significant",0,""
"Flna",0.332367590140549,0.162883156877683,0.151,0.194,1,"Not significant",0,""
"Mroh1",0.333615633659755,0.798924535479252,0.269,0.277,1,"Not significant",0,""
"Ajap1",0.335146542495159,0.276462091075206,0.113,0.15,1,"Not significant",0,""
"Dtx3",0.33596825136582,0.0830378939040188,0.245,0.316,1,"Not significant",0,""
"Abcd4",0.336615282781432,0.224688441351155,0.156,0.204,1,"Not significant",0,""
"Sfxn4",0.34150745809953,0.307744181078713,0.104,0.139,1,"Not significant",0,""
"Plcg1",0.341715454055391,0.226676994444608,0.175,0.222,1,"Not significant",0,""
"Atad3a",0.344849081679178,0.661752246959997,0.198,0.187,1,"Not significant",0,""
"Sntg1",0.345059212862797,-0.128428885984222,0.976,0.917,1,"Not significant",0,""
"Arrdc1",0.348650864443506,0.196605899383114,0.108,0.141,1,"Not significant",0,""
"Trim39",0.349611139287545,0.216341098637634,0.132,0.172,1,"Not significant",0,""
"Npr2",0.350460023918879,0.281702047240722,0.16,0.207,1,"Not significant",0,""
"Trank1",0.353017094197029,0.101277611141665,0.439,0.582,1,"Not significant",0,""
"Flywch1",0.353441695969149,0.506157739480721,0.368,0.402,1,"Not significant",0,""
"Fkbp2",0.355406392890148,0.325355196920718,0.151,0.198,1,"Not significant",0,""
"Unc45a",0.355631287027758,0.350414797324736,0.156,0.204,1,"Not significant",0,""
"Tspan17",0.356050609304195,0.211632288525708,0.137,0.174,1,"Not significant",0,""
"Ciz1",0.356206119437951,0.290638704076055,0.156,0.202,1,"Not significant",0,""
"Ddx23",0.356537432555079,0.246714747681153,0.113,0.149,1,"Not significant",0,""
"Agbl5",0.35767511765318,0.260312351081876,0.108,0.141,1,"Not significant",0,""
"Bin1",0.35886043049954,0.320557476393126,0.467,0.538,1,"Not significant",0,""
"Vars",0.359126860642816,0.827855537449901,0.156,0.141,1,"Not significant",0,""
"mt-Co2",0.361378991388104,-0.0719038699934389,0.363,0.444,1,"Not significant",0,""
"Hsp90aa1",0.369058334304125,0.690424636842661,0.344,0.38,1,"Not significant",0,""
"Prpf38b",0.369233781714453,0.231206652925122,0.283,0.372,1,"Not significant",0,""
"Mast3",0.372538867405102,0.241897731383378,0.123,0.158,1,"Not significant",0,""
"Ncs1",0.373029875320772,0.259098472136986,0.142,0.183,1,"Not significant",0,""
"Tfe3",0.373116979378002,0.321549980603744,0.099,0.128,1,"Not significant",0,""
"Dscaml1",0.374970388336173,0.379469956532925,0.354,0.36,1,"Not significant",0,""
"Rpl21",0.377791780416058,0.164252587489181,0.104,0.132,1,"Not significant",0,""
"Aldoa",0.379050482320309,0.244355474807231,0.132,0.169,1,"Not significant",0,""
"R3hdm4",0.379332202685811,0.0402638702137272,0.137,0.169,1,"Not significant",0,""
"Ubp1",0.38028899728919,0.605276781590638,0.335,0.372,1,"Not significant",0,""
"Cntn5",0.381501950404085,-0.467753661171089,0.925,0.732,1,"Not significant",0,""
"Ajm1",0.381675775325993,0.307744181078713,0.108,0.141,1,"Not significant",0,""
"Pxn",0.382321812410736,0.099157559267296,0.094,0.121,1,"Not significant",0,""
"Ripor1",0.383218543847559,0.241176564139723,0.113,0.147,1,"Not significant",0,""
"Bcan",0.384191443065111,0.0838908026139853,0.127,0.161,1,"Not significant",0,""
"Mapt",0.387164687794168,0.0608741498890135,0.925,0.916,1,"Not significant",0,""
"Adcy7",0.387391488305395,0.269082560709608,0.08,0.106,1,"Not significant",0,""
"Tmem132a",0.390923830468777,0.36219196510109,0.146,0.189,1,"Not significant",0,""
"Gm3764",0.391552205764473,0.69922695237866,0.156,0.143,1,"Not significant",0,""
"B4galnt1",0.391712487051973,0.362191965101089,0.085,0.112,1,"Not significant",0,""
"Dgka",0.392258751380133,0.278775956913452,0.113,0.145,1,"Not significant",0,""
"Zdhhc1",0.393097692784003,0.321676805362375,0.321,0.433,1,"Not significant",0,""
"Rps2",0.393466818156756,0.244835014462931,0.16,0.204,1,"Not significant",0,""
"Rpl6",0.395449707911207,0.314886250322733,0.203,0.257,1,"Not significant",0,""
"Clk1",0.395738681083658,0.473917047659918,0.406,0.477,1,"Not significant",0,""
"Pde2a",0.397385847704102,0.152738599472139,0.203,0.253,1,"Not significant",0,""
"Car11",0.399466943769645,0.136123885621243,0.156,0.194,1,"Not significant",0,""
"Kif21b",0.39959942678387,0.215350576771818,0.189,0.237,1,"Not significant",0,""
"Rangap1",0.401289792460162,0.126563716607947,0.179,0.224,1,"Not significant",0,""
"Dnmt1",0.401808790522421,0.346595110050071,0.113,0.149,1,"Not significant",0,""
"Leng8",0.402023532426101,0.412818038171057,0.42,0.494,1,"Not significant",0,""
"Rnpepl1",0.402068050580899,0.681651804397702,0.189,0.18,1,"Not significant",0,""
"Ctsa",0.402201963260818,0.765547659332298,0.118,0.103,1,"Not significant",0,""
"Whamm",0.403209484827192,0.239572678437134,0.175,0.22,1,"Not significant",0,""
"Brsk1",0.406221566989089,0.60516871859363,0.259,0.262,1,"Not significant",0,""
"Trmu",0.409815701208046,0.329770487408712,0.118,0.152,1,"Not significant",0,""
"Xkr4",0.410767255567273,-0.120408817990389,0.929,0.87,1,"Not significant",0,""
"Shisa7",0.412585231696467,0.334711228678982,0.241,0.321,1,"Not significant",0,""
"Zfr2",0.412715343478733,0.65738969437393,0.288,0.312,1,"Not significant",0,""
"Flrt1",0.414313049275112,0.0903873496395633,0.108,0.138,1,"Not significant",0,""
"Arhgef40",0.41766961363293,0.401362562381767,0.137,0.176,1,"Not significant",0,""
"Lemd2",0.417738207586846,0.27472912385075,0.085,0.11,1,"Not significant",0,""
"Skiv2l",0.419404613251324,0.383253580628919,0.17,0.217,1,"Not significant",0,""
"Zc3h13",0.421065423652913,0.413417288456263,0.415,0.481,1,"Not significant",0,""
"Kri1",0.423753782260833,0.760155951020991,0.151,0.139,1,"Not significant",0,""
"Cacna1h",0.424104647392043,0.594007640324163,0.179,0.169,1,"Not significant",0,""
"Eprs",0.425738136514466,0.471670441899582,0.264,0.341,1,"Not significant",0,""
"Ankrd13b",0.427077473555766,0.252567473926591,0.151,0.189,1,"Not significant",0,""
"Jph3",0.428466526683866,0.432581292992487,0.104,0.136,1,"Not significant",0,""
"Firre",0.428963708833321,0.31309741557292,0.297,0.385,1,"Not significant",0,""
"Ankrd12",0.429467473780716,-0.0119503342272109,0.769,0.796,1,"Not significant",0,""
"Gm13052",0.430106352739051,0.178745824005158,0.274,0.347,1,"Not significant",0,""
"Sucla2",0.436118705111743,0.293479215017075,0.108,0.138,1,"Not significant",0,""
"Srrm4",0.437722629060449,0.36858973629924,0.349,0.466,1,"Not significant",0,""
"Nars",0.43907624214253,0.687287339067135,0.16,0.15,1,"Not significant",0,""
"Ssrp1",0.440668530101155,0.319123243209203,0.17,0.215,1,"Not significant",0,""
"Abca2",0.44152061903024,0.568642842568516,0.241,0.246,1,"Not significant",0,""
"Eif4a1",0.444174595354664,0.0502479587863496,0.094,0.117,1,"Not significant",0,""
"Csnk1g2",0.444708998907061,0.777229464379933,0.142,0.132,1,"Not significant",0,""
"Abcf1",0.444949261845912,0.696309468996366,0.25,0.257,1,"Not significant",0,""
"Rapgefl1",0.444952195061101,0.159375082101402,0.151,0.187,1,"Not significant",0,""
"Rasa4",0.447073216907624,0.34049689400177,0.085,0.108,1,"Not significant",0,""
"Synpr",0.447969641755922,-0.00186160545894931,0.113,0.138,1,"Not significant",0,""
"Zfc3h1",0.448373984018975,0.495816529231285,0.302,0.325,1,"Not significant",0,""
"Rogdi",0.448776681013836,0.59101065559697,0.198,0.191,1,"Not significant",0,""
"Dcaf11",0.449232671318303,0.256838964954861,0.175,0.217,1,"Not significant",0,""
"Gpc1",0.450319635166436,0.604762268375168,0.226,0.228,1,"Not significant",0,""
"Ppard",0.450718501231832,0.69922695237866,0.127,0.112,1,"Not significant",0,""
"Sart1",0.451053608850561,0.293479215017075,0.108,0.138,1,"Not significant",0,""
"Lrp1",0.452323826787223,0.204383249974834,0.377,0.516,1,"Not significant",0,""
"Fam50a",0.452710522163675,0.777229464379933,0.151,0.141,1,"Not significant",0,""
"Cfp",0.453202993232464,0.472374882851512,0.08,0.103,1,"Not significant",0,""
"Grip2",0.455350103681694,0.351465558508031,0.175,0.222,1,"Not significant",0,""
"Ppp1r37",0.455747282402885,0.760155951020992,0.151,0.141,1,"Not significant",0,""
"Cacna1g",0.456679151971311,0.265683984247743,0.33,0.424,1,"Not significant",0,""
"Nsmf",0.462941507440654,0.505782818729939,0.208,0.27,1,"Not significant",0,""
"Fbxw5",0.465079040091338,0.6559231681578,0.16,0.15,1,"Not significant",0,""
"Ndufs3",0.469745305737512,0.187105258542998,0.094,0.117,1,"Not significant",0,""
"Mpp2",0.471576102319937,0.282757497606684,0.146,0.182,1,"Not significant",0,""
"Dpp3",0.474038617189943,0.210188871656039,0.08,0.101,1,"Not significant",0,""
"Tbc1d17",0.474812052445235,0.762729894684818,0.165,0.16,1,"Not significant",0,""
"Tmem147",0.475823354069542,0.260653938639027,0.132,0.165,1,"Not significant",0,""
"Cfap410",0.476395789267072,0.362191965101089,0.08,0.103,1,"Not significant",0,""
"Rufy2",0.477794436750333,0.282152467175972,0.321,0.415,1,"Not significant",0,""
"Zfp598",0.483710443285928,0.33522491750082,0.137,0.169,1,"Not significant",0,""
"Svop",0.48398570777436,0.381820771850022,0.495,0.607,1,"Not significant",0,""
"Sgsm3",0.484267288025392,0.420294919664658,0.189,0.237,1,"Not significant",0,""
"Ryr2",0.492691708753867,-0.0165883414648776,0.764,0.774,1,"Not significant",0,""
"Dnhd1",0.495038776984098,0.349808240645257,0.142,0.178,1,"Not significant",0,""
"Ddx41",0.495038954183771,0.586087977027925,0.222,0.224,1,"Not significant",0,""
"Itpk1",0.495189768118024,0.426897654488905,0.142,0.176,1,"Not significant",0,""
"Cep250",0.495365380224937,0.640727464475071,0.283,0.308,1,"Not significant",0,""
"Myo9b",0.49546583659599,0.338501859055989,0.311,0.417,1,"Not significant",0,""
"Nasp",0.498042417282983,0.397815874831811,0.104,0.13,1,"Not significant",0,""
"Zfp318",0.50479599619707,0.207094381336416,0.354,0.466,1,"Not significant",0,""
"Tmem91",0.507690186955029,0.27419548410326,0.335,0.433,1,"Not significant",0,""
"Sfswap",0.509191448732519,0.214201934162663,0.354,0.461,1,"Not significant",0,""
"Cebpz",0.509312291268471,0.381050992352405,0.189,0.233,1,"Not significant",0,""
"Grin2d",0.511245206949596,0.462496870896775,0.165,0.206,1,"Not significant",0,""
"Il11ra1",0.5120082857002,0.591673811223857,0.151,0.141,1,"Not significant",0,""
"Zmym3",0.512588519471809,0.32997734023592,0.325,0.431,1,"Not significant",0,""
"Brd2",0.514279837862601,0.34016565877109,0.17,0.213,1,"Not significant",0,""
"Sik2",0.516242428579426,0.764462168306055,0.255,0.325,1,"Not significant",0,""
"Epn1",0.517973541316221,1.01426866168078,0.165,0.167,1,"Not significant",0,""
"Ubr5",0.519659064097527,0.136632264685958,0.495,0.675,1,"Not significant",0,""
"Cplx2",0.521669022885163,0.807603113423452,0.142,0.134,1,"Not significant",0,""
"Sh2d5",0.523497292518149,0.652971361417787,0.175,0.169,1,"Not significant",0,""
"Psip1",0.524538946617821,0.486737063039393,0.316,0.358,1,"Not significant",0,""
"Fbxl19",0.524894585020367,0.822826330820044,0.179,0.18,1,"Not significant",0,""
"Stk16",0.525182046491589,0.661752246959997,0.175,0.171,1,"Not significant",0,""
"Zfp335",0.526977948825037,0.81675782856657,0.104,0.094,1,"Not significant",0,""
"Tcp1",0.529130397920911,0.291802637209692,0.09,0.11,1,"Not significant",0,""
"Rasgrp2",0.53051853469115,0.391939308495142,0.127,0.156,1,"Not significant",0,""
"Arhgap23",0.533505398379558,0.255276761184577,0.212,0.259,1,"Not significant",0,""
"Col4a1",0.535356546484991,0.224688441351155,0.241,0.295,1,"Not significant",0,""
"Stk40",0.536480508330833,0.197805147200207,0.09,0.108,1,"Not significant",0,""
"Col4a2",0.538268924714774,0.362191965101089,0.363,0.406,1,"Not significant",0,""
"Tecr",0.539628198430677,0.385760436239494,0.429,0.512,1,"Not significant",0,""
"Adgrl1",0.540273724976459,0.22063782088707,0.41,0.538,1,"Not significant",0,""
"Pik3cd",0.540568585509182,0.871866338518008,0.108,0.101,1,"Not significant",0,""
"Traf7",0.543184193013829,0.379893966834548,0.108,0.132,1,"Not significant",0,""
"Atg2a",0.543612974621049,0.427286993322974,0.165,0.202,1,"Not significant",0,""
"Cyp46a1",0.545754594387219,0.461727638652004,0.175,0.217,1,"Not significant",0,""
"Pde4a",0.546086590159043,0.510167993709757,0.33,0.365,1,"Not significant",0,""
"Rbm10",0.552599974820905,0.353924349117489,0.217,0.273,1,"Not significant",0,""
"Tmem191c",0.553739309249872,0.380969172131718,0.264,0.338,1,"Not significant",0,""
"Ptma",0.554080552385743,0.382369847038719,0.099,0.121,1,"Not significant",0,""
"Klhl29",0.55431359786466,-0.0834609014158385,0.722,0.717,1,"Not significant",0,""
"Bms1",0.555256544502268,0.674979406131983,0.16,0.156,1,"Not significant",0,""
"Wdr60",0.55558340914089,0.257855305286354,0.208,0.253,1,"Not significant",0,""
"Snapc4",0.55910439703772,0.540529206359602,0.231,0.24,1,"Not significant",0,""
"Usp12",0.559599046319578,0.246714747681154,0.085,0.103,1,"Not significant",0,""
"Bdp1",0.560048326747324,0.236222373863511,0.311,0.404,1,"Not significant",0,""
"Irf3",0.563009739693778,0.425385791588283,0.085,0.105,1,"Not significant",0,""
"Donson",0.563226607184208,0.397815874831811,0.108,0.132,1,"Not significant",0,""
"Cdk11b",0.565144299891721,0.886163835933097,0.226,0.239,1,"Not significant",0,""
"Wdr13",0.568443403687568,0.29690050484937,0.142,0.172,1,"Not significant",0,""
"Pelp1",0.569742325573667,0.886853955554431,0.104,0.097,1,"Not significant",0,""
"Chmp2a",0.57310033018421,0.517470190579,0.146,0.138,1,"Not significant",0,""
"Mrpl48",0.573681959907846,0.385650937925079,0.085,0.103,1,"Not significant",0,""
"Dync2h1",0.574193343045954,0.118634933766599,0.807,0.802,1,"Not significant",0,""
"Mpnd",0.576355874712339,0.202993370251836,0.099,0.117,1,"Not significant",0,""
"Brd4",0.577927941985189,0.411712100944888,0.33,0.435,1,"Not significant",0,""
"Carmil3",0.579822066695864,0.329476389957711,0.259,0.33,1,"Not significant",0,""
"Pitpnm2",0.585646889348734,0.465569704946398,0.217,0.268,1,"Not significant",0,""
"Tars2",0.587437943643048,0.589602461204162,0.146,0.139,1,"Not significant",0,""
"Camk2a",0.590342368127359,0.167435110678842,0.656,0.712,1,"Not significant",0,""
"Ice1",0.596183250866864,0.386439511347767,0.382,0.45,1,"Not significant",0,""
"Capn2",0.598030870438676,0.460039288499234,0.146,0.176,1,"Not significant",0,""
"Sgcd",0.598679311751951,-0.425742751724358,0.665,0.591,1,"Not significant",0,""
"Mars",0.598788618904498,0.404012140795716,0.094,0.114,1,"Not significant",0,""
"Rpl36",0.599390644512881,0.250299085030192,0.094,0.112,1,"Not significant",0,""
"Ddx49",0.610509681381504,0.436192546544866,0.104,0.125,1,"Not significant",0,""
"Syngap1",0.611269338299466,0.601379628980516,0.198,0.202,1,"Not significant",0,""
"Chd8",0.612535912452241,0.1785920267617,0.547,0.683,1,"Not significant",0,""
"Gramd1a",0.613019454823065,0.379333097922483,0.283,0.363,1,"Not significant",0,""
"Rps6kl1",0.614679120780869,0.327703588715799,0.179,0.213,1,"Not significant",0,""
"Dctn1",0.619374485243099,0.567382296362599,0.302,0.341,1,"Not significant",0,""
"Gpr162",0.623372693993599,0.628585383024798,0.222,0.231,1,"Not significant",0,""
"Ftl1-ps1",0.629270756400379,0.540190267079084,0.132,0.16,1,"Not significant",0,""
"Frg1",0.630322035508626,0.374066065389381,0.17,0.2,1,"Not significant",0,""
"Hspd1",0.633528134961505,0.448606716918563,0.113,0.132,1,"Not significant",0,""
"Clk2",0.63483772079426,0.477669182521026,0.137,0.163,1,"Not significant",0,""
"Ddx27",0.635817364306318,0.437480092405327,0.151,0.182,1,"Not significant",0,""
"Zfp512b",0.637631961224782,0.572870965873747,0.226,0.242,1,"Not significant",0,""
"Crebzf",0.638812199322773,0.37887070624772,0.222,0.27,1,"Not significant",0,""
"Acaa1a",0.642875685996414,0.372684338918732,0.179,0.211,1,"Not significant",0,""
"Usp48",0.654522224477737,0.261330284985422,0.33,0.418,1,"Not significant",0,""
"Rundc3a",0.660161795821986,0.678665629896344,0.222,0.242,1,"Not significant",0,""
"Fam133b",0.660958222146964,0.500268100504062,0.288,0.316,1,"Not significant",0,""
"Numa1",0.667363771404848,0.539069727185169,0.335,0.389,1,"Not significant",0,""
"Fah",0.668301256106546,0.591673811223857,0.104,0.097,1,"Not significant",0,""
"Chkb",0.669259155517018,0.345118451742148,0.118,0.138,1,"Not significant",0,""
"Eif5b",0.669476795193804,0.519897417910323,0.335,0.391,1,"Not significant",0,""
"Washc1",0.670156428808033,0.777229464379933,0.123,0.119,1,"Not significant",0,""
"Malat1",0.670959972519777,0.00557524877531712,1,1,1,"Not significant",0,""
"Ppp2r2c",0.672630845930475,0.356778468914725,0.307,0.398,1,"Not significant",0,""
"Celsr2",0.674166939116859,0.575040613766666,0.255,0.284,1,"Not significant",0,""
"Pdcd11",0.676480057771227,0.417534998944864,0.222,0.268,1,"Not significant",0,""
"Kdm6b",0.679443866244075,0.882199023981476,0.226,0.246,1,"Not significant",0,""
"Coq8b",0.681173791771488,0.273905432683134,0.255,0.299,1,"Not significant",0,""
"Ankrd52",0.682147417577706,0.544030288086902,0.099,0.116,1,"Not significant",0,""
"Pfkm",0.683165392718103,0.400666112915725,0.193,0.229,1,"Not significant",0,""
"Fbf1",0.68354307678012,0.501595021766506,0.274,0.297,1,"Not significant",0,""
"Smyd5",0.68412778352414,0.22132942926124,0.123,0.139,1,"Not significant",0,""
"Mycbp2",0.687520650119412,0.0445448675416031,0.995,0.989,1,"Not significant",0,""
"Cul7",0.690739066732744,0.485574380606371,0.151,0.18,1,"Not significant",0,""
"Sptbn2",0.693398815456137,0.334711228678982,0.255,0.308,1,"Not significant",0,""
"Bcl9l",0.693563291949748,0.484675971626084,0.113,0.132,1,"Not significant",0,""
"Atp5d",0.696458616898761,0.855231976381206,0.142,0.139,1,"Not significant",0,""
"Rnf157",0.697394405120241,0.265976649841786,0.396,0.514,1,"Not significant",0,""
"BC005624",0.698285322225087,0.504210969973517,0.127,0.149,1,"Not significant",0,""
"Rnf25",0.7065348935536,0.400088572859618,0.292,0.369,1,"Not significant",0,""
"Hsph1",0.707478331809917,0.328244633177752,0.17,0.196,1,"Not significant",0,""
"Nipbl",0.708982861799393,0.297007796340952,0.458,0.569,1,"Not significant",0,""
"Aspscr1",0.710628245495603,0.560418075306785,0.193,0.2,1,"Not significant",0,""
"Smarcd3",0.711386245721796,0.300070253193292,0.297,0.365,1,"Not significant",0,""
"Preb",0.712032001575016,0.483692970148795,0.278,0.354,1,"Not significant",0,""
"Cntrl",0.71248058131194,0.547747618257166,0.189,0.226,1,"Not significant",0,""
"Ift172",0.717470698605072,0.557207947506232,0.226,0.244,1,"Not significant",0,""
"Pex6",0.718087560315484,0.823033153993058,0.156,0.16,1,"Not significant",0,""
"Grik3",0.718627881156172,0.199920536202213,0.297,0.343,1,"Not significant",0,""
"Arhgap21",0.719657046889022,0.332444621707038,0.354,0.45,1,"Not significant",0,""
"Hdac6",0.721742521026391,0.582157649042997,0.241,0.261,1,"Not significant",0,""
"Zmynd8",0.724106143507531,0.0893193669420435,0.698,0.763,1,"Not significant",0,""
"Scrib",0.7265521911889,0.385275578214131,0.17,0.202,1,"Not significant",0,""
"Ppfia1",0.738854994304159,0.571645330730039,0.311,0.376,1,"Not significant",0,""
"Flii",0.743363222253981,0.434948307536403,0.165,0.193,1,"Not significant",0,""
"Ttbk1",0.746901758901071,0.446584152391462,0.292,0.365,1,"Not significant",0,""
"Kcnb1",0.74766188417192,0.351699591283447,0.311,0.383,1,"Not significant",0,""
"Spred3",0.748993683632722,0.536221364876138,0.118,0.136,1,"Not significant",0,""
"Adgrb1",0.751045560455666,0.498005820446809,0.292,0.332,1,"Not significant",0,""
"Ipo4",0.756152896710137,0.391338310760606,0.198,0.233,1,"Not significant",0,""
"Fdxr",0.757091204045509,0.301650423166039,0.104,0.116,1,"Not significant",0,""
"Ncaph2",0.759650110011596,0.345890152771989,0.137,0.154,1,"Not significant",0,""
"Zbtb7a",0.760615860965589,0.625226370934883,0.165,0.172,1,"Not significant",0,""
"Ipo13",0.760805383871978,0.6559231681578,0.156,0.16,1,"Not significant",0,""
"Plxnb1",0.764360107771576,0.529919410839156,0.104,0.119,1,"Not significant",0,""
"Cep131",0.7670552603588,0.481773580853762,0.123,0.138,1,"Not significant",0,""
"Shkbp1",0.767675756679073,0.58775166551622,0.193,0.206,1,"Not significant",0,""
"Tnrc6a",0.767736190150145,-0.0107368261324265,0.892,0.855,1,"Not significant",0,""
"Bicd2",0.771215106316515,0.768184324776926,0.132,0.136,1,"Not significant",0,""
"Ctr9",0.77123745134687,0.429306160959627,0.137,0.156,1,"Not significant",0,""
"6330411D24Rik",0.771458543745365,0.139799543764642,0.151,0.167,1,"Not significant",0,""
"Adap1",0.77274685341728,0.456656649104582,0.198,0.204,1,"Not significant",0,""
"Clip1",0.774088333495785,0.188324094189322,0.415,0.538,1,"Not significant",0,""
"Mapk8ip3",0.774280881030925,0.422564583080571,0.387,0.475,1,"Not significant",0,""
"Ube2e2",0.775838967152809,0.0481690682990733,0.712,0.727,1,"Not significant",0,""
"Samd14",0.777364855690799,0.680721483526587,0.123,0.141,1,"Not significant",0,""
"Ipo5",0.777415983194746,0.727476429182834,0.104,0.103,1,"Not significant",0,""
"Ercc2",0.78482614178558,0.564684828999832,0.123,0.123,1,"Not significant",0,""
"Neurl4",0.784830804572511,0.554837043043485,0.094,0.108,1,"Not significant",0,""
"Stk11",0.785518272336751,0.554837043043485,0.108,0.106,1,"Not significant",0,""
"A330076H08Rik",0.789632322887711,-0.0299622661113084,0.835,0.848,1,"Not significant",0,""
"Noc2l",0.789830644561831,0.479843553755363,0.217,0.235,1,"Not significant",0,""
"Pnck",0.790962854790765,0.469107169017601,0.236,0.284,1,"Not significant",0,""
"Tle5",0.791121051017688,0.469107169017601,0.127,0.145,1,"Not significant",0,""
"Lig1",0.791583642739593,0.592804893242506,0.104,0.119,1,"Not significant",0,""
"Htr1f",0.792386325726412,0.224688441351155,0.127,0.125,1,"Not significant",0,""
"Epha10",0.796223508627503,0.4706386925594,0.297,0.358,1,"Not significant",0,""
"Camta1",0.796629556968986,0.137518602513403,0.939,0.912,1,"Not significant",0,""
"Lmf1",0.797686134177316,0.430904715185103,0.123,0.138,1,"Not significant",0,""
"Tmem234",0.797844762296517,0.278627248461958,0.274,0.332,1,"Not significant",0,""
"Pnpla6",0.800205716669445,0.427286993322974,0.175,0.2,1,"Not significant",0,""
"Gm14827",0.800862304496436,0.49249998744682,0.241,0.292,1,"Not significant",0,""
"Mybbp1a",0.805319138100689,0.526578783001971,0.179,0.187,1,"Not significant",0,""
"Herc1",0.805323439209133,0.0705666303772526,0.802,0.842,1,"Not significant",0,""
"Spen",0.809693605782227,0.404256024667633,0.222,0.235,1,"Not significant",0,""
"Map7d1",0.810268779479583,0.540789268557853,0.193,0.209,1,"Not significant",0,""
"Rexo1",0.817277932290043,0.428079900757546,0.156,0.178,1,"Not significant",0,""
"Baz1b",0.819032959822938,0.247733240516175,0.42,0.534,1,"Not significant",0,""
"Mthfr",0.823998422228881,0.495458495964554,0.142,0.16,1,"Not significant",0,""
"Adam15",0.826053072730372,0.426322302520805,0.222,0.262,1,"Not significant",0,""
"Chd9",0.826781674686407,0.0603016234502723,0.703,0.765,1,"Not significant",0,""
"Zfhx2",0.832916425599828,0.588467820924765,0.25,0.31,1,"Not significant",0,""
"Dvl1",0.837012547530598,0.628003455605457,0.236,0.262,1,"Not significant",0,""
"Las1l",0.837338314694726,0.44090394111513,0.264,0.295,1,"Not significant",0,""
"Ppp1r12c",0.839785459073574,0.30260316881129,0.226,0.262,1,"Not significant",0,""
"Smg9",0.840569428589616,0.38728294606392,0.16,0.182,1,"Not significant",0,""
"Sipa1l2",0.846388537138475,1.04616447165341,0.09,0.101,1,"Not significant",0,""
"Pfkl",0.849603982196862,0.362191965101089,0.179,0.185,1,"Not significant",0,""
"Ltbp3",0.849855012579476,0.394981900218758,0.231,0.264,1,"Not significant",0,""
"Golgb1",0.850793349787165,0.19968443522126,0.462,0.6,1,"Not significant",0,""
"Gm17167",0.852549717267746,0.610119478544675,0.231,0.253,1,"Not significant",0,""
"Megf8",0.853406473382947,0.368266479510774,0.278,0.339,1,"Not significant",0,""
"Mapk8ip2",0.854570773337291,0.350964709677835,0.184,0.209,1,"Not significant",0,""
"Grin1",0.857895224192373,0.110565231577194,0.599,0.71,1,"Not significant",0,""
"Crocc",0.85918865379811,0.28659434620693,0.358,0.446,1,"Not significant",0,""
"Sbf1",0.862822400399965,0.447080862687602,0.189,0.2,1,"Not significant",0,""
"Filip1l",0.864901593004039,0.573696070294801,0.113,0.125,1,"Not significant",0,""
"Dennd6b",0.871021622361119,0.517842835561284,0.217,0.255,1,"Not significant",0,""
"Srek1",0.873658465685329,0.179636842842048,0.495,0.661,1,"Not significant",0,""
"Smarca4",0.873819817716544,0.375696229450837,0.363,0.442,1,"Not significant",0,""
"Grk6",0.883425947326865,0.53437294048377,0.123,0.125,1,"Not significant",0,""
"Dmpk",0.885781799221517,0.631008723528889,0.123,0.138,1,"Not significant",0,""
"Wdr66",0.893545293910583,0.684120059988452,0.094,0.105,1,"Not significant",0,""
"Cpt1c",0.895094043963572,0.417805940312089,0.288,0.328,1,"Not significant",0,""
"Kirrel3",0.895593757447633,-0.357519947733304,0.802,0.629,1,"Not significant",0,""
"Edc4",0.89845345032691,0.558883876106187,0.142,0.15,1,"Not significant",0,""
"Pdlim7",0.901823244684752,0.570185007376921,0.25,0.284,1,"Not significant",0,""
"Myo18a",0.902819077180157,0.366367641072283,0.363,0.457,1,"Not significant",0,""
"Kmt2d",0.903607222544726,0.309724545206953,0.264,0.308,1,"Not significant",0,""
"Celf4",0.905524722203525,0.103500849173545,0.967,0.963,1,"Not significant",0,""
"Rfng",0.905526750036242,0.434341750856925,0.123,0.134,1,"Not significant",0,""
"Rhbdl1",0.910047225914254,0.452704258006532,0.193,0.22,1,"Not significant",0,""
"L1cam",0.911233690624267,0.339400100227847,0.34,0.4,1,"Not significant",0,""
"Cfap46",0.911883860912349,0.489571271577317,0.307,0.36,1,"Not significant",0,""
"Rusc1",0.912640063625347,0.548960476706816,0.179,0.204,1,"Not significant",0,""
"Atp2b2",0.92080881399203,0.0501793390788098,0.566,0.65,1,"Not significant",0,""
"Rgs11",0.922370015454359,0.419907462957377,0.146,0.152,1,"Not significant",0,""
"Gga1",0.929770283824866,0.443619564444936,0.217,0.244,1,"Not significant",0,""
"Myl6",0.933491008476641,0.391939308495142,0.146,0.152,1,"Not significant",0,""
"Dmtn",0.937381510970908,0.633045875394183,0.245,0.294,1,"Not significant",0,""
"E4f1",0.937409724245039,0.572611744771461,0.17,0.187,1,"Not significant",0,""
"Mical3",0.944676254012992,0.0677446066358341,0.693,0.793,1,"Not significant",0,""
"Speg",0.946827836158978,0.327258174991702,0.255,0.299,1,"Not significant",0,""
"Kcnb2",0.950405401500399,0.0775420939198532,0.887,0.796,1,"Not significant",0,""
"Tomm40",0.95510708914888,0.367794671330466,0.307,0.361,1,"Not significant",0,""
"Nisch",0.95590756393038,0.208945704805407,0.453,0.572,1,"Not significant",0,""
"5031439G07Rik",0.958443136477445,0.403043202632509,0.377,0.475,1,"Not significant",0,""
"Cpne6",0.960490541513775,0.49604771183588,0.203,0.226,1,"Not significant",0,""
"Sez6l",0.961569994114005,0.292506219296735,0.476,0.611,1,"Not significant",0,""
"Nrbp1",0.966119707868149,0.464761698741637,0.142,0.152,1,"Not significant",0,""
"Sf3b2",0.967890279142854,0.51548837556766,0.264,0.319,1,"Not significant",0,""
"Ppp1r9b",0.970064622223909,0.457769625083321,0.123,0.128,1,"Not significant",0,""
"Zdhhc18",0.97304962372569,0.536870496514037,0.146,0.16,1,"Not significant",0,""
"Hnrnpul2",0.974507051196633,0.495458495964554,0.099,0.105,1,"Not significant",0,""
"Igsf21",0.975470113437483,0.533303881493844,0.16,0.176,1,"Not significant",0,""
"Hcn2",0.975651998794473,0.530314723909417,0.142,0.152,1,"Not significant",0,""
"Brwd1",0.975721809845322,0.195542095691638,0.528,0.694,1,"Not significant",0,""
"Cntn2",0.97577152697177,0.60113069531742,0.212,0.248,1,"Not significant",0,""
"Eif3b",0.978020298009094,0.584584386437537,0.099,0.103,1,"Not significant",0,""
"Dus3l",0.978900848850175,0.581973172980999,0.217,0.253,1,"Not significant",0,""
"Nrd1",0.98189112690767,0.429023473579298,0.434,0.552,1,"Not significant",0,""
"Nrbp2",0.983818806206468,0.351385210144507,0.316,0.372,1,"Not significant",0,""
"Dock10",0.987869977930663,0.313171562804422,0.373,0.428,1,"Not significant",0,""
"Pclo",0.990734399881429,0.0378546934096935,0.981,0.925,1,"Not significant",0,""
"Amdhd2",0.993556784758788,0.491474982046056,0.099,0.105,1,"Not significant",0,""
"Zfp653",0.993655314466043,0.460372359039992,0.113,0.119,1,"Not significant",0,""
"Actb",0.995305065259234,0.490516062076629,0.226,0.257,1,"Not significant",0,""
"Nckipsd",0.998297676886537,0.42231295753866,0.137,0.145,1,"Not significant",0,""
