"gene","p_val","avg_log2FC","pct.1","pct.2","p_val_adj","log10_p","sig","gene_label"
"Cmss1",8.74884556273307e-15,1.54856998922517,1,1,8.40239127844884e-11,14.058049249699,"Up","Cmss1"
"Malat1",5.667473997973e-14,-0.664898591546209,1,1,5.44304202765327e-10,13.2466104637136,"Down","Malat1"
"AC149090.1",3.17172842740125e-11,1.73860875498266,0.903,0.616,3.04612798167616e-07,10.4987040053173,"Up","AC149090.1"
"Gm3764",1.18285175601516e-08,-0.982797909925062,0.722,0.991,0.000113601082647696,7.92706968105154,"Down",NA
"Camk1d",2.18036975420842e-07,1.38065450525318,0.806,0.518,0.00209402711194177,6.66146985107632,"Up","Camk1d"
"Gm19951",3.59888930668602e-06,1.28550246519109,0.806,0.661,0.0345637329014125,5.44383151101165,"Up",NA
"Pnpla7",4.42600588805959e-06,-1.22055107451228,0.167,0.527,0.0425073605489243,5.3539880126523,"Down","Pnpla7"
"Ndrg2",9.28824284728249e-06,-1.01861567816735,0.458,0.777,0.0892042843053011,5.03206643820316,"Down","Ndrg2"
"Sparcl1",1.1333601223779e-05,-0.795180208111502,0.722,0.929,0.108847906153174,4.9456320722097,"Down","Sparcl1"
"Nebl",1.51860502179902e-05,-1.21056698593966,0.319,0.625,0.145846826293578,4.81855516830902,"Down","Nebl"
"Gphn",1.67626438138e-05,0.250641898140621,0.944,0.902,0.160988431187736,4.7756574831286,"Up","Gphn"
"Cfap46",2.05947796081229e-05,3.39231742277876,0.222,0.027,0.197792263356413,4.68624285121852,"Up","Cfap46"
"Gm6145",2.54019360377436e-05,-1.12477296504994,0.389,0.67,0.243960193706489,4.59513318186564,"Down",NA
"Xpr1",2.80805065350615e-05,-2.90689059560852,0.028,0.268,0.26968518476273,4.55159506237564,"Down",NA
"Arhgef12",3.05744932858187e-05,-0.972623561068695,0.333,0.652,0.293637433517002,4.51464073183858,"Down",NA
"Igf1r",4.59117688509051e-05,-1.74959320249396,0.139,0.42,0.440936628044093,4.33807597477071,"Down",NA
"Slc7a10",4.67435576059124e-05,-1.11929892837234,0.5,0.759,0.448925127247183,4.33027823696264,"Down",NA
"Slc6a11",6.17572840490678e-05,-0.816601710279416,0.431,0.732,0.593116956007247,4.20931181157839,"Down",NA
"Aox1",6.8131532752071e-05,-2.94753258010586,0.028,0.25,0.65433524055089,4.166651840647,"Down",NA
"Dscaml1",6.84484705453632e-05,2.63742992061529,0.222,0.036,0.657379111117668,4.16463625156403,"Up",NA
"Plpp3",7.64724090781072e-05,-0.732938529329824,0.431,0.759,0.734441016786141,4.11649522819935,"Down",NA
"Rbfox3",7.9458833368973e-05,1.98138432183265,0.278,0.062,0.763122635675616,4.09985781563526,"Up",NA
"Tspan5",8.64035245544005e-05,-1.57888798631147,0.194,0.464,0.829819449820462,4.06346854151061,"Down",NA
"Lama2",0.000119409741201963,-1.36257007938471,0.236,0.518,1,3.92296024290769,"Down",NA
"Cdh10",0.000152836722659701,-1.27330274128762,0.236,0.518,1,3.81577228363783,"Down",NA
"Pabpn1",0.000176518913024216,0.855853439748794,0.722,0.545,1,3.75320875553392,"Up",NA
"Akap8l",0.000192214116768336,1.06424458767049,0.639,0.402,1,3.71621471963599,"Up",NA
"Hip1",0.0002432369894897,-1.6035781788885,0.111,0.357,1,3.61397038042834,"Down",NA
"Tmc7",0.000244966393479936,-1.90313846074741,0.111,0.348,1,3.61089349166532,"Down",NA
"Camk2a",0.000255317826911847,2.05246741989414,0.264,0.071,1,3.59291886063973,"Up",NA
"Nckap1",0.000258064687430847,-1.61890983264449,0.083,0.321,1,3.58827141856012,"Down",NA
"C130071C03Rik",0.000288062093328098,-1.40696419874316,0.167,0.42,1,3.54051388764657,"Down",NA
"Ache",0.000299679785549346,3.09686153925259,0.139,0.009,1,3.52334255074957,"Up","Ache"
"Gm13266",0.000308079541270502,-2.49185309632967,0.028,0.223,1,3.511337141048,"Down",NA
"Eml2",0.000327575085315125,4.09686153925259,0.111,0,1,3.48468913719744,"Up","Eml2"
"Ryr2",0.00034297173785235,1.34369871755858,0.347,0.125,1,3.46474166596444,"Up",NA
"Ddhd1",0.000365170534222355,-0.856384692047669,0.403,0.661,1,3.43750427314462,"Down",NA
"Actl6b",0.000369073364659632,2.57602937595115,0.194,0.036,1,3.4328872959009,"Up",NA
"Atp1b2",0.000369313030757327,-1.36257007938471,0.153,0.402,1,3.43260536853055,"Down",NA
"Ift43",0.000392674894038598,2.40296466697827,0.194,0.036,1,3.40596686478268,"Up",NA
"Cers4",0.000445688743576275,1.58084639224892,0.278,0.08,1,3.35096833442278,"Up",NA
"Eps15",0.000467042828596853,-1.45003292063505,0.125,0.357,1,3.33064329208824,"Down",NA
"Prex1",0.000480714425220382,-2.07877711338412,0.083,0.295,1,3.31811284541948,"Down",NA
"Pdcd7",0.000482028745231253,2.95935801550265,0.153,0.018,1,3.31692706233568,"Up",NA
"Gm40578",0.000484674562788673,-1.19907134710183,0.208,0.464,1,3.31454977278891,"Down",NA
"Ptch1",0.000504649494462988,-1.09192248944104,0.444,0.661,1,3.29701015746879,"Down",NA
"Acsl6",0.000550420819108957,-1.16992500144231,0.181,0.438,1,3.25930514771379,"Down",NA
"Slc1a2",0.000576299518248826,-0.479293685686391,0.569,0.848,1,3.23935174346213,"Down",NA
"Etv5",0.00059622209838211,-2.68449817427207,0.028,0.205,1,3.22459193130984,"Down",NA
"Fgfr3",0.000621285256245392,-1.0146467759644,0.375,0.607,1,3.20670895253085,"Down",NA
"Ogdh",0.000622072029430039,-2.0850361038558,0.042,0.232,1,3.20615932564219,"Down",NA
"Nipal2",0.00066535464113734,1.82185449175272,0.222,0.054,1,3.17694680938125,"Up",NA
"Mertk",0.000698439830606652,-0.963474123974886,0.278,0.545,1,3.15587100166298,"Down",NA
"Mmaa",0.000725396728935645,3.09686153925259,0.125,0.009,1,3.13942440713496,"Up","Mmaa"
"Ppil4",0.000824773218342824,-3.45003292063505,0,0.143,1,3.08366544970655,"Down","Ppil4"
"Cyp2j9",0.000834493767473283,-1.72012208400279,0.097,0.304,1,3.07857690255821,"Down",NA
"Tmem108",0.000836058538211774,2.51189903853143,0.181,0.036,1,3.07776331355103,"Up",NA
"Elmo2",0.000872980183327285,-1.72514015876942,0.083,0.286,1,3.0589956146785,"Down",NA
"Agmo",0.00090459770773173,-2.63558857379112,0.028,0.196,1,3.04354451709941,"Down",NA
"Pipox",0.000917192122290394,-2.47804729680464,0.028,0.196,1,3.03753968405604,"Down",NA
"Csde1",0.000929706809774225,-2.42146376843828,0.028,0.196,1,3.03165398797562,"Down",NA
"Ednrb",0.000933011527876004,-1.82200169802201,0.083,0.286,1,3.03011299027064,"Down",NA
"Abhd14b",0.000942009047781829,-2.36257007938471,0.028,0.196,1,3.02594492588775,"Down",NA
"Acrbp",0.000954087513273242,-2.30116953472056,0.028,0.196,1,3.02041178799135,"Down",NA
"Bcan",0.000961409211712946,-0.615336149764675,0.556,0.839,1,3.01709172100815,"Down",NA
"Abr",0.00104301444828378,-0.794286319810183,0.347,0.625,1,2.98170967549825,"Down",NA
"Sorbs1",0.0010483010780654,-0.558357144138987,0.528,0.741,1,2.97951396757785,"Down",NA
"Cacna1e",0.00108413710706061,2.09686153925259,0.222,0.062,1,2.96491579060715,"Up",NA
"Slc6a9",0.00109695769380343,-0.906890595608518,0.069,0.277,1,2.95981012146997,"Down",NA
"Cadps2",0.00117369760987496,2.75290713803523,0.139,0.018,1,2.93044377981636,"Up",NA
"Rhoq",0.00118994830116805,-1.65802596291088,0.125,0.33,1,2.92447190667904,"Down",NA
"Gpcpd1",0.00121541891514979,-2.16992500144231,0.042,0.214,1,2.9152740091593,"Down",NA
"Dennd1b",0.00124816214663672,-3.53249508082702,0,0.134,1,2.90372899252591,"Down","Dennd1b"
"Aff3",0.0012637452332934,1.91753783980803,0.194,0.045,1,2.89834046950838,"Up",NA
"Camk2g",0.00129477388658607,-0.84799690655495,0.5,0.688,1,2.88780606817118,"Down",NA
"Ocrl",0.00130244874980486,-1.72012208400279,0.083,0.277,1,2.88523935679224,"Down",NA
"Per3",0.00136037412099069,-1.68449817427207,0.069,0.259,1,2.86634163844017,"Down",NA
"Usp29",0.00139366410031782,1.71989208080726,0.306,0.125,1,2.85584188689575,"Up",NA
"Pcf11",0.00140471770073873,-2.42146376843828,0.028,0.188,1,2.85241094503282,"Down",NA
"Adgrl3",0.00141875095381094,-0.835505962371753,0.528,0.67,1,2.84809383349122,"Down",NA
"Ptprz1",0.00143423248815754,-0.570678274714909,0.639,0.821,1,2.84338044410752,"Down",NA
"Hdlbp",0.00144031444077604,-2.75488750216347,0.014,0.161,1,2.84154268499755,"Down",NA
"Ahcyl1",0.00168410865844931,-1.10673117495512,0.222,0.446,1,2.77362989131465,"Down",NA
"Idh3g",0.0016998368665177,1.4447848426729,0.264,0.089,1,2.76959275589862,"Up",NA
"Gm44257",0.00172456383474282,-1.88613203544172,0.014,0.161,1,2.76332072558568,"Down",NA
"Ccdc141",0.00172796759565734,-1.068838876328,0.181,0.411,1,2.76246440604645,"Down",NA
"Syne1",0.00173280474917604,0.469973174763729,0.944,0.875,1,2.76125037042667,"Up",NA
"Tmem132b",0.00176360481265378,2.95935801550265,0.111,0.009,1,2.75359872470956,"Up","Tmem132b"
"Zbtb9",0.00176360481265378,2.95935801550265,0.111,0.009,1,2.75359872470956,"Up","Zbtb9"
"Zfp704",0.0018313223080069,1.4447848426729,0.25,0.08,1,2.73723521426172,"Up",NA
"Pla2g7",0.00186390028104267,-1.68449817427207,0.083,0.268,1,2.72957732618341,"Down",NA
"Jam2",0.00186835066723504,-1.46210575293562,0.056,0.232,1,2.72854160853821,"Down",NA
"Gfap",0.00193726907867464,2.91753783980803,0.167,0.036,1,2.71281005338126,"Up",NA
"Dtna",0.00199608352112516,-0.735723497627244,0.597,0.741,1,2.6998212907015,"Down",NA
"Psap",0.00200698924896558,-0.784803080067756,0.222,0.464,1,2.69745495393375,"Down",NA
"Cmtm5",0.00202205703076034,-1.72012208400279,0.083,0.268,1,2.69420659958813,"Down",NA
"Gm17276",0.00205758837353359,1.3743955147815,0.236,0.071,1,2.68664150274327,"Up",NA
"Celsr3",0.00209598890852575,2.12285674778553,0.167,0.036,1,2.67861101986522,"Up",NA
"Smpd2",0.00211262457952337,-2.36257007938471,0.028,0.179,1,2.67517767167802,"Down",NA
"mt-Co1",0.00212838189240791,1.27064758994367,0.431,0.223,1,2.67195044457008,"Up",NA
"Ntsr2",0.00214067329693337,-0.641286107450772,0.458,0.705,1,2.66944960835505,"Down",NA
"Mmp14",0.00217174769879391,-2.75488750216347,0.014,0.152,1,2.66319062999761,"Down",NA
"Lonrf3",0.00217174769879391,-2.75488750216347,0.014,0.152,1,2.66319062999761,"Down",NA
"Babam2",0.00218629801167878,-2.75488750216347,0.014,0.152,1,2.66029064018761,"Down",NA
"Gm1976",0.00218629801167878,-2.61049759282829,0.014,0.152,1,2.66029064018761,"Down",NA
"Mir9-3hg",0.00219685963150371,-0.889115893880542,0.319,0.58,1,2.65819769146861,"Down",NA
"Glud1",0.00230207636889276,-0.893084796083488,0.264,0.491,1,2.63788027321771,"Down",NA
"Syn3",0.0023241223111095,2.07800251200127,0.194,0.054,1,2.63374102015341,"Up",NA
"Frmd4a",0.00233484523723989,-0.646778508322912,0.681,0.857,1,2.63174190089668,"Down",NA
"Lifr",0.00239914538000301,-2.0630097975258,0.028,0.179,1,2.61994343447482,"Down",NA
"Arnt2",0.00250593095240301,-1.18569231730063,0.125,0.33,1,2.60103089958428,"Down",NA
"F3",0.00251587210810736,-1.39231742277876,0.125,0.321,1,2.59931143959996,"Down",NA
"Plcb1",0.00253469439296237,-0.410223054976124,0.639,0.839,1,2.59607439587737,"Down",NA
"Itgav",0.00257514394206246,-1.75488750216347,0.028,0.179,1,2.58919849031356,"Down",NA
"Gpm6b",0.00265249810726342,-1.05856389249461,0.208,0.429,1,2.57634491732496,"Down",NA
"Cep112",0.00265923945788747,1.22239242133645,0.347,0.161,1,2.57524255377156,"Up",NA
"Ttc3",0.00269122925797623,0.946380161504444,0.569,0.366,1,2.5700493043793,"Up",NA
"Slc9a3r1",0.00281368998042291,-3.16992500144231,0,0.116,1,2.55072375594492,"Down","Slc9a3r1"
"Hps5",0.00282087571146849,2.51189903853143,0.125,0.018,1,2.54961604855308,"Up",NA
"Atp5a1",0.0028233807364167,-3.45003292063505,0,0.116,1,2.54923055275092,"Down","Atp5a1"
"Fads2",0.00285597213322163,-1.45003292063505,0.153,0.339,1,2.54424603444738,"Down",NA
"Agt",0.00286532072664085,-1.30742852519225,0.167,0.357,1,2.54282675868284,"Down",NA
"Mras",0.00289857136592331,-1.47804729680464,0.111,0.295,1,2.53781600236751,"Down",NA
"Dpf3",0.00294706720790046,-1.5552151573271,0.083,0.259,1,2.53060995994665,"Down",NA
"Pnn",0.00313947399408102,1.19201877229293,0.417,0.232,1,2.50314311008099,"Up",NA
"Grin2c",0.00315103600368739,-1.2556548754682,0.153,0.348,1,2.50154663455579,"Down",NA
"Pitpnc1",0.00315518786619191,-0.580076145361131,0.736,0.884,1,2.50097477688849,"Down",NA
"Hsph1",0.00316024274712948,1.41503749927884,0.125,0.018,1,2.50027955672027,"Up",NA
"Atl2",0.00316873387299415,-1.45003292063505,0.097,0.277,1,2.49911423362238,"Down",NA
"Plod2",0.00330832199703605,-2.45003292063505,0.014,0.143,1,2.48039222743558,"Down",NA
"Ncoa1",0.00332665579197559,-0.725140158769417,0.361,0.58,1,2.47799213311948,"Down",NA
"Atxn2l",0.00338029362695369,-1.79552948666081,0.056,0.214,1,2.47104557338298,"Down",NA
"Klhl29",0.00348303069160873,1.39231742277876,0.264,0.098,1,2.45804269862888,"Up",NA
"Prnp",0.00362635320120686,-1.28010791919274,0.069,0.241,1,2.44052989856793,"Down",NA
"Tpcn1",0.00374402164675865,-1.32192809488736,0.097,0.277,1,2.42666164897222,"Down",NA
"Srebf1",0.0037778986560834,-1.73180388905043,0.069,0.232,1,2.42274969641262,"Down",NA
"Tcf4",0.00378201687328723,-0.609210046967833,0.417,0.67,1,2.42227653790262,"Down",NA
"Chd3",0.00390676197522755,1.63742992061529,0.278,0.116,1,2.40818304794958,"Up",NA
"Disp2",0.00391227974921758,2.09686153925259,0.139,0.027,1,2.40757009836356,"Up",NA
"Shkbp1",0.00391227974921758,2.09686153925259,0.139,0.027,1,2.40757009836356,"Up",NA
"Csmd1",0.00409511448414042,1.35989594508638,0.444,0.277,1,2.38773395247854,"Up",NA
"Glg1",0.00415561759500925,-1.59960927668556,0.083,0.25,1,2.38136442358319,"Down",NA
"Nav2",0.00416192232313879,1.01246935196222,0.597,0.384,1,2.38070602958979,"Up",NA
"Itm2c",0.00420183122198561,-1.94753258010586,0.042,0.188,1,2.37656139620242,"Down",NA
"Acvr2b",0.00421264478257078,1.90046432644909,0.139,0.027,1,2.37544515978445,"Up",NA
"Mtmr10",0.00421532101045856,-3.0630097975258,0,0.107,1,2.37516934683704,"Down",NA
"2900076A07Rik",0.00421532101045856,-3.0630097975258,0,0.107,1,2.37516934683704,"Down",NA
"Clpx",0.00421532101045856,-3.0630097975258,0,0.107,1,2.37516934683704,"Down",NA
"Fam228a",0.00421532101045856,-3.0630097975258,0,0.107,1,2.37516934683704,"Down",NA
"Ufsp2",0.00422193730859722,-3.16992500144231,0,0.107,1,2.3744882198044,"Down","Ufsp2"
"Mbtps1",0.00422193730859722,-3.16992500144231,0,0.107,1,2.3744882198044,"Down","Mbtps1"
"Kcnj10",0.00429245618946628,-1.61049759282829,0.083,0.25,1,2.36729412872852,"Down",NA
"Snhg11",0.00436316770306577,0.621662604756975,0.917,0.848,1,2.36019809411464,"Up",NA
"Chd5",0.00439753256957516,1.58084639224892,0.25,0.098,1,2.35679093533056,"Up",NA
"Kmt2c",0.00449534921198933,-0.777607578663552,0.375,0.571,1,2.34723656534363,"Down",NA
"Pacsin1",0.00460149422846175,1.83906378178494,0.222,0.08,1,2.3371011183617,"Up",NA
"Ralgds",0.00464614652932224,-1.43295940727611,0.111,0.286,1,2.3329070976196,"Down",NA
"Ctnnd1",0.00471421044422773,-2.16992500144231,0.028,0.161,1,2.32659103430069,"Down",NA
"Lnpep",0.00471421044422773,-2.16992500144231,0.028,0.161,1,2.32659103430069,"Down",NA
"Mib1",0.00478031720804279,-2.09953567355091,0.028,0.161,1,2.32054328390425,"Down",NA
"Phf8",0.00484588764513924,-2.02553509210714,0.028,0.161,1,2.31462665946424,"Down",NA
"Txndc16",0.00485292561644253,-2.68449817427207,0.014,0.134,1,2.31399636531281,"Down",NA
"Phka1",0.00490431053650751,-0.655351828612554,0.319,0.554,1,2.30942203848519,"Down",NA
"Fryl",0.00491068986240384,-1.32940321544951,0.125,0.304,1,2.30885749313368,"Down",NA
"Spred1",0.00495855299708712,-2.36257007938471,0.014,0.134,1,2.30464504065998,"Down",NA
"Ghr",0.00496559502575985,-1.08839511594571,0.236,0.446,1,2.30402870267303,"Down",NA
"Atp2a2",0.00497709120862098,-0.751612370130607,0.181,0.402,1,2.30302440043785,"Down",NA
"Epb41l1",0.00500479259047161,1.43097904314787,0.264,0.107,1,2.30061391592295,"Up",NA
"Trpm3",0.0050139423643709,-0.41568141584427,0.889,0.991,1,2.2998206625955,"Down",NA
"Pard3",0.00501952926449551,-1.36257007938471,0.083,0.25,1,2.29933700943225,"Down",NA
"Smc1a",0.00509911059659696,-1.68449817427207,0.056,0.205,1,2.2925055683481,"Down",NA
"Dync1i2",0.00519387636992615,1.4447848426729,0.25,0.098,1,2.28450839211486,"Up",NA
"Podxl2",0.00522834338432284,1.95935801550265,0.167,0.045,1,2.28163589679554,"Up",NA
"Tspyl2",0.00531987615880557,1.45685767497347,0.292,0.134,1,2.27409847751198,"Up",NA
"Ece1",0.00534914179907898,-1.68449817427207,0.069,0.223,1,2.27171588934722,"Down",NA
"Timp3",0.00540295460509875,-0.947532580105864,0.139,0.33,1,2.26736868132957,"Down",NA
"Cadm2",0.00544367037169126,-0.514163258054763,0.736,0.893,1,2.26410818032574,"Down",NA
"Arglu1",0.00548235713914658,0.865235838138104,0.639,0.455,1,2.26103267647464,"Up",NA
"Mdga2",0.00552635571395388,-0.586610353602638,0.667,0.848,1,2.25756116436425,"Down",NA
"Sars",0.00558292873276583,1.8073549220576,0.194,0.062,1,2.25313791597262,"Up",NA
"Rnpepl1",0.00564543130074256,1.73696559416621,0.181,0.054,1,2.24830287315846,"Up",NA
"Hap1",0.00564877019180467,1.46055215853121,0.236,0.089,1,2.24804609325115,"Up",NA
"Rnf25",0.0057965045194697,1.42592581542158,0.236,0.089,1,2.23683382118466,"Up",NA
"Itpkb",0.00588189499268437,-0.764668522956054,0.208,0.393,1,2.23048273305996,"Down",NA
"Ttyh1",0.00591619336506122,-0.805513575233437,0.264,0.482,1,2.22795763994785,"Down",NA
"Slc6a1",0.00599551437818159,-0.640554826684474,0.333,0.562,1,2.22217355117684,"Down",NA
"Cox16",0.00601559439180862,0.787177040119974,0.569,0.393,1,2.22072145422125,"Up",NA
"Copg2",0.00605908510654142,1.33786963875638,0.167,0.045,1,2.21759294731504,"Up",NA
"Med15",0.00607977240767018,-1.94753258010586,0.042,0.179,1,2.21611267795473,"Down",NA
"Gprasp2",0.00614520343927639,1.47393118833241,0.25,0.098,1,2.211463735057,"Up",NA
"Lars2",0.0061459013637459,0.054243044783987,0.861,0.804,1,2.21141441406412,"Not significant",NA
"Pakap",0.0061811649041861,1.63742992061529,0.194,0.062,1,2.20892966992982,"Up",NA
"Phf21b",0.00620111352481141,-1.82200169802201,0.042,0.179,1,2.20753031787933,"Down",NA
"Srsf2",0.0063230178405354,-1.75488750216347,0.042,0.179,1,2.19907559281352,"Down",NA
"Agbl4",0.00641572397430781,1.11855661035191,0.472,0.304,1,2.19275432910882,"Up",NA
"Tcf20",0.00653100160725,1.55496776042332,0.194,0.062,1,2.18502020936132,"Up",NA
"Tiam2",0.00665244003667528,-1.36257007938471,0.111,0.277,1,2.17701903137385,"Down",NA
"Gli2",0.00668193274793873,-0.893084796083488,0.181,0.375,1,2.17509789974639,"Down",NA
"9330182L06Rik",0.00668459509806815,2.22239242133645,0.111,0.018,1,2.17492489386203,"Up",NA
"Shisa7",0.00668459509806815,2.22239242133645,0.111,0.018,1,2.17492489386203,"Up",NA
"Skap2",0.00689664232372548,-2.23703919730085,0.028,0.152,1,2.16136229697181,"Down",NA
"Rbm39",0.0069665229211885,-0.545434136534519,0.278,0.518,1,2.15698392963904,"Down",NA
"Glyr1",0.00707785682912869,-1.56420394055436,0.042,0.179,1,2.15009822651741,"Down",NA
"Ift20",0.00719243930857076,-1.94753258010586,0.028,0.152,1,2.14312379409722,"Down",NA
"Rab11fip2",0.00719243930857076,-1.94753258010586,0.028,0.152,1,2.14312379409722,"Down",NA
"Rictor",0.00726925839172005,-1.68449817427207,0.056,0.196,1,2.13850989351679,"Down",NA
"Cables1",0.00739783180472221,-0.614633367397499,0.375,0.598,1,2.13089554692052,"Down",NA
"Sparc",0.00742451663992122,-0.768562439060545,0.167,0.366,1,2.12933181506773,"Down",NA
"Cdh11",0.00745257819827829,-1.68449817427207,0.056,0.196,1,2.12769345831411,"Down",NA
"Cadm1",0.00761833607145655,-0.407894069894199,0.319,0.598,1,2.11813987300353,"Down",NA
"Rspry1",0.00763808788493326,-1.56420394055436,0.056,0.196,1,2.11701534887944,"Down",NA
"Luc7l2",0.00779970874500303,-0.968291140272662,0.25,0.438,1,2.10792161433512,"Down",NA
"Matk",0.00784227239518381,1.26546114322833,0.319,0.161,1,2.10555807689546,"Up",NA
"Arhgef10",0.00807825230298038,-1.53249508082702,0.056,0.196,1,2.09268258690743,"Down",NA
"Mboat2",0.00808639176847047,-0.886132035441721,0.167,0.357,1,2.09224522184933,"Down",NA
"Cry2",0.00823917041784195,-1.58496250072116,0.069,0.214,1,2.08411651416343,"Down",NA
"Cfap54",0.00824437860728801,2.72489276186563,0.125,0.027,1,2.08384207229306,"Up",NA
"Ivd",0.00848016553284211,-0.70652448060207,0.208,0.411,1,2.0715956702317,"Down",NA
"B3galt1",0.00849290674347844,-0.627914645905703,0.431,0.607,1,2.07094364466775,"Down",NA
"Lrig1",0.00855994692577496,-0.822001698022005,0.222,0.411,1,2.06752892806987,"Down",NA
"Trim2",0.00856150131333796,1.15826208391673,0.333,0.17,1,2.067450072364,"Up",NA
"Plekhg1",0.00860915416905026,-1.44057259138598,0.111,0.268,1,2.0650395149527,"Down",NA
"Rpl10a",0.00872000210927955,1.95935801550265,0.125,0.027,1,2.05948341001602,"Up",NA
"Glul",0.00876894604637202,-0.578887986311472,0.264,0.491,1,2.05705260204458,"Down",NA
"Tmtc2",0.00880630518569426,-0.890949051739497,0.222,0.429,1,2.0552062679832,"Down",NA
"Grm3",0.0088530133267574,-0.6959938131099,0.306,0.518,1,2.05290888202088,"Down",NA
"Dgkb",0.00910464268124713,-0.509013647487857,0.681,0.839,1,2.04073709375788,"Down",NA
"Fbxl20",0.00917750721240912,-1.0850361038558,0.097,0.259,1,2.03727526552098,"Down",NA
"Vav3",0.0094316218996851,-1.01026833545383,0.139,0.312,1,2.02541361781243,"Down",NA
"Cyfip1",0.00943518486836327,-0.716207033999409,0.222,0.429,1,2.0252495860636,"Down",NA
"Gpatch8",0.00955301581505333,-0.538419914784126,0.194,0.411,1,2.01985950327752,"Down",NA
"Meg3",0.00972027224061084,0.7132919351306,0.917,0.911,1,2.01232157139684,"Up",NA
"Serpine2",0.00991844154636463,-1.19907134710183,0.167,0.33,1,2.00355656181611,"Down",NA
"Svop",0.00992881919400608,1.71543243261656,0.194,0.071,1,2.00310239783091,"Up",NA
"Actn1",0.0099416441048817,2.01594154386902,0.139,0.036,1,2.00254178797358,"Up",NA
"Tnfaip8",0.0100412382876354,-1.79552948666081,0.056,0.188,1,1.99821272660075,"Down",NA
"Htra1",0.0101048998568207,-0.777607578663552,0.167,0.357,1,1.99546798614132,"Down",NA
"Magi3",0.0101310095423794,1.51189903853143,0.222,0.089,1,1.99434727558355,"Up",NA
"Zbtb7c",0.0102131779892138,1.1609918766723,0.264,0.116,1,1.99083909939947,"Up",NA
"Fstl5",0.0102868001246246,1.77493344436523,0.139,0.036,1,1.98771969854548,"Up",NA
"Ttbk1",0.0102868001246246,1.77493344436523,0.139,0.036,1,1.98771969854548,"Up",NA
"Gna13",0.0104820817692414,-1.43295940727611,0.042,0.17,1,1.97955245675022,"Down",NA
"Clic4",0.0104823310964422,-1.94753258010586,0.028,0.143,1,1.97954212672779,"Down",NA
"Rab10",0.0104823310964422,-1.94753258010586,0.028,0.143,1,1.97954212672779,"Down",NA
"Etnppl",0.0104918131676832,-0.877143252214466,0.25,0.429,1,1.97914945168507,"Down",NA
"Usp34",0.0105040057347944,0.742399480216834,0.542,0.348,1,1.97864504980996,"Up",NA
"Pygb",0.0105218865934562,-0.736028474912153,0.194,0.393,1,1.97790638340767,"Down",NA
"Etl4",0.0105425524148195,1.91753783980803,0.153,0.045,1,1.9770542311089,"Up",NA
"Atp2c1",0.0105580462564101,-1.6256044852185,0.056,0.188,1,1.97641643962056,"Down",NA
"Daam2",0.0106162084039069,-0.597035333021731,0.264,0.473,1,1.97403056454279,"Down",NA
"Mmd2",0.0106220116436349,-1.04846148895665,0.25,0.42,1,1.97379322685177,"Down",NA
"Szrd1",0.0106279686065869,-1.86507041991389,0.028,0.143,1,1.97354973710013,"Down",NA
"Adhfe1",0.0108217435304965,-1.56420394055436,0.056,0.188,1,1.9657027628272,"Down",NA
"Speg",0.0108799103909557,-2.36257007938471,0.014,0.116,1,1.96337468155638,"Down",NA
"Clic6",0.0108799103909557,-2.36257007938471,0.014,0.116,1,1.96337468155638,"Down",NA
"Gm13052",0.0109375650392335,1.75290713803523,0.153,0.045,1,1.9610793514694,"Up",NA
"Smc5",0.0109624751182482,-2.26946067499323,0.014,0.116,1,1.96009137935176,"Down",NA
"Bmp7",0.01104305648801,-2.16992500144231,0.014,0.116,1,1.95691070630254,"Down",NA
"Pstk",0.01104305648801,-2.16992500144231,0.014,0.116,1,1.95691070630254,"Down",NA
"Usp28",0.01104305648801,-2.16992500144231,0.014,0.116,1,1.95691070630254,"Down",NA
"Epm2aip1",0.01104305648801,-2.16992500144231,0.014,0.116,1,1.95691070630254,"Down",NA
"Gdpd1",0.01104305648801,-2.16992500144231,0.014,0.116,1,1.95691070630254,"Down",NA
"Il33",0.01104305648801,-2.16992500144231,0.014,0.116,1,1.95691070630254,"Down",NA
"Cacna1d",0.0110585209333427,1.0207585601668,0.319,0.161,1,1.95630295562107,"Up",NA
"Adgrl1",0.0110826745707852,-0.500073603134643,0.236,0.446,1,1.95535541910541,"Down",NA
"Tro",0.0111065185306208,1.63742992061529,0.194,0.071,1,1.95442205446057,"Up",NA
"Gli3",0.0111752795747005,-1.5552151573271,0.083,0.223,1,1.95174160320892,"Down",NA
"Kalrn",0.0111767077369763,0.826463745005309,0.5,0.339,1,1.95168610541466,"Up",NA
"Tprkb",0.0112263451919749,-0.452767888356286,0.236,0.455,1,1.94976160805746,"Down",NA
"Ncor1",0.0112321545112848,0.991066875229992,0.417,0.259,1,1.94953693094995,"Up",NA
"Abat",0.0115676522135028,-0.60768257722124,0.208,0.411,1,1.93675477710584,"Down",NA
"Cyp2j8",0.0117112028579693,-2.36257007938471,0.014,0.116,1,1.93139849623848,"Down",NA
"Cacna1b",0.0117661471779807,1.54432051622381,0.181,0.062,1,1.92936572350041,"Up",NA
"Gria2",0.0117787027865972,-0.455136198120781,0.764,0.893,1,1.9289025366834,"Down",NA
"Pkd1",0.0118462946275721,1.03597929710557,0.319,0.161,1,1.92641747028214,"Up",NA
"Celf2",0.0122382101785739,-0.70652448060207,0.222,0.411,1,1.91228209251778,"Down",NA
"Mrpl18",0.0123034754022079,-1.68449817427207,0.014,0.116,1,1.90997219467393,"Down",NA
"Casc4",0.0123681773954641,1.4447848426729,0.181,0.062,1,1.90769429434112,"Up",NA
"Pbxip1",0.0124169441359998,0.750640531063283,0.472,0.295,1,1.90598527277195,"Up",NA
"Atg2a",0.0126753012770596,1.4447848426729,0.167,0.054,1,1.89704170920098,"Up",NA
"Ifrd1",0.0127676694564756,-1.82200169802201,0.042,0.161,1,1.89388836934288,"Down",NA
"Cryzl1",0.0127680948156429,-1.88613203544172,0.042,0.161,1,1.89387390091834,"Down",NA
"Ddx5",0.0128305842044979,-0.588845935208384,0.431,0.634,1,1.89175356879939,"Down",NA
"Smad3",0.0128650611674262,-1.44057259138598,0.083,0.223,1,1.89058814457897,"Down",NA
"Phlpp1",0.0129186778955788,-0.514573172829758,0.361,0.571,1,1.88878192999687,"Down",NA
"Rnpep",0.0132549396242754,1.16794463731407,0.167,0.054,1,1.87762224612053,"Up",NA
"Tns3",0.0132807337941995,-1.68449817427207,0.042,0.161,1,1.8767779284343,"Down",NA
"Trak1",0.0132883482263471,-1.16992500144231,0.125,0.277,1,1.87652899955129,"Down",NA
"Gm11266",0.0133259483353239,-1.16992500144231,0.069,0.205,1,1.87530187482349,"Down",NA
"Tut4",0.0135081821728563,-1.32192809488736,0.097,0.241,1,1.86940309105315,"Down",NA
"Wasf3",0.0138762853225152,-0.777607578663552,0.208,0.393,1,1.8577267788271,"Down",NA
"Ttll3",0.0139043743517925,-1.01792190799726,0.208,0.375,1,1.85684854809268,"Down",NA
"Hdac8",0.0142742192127707,-0.409533558355295,0.625,0.821,1,1.84544763795841,"Down",NA
"U2surp",0.0145947983974773,-0.66923141761876,0.181,0.357,1,1.83580189968027,"Down",NA
"Gpr37l1",0.0148141976581366,-1.68449817427207,0.083,0.214,1,1.82932186508031,"Down",NA
"Ttc23",0.01486355323871,-1.6256044852185,0.056,0.179,1,1.82787735696177,"Down",NA
"Mprip",0.0150276742897728,-1.0146467759644,0.139,0.295,1,1.82310822641723,"Down",NA
"Oxct1",0.0150298324270023,-0.647972298246957,0.111,0.277,1,1.8230458614912,"Down",NA
"Phyh",0.0152057198784201,-1.94753258010586,0.028,0.134,1,1.81799301440017,"Down",NA
"Klc1",0.0152347004252634,-1.6256044852185,0.056,0.179,1,1.81716608131228,"Down",NA
"Phkb",0.0152775328171042,-1.12810482574769,0.167,0.321,1,1.81594677471519,"Down",NA
"Gm13483",0.0154208506051805,-1.86507041991389,0.028,0.134,1,1.81189167019248,"Down",NA
"Cldn10",0.0154208506051805,-1.86507041991389,0.028,0.134,1,1.81189167019248,"Down",NA
"Sap130",0.0154208506051805,-1.86507041991389,0.028,0.134,1,1.81189167019248,"Down",NA
"Nsmaf",0.0156104047311765,-1.50007360313464,0.056,0.179,1,1.80658583683265,"Down",NA
"Sox9",0.0156104047311765,-1.56420394055436,0.056,0.179,1,1.80658583683265,"Down",NA
"Epc2",0.0156353704920924,-1.77760757866355,0.028,0.134,1,1.80589182335837,"Down",NA
"Impact",0.0156353704920924,-1.77760757866355,0.028,0.134,1,1.80589182335837,"Down",NA
"Trank1",0.0159787266269892,1.51189903853143,0.222,0.098,1,1.79645783333911,"Up",NA
"Anapc1",0.0159910647418428,-1.43295940727611,0.056,0.179,1,1.79612261842311,"Down",NA
"Trpm7",0.0161031090351536,-0.915111102413487,0.167,0.33,1,1.79309026642421,"Down",NA
"Cpt1a",0.0161703410032767,-2.26946067499323,0.014,0.107,1,1.79128082151105,"Down",NA
"Extl1",0.0161706010008079,-2.36257007938471,0.014,0.107,1,1.79127383869075,"Down",NA
"Abcb9",0.016295211075542,-2.16992500144231,0.014,0.107,1,1.78794000964809,"Down",NA
"Ucp3",0.016295211075542,-2.26946067499323,0.014,0.107,1,1.78794000964809,"Down",NA
"Pnisr",0.0163939464666765,0.429834501206924,0.931,0.929,1,1.78531648740634,"Up",NA
"Ctso",0.0164175450555158,-2.0630097975258,0.014,0.107,1,1.78469178318198,"Down",NA
"Cpeb2",0.0164175450555158,-2.0630097975258,0.014,0.107,1,1.78469178318198,"Down",NA
"Slc22a5",0.0164175450555158,-2.0630097975258,0.014,0.107,1,1.78469178318198,"Down",NA
"Ssr4",0.0164175450555158,-2.0630097975258,0.014,0.107,1,1.78469178318198,"Down",NA
"Asrgl1",0.0166230323348052,-0.625604485218502,0.236,0.429,1,1.77928975033828,"Down",NA
"Sirpa",0.0166285621452977,-1.18854067960966,0.111,0.259,1,1.77914530215511,"Down",NA
"Cep85l",0.0167152311889766,-0.557586061789851,0.319,0.527,1,1.77688761228694,"Down",NA
"Mfge8",0.0169017226719054,-1.42146376843828,0.056,0.179,1,1.77206902859492,"Down",NA
"Lrrc45",0.0170232102738957,1.25891829736156,0.236,0.107,1,1.76895853633316,"Up",NA
"Gja1",0.0170729622508391,-1.36257007938471,0.111,0.25,1,1.76769111991745,"Down",NA
"Eda",0.0173407638298632,-1.45003292063505,0.028,0.134,1,1.76093177653751,"Down",NA
"Tspan7",0.0173712285338458,-1.24392558288609,0.222,0.375,1,1.76016946614687,"Down",NA
"Ldhb",0.0174315256793813,-1.36257007938471,0.069,0.196,1,1.75866459997325,"Down",NA
"Pds5b",0.0175898842733223,1.12285674778553,0.25,0.116,1,1.75473701782639,"Up",NA
"Srrm2",0.0176302382758779,0.909103244722958,0.681,0.58,1,1.75374181809208,"Up",NA
"Atxn2",0.0177094777459779,-1.16992500144231,0.125,0.268,1,1.75179424600271,"Down",NA
"Gpc5",0.0177338870496774,-0.350557561682729,0.875,0.991,1,1.7511960619623,"Down",NA
"Sox1ot",0.0178686921172578,-0.981479912029202,0.139,0.295,1,1.74790723412249,"Down",NA
"Caskin1",0.0179225445634623,0.679865186935688,0.569,0.42,1,1.74660033109025,"Up",NA
"B930095G15Rik",0.017934001640576,-1.30116953472056,0.069,0.196,1,1.74632279484846,"Down",NA
"Srrm1",0.0179985575543772,0.71873002271714,0.569,0.411,1,1.74476229885648,"Up",NA
"Fstl4",0.0180386721054243,2.09686153925259,0.111,0.027,1,1.7437954356695,"Up",NA
"Cacna1c",0.0182014687122571,1.57602937595115,0.194,0.08,1,1.73989356652629,"Up",NA
"Cdk8",0.0184181755543237,0.900464326449086,0.514,0.375,1,1.73475339183364,"Up",NA
"Ephb2",0.0185345614048246,1.95935801550265,0.111,0.027,1,1.73201768650079,"Up",NA
"Tulp4",0.0185755086812768,-0.840617376189353,0.153,0.312,1,1.73105928446124,"Down",NA
"Limk2",0.0187802127183134,-0.860069738855525,0.194,0.357,1,1.72629949290769,"Down",NA
"Dbt",0.018899785697491,-1.68449817427207,0.042,0.152,1,1.72354312021431,"Down",NA
"Trim9",0.0189060061357635,-0.392732049894961,0.458,0.67,1,1.72340020549621,"Down",NA
"Lsamp",0.0190127801753384,-0.327004719400993,0.972,1,1,1.72095437305956,"Down",NA
"Rnf150",0.0190387052805653,1.8073549220576,0.111,0.027,1,1.72036258896755,"Up",NA
"Dbnl",0.0190387052805653,1.8073549220576,0.111,0.027,1,1.72036258896755,"Up",NA
"Ncbp3",0.0190387052805653,1.8073549220576,0.111,0.027,1,1.72036258896755,"Up",NA
"Notch2",0.0192696022413125,-1.61049759282829,0.042,0.152,1,1.71512724985861,"Down",NA
"Cntnap5a",0.0195287421494021,1.3536369546147,0.194,0.08,1,1.70932572881487,"Up",NA
"Fmn2",0.0196198783536256,-0.639410284743533,0.222,0.393,1,1.70730368964276,"Down",NA
"Luzp1",0.0196418743376848,-1.53249508082702,0.042,0.152,1,1.70681707175917,"Down",NA
"Tbc1d32",0.0196418743376848,-1.53249508082702,0.042,0.152,1,1.70681707175917,"Down",NA
"Fam107a",0.0196418743376848,-1.53249508082702,0.042,0.152,1,1.70681707175917,"Down",NA
"Atf1",0.0199733514375697,1.63742992061529,0.111,0.027,1,1.69954905637506,"Up",NA
"Kirrel3",0.0200095157900976,-0.548666371498166,0.694,0.812,1,1.69876342072076,"Down",NA
"Fip1l1",0.0200381781500708,-1.14017765804826,0.069,0.196,1,1.69814176660411,"Down",NA
"Cdc42bpb",0.0201603967139591,1.15200309344505,0.236,0.107,1,1.69550092614575,"Up",NA
"Kcnq5",0.020181449779381,1.85982234195174,0.181,0.071,1,1.69504763846734,"Up",NA
"Prex2",0.0202777217145023,-0.562709693874028,0.458,0.625,1,1.69298084137036,"Down",NA
"Gbf1",0.0204381046498619,0.932885804141463,0.306,0.161,1,1.68955938144694,"Up",NA
"Ogt",0.020467799988312,-0.538419914784126,0.25,0.446,1,1.68892883561221,"Down",NA
"Spire1",0.020480842592099,-0.893084796083488,0.194,0.348,1,1.68865218023665,"Down",NA
"Bmerb1",0.0205155998508636,1.48542682717024,0.111,0.027,1,1.68791578027584,"Up",NA
"mt-Co3",0.0206907549165474,1.14987992155208,0.444,0.312,1,1.68422366350973,"Up",NA
"Retreg2",0.020910522156097,1.77493344436523,0.125,0.036,1,1.67963512229087,"Up",NA
"Stk39",0.020910522156097,1.77493344436523,0.125,0.036,1,1.67963512229087,"Up",NA
"4930402H24Rik",0.0209272397561251,-0.386156899702324,0.597,0.759,1,1.67928805010071,"Down",NA
"Garnl3",0.0209829579980036,1.83007499855769,0.153,0.054,1,1.67813328870408,"Up",NA
"Zfp950",0.0210900930635682,-0.684498174272071,0.111,0.259,1,1.67592150385914,"Down",NA
"Qser1",0.0213117373458815,-1.56420394055436,0.056,0.17,1,1.67138114489048,"Down",NA
"Mafg",0.0213117373458815,-1.56420394055436,0.056,0.17,1,1.67138114489048,"Down",NA
"Satb1",0.0213215855238286,-1.36257007938471,0.042,0.152,1,1.67118050327367,"Down",NA
"Zfp516",0.0213215855238286,-1.36257007938471,0.042,0.152,1,1.67118050327367,"Down",NA
"Col5a3",0.0214547249738842,1.75290713803523,0.139,0.045,1,1.66847704827603,"Up",NA
"Slc35f1",0.0214547249738842,1.75290713803523,0.139,0.045,1,1.66847704827603,"Up",NA
"mt-Nd5",0.0214550041603067,1.85982234195174,0.139,0.045,1,1.66847139691793,"Up",NA
"Adgrb1",0.0215559297584796,-0.921997487998727,0.208,0.366,1,1.66643324025297,"Down",NA
"Kcnq1ot1",0.0215642037457324,0.76187729153978,0.528,0.375,1,1.66626657346605,"Up",NA
"Snrnp27",0.0219172387959135,1.63742992061529,0.153,0.054,1,1.65921416055414,"Up",NA
"Ehmt2",0.0219556160933809,1.19382326913968,0.264,0.134,1,1.6584543717137,"Up",NA
"Col11a1",0.0219742353690444,1.32930762525296,0.194,0.08,1,1.65808622800765,"Up",NA
"Wnk2",0.0220097639352863,-0.413196152454676,0.222,0.411,1,1.65738461542722,"Down",NA
"Kcnt1",0.0222657457978156,-0.857334771134286,0.236,0.393,1,1.65236275346555,"Down",NA
"Adgra1",0.0222734930068064,-1.86507041991389,0.028,0.125,1,1.65221167005061,"Down",NA
"Snx24",0.0222734930068064,-1.86507041991389,0.028,0.125,1,1.65221167005061,"Down",NA
"Usp5",0.0222910187878116,1.63742992061529,0.139,0.045,1,1.65187008208891,"Up",NA
"Mtss2",0.022401372351933,-0.731803889050427,0.25,0.42,1,1.64972537512052,"Down",NA
"Psip1",0.0224242413166325,1.3743955147815,0.181,0.071,1,1.6492822415982,"Up",NA
"Nnat",0.0225325999664285,-0.834638523699931,0.236,0.393,1,1.64718869349917,"Down",NA
"Camk2b",0.0225521103420402,1.22239242133645,0.194,0.08,1,1.64681281223303,"Up",NA
"Fam171a1",0.0225874192515864,-1.77760757866355,0.028,0.125,1,1.64613338700005,"Down",NA
"Sdc4",0.0225874192515864,-1.77760757866355,0.028,0.125,1,1.64613338700005,"Down",NA
"Eif2b4",0.0225874192515864,-1.77760757866355,0.028,0.125,1,1.64613338700005,"Down",NA
"Gpr137c",0.0225874192515864,-1.77760757866355,0.028,0.125,1,1.64613338700005,"Down",NA
"Elf1",0.0225874192515864,-1.77760757866355,0.028,0.125,1,1.64613338700005,"Down",NA
"Eif2ak2",0.0225874192515864,-1.77760757866355,0.028,0.125,1,1.64613338700005,"Down",NA
"Zim1",0.0227692564023559,1.28950661719499,0.125,0.036,1,1.6426511523285,"Up",NA
"Stag1",0.022772291606588,-0.987060944292502,0.111,0.25,1,1.64259326354303,"Down",NA
"Pja2",0.0229035606318547,-1.36257007938471,0.056,0.17,1,1.64009699615094,"Down",NA
"Chd8",0.0229256258040693,0.848934025809004,0.417,0.268,1,1.63967880049787,"Up",NA
"Chst1",0.0233442801432554,-1.47804729680464,0.069,0.188,1,1.6318195136643,"Down",NA
"Sptan1",0.0235394682357855,0.85982234195174,0.417,0.277,1,1.62820335223483,"Up",NA
"Gatad2b",0.0235599488769638,1.07800251200127,0.208,0.089,1,1.6278256562651,"Up",NA
"Klhl3",0.0238839875258365,1.41503749927884,0.153,0.054,1,1.62189316431415,"Up",NA
"Ncald",0.0238839875258365,1.41503749927884,0.153,0.054,1,1.62189316431415,"Up",NA
"Gabrb1",0.0238901673590586,-0.415211559125938,0.667,0.83,1,1.62178080785326,"Down",NA
"Abhd18",0.0240182514724501,-1.36257007938471,0.069,0.188,1,1.61945861239968,"Down",NA
"Miga2",0.0241564423709763,1.05246741989414,0.208,0.089,1,1.61696702586307,"Up",NA
"Prodh",0.0243692313435113,-0.842563020504322,0.181,0.33,1,1.61315816915488,"Down",NA
"Mfn1",0.024441527842582,-0.734538856771666,0.167,0.321,1,1.61187164978532,"Down",NA
"Cecr2",0.024705148714836,-1.30116953472056,0.069,0.188,1,1.60721252749251,"Down",NA
"Rfx7",0.024705148714836,-1.30116953472056,0.069,0.188,1,1.60721252749251,"Down",NA
"Rb1",0.0247337790199869,-1.23703919730085,0.056,0.17,1,1.60670952366528,"Down",NA
"EGFP",0.0248246041227291,0.51713568689758,0.847,0.705,1,1.60511766845937,"Up",NA
"Scd2",0.0248500465318078,-0.764668522956054,0.139,0.286,1,1.6046727937118,"Down",NA
"Ankrd13d",0.0249217205229659,1.27485984123058,0.167,0.062,1,1.60342197855232,"Up",NA
"Pdzrn4",0.0249657228414524,1.55496776042332,0.139,0.045,1,1.60265585514424,"Up",NA
"Hecw1",0.0250461462555328,1.42592581542158,0.167,0.062,1,1.6012590877093,"Up",NA
"Sash1",0.0251266346574011,-0.496871171096299,0.347,0.536,1,1.59986567486117,"Down",NA
"Lats1",0.0251427236370611,-1.36257007938471,0.028,0.125,1,1.59958767826199,"Down",NA
"Rnh1",0.0253307278657954,-1.16992500144231,0.056,0.17,1,1.59635233079544,"Down",NA
"Sidt2",0.0254044930325028,-1.23703919730085,0.069,0.188,1,1.59508946736984,"Down",NA
"Iars2",0.0257995515483068,-0.836501267717121,0.069,0.196,1,1.5883878429433,"Down",NA
"Baz1b",0.0259744817900151,0.926936537810277,0.417,0.277,1,1.58545310817817,"Up",NA
"Erc2",0.0259853336258186,0.830074998557688,0.292,0.152,1,1.58527170289646,"Up",NA
"Abca1",0.0260204777975706,-0.493814612662961,0.181,0.357,1,1.58468473302642,"Down",NA
"Neo1",0.0260597590504518,-0.684498174272071,0.125,0.277,1,1.58402960410858,"Down",NA
"Cap2",0.0261111263270723,-0.82823365173352,0.181,0.339,1,1.58317439408736,"Down",NA
"Sptbn4",0.0265521175479463,1.25410128106379,0.236,0.116,1,1.57590083794536,"Up",NA
"Zmynd11",0.0266122870520731,-0.881944238478288,0.167,0.312,1,1.57491780070551,"Down",NA
"Atp13a4",0.0267085653733828,-0.65802596291088,0.292,0.473,1,1.57334943909044,"Down",NA
"Cers5",0.0267453820953597,-1.68449817427207,0.042,0.143,1,1.5727511932178,"Down",NA
"mt-Nd3",0.0268174343265244,1.02974734339405,0.208,0.089,1,1.57158277425223,"Up",NA
"Gpld1",0.0268751488457342,-0.797507136101257,0.25,0.411,1,1.5706491217665,"Down",NA
"Tle4",0.0272681835272212,-1.61049759282829,0.042,0.143,1,1.56434379166525,"Down",NA
"Safb2",0.0273856011759739,0.875589657810056,0.431,0.312,1,1.562477720883,"Up",NA
"Grk3",0.0275057205193883,-0.520111356371188,0.472,0.652,1,1.56057697411011,"Down",NA
"Foxn3",0.027692057812598,-0.558120888502515,0.264,0.446,1,1.55764477038481,"Down",NA
"Chfr",0.0277948817371024,-1.53249508082702,0.042,0.143,1,1.55603516947694,"Down",NA
"St5",0.0277948817371024,-1.53249508082702,0.042,0.143,1,1.55603516947694,"Down",NA
"Fam227a",0.0277948817371024,-1.53249508082702,0.042,0.143,1,1.55603516947694,"Down",NA
"Osbpl9",0.0280935423231538,-0.947532580105864,0.139,0.277,1,1.55139349702465,"Down",NA
"Gucy1a2",0.0282756452018772,1.4447848426729,0.292,0.17,1,1.54858747643193,"Up",NA
"Nlgn2",0.0283253955015777,-1.45003292063505,0.042,0.143,1,1.54782401745914,"Down",NA
"Amer2",0.0283253955015777,-1.45003292063505,0.042,0.143,1,1.54782401745914,"Down",NA
"Foxn2",0.0283253955015777,-1.45003292063505,0.042,0.143,1,1.54782401745914,"Down",NA
"C030005K06Rik",0.0284783417049863,-1.2500953501263,0.097,0.223,1,1.54548530328454,"Down",NA
"Resf1",0.029296257383613,-1.43295940727611,0.042,0.143,1,1.53318785751153,"Down",NA
"Nfkb1",0.0295709946259849,-0.741081702638438,0.139,0.277,1,1.52913406765135,"Down",NA
"Gm14964",0.0296723411598169,-1.43295940727611,0.042,0.143,1,1.52764818631957,"Down",NA
"Acsbg1",0.0297188608438436,-0.621956708203358,0.306,0.482,1,1.52696784157076,"Down",NA
"Egfr",0.0298967502283964,-0.896002279465782,0.208,0.348,1,1.52437601684545,"Down",NA
"Apba2",0.0300850213716994,-0.771375624952037,0.264,0.429,1,1.52164967565952,"Down",NA
"Pcyt2",0.0302280385421994,-0.947532580105864,0.167,0.304,1,1.51959003270761,"Down",NA
"Elavl3",0.0303114985757972,0.684735635393649,0.292,0.152,1,1.5183925919362,"Up",NA
"Dock1",0.0303982304990723,-0.584962500721156,0.222,0.393,1,1.51715169622201,"Down",NA
"Eif2s3y",0.0304368566600918,-0.906890595608518,0.111,0.241,1,1.51660020097065,"Down",NA
"5430405H02Rik",0.0304539902114337,-1.28856949794093,0.042,0.143,1,1.51635579619122,"Down",NA
"Lfng",0.0304539902114337,-1.28856949794093,0.042,0.143,1,1.51635579619122,"Down",NA
"Hibch",0.0304884835527625,-1.09953567355091,0.042,0.143,1,1.51586417619367,"Down",NA
"Ubr3",0.0308148540908922,-0.865070419913891,0.139,0.277,1,1.51123988432371,"Down",NA
"Stat2",0.0310272907421845,-0.947532580105864,0.069,0.188,1,1.5082561447216,"Down",NA
"Crebrf",0.0310394646724945,-1.21056698593966,0.042,0.143,1,1.50808577748429,"Down",NA
"Pgm1",0.0310807204841855,-1.43295940727611,0.056,0.161,1,1.50750892234605,"Down",NA
"AU040320",0.0310809768442624,-1.50007360313464,0.056,0.161,1,1.50750534021198,"Down",NA
"Notch1",0.0310856691735155,-0.947532580105864,0.083,0.205,1,1.50743977924525,"Down",NA
"Ambra1",0.0316492384532628,-1.36257007938471,0.097,0.214,1,1.49963673555262,"Down",NA
"Prrc2c",0.031657013708692,0.447098708511142,0.639,0.482,1,1.49953005570885,"Up",NA
"Mtf2",0.0318224050407194,-1.36257007938471,0.056,0.161,1,1.49726700079119,"Down",NA
"Itga6",0.0319682887911415,-1.29545588352617,0.125,0.25,1,1.49528061016105,"Down",NA
"Maml2",0.0320182716391841,-0.639798366801256,0.472,0.607,1,1.49460211519698,"Down",NA
"Dbx2",0.0320311340722933,-1.86507041991389,0.028,0.116,1,1.49442768473237,"Down",NA
"Il18",0.0322149377935704,-0.979241439833203,0.181,0.312,1,1.49194270293117,"Down",NA
"AW047730",0.0324855246321735,-1.77760757866355,0.028,0.116,1,1.48831011510707,"Down",NA
"Slc25a3",0.0325738539986043,-1.28856949794093,0.056,0.161,1,1.48713085453594,"Down",NA
"Acsl3",0.0327329132376733,-0.668378508908794,0.306,0.473,1,1.48501534065159,"Down",NA
"Cit",0.0328912559898771,-0.324095931570072,0.278,0.473,1,1.48291954217383,"Down",NA
"Fbxl4",0.0329399435000056,-1.77760757866355,0.028,0.116,1,1.48227715008602,"Down",NA
"Slc13a5",0.0329399435000056,-1.77760757866355,0.028,0.116,1,1.48227715008602,"Down",NA
"Atp5c1",0.0333942845652797,-1.58496250072116,0.028,0.116,1,1.47632785636692,"Down",NA
"Ctdspl2",0.0333942845652797,-1.58496250072116,0.028,0.116,1,1.47632785636692,"Down",NA
"Tpd52l2",0.0333942845652797,-1.58496250072116,0.028,0.116,1,1.47632785636692,"Down",NA
"Hsdl2",0.0333942845652797,-1.58496250072116,0.028,0.116,1,1.47632785636692,"Down",NA
"Rbpj",0.0333942845652797,-1.58496250072116,0.028,0.116,1,1.47632785636692,"Down",NA
"Eef2",0.0333942845652797,-1.58496250072116,0.028,0.116,1,1.47632785636692,"Down",NA
"Cdk7",0.0333942845652797,-1.58496250072116,0.028,0.116,1,1.47632785636692,"Down",NA
"Ints6",0.0333942845652797,-1.58496250072116,0.028,0.116,1,1.47632785636692,"Down",NA
"Dvl3",0.0333942845652797,-1.58496250072116,0.028,0.116,1,1.47632785636692,"Down",NA
"St8sia5",0.0333942845652797,-1.58496250072116,0.028,0.116,1,1.47632785636692,"Down",NA
"Ncam1",0.0338257001786329,-0.33050887015241,0.611,0.75,1,1.47075320491306,"Down",NA
"Gabbr1",0.0340135283198194,-0.575563802718907,0.208,0.366,1,1.46834831513141,"Down",NA
"Fars2",0.0340414731126359,-1.1926450779424,0.111,0.232,1,1.46799165449679,"Down",NA
"Klhl5",0.0342529716071724,-0.865070419913891,0.125,0.259,1,1.46530174543827,"Down",NA
"Slc8b1",0.0344516706958155,-1.2556548754682,0.083,0.196,1,1.46278971261324,"Down",NA
"Zfp692",0.034744039581776,-1.23703919730085,0.069,0.179,1,1.45911968888019,"Down",NA
"Appl1",0.0348543387828306,-1.16992500144231,0.056,0.161,1,1.45774315179397,"Down",NA
"Plekha6",0.035195721466728,1.34792330342031,0.194,0.089,1,1.45351012789482,"Up",NA
"Upf2",0.0353425188252929,0.900464326449085,0.236,0.116,1,1.45170250200119,"Up",NA
"Gapvd1",0.0353982687839107,-1.14684138832927,0.111,0.232,1,1.45101797740867,"Down",NA
"Fnbp1",0.0354548674444342,-0.518364751992132,0.5,0.643,1,1.45032413398874,"Down",NA
"Spred2",0.0355596642676028,-1.19907134710183,0.083,0.196,1,1.44904234802285,"Down",NA
"Ccnl2",0.0356956467627631,-0.642677998577443,0.236,0.393,1,1.44738474473342,"Down",NA
"Soga1",0.0363024408432614,-1.04064198449735,0.028,0.116,1,1.44006417361066,"Down",NA
"Cipc",0.0363024408432614,-1.26946067499323,0.028,0.116,1,1.44006417361066,"Down",NA
"Atp2b2",0.0363195949932303,-0.509411467713979,0.25,0.402,1,1.43985900302501,"Down",NA
"Ripor2",0.0363740665283538,1.22239242133645,0.208,0.098,1,1.4392081432098,"Up",NA
"Stxbp4",0.0366922649637438,-1.14017765804826,0.083,0.196,1,1.43542547900734,"Down",NA
"Pias1",0.0368325458893276,-0.871583726872566,0.153,0.286,1,1.43376826139289,"Down",NA
"Hif3a",0.0369645339542381,-1.16992500144231,0.111,0.232,1,1.43221476498056,"Down",NA
"Cmip",0.0369839078005908,0.885357434058877,0.347,0.223,1,1.43198720224747,"Up",NA
"Slc38a3",0.0369892859224719,-0.764668522956054,0.125,0.259,1,1.43192405265118,"Down",NA
"Trmt1l",0.0372920517742591,1.17799830197799,0.194,0.089,1,1.42838372149991,"Up",NA
"Ablim2",0.0376320855808378,1.78943301406034,0.167,0.071,1,1.42444171229001,"Up",NA
"Begain",0.0376372886199805,1.63742992061529,0.153,0.062,1,1.42438167057407,"Up",NA
"Mvb12b",0.0378125915124669,-1.11745758154818,0.083,0.196,1,1.42236355694068,"Down",NA
"Gdi1",0.0378497579333449,-1.07877711338412,0.083,0.196,1,1.4219368936685,"Down",NA
"Adcy2",0.0380030856253636,-0.579381468457857,0.319,0.482,1,1.42018113981308,"Down",NA
"Odr4",0.0383696349986989,-1.68449817427207,0.042,0.134,1,1.41601233212316,"Down",NA
"Prdx6",0.0386630003169521,-0.947532580105864,0.083,0.196,1,1.41270444698267,"Down",NA
"Atxn7l1",0.038684502690619,1.07800251200127,0.208,0.098,1,1.4124629818517,"Up",NA
"Rhobtb2",0.0391057689188059,-1.53249508082702,0.042,0.134,1,1.40775917035874,"Down",NA
"Qrich1",0.0391268869656727,1,0.208,0.098,1,1.40752470429488,"Up",NA
"D130040H23Rik",0.0393193986319747,-0.813231488394273,0.153,0.286,1,1.40539313307826,"Down",NA
"Tox",0.0398360183936869,-0.871583726872566,0.111,0.232,1,1.39972407577204,"Down",NA
"Zfp641",0.039848772382424,-1.53249508082702,0.042,0.134,1,1.39958505333315,"Down",NA
"Tcf7l1",0.0401011636725085,-0.829696089812006,0.167,0.295,1,1.39684302465621,"Down",NA
"Dock4",0.0401232237106437,-0.517848304862619,0.403,0.554,1,1.39660418074885,"Down",NA
"Ank3",0.0401589652352986,1.13492958008611,0.361,0.241,1,1.39621748606198,"Up",NA
"Kcnip3",0.0401965470951581,-0.584962500721156,0.208,0.366,1,1.39581125144102,"Down",NA
"Ift122",0.0405975071642515,-1.36257007938471,0.042,0.134,1,1.39150063287718,"Down",NA
"Snrk",0.0405975071642515,-1.36257007938471,0.042,0.134,1,1.39150063287718,"Down",NA
"Slc16a6",0.0405975071642515,-1.36257007938471,0.042,0.134,1,1.39150063287718,"Down",NA
"Prrc2a",0.0407050696149077,1.12285674778553,0.236,0.125,1,1.39035149817851,"Up",NA
"Pou2f1",0.0407124559600847,-0.836501267717121,0.083,0.196,1,1.39027269821651,"Down",NA
"St6galnac5",0.0412751526569699,1.88535743405888,0.139,0.054,1,1.38431131181545,"Up",NA
"P2rx6",0.0414893315460841,1.77493344436523,0.111,0.036,1,1.38206356223503,"Up",NA
"Hspa5",0.0417140238444377,1.12285674778553,0.181,0.08,1,1.37971791494566,"Up",NA
"Eif2ak4",0.0417140238444377,1.12285674778553,0.181,0.08,1,1.37971791494566,"Up",NA
"Epb41l3",0.0417140238444377,1.12285674778553,0.181,0.08,1,1.37971791494566,"Up",NA
"Phf21a",0.0421446447727132,-0.434719865140544,0.347,0.509,1,1.37525760237773,"Down",NA
"Hnrnpm",0.0422712315010145,-1.03242147769238,0.139,0.259,1,1.37395509954964,"Down",NA
"Lrp1",0.0422900915066384,-0.458329062190139,0.431,0.616,1,1.37376137513248,"Down",NA
"Hmbox1",0.0423473645769139,1.63742992061529,0.139,0.054,1,1.37317361214125,"Up",NA
"Setd5",0.0426348717807638,-0.550197082560479,0.153,0.286,1,1.37023503876701,"Down",NA
"Pitpnm1",0.0427353368432031,1.22239242133645,0.167,0.071,1,1.36921286854893,"Up",NA
"Caln1",0.0428022043945362,1.63742992061529,0.111,0.036,1,1.36853386342305,"Up",NA
"Pde2a",0.0428022043945362,1.63742992061529,0.111,0.036,1,1.36853386342305,"Up",NA
"E4f1",0.0428765785602059,1.08488889758651,0.181,0.08,1,1.36777987750622,"Up",NA
"Sp3",0.0429124221916442,-1.43295940727611,0.056,0.152,1,1.3674169710237,"Down",NA
"Gna12",0.0429134115046767,-1.50007360313464,0.056,0.152,1,1.3674069588124,"Down",NA
"Ahi1",0.0430655452240007,0.946757978723021,0.431,0.312,1,1.36587005010168,"Up",NA
"Msmo1",0.0432460283766386,-1.21056698593966,0.042,0.134,1,1.36405377105029,"Down",NA
"Zfp277",0.0432460283766386,-1.21056698593966,0.042,0.134,1,1.36405377105029,"Down",NA
"Phf20l1",0.0436195221977439,-0.66513284940514,0.139,0.268,1,1.36031909593338,"Down",NA
"Uchl1",0.0436456934456855,1.16794463731407,0.167,0.071,1,1.3600586020167,"Up",NA
"Secisbp2",0.0437745580767061,-1.21056698593966,0.042,0.134,1,1.35877822961497,"Down",NA
"Secisbp2l",0.0440628577574093,-1.12810482574769,0.042,0.134,1,1.35592733950423,"Down",NA
"Itga7",0.0440628577574093,-1.12810482574769,0.042,0.134,1,1.35592733950423,"Down",NA
"Patz1",0.0440628577574093,-1.12810482574769,0.042,0.134,1,1.35592733950423,"Down",NA
"Exd2",0.0441266259784008,1.51189903853143,0.125,0.045,1,1.35529927842142,"Up",NA
"Col11a2",0.0441266259784008,1.63742992061529,0.125,0.045,1,1.35529927842142,"Up",NA
"Dctn2",0.0441437195801229,1.48542682717024,0.111,0.036,1,1.35513107568131,"Up",NA
"Purb",0.0441437195801229,1.48542682717024,0.111,0.036,1,1.35513107568131,"Up",NA
"Syn1",0.0441437195801229,1.48542682717024,0.111,0.036,1,1.35513107568131,"Up",NA
"Arhgef7",0.0443983247007862,1.27485984123058,0.153,0.062,1,1.35263341697842,"Up",NA
"Mbtd1",0.0446188700354857,0.757724154333003,0.278,0.152,1,1.35048143233921,"Up",NA
"Kiz",0.0446741533445074,-1.36257007938471,0.069,0.17,1,1.34994366940526,"Down",NA
"Iqsec2",0.0448818440591646,1.12285674778553,0.167,0.071,1,1.34792930753918,"Up",NA
"Lims1",0.0449506297264667,-1.28856949794093,0.056,0.152,1,1.34726421973022,"Down",NA
"Chuk",0.0449506297264667,-1.28856949794093,0.056,0.152,1,1.34726421973022,"Down",NA
"Brsk1",0.0451211481672334,1.22239242133645,0.153,0.062,1,1.34561985768718,"Up",NA
"Mtus2",0.0457313236079349,1.3743955147815,0.125,0.045,1,1.339786228593,"Up",NA
"Pwwp2a",0.0457313236079349,1.3743955147815,0.125,0.045,1,1.339786228593,"Up",NA
"Rad50",0.0459179895541282,1.28950661719499,0.139,0.054,1,1.33801713508443,"Up",NA
"Ptpn13",0.0459417841121308,-0.652076696579693,0.181,0.321,1,1.33779214333759,"Down",NA
"Mpped2",0.0459899731382142,-1.21056698593966,0.056,0.152,1,1.33733684408825,"Down",NA
"Riok3",0.0459899731382142,-1.21056698593966,0.056,0.152,1,1.33733684408825,"Down",NA
"Actr3b",0.0461953360806268,-1.2556548754682,0.083,0.188,1,1.33540186896104,"Down",NA
"Folh1",0.0461953360806268,-1.2556548754682,0.083,0.188,1,1.33540186896104,"Down",NA
"Vegfa",0.0462366817277194,-0.886132035441721,0.167,0.295,1,1.33501334152204,"Down",NA
"Map1a",0.0464306815645914,1.16794463731407,0.153,0.062,1,1.33319494119774,"Up",NA
"Ahcyl2",0.0467498320440582,-0.532495080827021,0.111,0.241,1,1.3302199450582,"Down",NA
"5031439G07Rik",0.0467975077778763,-0.438920965514823,0.361,0.527,1,1.32977727485614,"Down",NA
"Tia1",0.0469281344709691,-0.886132035441721,0.194,0.321,1,1.32856670990571,"Down",NA
"Arfgap2",0.0470497998928803,1.22239242133645,0.111,0.036,1,1.32744221932711,"Up",NA
"Wipi2",0.0471123793367675,1.01594154386902,0.167,0.071,1,1.32686496184678,"Up",NA
"Immp1l",0.0471720772783588,-1.68449817427207,0.028,0.107,1,1.32631499866071,"Down",NA
"Sugp1",0.0471720772783588,-1.68449817427207,0.028,0.107,1,1.32631499866071,"Down",NA
"Ppp2ca",0.0471720772783588,-1.68449817427207,0.028,0.107,1,1.32631499866071,"Down",NA
"Dab2",0.0471720772783588,-1.68449817427207,0.028,0.107,1,1.32631499866071,"Down",NA
"Gnptg",0.0471725813865319,-1.77760757866355,0.028,0.107,1,1.32631035756282,"Down",NA
"Inpp4a",0.0472975676941205,1.22239242133645,0.139,0.054,1,1.32516119254301,"Up",NA
"Gps2",0.0472975676941205,1.22239242133645,0.139,0.054,1,1.32516119254301,"Up",NA
"Bin1",0.0475922524966377,1.02974734339405,0.236,0.125,1,1.32246373996464,"Up",NA
"Kifap3",0.0476564117627075,-1.31010265949057,0.083,0.188,1,1.32187866048561,"Down",NA
"Zfp318",0.0477500337797236,0.959358015502654,0.25,0.134,1,1.32102631684793,"Up",NA
"Elf2",0.0478243107761942,-1.58496250072116,0.028,0.107,1,1.32035128012456,"Down",NA
"Mier1",0.0478243107761942,-1.58496250072116,0.028,0.107,1,1.32035128012456,"Down",NA
"Mtmr6",0.0478243107761942,-1.68449817427207,0.028,0.107,1,1.32035128012456,"Down",NA
"Fbxl3",0.0478243107761942,-1.68449817427207,0.028,0.107,1,1.32035128012456,"Down",NA
"Ranbp3l",0.0478243107761942,-1.58496250072116,0.028,0.107,1,1.32035128012456,"Down",NA
"Dgcr2",0.0478243107761942,-1.58496250072116,0.028,0.107,1,1.32035128012456,"Down",NA
"2810403D21Rik",0.0478243107761942,-1.68449817427207,0.028,0.107,1,1.32035128012456,"Down",NA
"Mcc",0.0480599557081245,-0.63890130783196,0.347,0.5,1,1.31821663377611,"Down",NA
"Akt3",0.0482602972499172,-1.05062607306997,0.111,0.223,1,1.31641000746658,"Down",NA
"Sorcs2",0.0482614621880167,-0.578887986311472,0.292,0.446,1,1.31639952431353,"Down",NA
"March3",0.0483545604874923,1.22239242133645,0.139,0.054,1,1.31556255981983,"Up",NA
"Gstm1",0.0483677060622851,-1.11745758154818,0.097,0.205,1,1.31544450943014,"Down",NA
"Zkscan3",0.0483677060622851,-1.11745758154818,0.097,0.205,1,1.31544450943014,"Down",NA
"Fgf1",0.0484492639561058,-0.725140158769417,0.139,0.268,1,1.31471281638886,"Down",NA
"S1pr1",0.0484727724493243,-1.16992500144231,0.069,0.17,1,1.314502139654,"Down",NA
"Cfap97d2",0.0484727724493243,-1.16992500144231,0.069,0.17,1,1.314502139654,"Down",NA
"Pign",0.0484771487594439,-1.47804729680464,0.028,0.107,1,1.31446293163168,"Down",NA
"Suco",0.0484771487594439,-1.47804729680464,0.028,0.107,1,1.31446293163168,"Down",NA
"Lsg1",0.0484771487594439,-1.47804729680464,0.028,0.107,1,1.31446293163168,"Down",NA
"Shisa9",0.048641580329865,-0.453717967442904,0.181,0.33,1,1.3129923235916,"Down",NA
"Gm9750",0.0486932848470075,-1.32192809488736,0.097,0.205,1,1.31253092697784,"Down",NA
"Rtn1",0.0487097193368474,0.900464326449085,0.25,0.134,1,1.31238437280576,"Up",NA
"Stx5a",0.0487766542851013,-1.09953567355091,0.056,0.152,1,1.31178799236486,"Down",NA
"Zfp445",0.0488294944440539,-0.741081702638438,0.097,0.214,1,1.31131777215852,"Down",NA
"Eif5b",0.048914478635446,1.05246741989414,0.222,0.116,1,1.31056257112652,"Up",NA
"Arntl",0.0491475772731527,-1.14017765804826,0.083,0.188,1,1.3084978858244,"Down",NA
"Adam15",0.0492278063298089,1.09686153925259,0.139,0.054,1,1.30778951665637,"Up",NA
"Pde10a",0.0492882484997205,1.28512817668441,0.278,0.161,1,1.30725661459881,"Up",NA
"Myo10",0.0493093379628596,-0.478047296804644,0.222,0.366,1,1.30707082835523,"Down",NA
"Gpm6a",0.0493138926783696,-0.871583726872566,0.139,0.259,1,1.30703071432123,"Down",NA
"Dido1",0.0493401362408115,-0.749593202493956,0.125,0.241,1,1.30679965564582,"Down",NA
"Parva",0.0493697599390681,-0.877143252214467,0.056,0.152,1,1.30653898453642,"Down",NA
"Srrm3",0.0496636736176024,1.22239242133645,0.125,0.045,1,1.30396115886835,"Up",NA
"Clcn4",0.0497839440548661,-1.09953567355091,0.069,0.17,1,1.30291070006546,"Down",NA
"Tspan9",0.0498442284973661,-0.558967292188212,0.181,0.339,1,1.30238512174264,"Down",NA
"Srebf2",0.0502071810289107,-0.80314267077069,0.056,0.152,1,1.2992341621739,"Not significant",NA
"Pacs1",0.0503838879480927,1.09686153925259,0.125,0.045,1,1.29770832256136,"Not significant",NA
"Med27",0.0507977340854159,0.878438020119086,0.167,0.071,1,1.2941556596875,"Not significant",NA
"Plekhm2",0.0508033968998833,-0.947532580105864,0.125,0.241,1,1.29410724823668,"Not significant",NA
"Cyp4f15",0.0509553054954466,-1.14017765804826,0.069,0.17,1,1.29281059031433,"Not significant",NA
"Ppfia1",0.0511105083943045,0.789433014060342,0.319,0.196,1,1.2914897991124,"Not significant",NA
"Rock1",0.0513224999135287,-0.710493382805015,0.25,0.384,1,1.28969219734372,"Not significant",NA
"Mllt10",0.0516705947681733,-0.987060944292502,0.153,0.268,1,1.28675653936301,"Not significant",NA
"Capn2",0.0517846349351501,-1.00642626915943,0.097,0.205,1,1.28579908104146,"Not significant",NA
"Tab2",0.0517846349351501,-1.00642626915943,0.097,0.205,1,1.28579908104146,"Not significant",NA
"Acat1",0.052228465498355,-1.0146467759644,0.083,0.188,1,1.28209273379132,"Not significant",NA
"Dip2a",0.0522284787427622,-0.947532580105864,0.028,0.107,1,1.28209262366034,"Not significant",NA
"Clptm1",0.0529038701995337,-1.0630097975258,0.028,0.107,1,1.27651255585102,"Not significant",NA
"Zzef1",0.0530253984552513,-0.703606997219775,0.153,0.277,1,1.27551605932688,"Not significant",NA
"Slc4a4",0.0534853734501145,-0.287412719815969,0.708,0.911,1,1.27176496748142,"Not significant",NA
"Gm12239",0.0536549323134257,-0.68449817427207,0.236,0.366,1,1.27039034866459,"Not significant",NA
"Camta2",0.0540615912005975,-0.947532580105864,0.069,0.17,1,1.26711117581323,"Not significant",NA
"Sat1",0.0541129416616313,-0.777607578663552,0.181,0.304,1,1.26669885651856,"Not significant",NA
"Smo",0.0542122933320611,-0.857334771134286,0.125,0.241,1,1.26590222045612,"Not significant",NA
"Lhfpl3",0.0542934071835346,0.900464326449086,0.236,0.134,1,1.26525290333277,"Not significant",NA
"Fam228b",0.0547432526290984,-0.898622979624918,0.111,0.223,1,1.26166940208661,"Not significant",NA
"Erbb4",0.0548855567466788,-0.420285577240996,0.569,0.723,1,1.26054192605033,"Not significant",NA
"Cc2d2a",0.0549195551515819,-0.610497592828294,0.153,0.286,1,1.26027298920651,"Not significant",NA
"Znrf3",0.0552317358583709,-0.832055362685929,0.139,0.259,1,1.25781130727668,"Not significant",NA
"Snx14",0.055299425358206,-0.80314267077069,0.056,0.152,1,1.25727938162581,"Not significant",NA
"Ppp2r2b",0.0553138197875163,0.789433014060342,0.569,0.482,1,1.25716634956989,"Not significant",NA
"Dnm1",0.0555513519993817,1.05246741989414,0.25,0.143,1,1.25530536680906,"Not significant",NA
"Osbpl2",0.0557314816479377,-1.45003292063505,0.042,0.125,1,1.25389941086503,"Not significant",NA
"Dync1li1",0.0557319499270778,-1.53249508082702,0.042,0.125,1,1.25389576175709,"Not significant",NA
"Wdr13",0.0557966930589669,1.02445304372454,0.208,0.107,1,1.25339153992983,"Not significant",NA
"Tulp3",0.0563131461274867,-0.947532580105864,0.153,0.268,1,1.24939020862706,"Not significant",NA
"Heyl",0.0567689719531214,-1.36257007938471,0.042,0.125,1,1.24588897047653,"Not significant",NA
"2610008E11Rik",0.0567689719531214,-1.36257007938471,0.042,0.125,1,1.24588897047653,"Not significant",NA
"St13",0.0567689719531214,-1.36257007938471,0.042,0.125,1,1.24588897047653,"Not significant",NA
"Mtcl1",0.0567689719531214,-1.36257007938471,0.042,0.125,1,1.24588897047653,"Not significant",NA
"Lars",0.0567689719531214,-1.45003292063505,0.042,0.125,1,1.24588897047653,"Not significant",NA
"Stimate",0.0568113694592811,-0.84799690655495,0.111,0.223,1,1.24556474176586,"Not significant",NA
"Smarcc2",0.0569285023662938,0.595609744920665,0.361,0.232,1,1.24467024114208,"Not significant",NA
"C4b",0.0576780133420207,0.959358015502654,0.306,0.196,1,1.2389897068437,"Not significant",NA
"Extl3",0.0576923326346747,-0.832055362685929,0.139,0.259,1,1.23888190115475,"Not significant",NA
"Mical2",0.0577749753867093,-0.37851162325373,0.347,0.518,1,1.23826023086692,"Not significant",NA
"Ugp2",0.0578148074078512,-1.26946067499323,0.042,0.125,1,1.23796091673635,"Not significant",NA
"Tob2",0.0578148074078512,-1.26946067499323,0.042,0.125,1,1.23796091673635,"Not significant",NA
"Brwd3",0.0578148074078512,-1.26946067499323,0.042,0.125,1,1.23796091673635,"Not significant",NA
"Nat8f3",0.0578253328059095,-1.5552151573271,0.083,0.179,1,1.23788185902679,"Not significant",NA
"Wwox",0.0583213289893677,0.778785769860833,0.5,0.384,1,1.23417258815077,"Not significant",NA
"Srsf5",0.0585548140017036,-0.836501267717121,0.208,0.33,1,1.23243739421362,"Not significant",NA
"Nwd1",0.0591650565678935,-0.544176885874656,0.375,0.527,1,1.22793471591774,"Not significant",NA
"Grik2",0.0601026714539348,0.959358015502654,0.431,0.348,1,1.22110622397201,"Not significant",NA
"Fam219a",0.0601649681564372,-0.754887502163469,0.069,0.17,1,1.22065630882201,"Not significant",NA
"Kifc3",0.0601649681564372,-0.754887502163469,0.069,0.17,1,1.22065630882201,"Not significant",NA
"Pik3ca",0.0602304443502901,-1.43295940727611,0.056,0.143,1,1.22018393280871,"Not significant",NA
"Vps35l",0.0603176279304273,-0.777607578663552,0.097,0.205,1,1.21955574600072,"Not significant",NA
"Maged1",0.0604814160713995,1.05246741989414,0.194,0.098,1,1.21837804910746,"Not significant",NA
"Pik3r1",0.0605949876565066,-0.984058456130979,0.139,0.25,1,1.21756329865798,"Not significant",NA
"Luc7l3",0.0609677494611702,0.511899038531432,0.75,0.723,1,1.21489983605294,"Not significant",NA
"Stx4a",0.0610405536518399,-1.12810482574769,0.042,0.125,1,1.21438153588462,"Not significant",NA
"Akr1b10",0.0610855382910254,-0.947532580105864,0.042,0.125,1,1.21406159472968,"Not significant",NA
"Snrnp48",0.0611084589831283,0.701560258035007,0.264,0.152,1,1.21389866806486,"Not significant",NA
"Zdhhc17",0.0616139772282758,-1.28856949794093,0.056,0.143,1,1.21032075626838,"Not significant",NA
"Supt5",0.0616272700564734,1.1113611089477,0.236,0.134,1,1.21022707007021,"Not significant",NA
"Aifm3",0.0618059208403154,-0.667424660913129,0.194,0.321,1,1.20896991867968,"Not significant",NA
"Ptprd",0.0620393623238059,0.911190733042144,0.5,0.429,1,1.20733267476358,"Not significant",NA
"Rftn2",0.062110353250057,-0.572023445013658,0.139,0.259,1,1.20683600071558,"Not significant",NA
"Nfasc",0.0626855899558063,0.874469117916141,0.319,0.205,1,1.20283228248562,"Not significant",NA
"Cdh19",0.0626959763166896,-0.638204521998136,0.167,0.295,1,1.20276033029419,"Not significant",NA
"1110004F10Rik",0.0630170026981868,-1.28856949794093,0.056,0.143,1,1.20054225718542,"Not significant",NA
"Sox8",0.0630170026981868,-1.21056698593966,0.056,0.143,1,1.20054225718542,"Not significant",NA
"Lcor",0.0633006624284656,-1.23703919730085,0.056,0.143,1,1.19859174515607,"Not significant",NA
"Lonrf2",0.0633062776034352,-0.947532580105864,0.042,0.125,1,1.19855322215717,"Not significant",NA
"Suz12",0.0633062776034352,-0.947532580105864,0.042,0.125,1,1.19855322215717,"Not significant",NA
"Fam49b",0.0633062776034352,-0.684498174272071,0.042,0.125,1,1.19855322215717,"Not significant",NA
"Insr",0.0636135893654706,-0.761119455874983,0.111,0.223,1,1.19645009887971,"Not significant",NA
"Kif21a",0.0638331797186638,0.900464326449085,0.194,0.098,1,1.19495352154427,"Not significant",NA
"Ctif",0.064288082359214,0.830074998557687,0.208,0.107,1,1.19186952855851,"Not significant",NA
"Prrt1",0.0643134144695307,-0.906890595608518,0.139,0.25,1,1.191698432636,"Not significant",NA
"Strip1",0.0644382788486565,-1.12810482574769,0.056,0.143,1,1.19085606813664,"Not significant",NA
"Ccdc136",0.0644821771333451,1.26546114322833,0.167,0.08,1,1.19056030772536,"Not significant",NA
"Galnt13",0.0649491220621363,0.521952703195356,0.236,0.125,1,1.18742671504741,"Not significant",NA
"Aldh2",0.0653509345820156,-1.14017765804826,0.083,0.179,1,1.18474819720494,"Not significant",NA
"Cdk5rap2",0.065694318235337,1.02974734339405,0.236,0.134,1,1.18247219004059,"Not significant",NA
"Mt2",0.0658982328753961,-0.546994650522135,0.097,0.205,1,1.18112623127479,"Not significant",NA
"Frmd5",0.0661400947187985,1.13993026114448,0.181,0.089,1,1.17953518747157,"Not significant",NA
"Birc6",0.066147254927828,-0.48595249488999,0.278,0.429,1,1.17948817406807,"Not significant",NA
"Slc44a2",0.066872952427014,1.02445304372454,0.181,0.089,1,1.1747495023653,"Not significant",NA
"1110051M20Rik",0.0675317520087432,-0.652076696579693,0.278,0.402,1,1.17049198302291,"Not significant",NA
"Dgkz",0.0678748989918682,1.12285674778553,0.222,0.125,1,1.16829080369859,"Not significant",NA
"Pcdh7",0.0679389932865097,-0.362570079384708,0.361,0.518,1,1.16788089275232,"Not significant",NA
"Sfxn1",0.0684885610546793,-0.898622979624918,0.097,0.196,1,1.16438195822546,"Not significant",NA
"Kcnb2",0.0685957457819309,1.67490462603395,0.236,0.143,1,1.16370281783149,"Not significant",NA
"1500004A13Rik",0.0688296217868261,0.985353224035598,0.181,0.089,1,1.16222461685257,"Not significant",NA
"Tlcd1",0.0688296217868261,-1.02553509210714,0.069,0.161,1,1.16222461685257,"Not significant",NA
"4833420G17Rik",0.0688296217868261,-1.02553509210714,0.069,0.161,1,1.16222461685257,"Not significant",NA
"Drosha",0.0688296217868261,0.985353224035598,0.181,0.089,1,1.16222461685257,"Not significant",NA
"Id2",0.0688580764508602,-0.584962500721156,0.097,0.205,1,1.16204511347052,"Not significant",NA
"Bicd1",0.0695649648673834,0.730539325006773,0.208,0.107,1,1.15760942986712,"Not significant",NA
"Wwc1",0.0697370313321997,-0.523034751577955,0.292,0.429,1,1.15653654424834,"Not significant",NA
"Cspp1",0.0698530145547006,0.797894592808538,0.361,0.25,1,1.15581484686946,"Not significant",NA
"Slc38a1",0.0699493819824807,1.18491771591779,0.181,0.089,1,1.1552161182384,"Not significant",NA
"Zfp219",0.0701044138650332,-0.893084796083488,0.111,0.214,1,1.15425463742734,"Not significant",NA
"Ints1",0.0701676985020063,0.959358015502654,0.181,0.089,1,1.153862768081,"Not significant",NA
"mt-Nd4",0.0702405873549641,0.669851398307669,0.361,0.241,1,1.1534118654967,"Not significant",NA
"Akap10",0.0703283909356155,-1.0146467759644,0.069,0.161,1,1.15286931882685,"Not significant",NA
"Fermt2",0.0705159827816455,-0.584962500721156,0.222,0.357,1,1.15171243694927,"Not significant",NA
"Ubr4",0.0707906043706294,0.939992690635723,0.319,0.214,1,1.15002437989168,"Not significant",NA
"Uqcrc2",0.0708432257609,-0.865070419913891,0.056,0.143,1,1.14970167195594,"Not significant",NA
"Atf7",0.0710796476058362,-0.947532580105864,0.097,0.196,1,1.14825473397901,"Not significant",NA
"Aldoc",0.0711467197772754,-0.947532580105864,0.056,0.143,1,1.1478451182848,"Not significant",NA
"Rere",0.0712740618357944,0.478732174596234,0.417,0.277,1,1.14706849050001,"Not significant",NA
"Soat1",0.0714307941373469,-0.947532580105864,0.083,0.179,1,1.14611452154632,"Not significant",NA
"Fam234b",0.0714307941373469,-0.947532580105864,0.083,0.179,1,1.14611452154632,"Not significant",NA
"Shc3",0.0716419851496062,-0.810029056355929,0.111,0.214,1,1.14483238865808,"Not significant",NA
"Dennd1a",0.072183319274214,-0.442740428068692,0.347,0.491,1,1.14156315124117,"Not significant",NA
"Rtl4",0.0722702281597919,0.730539325006773,0.181,0.089,1,1.14104057419604,"Not significant",NA
"Atraid",0.0723503770188215,1.63742992061529,0.139,0.062,1,1.14055920142446,"Not significant",NA
"Ube2r2",0.0726038301391246,-0.947532580105864,0.083,0.179,1,1.13904046794439,"Not significant",NA
"Zbtb20",0.0727359440523287,-0.390584455554305,0.583,0.723,1,1.13825092000943,"Not significant",NA
"Tcerg1",0.0731476845603819,1.02974734339405,0.222,0.125,1,1.13579941661406,"Not significant",NA
"Son",0.0732451393270789,-0.109328766044655,0.917,0.991,1,1.13522119054341,"Not significant",NA
"Npr2",0.0735343688489073,1.01594154386902,0.167,0.08,1,1.13350963081042,"Not significant",NA
"Guf1",0.0740849258932291,-0.877143252214467,0.069,0.161,1,1.13027014920509,"Not significant",NA
"Gys1",0.0740849258932291,-0.877143252214467,0.069,0.161,1,1.13027014920509,"Not significant",NA
"Trim44",0.074542875272217,1.16794463731407,0.153,0.071,1,1.12759385962652,"Not significant",NA
"Kcnq2",0.074542875272217,1.27485984123058,0.153,0.071,1,1.12759385962652,"Not significant",NA
"Grm7",0.0749202847165233,1.05246741989414,0.306,0.196,1,1.12540058086194,"Not significant",NA
"Ssh2",0.0753828771041955,0.843880798082718,0.181,0.089,1,1.12272729104891,"Not significant",NA
"Atp5b",0.0753920983151994,0.85982234195174,0.167,0.08,1,1.12267416922217,"Not significant",NA
"Kndc1",0.0754882136916395,1.33786963875638,0.139,0.062,1,1.12212085139422,"Not significant",NA
"Tra2a",0.0755061714494085,-0.947532580105864,0.181,0.286,1,1.1220175501339,"Not significant",NA
"Ino80dos",0.0755490211868051,-0.893084796083488,0.097,0.196,1,1.12177115800825,"Not significant",NA
"Lrmda",0.0758833543505069,-0.550197082560479,0.167,0.277,1,1.11985347979026,"Not significant",NA
"Tmem214",0.0760099264368604,1.12285674778553,0.153,0.071,1,1.11912968778176,"Not significant",NA
"Dock5",0.0760759453108293,-1.61049759282829,0.042,0.116,1,1.11875264244365,"Not significant",NA
"Gm28905",0.0761933354039428,1.91753783980803,0.125,0.054,1,1.11808301453801,"Not significant",NA
"Nbea",0.0766491335626179,0.620151929183456,0.542,0.438,1,1.11549275002162,"Not significant",NA
"Ccnd3",0.0769742449306371,1.13492958008611,0.306,0.214,1,1.11365456256203,"Not significant",NA
"Cpne7",0.0769979643971403,1.27485984123058,0.139,0.062,1,1.11352075616226,"Not significant",NA
"Aqp4",0.0773710924821732,-0.893084796083488,0.083,0.179,1,1.11142127084785,"Not significant",NA
"Brinp2",0.077483122397668,-1.53249508082702,0.042,0.116,1,1.11079288649765,"Not significant",NA
"Mapkbp1",0.0780234401680672,1.05246741989414,0.153,0.071,1,1.10777490492053,"Not significant",NA
"Wipi1",0.0780234401680672,1.05246741989414,0.153,0.071,1,1.10777490492053,"Not significant",NA
"Rps6kc1",0.0787295583917059,1.22239242133645,0.139,0.062,1,1.10386218458723,"Not significant",NA
"Ulk4",0.0787295583917059,1.22239242133645,0.139,0.062,1,1.10386218458723,"Not significant",NA
"Vsnl1",0.0787295583917059,1.4447848426729,0.139,0.062,1,1.10386218458723,"Not significant",NA
"Hdac7",0.0787448138829088,0.878438020119086,0.167,0.08,1,1.10377803914092,"Not significant",NA
"Canx",0.0789021814812369,-1.36257007938471,0.042,0.116,1,1.1029109892853,"Not significant",NA
"Pbrm1",0.078917409558281,-0.524841508283585,0.222,0.348,1,1.10282717877981,"Not significant",NA
"Tcf12",0.0790595359439533,-0.70652448060207,0.139,0.25,1,1.10204573916547,"Not significant",NA
"Herc2",0.0794973853288847,0.719892080807265,0.361,0.25,1,1.09964715506568,"Not significant",NA
"Rapgef4",0.0795644963250455,1.01594154386902,0.153,0.071,1,1.09928068213409,"Not significant",NA
"Cep83",0.0795644963250455,1.01594154386902,0.153,0.071,1,1.09928068213409,"Not significant",NA
"Gpam",0.0796805525325635,-0.699605066662279,0.222,0.339,1,1.09864766302548,"Not significant",NA
"Zeb1",0.0801901600682537,-0.286842753221463,0.569,0.732,1,1.09587891962406,"Not significant",NA
"Mysm1",0.0803320030488266,-1.22055107451228,0.097,0.188,1,1.09511140392908,"Not significant",NA
"Slc43a2",0.080334889203894,-1.36257007938471,0.042,0.116,1,1.09509580094825,"Not significant",NA
"Immp2l",0.080334889203894,-1.26946067499323,0.042,0.116,1,1.09509580094825,"Not significant",NA
"Wdr33",0.0812740863026701,-0.68449817427207,0.125,0.232,1,1.09004790421804,"Not significant",NA
"Atp6v1h",0.0817793825731178,-1.16992500144231,0.042,0.116,1,1.08735617265305,"Not significant",NA
"Fam171b",0.0817793825731178,-1.16992500144231,0.042,0.116,1,1.08735617265305,"Not significant",NA
"Mrps15",0.0817793825731178,-1.16992500144231,0.042,0.116,1,1.08735617265305,"Not significant",NA
"Tmem51",0.0817793825731178,-1.16992500144231,0.042,0.116,1,1.08735617265305,"Not significant",NA
"Nt5dc1",0.0817793825731178,-1.16992500144231,0.042,0.116,1,1.08735617265305,"Not significant",NA
"Tbk1",0.0817793825731178,-1.16992500144231,0.042,0.116,1,1.08735617265305,"Not significant",NA
"Ppp1r9b",0.0817793825731178,-1.16992500144231,0.042,0.116,1,1.08735617265305,"Not significant",NA
"Vcl",0.0817793825731178,-1.16992500144231,0.042,0.116,1,1.08735617265305,"Not significant",NA
"Ldb1",0.0817793825731178,-1.16992500144231,0.042,0.116,1,1.08735617265305,"Not significant",NA
"Prr14l",0.0818599037436477,0.719892080807265,0.236,0.134,1,1.08692877036296,"Not significant",NA
"Ercc6l2",0.0820294874825234,-1.36257007938471,0.056,0.134,1,1.08603000189786,"Not significant",NA
"Megf9",0.0820748284984206,1.09686153925259,0.139,0.062,1,1.08579001608893,"Not significant",NA
"1600020E01Rik",0.0820748284984206,1.09686153925259,0.139,0.062,1,1.08579001608893,"Not significant",NA
"Arhgef25",0.0820748284984206,1.09686153925259,0.139,0.062,1,1.08579001608893,"Not significant",NA
"Srcin1",0.0820748284984206,1.09686153925259,0.139,0.062,1,1.08579001608893,"Not significant",NA
"Gmds",0.0822179204251763,1.28950661719499,0.125,0.054,1,1.08503351222232,"Not significant",NA
"Cst3",0.0824011569161731,-0.319501357492822,0.222,0.357,1,1.08406669074484,"Not significant",NA
"Paqr6",0.0831946246127091,-0.584962500721156,0.111,0.214,1,1.07990473352244,"Not significant",NA
"Atp6ap1",0.0832446035071113,0.762960802699151,0.153,0.071,1,1.07964391089129,"Not significant",NA
"Sez6l2",0.0839210723814292,1.22239242133645,0.125,0.054,1,1.07612897516767,"Not significant",NA
"Sptbn1",0.0840456682191946,0.460552158531212,0.431,0.312,1,1.07548466553184,"Not significant",NA
"Reln",0.0845257454539141,1.3743955147815,0.111,0.045,1,1.07301099039249,"Not significant",NA
"Slc26a11",0.0845257454539141,1.3743955147815,0.111,0.045,1,1.07301099039249,"Not significant",NA
"Tmem87a",0.0851808051883401,-1.23703919730085,0.069,0.152,1,1.06965825898873,"Not significant",NA
"Gas5",0.0853599626004242,1.15200309344505,0.125,0.054,1,1.06874578386513,"Not significant",NA
"Cpq",0.0854150737963509,-0.346802763526392,0.347,0.5,1,1.06846547955816,"Not significant",NA
"Mphosph9",0.0857488810097322,-1.21056698593966,0.056,0.134,1,1.06677153862594,"Not significant",NA
"Zcchc8",0.0857494234816945,-1.28856949794093,0.056,0.134,1,1.06676879116345,"Not significant",NA
"Snx25",0.0858584003156589,-0.731803889050427,0.153,0.259,1,1.06621720740741,"Not significant",NA
"Gab1",0.0862555449706783,-1.14017765804826,0.083,0.17,1,1.06421297657049,"Not significant",NA
"Cntnap5c",0.0870019691250538,1.33786963875638,0.111,0.045,1,1.06047091783578,"Not significant",NA
"A830018L16Rik",0.0871350588370733,1.05246741989414,0.125,0.054,1,1.059807071215,"Not significant",NA
"Gramd3",0.0872349935788738,-0.947532580105864,0.111,0.205,1,1.0593092665626,"Not significant",NA
"Brsk2",0.0873837033559872,1.22239242133645,0.111,0.045,1,1.05856955366412,"Not significant",NA
"Cep70",0.0873837033559872,1.22239242133645,0.111,0.045,1,1.05856955366412,"Not significant",NA
"Eftud2",0.0873837033559872,1.22239242133645,0.111,0.045,1,1.05856955366412,"Not significant",NA
"Tmem184b",0.0873837033559872,1.22239242133645,0.111,0.045,1,1.05856955366412,"Not significant",NA
"Sema4b",0.087411426324769,-1.16992500144231,0.069,0.152,1,1.05843179316145,"Not significant",NA
"Rev3l",0.0875247243021152,-0.386416821339076,0.278,0.411,1,1.0578692485636,"Not significant",NA
"Pkd2",0.0876446132602211,-1.12810482574769,0.056,0.134,1,1.05727477099348,"Not significant",NA
"Gm45847",0.0876446132602211,-1.12810482574769,0.056,0.134,1,1.05727477099348,"Not significant",NA
"Smarca5",0.0876446132602211,-1.12810482574769,0.056,0.134,1,1.05727477099348,"Not significant",NA
"Hk1",0.0876446132602211,-1.12810482574769,0.056,0.134,1,1.05727477099348,"Not significant",NA
"Susd6",0.0876446132602211,-1.12810482574769,0.056,0.134,1,1.05727477099348,"Not significant",NA
"Fbxo38",0.0876446132602211,-1.12810482574769,0.056,0.134,1,1.05727477099348,"Not significant",NA
"Ints6l",0.0876446132602211,-1.12810482574769,0.056,0.134,1,1.05727477099348,"Not significant",NA
"Fgf13",0.0876446132602211,-1.12810482574769,0.056,0.134,1,1.05727477099348,"Not significant",NA
"Ppwd1",0.0876891597845725,-0.684498174272071,0.042,0.116,1,1.05705409120323,"Not significant",NA
"Tnks2",0.0886199721269717,-1.00642626915943,0.097,0.188,1,1.05246839090003,"Not significant",NA
"Kansl1l",0.0888124076722149,-1.07877711338412,0.083,0.17,1,1.05152635621297,"Not significant",NA
"Abcd4",0.0888137138472841,-1.14017765804826,0.083,0.17,1,1.05151996903725,"Not significant",NA
"Dgkg",0.0892845220015021,1.15200309344505,0.111,0.045,1,1.04922382209639,"Not significant",NA
"Gnaq",0.0893760060223966,0.926936537810277,0.236,0.143,1,1.04877905671515,"Not significant",NA
"Sh3pxd2b",0.0894526404831121,-0.402098443571346,0.139,0.259,1,1.04840683530544,"Not significant",NA
"Sec61a2",0.0895644543801503,-1.04064198449735,0.056,0.134,1,1.04786431544346,"Not significant",NA
"Nup98",0.0895644543801503,-1.04064198449735,0.056,0.134,1,1.04786431544346,"Not significant",NA
"B230307C23Rik",0.0895644543801503,-1.04064198449735,0.056,0.134,1,1.04786431544346,"Not significant",NA
"Cask",0.0895644543801503,-1.04064198449735,0.056,0.134,1,1.04786431544346,"Not significant",NA
"Gtf2a2",0.0896793302156388,-1.09953567355091,0.069,0.152,1,1.04730764399848,"Not significant",NA
"Jarid2",0.0896798187524169,-1.16992500144231,0.069,0.152,1,1.04730527814396,"Not significant",NA
"Bcar3",0.0902303794845485,-0.832055362685929,0.139,0.241,1,1.04464721610348,"Not significant",NA
"Vps41",0.0903652975286627,-0.893084796083488,0.111,0.205,1,1.04399831714933,"Not significant",NA
"Arhgef40",0.0903652975286627,-0.893084796083488,0.111,0.205,1,1.04399831714933,"Not significant",NA
"Csnk1a1",0.0906003315109441,-0.404390255079335,0.167,0.286,1,1.04287021321601,"Not significant",NA
"Xylt1",0.0908800224894661,0.0726453018317659,0.306,0.429,1,1.04153157416112,"Not significant",NA
"Sugct",0.090907225361504,-1.09953567355091,0.056,0.134,1,1.04140159741692,"Not significant",NA
"2610035D17Rik",0.0911041299389055,-0.293307416947594,0.25,0.402,1,1.04046193511237,"Not significant",NA
"Bod1l",0.0911873825129966,0.669851398307669,0.389,0.286,1,1.04006525031274,"Not significant",NA
"Add3",0.091420531661184,-1.0146467759644,0.083,0.17,1,1.03895625737564,"Not significant",NA
"Klhdc10",0.0915144388996177,0.818002166257112,0.208,0.116,1,1.03851037872357,"Not significant",NA
"Krit1",0.0915144388996177,-0.947532580105864,0.097,0.188,1,1.03851037872357,"Not significant",NA
"Ythdc1",0.0919403329784877,0.932885804141463,0.264,0.17,1,1.03649392770712,"Not significant",NA
"Arhgef18",0.0919847788880365,-1.02553509210714,0.069,0.152,1,1.03628403126133,"Not significant",NA
"Agpat5",0.0919847788880365,-1.02553509210714,0.069,0.152,1,1.03628403126133,"Not significant",NA
"Nedd4l",0.0921572219675754,1.19382326913968,0.222,0.134,1,1.03547062530907,"Not significant",NA
"Olfml1",0.0922819032599016,1,0.111,0.045,1,1.03488345699068,"Not significant",NA
"Washc1",0.0922819032599016,1,0.111,0.045,1,1.03488345699068,"Not significant",NA
"Baiap3",0.0927765233905673,1.05246741989414,0.222,0.134,1,1.03256190580499,"Not significant",NA
"Hibadh",0.0929144589322184,-1.02553509210714,0.056,0.134,1,1.03191669778394,"Not significant",NA
"Cdh20",0.0934070900508241,-0.565386962384395,0.417,0.527,1,1.02962015746279,"Not significant",NA
"Golga1",0.0940804415931093,-0.947532580105864,0.083,0.17,1,1.02650065277941,"Not significant",NA
"Reps1",0.0940804415931093,-0.947532580105864,0.083,0.17,1,1.02650065277941,"Not significant",NA
"Pcbp2",0.0940804415931093,-0.947532580105864,0.083,0.17,1,1.02650065277941,"Not significant",NA
"Syngap1",0.0941651663953309,0.917537839808027,0.194,0.107,1,1.02610972183592,"Not significant",NA
"Rab2a",0.0943280353785413,-0.947532580105864,0.069,0.152,1,1.02535921075521,"Not significant",NA
"Ccdc191",0.0943280353785413,-0.947532580105864,0.069,0.152,1,1.02535921075521,"Not significant",NA
"Slc8a1",0.0943727504600813,0.978466838450359,0.194,0.107,1,1.02515338740956,"Not significant",NA
"Ttyh3",0.0944752886416368,-0.886132035441721,0.097,0.188,1,1.02468177254904,"Not significant",NA
"Rasa2",0.0944980585201111,-0.33086121965737,0.181,0.295,1,1.02457711405861,"Not significant",NA
"2610507B11Rik",0.094653450755044,-0.647972298246957,0.167,0.277,1,1.02386354845607,"Not significant",NA
"Cyp2j6",0.094930493963227,-0.362570079384708,0.111,0.214,1,1.02259425930411,"Not significant",NA
"Etv4",0.0949476342192737,-0.947532580105864,0.056,0.134,1,1.02251585197293,"Not significant",NA
"Prkce",0.0950397934487232,0.789433014060342,0.306,0.205,1,1.02209451621997,"Not significant",NA
"Nsfl1c",0.0954804005454009,-0.865070419913891,0.056,0.134,1,1.02008576777282,"Not significant",NA
"Gng12",0.096016710967664,-0.642677998577444,0.056,0.134,1,1.01765317477863,"Not significant",NA
"Unc80",0.0971980985776006,0.766712937560258,0.319,0.214,1,1.0123422308076,"Not significant",NA
"Mbnl1",0.0972744245568992,-0.947532580105864,0.083,0.17,1,1.01200132965814,"Not significant",NA
"Kmt5b",0.0975033748348953,-0.822001698022006,0.097,0.188,1,1.01098035202652,"Not significant",NA
"Pkn1",0.0975495526130844,-0.777607578663552,0.056,0.134,1,1.01077471804921,"Not significant",NA
"Ttc8",0.097754040667416,-0.886132035441721,0.083,0.17,1,1.00986528198025,"Not significant",NA
"Psd2",0.0979389369946071,-0.655351828612554,0.208,0.321,1,1.00904461401886,"Not significant",NA
"Trim8",0.0984644001639954,-0.865070419913891,0.153,0.25,1,1.00672076043566,"Not significant",NA
"Cyth1",0.099713026403056,0.830074998557687,0.194,0.107,1,1.00124810221574,"Not significant",NA
"Mpzl1",0.0997247886822749,1.17799830197799,0.167,0.089,1,1.00119687529107,"Not significant",NA
"Cc2d1a",0.0997247886822749,1.17799830197799,0.167,0.089,1,1.00119687529107,"Not significant",NA
"Gria1",0.100071762586231,-0.302028537449657,0.792,0.875,1,0.999688450822438,"Not significant",NA
"Micu3",0.100669883517553,-0.80314267077069,0.069,0.152,1,0.997100433898925,"Not significant",NA
"Crebbp",0.100704853501561,0.718349915998859,0.444,0.375,1,0.996949597985103,"Not significant",NA
"Parvb",0.102169514232399,-0.625604485218502,0.097,0.188,1,0.990678671478436,"Not significant",NA
"Msi2",0.102196402896585,-0.189033824390017,0.667,0.821,1,0.990564390205777,"Not significant",NA
"Bcl2",0.102823554745179,-0.662130361243616,0.139,0.241,1,0.987907386079469,"Not significant",NA
"Sf1",0.103201927269933,-0.725140158769417,0.069,0.152,1,0.986312192293289,"Not significant",NA
"Kank1",0.103264623945911,-0.187483372826617,0.278,0.42,1,0.986048432172461,"Not significant",NA
"Dennd4c",0.103468828694775,-0.754887502163469,0.083,0.17,1,0.985190467258508,"Not significant",NA
"Eml6",0.103565485231353,-0.806176730860323,0.25,0.357,1,0.984784955701225,"Not significant",NA
"Sema6d",0.103740512522992,0.483101774223998,0.486,0.393,1,0.984051610734591,"Not significant",NA
"Gli1",0.107290614983707,-0.684498174272071,0.069,0.152,1,0.969438265350423,"Not significant",NA
"Map3k19",0.107809469607502,0.936990202474199,0.181,0.098,1,0.967343090562449,"Not significant",NA
"Pafah1b1",0.108369310105735,-0.754887502163469,0.194,0.295,1,0.965093691403187,"Not significant",NA
"Sgsm1",0.108560388389101,0.917537839808027,0.181,0.098,1,0.964328611599778,"Not significant",NA
"Efl1",0.108984748679044,-1.45003292063505,0.042,0.107,1,0.96263427295811,"Not significant",NA
"Mycbp2",0.109156553832901,0.476149013582231,0.653,0.545,1,0.961950183839259,"Not significant",NA
"Celf4",0.109621730927079,1.11547721741994,0.278,0.196,1,0.960103344700015,"Not significant",NA
"Cep250",0.109629712896484,0.978466838450359,0.208,0.125,1,0.960071723241034,"Not significant",NA
"Shfl",0.109629712896484,0.978466838450359,0.208,0.125,1,0.960071723241034,"Not significant",NA
"Rab11fip3",0.110325303333621,0.985353224035598,0.167,0.089,1,0.957324869809282,"Not significant",NA
"Utrn",0.110510374533145,-0.336574870851764,0.236,0.366,1,0.956596949209628,"Not significant",NA
"St3gal3",0.110694779800045,0.711430502059069,0.236,0.143,1,0.955872859315411,"Not significant",NA
"Uvssa",0.110920654438515,-1.26946067499323,0.042,0.107,1,0.95498757672312,"Not significant",NA
"Zfand5",0.110920654438515,-1.26946067499323,0.042,0.107,1,0.95498757672312,"Not significant",NA
"Rbmx",0.110920654438515,-1.26946067499323,0.042,0.107,1,0.95498757672312,"Not significant",NA
"Scamp2",0.110921419163095,-1.36257007938471,0.042,0.107,1,0.954984582560114,"Not significant",NA
"Xpo1",0.111116507559388,-0.857334771134286,0.125,0.214,1,0.954221417122149,"Not significant",NA
"Ptn",0.111295748280623,-0.684498174272071,0.083,0.17,1,0.953521426263078,"Not significant",NA
"Actb",0.111699513231287,-0.625604485218502,0.097,0.188,1,0.951948719466544,"Not significant",NA
"C130073E24Rik",0.111844100291965,1.02445304372454,0.167,0.089,1,0.951386919732042,"Not significant",NA
"Hnrnpdl",0.111964515131909,-0.947532580105864,0.125,0.214,1,0.950919596296133,"Not significant",NA
"Cwc27",0.11281215794694,0.736965594166206,0.167,0.089,1,0.94764409321852,"Not significant",NA
"Zfp451",0.112875002522642,-1.16992500144231,0.042,0.107,1,0.947402226972396,"Not significant",NA
"Mcmbp",0.112875002522642,-1.26946067499323,0.042,0.107,1,0.947402226972396,"Not significant",NA
"Wdr17",0.112875002522642,-1.16992500144231,0.042,0.107,1,0.947402226972396,"Not significant",NA
"Washc4",0.112875002522642,-1.16992500144231,0.042,0.107,1,0.947402226972396,"Not significant",NA
"Acbd4",0.112875002522642,-1.16992500144231,0.042,0.107,1,0.947402226972396,"Not significant",NA
"Bcl6",0.112875002522642,-1.16992500144231,0.042,0.107,1,0.947402226972396,"Not significant",NA
"Acss1",0.113758929408039,-0.280107919192735,0.319,0.464,1,0.944014503765932,"Not significant",NA
"Gnas",0.114018082245088,0.598955772800656,0.319,0.214,1,0.943026267992299,"Not significant",NA
"Ptprn",0.114214065136383,0.744345124531804,0.181,0.098,1,0.942280410669977,"Not significant",NA
"Bicra",0.114618342546063,-1.16992500144231,0.097,0.179,1,0.940745876006547,"Not significant",NA
"Kmt2a",0.114757413488611,0.458459779569972,0.514,0.411,1,0.940219248856526,"Not significant",NA
"Meis2",0.11478171947972,-1.03242147769238,0.139,0.223,1,0.940127273621464,"Not significant",NA
"Sh3gl2",0.114845473185843,-1.0630097975258,0.042,0.107,1,0.939886118528634,"Not significant",NA
"Tril",0.114845473185843,-1.0630097975258,0.042,0.107,1,0.939886118528634,"Not significant",NA
"Dennd5a",0.114845473185843,-1.0630097975258,0.042,0.107,1,0.939886118528634,"Not significant",NA
"Psma1",0.114845473185843,-1.0630097975258,0.042,0.107,1,0.939886118528634,"Not significant",NA
"Dcaf1",0.114845473185843,-1.0630097975258,0.042,0.107,1,0.939886118528634,"Not significant",NA
"Pcmt1",0.114845473185843,-1.0630097975258,0.042,0.107,1,0.939886118528634,"Not significant",NA
"Psen1",0.114845473185843,-1.0630097975258,0.042,0.107,1,0.939886118528634,"Not significant",NA
"Col4a3bp",0.114845473185843,-1.0630097975258,0.042,0.107,1,0.939886118528634,"Not significant",NA
"Prr5",0.114845473185843,-1.0630097975258,0.042,0.107,1,0.939886118528634,"Not significant",NA
"Pak2",0.114845473185843,-1.0630097975258,0.042,0.107,1,0.939886118528634,"Not significant",NA
"Naa40",0.114845473185843,-1.0630097975258,0.042,0.107,1,0.939886118528634,"Not significant",NA
"Stard8",0.114845473185843,-1.0630097975258,0.042,0.107,1,0.939886118528634,"Not significant",NA
"Gpi1",0.11530602643245,0.717600269299275,0.361,0.268,1,0.938147993850464,"Not significant",NA
"Arhgap42",0.115846588829061,-1.21056698593966,0.056,0.125,1,0.936116749742168,"Not significant",NA
"Thap2",0.115846588829061,-1.21056698593966,0.056,0.125,1,0.936116749742168,"Not significant",NA
"Rprd2",0.115848574385962,-1.28856949794093,0.056,0.125,1,0.936109306199595,"Not significant",NA
"Kifc2",0.115874016951731,0.926936537810276,0.236,0.152,1,0.936013937285417,"Not significant",NA
"Crtc1",0.115936329081786,0.878438020119086,0.167,0.089,1,0.935780454911971,"Not significant",NA
"Kcnc3",0.116246939691951,-1.07877711338412,0.083,0.161,1,0.934618471490851,"Not significant",NA
"Galnt2",0.116246939691951,-1.07877711338412,0.083,0.161,1,0.934618471490851,"Not significant",NA
"Zmynd8",0.116249299848509,-0.539447841468788,0.25,0.357,1,0.934609654118394,"Not significant",NA
"March1",0.11641901926754,0.839063781784942,0.208,0.125,1,0.933976063601984,"Not significant",NA
"Bmpr1b",0.116593181902063,-0.584962500721156,0.153,0.25,1,0.933326845365062,"Not significant",NA
"Dner",0.116624044765441,0.978466838450359,0.208,0.125,1,0.933211900414118,"Not significant",NA
"Psme4",0.116755040878555,-0.635588573791124,0.153,0.25,1,0.932724359768447,"Not significant",NA
"Setd2",0.11738868177047,0.570315724756755,0.25,0.152,1,0.930373774311468,"Not significant",NA
"Phactr1",0.117690786191401,0.667177264009344,0.361,0.259,1,0.929257535991429,"Not significant",NA
"Tbcel",0.118250963013399,-0.947532580105864,0.097,0.179,1,0.927195313763917,"Not significant",NA
"Ncan",0.118252374612033,-1.00642626915943,0.097,0.179,1,0.92719012948615,"Not significant",NA
"Acot7",0.118343374692096,-1.12810482574769,0.056,0.125,1,0.92685605049539,"Not significant",NA
"Sec14l2",0.118343374692096,-1.12810482574769,0.056,0.125,1,0.92685605049539,"Not significant",NA
"H2afy",0.118343374692096,-1.12810482574769,0.056,0.125,1,0.92685605049539,"Not significant",NA
"Rhot2",0.118343374692096,-1.12810482574769,0.056,0.125,1,0.92685605049539,"Not significant",NA
"Cdc37l1",0.118754371456312,-0.70652448060207,0.139,0.232,1,0.925350394634373,"Not significant",NA
"Grk4",0.119012810751718,-1.16992500144231,0.069,0.143,1,0.924406287856803,"Not significant",NA
"Tsc22d4",0.119188752570466,-0.810029056355929,0.125,0.214,1,0.923764725527418,"Not significant",NA
"Map4k4",0.119439911499098,-0.326044203359594,0.181,0.295,1,0.922850527080315,"Not significant",NA
"Znrf1",0.119547294194026,1.01594154386902,0.153,0.08,1,0.922460249158428,"Not significant",NA
"Ascc2",0.119547294194026,1.01594154386902,0.153,0.08,1,0.922460249158428,"Not significant",NA
"Med12l",0.119572275666019,0.839063781784942,0.25,0.161,1,0.922369505306037,"Not significant",NA
"Fyn",0.120375754315449,-0.301169534720565,0.194,0.312,1,0.919460978421836,"Not significant",NA
"Sesn1",0.120495920966643,-0.741081702638438,0.125,0.214,1,0.919027654596685,"Not significant",NA
"Copa",0.120871079775139,-1.04064198449735,0.056,0.125,1,0.917677598200639,"Not significant",NA
"Arhgef11",0.120871079775139,-1.04064198449735,0.056,0.125,1,0.917677598200639,"Not significant",NA
"Rnf38",0.120871079775139,-1.12810482574769,0.056,0.125,1,0.917677598200639,"Not significant",NA
"Agbl3",0.120871079775139,-1.04064198449735,0.056,0.125,1,0.917677598200639,"Not significant",NA
"Btbd17",0.120871079775139,-1.04064198449735,0.056,0.125,1,0.917677598200639,"Not significant",NA
"Lrrk2",0.120871079775139,-1.04064198449735,0.056,0.125,1,0.917677598200639,"Not significant",NA
"Ammecr1l",0.120871079775139,-1.21056698593966,0.056,0.125,1,0.917677598200639,"Not significant",NA
"Zfp280c",0.120871079775139,-1.04064198449735,0.056,0.125,1,0.917677598200639,"Not significant",NA
"Pde8b",0.121058595990359,-0.703606997219775,0.167,0.259,1,0.917004367241373,"Not significant",NA
"Rab11fip4",0.121064701700194,1.1113611089477,0.222,0.143,1,0.916982463722665,"Not significant",NA
"Hacd3",0.12114229132988,-0.543142325026529,0.153,0.25,1,0.916704216189375,"Not significant",NA
"Csgalnact1",0.121331878181911,-0.255654875468197,0.264,0.402,1,0.916025079598267,"Not significant",NA
"Pkn2",0.121986927056297,-1.02553509210714,0.069,0.143,1,0.913686708763952,"Not significant",NA
"Arhgap17",0.121986927056297,-1.02553509210714,0.069,0.143,1,0.913686708763952,"Not significant",NA
"Selenop",0.122053039889131,-0.584962500721156,0.042,0.107,1,0.9134513994452,"Not significant",NA
"Cdh18",0.122674029305911,1.08488889758651,0.25,0.17,1,0.911247369815392,"Not significant",NA
"Eif4g2",0.122944438936553,-0.947532580105864,0.083,0.161,1,0.91029111063237,"Not significant",NA
"Stub1",0.122944438936553,-0.947532580105864,0.083,0.161,1,0.91029111063237,"Not significant",NA
"Gm10125",0.122944968228515,-1.07877711338412,0.083,0.161,1,0.910289240941596,"Not significant",NA
"Mdn1",0.12310737790561,0.959358015502654,0.194,0.116,1,0.909715918736612,"Not significant",NA
"Atp6v0a1",0.123227306764249,-0.795529486660814,0.111,0.196,1,0.90929304328395,"Not significant",NA
"Tpp2",0.123429802090476,-0.947532580105864,0.056,0.125,1,0.908579967362832,"Not significant",NA
"Ldlrad3",0.123429802090476,-0.947532580105864,0.056,0.125,1,0.908579967362832,"Not significant",NA
"Arnt",0.123429802090476,-0.947532580105864,0.056,0.125,1,0.908579967362832,"Not significant",NA
"Dpp8",0.123429802090476,-0.947532580105864,0.056,0.125,1,0.908579967362832,"Not significant",NA
"Arhgef28",0.123429802090476,-0.947532580105864,0.056,0.125,1,0.908579967362832,"Not significant",NA
"Parg",0.123429802090476,-0.947532580105864,0.056,0.125,1,0.908579967362832,"Not significant",NA
"Mta3",0.123429802090476,-0.947532580105864,0.056,0.125,1,0.908579967362832,"Not significant",NA
"Elp2",0.123429802090476,-0.947532580105864,0.056,0.125,1,0.908579967362832,"Not significant",NA
"Vps50",0.123430671085053,-0.741081702638438,0.042,0.107,1,0.908576909768841,"Not significant",NA
"Trim12a",0.123430671085053,-0.255654875468196,0.042,0.107,1,0.908576909768841,"Not significant",NA
"Efr3a",0.123430671085053,-0.741081702638438,0.042,0.107,1,0.908576909768841,"Not significant",NA
"Spock1",0.123626996620762,1.27485984123058,0.139,0.071,1,0.90788668132498,"Not significant",NA
"Kcmf1",0.123671653209688,-0.777607578663552,0.111,0.196,1,0.90772983364,"Not significant",NA
"Fbrsl1",0.12385259434836,-0.599609276685558,0.153,0.25,1,0.907094891788066,"Not significant",NA
"Agl",0.124151685859177,-0.710493382805015,0.125,0.214,1,0.906047378772592,"Not significant",NA
"Sox5",0.12437428111735,-0.264389685445805,0.278,0.393,1,0.905269416458641,"Not significant",NA
"Sept7",0.124405011567772,-0.432959407276106,0.083,0.17,1,0.905162124047215,"Not significant",NA
"Hspa4l",0.124718278773489,0.744345124531804,0.167,0.089,1,0.904069891439596,"Not significant",NA
"Tmlhe",0.124846276988467,-0.635588573791124,0.139,0.232,1,0.903624404113378,"Not significant",NA
"Nbr1",0.1250096841964,-0.947532580105864,0.069,0.143,1,0.903056341950764,"Not significant",NA
"Psma3",0.1250096841964,-0.947532580105864,0.069,0.143,1,0.903056341950764,"Not significant",NA
"Zbtb11",0.1250096841964,-0.947532580105864,0.069,0.143,1,0.903056341950764,"Not significant",NA
"9630014M24Rik",0.1250096841964,-0.947532580105864,0.069,0.143,1,0.903056341950764,"Not significant",NA
"Epb41l5",0.125154325461422,0.900464326449085,0.153,0.08,1,0.902554136135142,"Not significant",NA
"Tor1aip1",0.125154325461422,0.900464326449085,0.153,0.08,1,0.902554136135142,"Not significant",NA
"Fkbp8",0.125154325461422,0.900464326449085,0.153,0.08,1,0.902554136135142,"Not significant",NA
"Kif5a",0.125232424772178,1.17799830197799,0.139,0.071,1,0.902283210451013,"Not significant",NA
"Med13l",0.125665554461029,0.797894592808538,0.208,0.125,1,0.900783748229323,"Not significant",NA
"Apba1",0.126029551368402,0.985353224035598,0.153,0.08,1,0.899527609712147,"Not significant",NA
"Rdx",0.126388185545911,-0.877143252214467,0.083,0.161,1,0.898293520927244,"Not significant",NA
"Nkain4",0.126851344905078,-0.886132035441721,0.083,0.161,1,0.896704923934896,"Not significant",NA
"Fut8",0.127312440983156,-0.584962500721156,0.153,0.25,1,0.895129154976884,"Not significant",NA
"Cep164",0.127541386634081,-0.421463768438277,0.111,0.205,1,0.89434886565944,"Not significant",NA
"Fnbp4",0.127858626237787,-0.716207033999409,0.111,0.196,1,0.893269966103887,"Not significant",NA
"Aatk",0.127972685148547,-0.642677998577444,0.139,0.232,1,0.892882717501922,"Not significant",NA
"Gm12353",0.128079633504419,-0.865070419913891,0.069,0.143,1,0.89251992380609,"Not significant",NA
"Dbp",0.128079633504419,-0.865070419913891,0.069,0.143,1,0.89251992380609,"Not significant",NA
"Clk2",0.128805942812756,0.917537839808027,0.194,0.116,1,0.890064099155967,"Not significant",NA
"Pdgfd",0.128924246982474,-0.947532580105864,0.083,0.161,1,0.889665396530218,"Not significant",NA
"Ciz1",0.128997665113026,1.05246741989414,0.139,0.071,1,0.88941815045816,"Not significant",NA
"Clstn2",0.128997665113026,1.05246741989414,0.139,0.071,1,0.88941815045816,"Not significant",NA
"Sned1",0.129159558735942,-0.877143252214467,0.069,0.143,1,0.888873447387246,"Not significant",NA
"Zranb2",0.129356453011821,0.485426827170242,0.389,0.286,1,0.888211901408032,"Not significant",NA
"Rif1",0.129506451104769,-0.409875794163065,0.125,0.214,1,0.887708597533137,"Not significant",NA
"Ccnt2",0.129642354413524,-0.754887502163469,0.097,0.179,1,0.887253090417392,"Not significant",NA
"Mtor",0.129642354413524,-0.754887502163469,0.097,0.179,1,0.887253090417392,"Not significant",NA
"Cpsf7",0.129896031706625,-0.80314267077069,0.083,0.161,1,0.88640411631912,"Not significant",NA
"Stag2",0.129896031706625,-0.80314267077069,0.083,0.161,1,0.88640411631912,"Not significant",NA
"Vamp1",0.130313491264859,-0.731803889050427,0.125,0.214,1,0.885010619755005,"Not significant",NA
"Ranbp10",0.130486781018977,-0.777607578663552,0.056,0.125,1,0.884433482358634,"Not significant",NA
"Brinp3",0.130648971082874,-0.447458976971221,0.264,0.393,1,0.883894006179975,"Not significant",NA
"Nsf",0.130919142958136,0.637429920615292,0.167,0.089,1,0.882996846396196,"Not significant",NA
"Ppp2r5a",0.132225657268754,-0.532495080827021,0.153,0.25,1,0.878684265507816,"Not significant",NA
"Ngef",0.132345830561672,-0.80314267077069,0.069,0.143,1,0.878289736210622,"Not significant",NA
"Csrnp3",0.132559187192795,0.762960802699151,0.153,0.08,1,0.877590167524495,"Not significant",NA
"Abcf1",0.132579900700708,0.724892761865631,0.208,0.125,1,0.877522310594932,"Not significant",NA
"Rab31",0.132794144589033,-0.886132035441721,0.083,0.161,1,0.876821074280774,"Not significant",NA
"Aco2",0.133001330570582,-0.65802596291088,0.264,0.357,1,0.876144014246666,"Not significant",NA
"Tle2",0.133217056770825,-0.684498174272071,0.056,0.125,1,0.875440165652211,"Not significant",NA
"Psmc3",0.133223266413045,1.33786963875638,0.125,0.062,1,0.875419922369819,"Not significant",NA
"Spon1",0.133372351824792,-0.425305834732671,0.403,0.527,1,0.874934190617503,"Not significant",NA
"Tspoap1",0.133421249445151,0.584962500721156,0.306,0.205,1,0.874774996642559,"Not significant",NA
"Smarcd3",0.134049168269373,-0.754887502163469,0.083,0.161,1,0.872735876325952,"Not significant",NA
"Mirg",0.134124541383033,0.752907138035228,0.153,0.08,1,0.872491750022516,"Not significant",NA
"Asxl1",0.134538574875503,0.926936537810277,0.139,0.071,1,0.8711531769727,"Not significant",NA
"Tbc1d19",0.134538574875503,0.926936537810277,0.139,0.071,1,0.8711531769727,"Not significant",NA
"Ap1b1",0.134538574875503,0.926936537810277,0.139,0.071,1,0.8711531769727,"Not significant",NA
"Hepacam",0.134541954742975,-0.597035333021731,0.194,0.295,1,0.871142266798003,"Not significant",NA
"Arid2",0.134878995495353,-0.564203940554359,0.097,0.179,1,0.87005567709396,"Not significant",NA
"Dpp10",0.135581137704849,-0.725140158769417,0.069,0.143,1,0.867800726106875,"Not significant",NA
"Cdr1os",0.135874483371439,0.580846392248924,0.264,0.17,1,0.866862094198086,"Not significant",NA
"Ppargc1a",0.13620576970336,-0.635588573791124,0.125,0.214,1,0.865804495233376,"Not significant",NA
"Myo9b",0.136697310869081,0.900464326449085,0.194,0.116,1,0.864240028857242,"Not significant",NA
"Dync1h1",0.137177286743419,0.637429920615292,0.361,0.259,1,0.862717791388703,"Not significant",NA
"Clip1",0.137603558316077,0.689897340509427,0.306,0.214,1,0.861370335453298,"Not significant",NA
"Zdhhc14",0.137681087348942,1.53051471669878,0.111,0.054,1,0.861125712786681,"Not significant",NA
"Irf2",0.137768867951843,-0.652076696579693,0.097,0.179,1,0.860848910180507,"Not significant",NA
"Rufy2",0.138443682165785,0.942284502143713,0.222,0.143,1,0.858726858359305,"Not significant",NA
"March2",0.138865780307061,-0.642677998577444,0.069,0.143,1,0.857404761136122,"Not significant",NA
"Hlf",0.138971225988474,-0.569020956852135,0.111,0.196,1,0.857075111170572,"Not significant",NA
"Dctn4",0.139025334192737,-0.658025962910879,0.111,0.196,1,0.856906052281366,"Not significant",NA
"Agpat3",0.140727190646719,-0.426700416804424,0.111,0.196,1,0.851621982117916,"Not significant",NA
"Chpt1",0.140977923740328,-0.523034751577955,0.167,0.268,1,0.850848889815514,"Not significant",NA
"Vit",0.141142143618994,-0.584962500721156,0.125,0.214,1,0.850343290934541,"Not significant",NA
"Syt1",0.141448268363224,0.919829651316017,0.292,0.214,1,0.849402364890623,"Not significant",NA
"Ap3b2",0.141513049045362,-0.610497592828294,0.083,0.161,1,0.849203511608938,"Not significant",NA
"Ddx50",0.141513049045362,-0.610497592828294,0.083,0.161,1,0.849203511608938,"Not significant",NA
"Thrb",0.141860090261706,-0.308122295362332,0.222,0.339,1,0.848139768157667,"Not significant",NA
"Kmt2e",0.141892087421312,0.374395514781498,0.556,0.455,1,0.84804182219633,"Not significant",NA
"Chst10",0.141947346466531,-0.584962500721156,0.097,0.179,1,0.847872721670807,"Not significant",NA
"Dnajc18",0.141975411487009,0.774933444365227,0.139,0.071,1,0.847786863927981,"Not significant",NA
"Flywch1",0.142540277237777,0.637429920615292,0.208,0.125,1,0.846062400844806,"Not significant",NA
"Prkd1",0.143334939487802,-0.854423175714383,0.194,0.277,1,0.843647932581137,"Not significant",NA
"Ralgapb",0.143660544350235,0.762960802699151,0.139,0.071,1,0.842662492296042,"Not significant",NA
"Kdm4b",0.143748813393591,-0.329403215449509,0.208,0.321,1,0.842395731603497,"Not significant",NA
"Rpgrip1l",0.143873828832214,0.959358015502654,0.125,0.062,1,0.842018198609949,"Not significant",NA
"Agap2",0.143873828832214,0.959358015502654,0.125,0.062,1,0.842018198609949,"Not significant",NA
"Ly6h",0.143873828832214,0.959358015502654,0.125,0.062,1,0.842018198609949,"Not significant",NA
"Wiz",0.143873828832214,0.959358015502654,0.125,0.062,1,0.842018198609949,"Not significant",NA
"Zfp608",0.144500940126968,-0.337479098421878,0.264,0.384,1,0.840129327366768,"Not significant",NA
"A330023F24Rik",0.144504926002614,-0.635588573791124,0.153,0.241,1,0.840117348068063,"Not significant",NA
"Pdzd2",0.145279353731092,0.730539325006773,0.194,0.116,1,0.837796100758871,"Not significant",NA
"Scn8a",0.145363441336878,0.789433014060342,0.194,0.116,1,0.837544804082484,"Not significant",NA
"Pcmtd1",0.146062758370306,-0.795529486660814,0.125,0.205,1,0.835460502039829,"Not significant",NA
"Phyhipl",0.146437402953313,-0.50941146771398,0.139,0.232,1,0.834347981873591,"Not significant",NA
"Sez6l",0.146677844323589,0.19685732922931,0.181,0.098,1,0.833635481348807,"Not significant",NA
"Ptprm",0.1467183646002,-0.237039197300849,0.222,0.339,1,0.833515522521022,"Not significant",NA
"Tmem234",0.147390597400156,-0.478047296804644,0.125,0.214,1,0.831530220869613,"Not significant",NA
"Synj2bp",0.147529422596399,-0.362570079384708,0.069,0.143,1,0.83112135733345,"Not significant",NA
"Nap1l5",0.147639561106115,1.15200309344505,0.111,0.054,1,0.830797254518617,"Not significant",NA
"Bsn",0.147639561106115,1.15200309344505,0.111,0.054,1,0.830797254518617,"Not significant",NA
"Spast",0.147639561106115,1.28950661719499,0.111,0.054,1,0.830797254518617,"Not significant",NA
"Schip1",0.147917436608641,0.715432432616565,0.194,0.116,1,0.829980628054727,"Not significant",NA
"Mbnl2",0.148470591555342,-0.6463630453853,0.222,0.321,1,0.828359561094633,"Not significant",NA
"Clcn3",0.14848801298672,-0.584962500721156,0.083,0.161,1,0.828308604285116,"Not significant",NA
"Exoc6b",0.148709973365184,0.567040592723894,0.25,0.161,1,0.827659904159831,"Not significant",NA
"Tsc2",0.148875533673729,1.10691520391651,0.167,0.098,1,0.827176668692104,"Not significant",NA
"Kdm5a",0.149187261971412,-0.555215157327104,0.153,0.241,1,0.826268256566371,"Not significant",NA
"Mapk8ip3",0.149279860659679,0.526398608226548,0.292,0.196,1,0.825998778975126,"Not significant",NA
"Nkain2",0.149550417715571,0.504163389751828,0.5,0.42,1,0.825212369584759,"Not significant",NA
"Cpeb1",0.149707004601386,0.396421821111497,0.139,0.071,1,0.824757879092075,"Not significant",NA
"Stk25",0.149812547320486,0.843880798082718,0.181,0.107,1,0.824451811443981,"Not significant",NA
"Zmiz1",0.150895408957563,-0.543142325026529,0.167,0.259,1,0.821323973575823,"Not significant",NA
"Cplane1",0.151089654213849,-0.495020375408358,0.25,0.348,1,0.82076527273354,"Not significant",NA
"Pip5k1c",0.151282054418871,0.789433014060342,0.125,0.062,1,0.820212586379297,"Not significant",NA
"Zfp804b",0.151420628067782,1.58852032013435,0.181,0.116,1,0.819814956766181,"Not significant",NA
"Hnrnpr",0.151626444208224,-0.893084796083488,0.111,0.188,1,0.819225049547132,"Not significant",NA
"Sgcz",0.151862078344147,-0.243925582886089,0.153,0.25,1,0.81855066077828,"Not significant",NA
"Cep104",0.152805143596673,1,0.111,0.054,1,0.815862026663109,"Not significant",NA
"Sarnp",0.152805143596673,1,0.111,0.054,1,0.815862026663109,"Not significant",NA
"Cdc42se2",0.152805143596673,1,0.111,0.054,1,0.815862026663109,"Not significant",NA
"Ik",0.152805143596673,1,0.111,0.054,1,0.815862026663109,"Not significant",NA
"Rabgap1",0.153358445704721,-0.362570079384708,0.125,0.214,1,0.81429230170331,"Not significant",NA
"Ttc4",0.153453057164804,0.740523413579395,0.292,0.205,1,0.814024454924705,"Not significant",NA
"Dis3l2",0.153736997175206,-0.857334771134286,0.125,0.205,1,0.813221605919113,"Not significant",NA
"Ctnna2",0.153790662521878,0.580846392248924,0.486,0.42,1,0.813070032144004,"Not significant",NA
"Ntm",0.154335187079304,-0.0887086430665587,0.931,0.973,1,0.811535047286088,"Not significant",NA
"Large1",0.154551539788703,-0.635588573791124,0.139,0.223,1,0.810926663726487,"Not significant",NA
"Snap91",0.15474443148996,0.959358015502654,0.111,0.054,1,0.810384970202483,"Not significant",NA
"Zfp280d",0.15514072929915,-1.2556548754682,0.083,0.152,1,0.809274171317436,"Not significant",NA
"Dync2h1",0.155431255595518,-0.401044227199344,0.319,0.438,1,0.808461644687211,"Not significant",NA
"Hook3",0.156210511375709,-0.947532580105864,0.097,0.17,1,0.80628974588206,"Not significant",NA
"Crebzf",0.15633933376599,0.959358015502654,0.167,0.098,1,0.805931743104055,"Not significant",NA
"Dbn1",0.156339940730593,1.22239242133645,0.167,0.098,1,0.805930057022506,"Not significant",NA
"Xkr4",0.156614579980891,0.85982234195174,0.25,0.17,1,0.805167809899404,"Not significant",NA
"Cpeb3",0.15746157324141,-0.500073603134643,0.167,0.259,1,0.80282541371802,"Not significant",NA
"Thoc2",0.158125725974554,-0.218180170049533,0.194,0.295,1,0.800997467576429,"Not significant",NA
"Alcam",0.15832418891458,-0.398193989115429,0.194,0.295,1,0.800452728159792,"Not significant",NA
"1110019D14Rik",0.158585297465722,-1.12810482574769,0.056,0.116,1,0.799737078843681,"Not significant",NA
"Entpd1",0.158587685493219,-1.28856949794093,0.056,0.116,1,0.799730539149442,"Not significant",NA
"Pwwp3a",0.158960936872938,0.499926396865357,0.125,0.062,1,0.798709586276021,"Not significant",NA
"Rmdn1",0.159109147277516,-0.84799690655495,0.111,0.188,1,0.798304851793057,"Not significant",NA
"Fstl1",0.159377209839225,-0.947532580105864,0.083,0.152,1,0.79757378048501,"Not significant",NA
"Gm16759",0.159852167422112,-0.662130361243616,0.125,0.205,1,0.796281470789967,"Not significant",NA
"Map3k3",0.159926907862283,0.730539325006773,0.181,0.107,1,0.796078459624817,"Not significant",NA
"Gramd4",0.159943169397699,-0.295455883526171,0.083,0.161,1,0.796034302352183,"Not significant",NA
"Clip3",0.160111089690137,0.637429920615292,0.111,0.054,1,0.795578586728808,"Not significant",NA
"Ccser2",0.160111089690137,0.807354922057604,0.111,0.054,1,0.795578586728808,"Not significant",NA
"Cerk",0.160111089690137,0.807354922057604,0.111,0.054,1,0.795578586728808,"Not significant",NA
"Dmxl1",0.160433503314402,-0.741081702638438,0.111,0.188,1,0.79470493290226,"Not significant",NA
"Sox6",0.160677769131091,-0.124410342189944,0.361,0.509,1,0.794044206693806,"Not significant",NA
"Ttc17",0.160912205265523,-0.822001698022006,0.097,0.17,1,0.793411013213388,"Not significant",NA
"Zswim8",0.160912205265523,-0.822001698022006,0.097,0.17,1,0.793411013213388,"Not significant",NA
"Arhgef26",0.160969890566615,-0.280107919192735,0.292,0.402,1,0.793255351195874,"Not significant",NA
"Pot1b",0.161161197572125,-1.0630097975258,0.083,0.152,1,0.792739514074469,"Not significant",NA
"9330159F19Rik",0.161171747920741,0.39231742277876,0.306,0.205,1,0.792711084103213,"Not significant",NA
"Snrnp70",0.161674703042597,-0.14017765804826,0.528,0.688,1,0.791357928074242,"Not significant",NA
"Dlgap1",0.161818441867525,0.286809149832218,0.806,0.866,1,0.790971984918463,"Not significant",NA
"Ncoa5",0.16186787959145,-1.04064198449735,0.056,0.116,1,0.790839322340888,"Not significant",NA
"Mlxip",0.16186787959145,-1.04064198449735,0.056,0.116,1,0.790839322340888,"Not significant",NA
"Dus3l",0.16186787959145,-1.04064198449735,0.056,0.116,1,0.790839322340888,"Not significant",NA
"Cep162",0.161868682015452,-1.12810482574769,0.056,0.116,1,0.790837169427949,"Not significant",NA
"Epn2",0.161868682015452,-1.12810482574769,0.056,0.116,1,0.790837169427949,"Not significant",NA
"Rbfox1",0.161878725796067,1.07913537035622,0.417,0.366,1,0.790810222750416,"Not significant",NA
"Mon2",0.162857216088623,-0.229303548521244,0.139,0.232,1,0.788192993389938,"Not significant",NA
"Slc25a18",0.163279810982775,-0.597035333021731,0.208,0.295,1,0.787067511042999,"Not significant",NA
"Ank",0.163406307581744,0.871895174252315,0.208,0.134,1,0.786731183451862,"Not significant",NA
"Zfp207",0.163694422870398,-0.877143252214467,0.083,0.152,1,0.785966116909815,"Not significant",NA
"Ccpg1",0.164301761167784,0.85982234195174,0.167,0.098,1,0.784357781291956,"Not significant",NA
"Gle1",0.164339073794777,-0.947532580105864,0.069,0.134,1,0.784259165013307,"Not significant",NA
"Rgs12",0.164339073794777,-0.947532580105864,0.069,0.134,1,0.784259165013307,"Not significant",NA
"2810004N23Rik",0.164339073794777,-0.947532580105864,0.069,0.134,1,0.784259165013307,"Not significant",NA
"Plscr4",0.164674093402774,-0.947532580105864,0.069,0.134,1,0.783374718845952,"Not significant",NA
"Rab14",0.165189039845902,-0.947532580105864,0.056,0.116,1,0.782018771133983,"Not significant",NA
"Tpp1",0.165189039845902,-0.947532580105864,0.056,0.116,1,0.782018771133983,"Not significant",NA
"Mta1",0.165189039845902,-0.947532580105864,0.056,0.116,1,0.782018771133983,"Not significant",NA
"Hnrnpc",0.165189039845902,-0.947532580105864,0.056,0.116,1,0.782018771133983,"Not significant",NA
"Dcaf11",0.165189039845902,-0.947532580105864,0.056,0.116,1,0.782018771133983,"Not significant",NA
"Hnrnpll",0.165189039845902,-0.947532580105864,0.056,0.116,1,0.782018771133983,"Not significant",NA
"Fam13b",0.165547352143743,0.900464326449085,0.167,0.098,1,0.781077761203412,"Not significant",NA
"Ubxn4",0.165697569390807,-0.684498174272071,0.111,0.188,1,0.780683862177541,"Not significant",NA
"Dhx30",0.165710656427053,-0.754887502163469,0.097,0.17,1,0.780649562319018,"Not significant",NA
"Dlgap4",0.165718125549003,0.781819829950467,0.222,0.143,1,0.780629987685647,"Not significant",NA
"Arhgef4",0.165999614772499,-0.134301091711591,0.333,0.446,1,0.77989291980556,"Not significant",NA
"Map4",0.166089000700305,-0.409875794163065,0.139,0.223,1,0.779659127893794,"Not significant",NA
"Arhgef19",0.166888949737255,-0.810029056355929,0.139,0.214,1,0.777572418425673,"Not significant",NA
"Ddx39b",0.167437557984667,0.637429920615292,0.181,0.107,1,0.776147118648811,"Not significant",NA
"Umad1",0.168087504398691,-0.877143252214467,0.083,0.152,1,0.774464570750918,"Not significant",NA
"Per2",0.168243698715647,-0.865070419913891,0.069,0.134,1,0.774061192567702,"Not significant",NA
"Setdb1",0.168243698715647,-0.865070419913891,0.069,0.134,1,0.774061192567702,"Not significant",NA
"Chmp2a",0.168243698715647,-0.865070419913891,0.069,0.134,1,0.774061192567702,"Not significant",NA
"Xpo6",0.168243698715647,-0.865070419913891,0.069,0.134,1,0.774061192567702,"Not significant",NA
"P4htm",0.168243698715647,-0.865070419913891,0.069,0.134,1,0.774061192567702,"Not significant",NA
"Med12",0.168243698715647,-0.865070419913891,0.069,0.134,1,0.774061192567702,"Not significant",NA
"Shisa4",0.168548901944716,-0.84799690655495,0.056,0.116,1,0.773274072457183,"Not significant",NA
"Itprid2",0.168548901944716,-0.84799690655495,0.056,0.116,1,0.773274072457183,"Not significant",NA
"Ttc5",0.168548901944716,-0.84799690655495,0.056,0.116,1,0.773274072457183,"Not significant",NA
"Mapk14",0.168548901944716,-0.84799690655495,0.056,0.116,1,0.773274072457183,"Not significant",NA
"Cpeb4",0.168627162211957,0.573299583195576,0.264,0.179,1,0.773072468568661,"Not significant",NA
"Cuedc1",0.169103810846763,-0.514573172829758,0.306,0.393,1,0.771846605228563,"Not significant",NA
"Phf20",0.169869105406708,0.511899038531433,0.264,0.179,1,0.769885600362501,"Not significant",NA
"Hacd2",0.170886286808728,-0.652076696579693,0.083,0.152,1,0.7672927869121,"Not significant",NA
"Cacnb2",0.171578290398931,0.932885804141463,0.236,0.161,1,0.765537663785699,"Not significant",NA
"Gm47283",0.171622096803131,0.664396968215561,0.403,0.348,1,0.76542679631335,"Not significant",NA
"Nf1",0.171772801111476,-0.462105752935623,0.236,0.33,1,0.76504560221808,"Not significant",NA
"Nup214",0.1722055660544,-0.777607578663552,0.069,0.134,1,0.76395281532345,"Not significant",NA
"Srsf6",0.1722055660544,-0.777607578663552,0.069,0.134,1,0.76395281532345,"Not significant",NA
"Gabrg1",0.1722055660544,-0.777607578663552,0.069,0.134,1,0.76395281532345,"Not significant",NA
"Nlk",0.1722055660544,-0.777607578663552,0.069,0.134,1,0.76395281532345,"Not significant",NA
"Srp72",0.172557030721801,-0.725140158769417,0.083,0.152,1,0.763067340971297,"Not significant",NA
"Napa",0.172557030721801,-0.725140158769417,0.083,0.152,1,0.763067340971297,"Not significant",NA
"Cpsf6",0.172557030721801,-0.725140158769417,0.083,0.152,1,0.763067340971297,"Not significant",NA
"Kdm3b",0.172557030721801,-0.725140158769417,0.083,0.152,1,0.763067340971297,"Not significant",NA
"Khdrbs2",0.172971155448182,1.40296466697827,0.139,0.08,1,0.762026313484666,"Not significant",NA
"Slc24a2",0.172971155448182,1.31550182572793,0.139,0.08,1,0.762026313484666,"Not significant",NA
"Cped1",0.173256362872856,-0.777607578663552,0.056,0.116,1,0.761310806875882,"Not significant",NA
"Nrd1",0.173304562284311,0.843880798082718,0.278,0.205,1,0.761190004228838,"Not significant",NA
"Agap3",0.174187869851096,0.719892080807265,0.208,0.134,1,0.758982091809174,"Not significant",NA
"Unk",0.174426259024787,0.637429920615292,0.167,0.098,1,0.758388133559975,"Not significant",NA
"Arhgef10l",0.174438202968396,-0.301169534720565,0.208,0.321,1,0.75835839600073,"Not significant",NA
"Ccser1",0.175897858197869,0.53051471669878,0.333,0.241,1,0.754739448652316,"Not significant",NA
"Cltc",0.176740828894024,-0.725140158769417,0.069,0.134,1,0.75266311254693,"Not significant",NA
"Kif1c",0.176766948391206,-0.684498174272071,0.056,0.116,1,0.752598935438276,"Not significant",NA
"Gk",0.176923319011172,-0.684498174272071,0.083,0.152,1,0.752214922034082,"Not significant",NA
"Ptprs",0.177178824151363,-0.511433465299191,0.25,0.339,1,0.751588184840402,"Not significant",NA
"Nrxn3",0.177460817140069,-0.189421177068109,0.569,0.652,1,0.750897523050335,"Not significant",NA
"Galnt18",0.178039234533411,-0.400044784803371,0.194,0.286,1,0.749484281602672,"Not significant",NA
"Il1rapl1",0.178049925547158,0.511899038531433,0.486,0.411,1,0.749458203593014,"Not significant",NA
"Wdr7",0.178952438942891,-0.625604485218502,0.097,0.17,1,0.747262378233904,"Not significant",NA
"D3Ertd751e",0.178955575421882,-1,0.111,0.179,1,0.747254766470747,"Not significant",NA
"Rpl21",0.179235085017064,-0.66923141761876,0.194,0.277,1,0.7465769738152,"Not significant",NA
"Gpr158",0.179302268645232,1.20133080580862,0.25,0.179,1,0.74641421543574,"Not significant",NA
"Thrap3",0.179364828393984,-0.532495080827021,0.181,0.268,1,0.746262713643843,"Not significant",NA
"Rab34",0.179589124722969,-0.684498174272071,0.167,0.25,1,0.745719966197706,"Not significant",NA
"Ank2",0.179694095380493,-0.222562600639611,0.833,0.884,1,0.745466193262758,"Not significant",NA
"Kcnma1",0.179748413729717,-0.269460674993227,0.375,0.482,1,0.745334933554096,"Not significant",NA
"Rev1",0.179909398921405,0.878438020119086,0.153,0.089,1,0.74494614742112,"Not significant",NA
"Ssbp3",0.179909398921405,0.878438020119086,0.153,0.089,1,0.74494614742112,"Not significant",NA
"Runx1t1",0.180317479995087,-0.584962500721156,0.056,0.116,1,0.743962170685034,"Not significant",NA
"Zfp1",0.180317479995087,-0.584962500721156,0.056,0.116,1,0.743962170685034,"Not significant",NA
"Foxo3",0.180317479995087,-0.584962500721156,0.056,0.116,1,0.743962170685034,"Not significant",NA
"Gstt1",0.180317479995087,-0.362570079384708,0.056,0.116,1,0.743962170685034,"Not significant",NA
"Nktr",0.180383437993909,0.509674373416919,0.472,0.384,1,0.743803339953997,"Not significant",NA
"Dlgap2",0.180798889217385,1.17799830197799,0.139,0.08,1,0.742804242047835,"Not significant",NA
"Tom1l1",0.180880237719808,-0.642677998577444,0.069,0.134,1,0.742608879895706,"Not significant",NA
"Tlk2",0.180880237719808,-0.642677998577444,0.069,0.134,1,0.742608879895706,"Not significant",NA
"Dnajb2",0.180993412691371,0.85982234195174,0.153,0.089,1,0.742337231118926,"Not significant",NA
"Pan3",0.182200867514348,-0.500073603134643,0.111,0.188,1,0.739449559548547,"Not significant",NA
"Nsd3",0.183115307299622,-0.68449817427207,0.139,0.214,1,0.737275349866024,"Not significant",NA
"Pkp4",0.18475487837144,0.637429920615292,0.208,0.134,1,0.733404085426637,"Not significant",NA
"Cep120",0.185078730479535,-0.555215157327104,0.069,0.134,1,0.732643488141362,"Not significant",NA
"Rps6kb2",0.185489613916478,0.476965248422045,0.208,0.134,1,0.731680402733792,"Not significant",NA
"Ccdc85a",0.186348576978969,-0.362570079384708,0.083,0.152,1,0.72967391931766,"Not significant",NA
"Rhot1",0.186348576978969,-0.532495080827021,0.083,0.152,1,0.72967391931766,"Not significant",NA
"Mphosph8",0.187006242928836,-0.313660478903762,0.125,0.205,1,0.728143894937896,"Not significant",NA
"Cspg5",0.187042080296089,-0.231325546106456,0.181,0.277,1,0.728060675899473,"Not significant",NA
"Ppp2r3a",0.187381863789412,-0.616326671630492,0.153,0.232,1,0.727272445664568,"Not significant",NA
"Adcyap1r1",0.188061935827171,-0.569020956852135,0.153,0.232,1,0.725699097767364,"Not significant",NA
"Exoc7",0.188263706066712,0.762960802699151,0.153,0.089,1,0.725233396256297,"Not significant",NA
"Ccdc30",0.1885395962657,1.31550182572793,0.139,0.08,1,0.724597427241688,"Not significant",NA
"Zeb2",0.188759488273278,-0.237039197300849,0.153,0.241,1,0.724091208699256,"Not significant",NA
"Daam1",0.188904003853714,-0.276840205358824,0.236,0.339,1,0.723758837032393,"Not significant",NA
"Wdr20",0.189409830703367,0.752907138035228,0.153,0.089,1,0.722597484100282,"Not significant",NA
"Eci2",0.189829001725368,-0.857334771134286,0.125,0.196,1,0.721637436128423,"Not significant",NA
"Swt1",0.190076589953135,-0.599609276685558,0.153,0.232,1,0.721071368038446,"Not significant",NA
"Pde7b",0.190719056830332,-0.362570079384708,0.403,0.509,1,0.719605909666343,"Not significant",NA
"Gripap1",0.190853396526418,-0.242275845666996,0.208,0.304,1,0.71930010671538,"Not significant",NA
"Dpysl2",0.192111397505779,0.724892761865631,0.194,0.125,1,0.716446868730018,"Not significant",NA
"Bag6",0.192337187448194,0.53051471669878,0.167,0.098,1,0.715936738943239,"Not significant",NA
"Flii",0.192664701631032,-0.362570079384708,0.056,0.116,1,0.715197845754938,"Not significant",NA
"Fgfr2",0.193347067659791,-0.603578178888503,0.139,0.214,1,0.713662410137743,"Not significant",NA
"Nsmf",0.19431059481165,0.637429920615292,0.347,0.277,1,0.711503518788835,"Not significant",NA
"Slit2",0.1947827801196,-0.599609276685558,0.139,0.214,1,0.710449439806466,"Not significant",NA
"Fam172a",0.194904497675172,-0.31194400631474,0.25,0.348,1,0.710178138855848,"Not significant",NA
"Dagla",0.195022395242053,-0.432959407276106,0.097,0.17,1,0.709915513911446,"Not significant",NA
"Mir99ahg",0.196082743069414,-0.293857329300694,0.569,0.679,1,0.707560626217539,"Not significant",NA
"Eno2",0.196685327199899,0.900464326449085,0.139,0.08,1,0.706228037405527,"Not significant",NA
"Zcchc24",0.196858736766856,-0.313660478903762,0.153,0.232,1,0.705845306068387,"Not significant",NA
"Trip11",0.197384336625716,-0.29218075149331,0.208,0.304,1,0.70468731360619,"Not significant",NA
"Pgap1",0.197840825807911,0.878438020119086,0.139,0.08,1,0.703684083853238,"Not significant",NA
"Trappc10",0.198100962777892,0.637429920615292,0.153,0.089,1,0.70311341376933,"Not significant",NA
"Agap1",0.19845603039053,0.511899038531433,0.25,0.17,1,0.702335699853115,"Not significant",NA
"Cbarp",0.198606966018558,1.16794463731407,0.125,0.071,1,0.70200552295864,"Not significant",NA
"Rap1gds1",0.198626672822266,-0.362570079384708,0.069,0.134,1,0.701962432166339,"Not significant",NA
"Cnot3",0.199721949772867,0.752907138035228,0.139,0.08,1,0.699574202823898,"Not significant",NA
"Prpf40b",0.200146334201073,0.789433014060342,0.222,0.152,1,0.698652359847285,"Not significant",NA
"Msi1",0.201656265764359,-0.269460674993227,0.056,0.116,1,0.695388279262067,"Not significant",NA
"Klf12",0.201754674875419,-0.326946169653987,0.319,0.42,1,0.695176393413446,"Not significant",NA
"Sfi1",0.202610032783076,0.637429920615292,0.194,0.125,1,0.693339053178862,"Not significant",NA
"Ptk2",0.202923659130085,-0.597035333021731,0.208,0.286,1,0.692667315063107,"Not significant",NA
"Col4a2",0.203018720119891,-0.716207033999409,0.111,0.179,1,0.692463914451681,"Not significant",NA
"Atp8a1",0.203390624126238,-0.584962500721156,0.139,0.214,1,0.691669071000733,"Not significant",NA
"Rbm26",0.20430629557479,-0.514573172829758,0.194,0.277,1,0.689718250639868,"Not significant",NA
"Gramd1a",0.20464897196504,-1.23703919730085,0.069,0.125,1,0.688990432650922,"Not significant",NA
"Ube2e2",0.205091682792025,0.336260385894727,0.472,0.357,1,0.688051951483265,"Not significant",NA
"Stau2",0.205193629798136,0.762960802699151,0.222,0.152,1,0.687836125950383,"Not significant",NA
"Metap2",0.205330552928571,0.878438020119086,0.139,0.08,1,0.687546423347224,"Not significant",NA
"Slc25a23",0.206179042198038,0.438121112391885,0.292,0.205,1,0.685755482216056,"Not significant",NA
"Ankrd11",0.206261540398372,-0.397335497545385,0.375,0.473,1,0.68558174318473,"Not significant",NA
"2210016L21Rik",0.206293490814509,0.762960802699151,0.139,0.08,1,0.685514475119136,"Not significant",NA
"Zfp653",0.206293490814509,0.762960802699151,0.139,0.08,1,0.685514475119136,"Not significant",NA
"Myo9a",0.206416824717637,0.599955215196629,0.361,0.286,1,0.68525490692741,"Not significant",NA
"Mettl24",0.206526617962649,1.05246741989414,0.125,0.071,1,0.685023966819616,"Not significant",NA
"Dync1i1",0.206527485950459,1.16794463731407,0.125,0.071,1,0.685022141575355,"Not significant",NA
"Slco1c1",0.206878722802843,-0.0995356735509143,0.167,0.25,1,0.684284173638226,"Not significant",NA
"Megf10",0.207770141040415,-0.520111356371189,0.139,0.214,1,0.682416865407974,"Not significant",NA
"Celf1",0.209360561029991,-0.652076696579693,0.111,0.179,1,0.679105126574218,"Not significant",NA
"Usp9x",0.209360561029991,-0.652076696579693,0.111,0.179,1,0.679105126574218,"Not significant",NA
"Nim1k",0.209378447692922,-0.478047296804644,0.222,0.312,1,0.679068024327456,"Not significant",NA
"Gtf2ird1",0.209679818664852,-0.419153607751076,0.25,0.339,1,0.67844336764753,"Not significant",NA
"Tmcc3",0.209994543786543,-0.437858206688945,0.444,0.536,1,0.677791989238368,"Not significant",NA
"Usp53",0.210235196523804,-0.877143252214467,0.083,0.143,1,0.677294574813604,"Not significant",NA
"Ccdc28b",0.210237278705636,-1.0146467759644,0.083,0.143,1,0.677290273556646,"Not significant",NA
"Grin1",0.210439265875592,1,0.167,0.107,1,0.676873221923041,"Not significant",NA
"Uggt2",0.210762606541917,0.698830465279435,0.25,0.179,1,0.676206439062185,"Not significant",NA
"Brd9",0.210816987746378,0.724892761865631,0.292,0.223,1,0.67609439636625,"Not significant",NA
"Zhx2",0.211131467630376,-0.255654875468196,0.194,0.277,1,0.675447033391755,"Not significant",NA
"Galnt16",0.211249157978106,0.381090167355506,0.375,0.286,1,0.675205013437162,"Not significant",NA
"Mtdh",0.211502568211973,-0.478047296804644,0.139,0.214,1,0.674684354749854,"Not significant",NA
"Zc3h7a",0.211570898856574,-0.741081702638438,0.111,0.179,1,0.674544068844623,"Not significant",NA
"Ankrd12",0.211694987309182,0.228624375047963,0.486,0.384,1,0.67428942544651,"Not significant",NA
"Snhg20",0.213242400828138,-0.160936218215058,0.208,0.304,1,0.671126436536574,"Not significant",NA
"Sfpq",0.213417986325313,0.383673328369509,0.306,0.223,1,0.670768982134309,"Not significant",NA
"Chd7",0.213625276217726,0.337869638756384,0.375,0.277,1,0.670347362727582,"Not significant",NA
"Phf14",0.213812580523257,-0.400044784803371,0.208,0.295,1,0.669966744912605,"Not significant",NA
"Rnf144a",0.214229605815515,-1.02553509210714,0.069,0.125,1,0.669120511310756,"Not significant",NA
"Cntnap5b",0.21466139276591,1.16794463731407,0.125,0.071,1,0.668246057177238,"Not significant",NA
"Nsd2",0.21466139276591,0.926936537810277,0.125,0.071,1,0.668246057177238,"Not significant",NA
"Ypel3",0.21466139276591,1.05246741989414,0.125,0.071,1,0.668246057177238,"Not significant",NA
"Ube2v2",0.21466139276591,0.926936537810277,0.125,0.071,1,0.668246057177238,"Not significant",NA
"Cdh4",0.214857827728069,1.01594154386902,0.125,0.071,1,0.667848819419318,"Not significant",NA
"Exosc10",0.214857827728069,1.01594154386902,0.125,0.071,1,0.667848819419318,"Not significant",NA
"Ptpn5",0.21499435322321,0.637429920615292,0.139,0.08,1,0.667572946578375,"Not significant",NA
"Prkca",0.215365118455406,0.347923303420307,0.333,0.25,1,0.666824635713347,"Not significant",NA
"Supt20",0.215662065791264,-0.80314267077069,0.083,0.143,1,0.666226239071579,"Not significant",NA
"Ppil6",0.215662065791264,-0.80314267077069,0.083,0.143,1,0.666226239071579,"Not significant",NA
"Gfm2",0.215662065791264,-0.80314267077069,0.083,0.143,1,0.666226239071579,"Not significant",NA
"Abcd2",0.216019709322809,-0.754887502163469,0.097,0.161,1,0.665506622647027,"Not significant",NA
"Syne2",0.217220121554284,0.315501825727929,0.139,0.08,1,0.663099947613397,"Not significant",NA
"Tial1",0.21731201891531,-0.610497592828294,0.194,0.268,1,0.662916253411412,"Not significant",NA
"Amd1",0.219121904106683,-0.865070419913891,0.069,0.125,1,0.659314206842847,"Not significant",NA
"Sec24a",0.219121904106683,-0.865070419913891,0.069,0.125,1,0.659314206842847,"Not significant",NA
"Stx8",0.219121904106683,-0.865070419913891,0.069,0.125,1,0.659314206842847,"Not significant",NA
"Adra1a",0.219121904106683,-0.865070419913891,0.069,0.125,1,0.659314206842847,"Not significant",NA
"Fibp",0.219121904106683,-0.865070419913891,0.069,0.125,1,0.659314206842847,"Not significant",NA
"Acbd5",0.219122702075502,-1.02553509210714,0.069,0.125,1,0.659312625290217,"Not significant",NA
"Pxk",0.219254811350634,-0.947532580105864,0.056,0.107,1,0.659050867653579,"Not significant",NA
"Zfp523",0.219254811350634,-0.947532580105864,0.056,0.107,1,0.659050867653579,"Not significant",NA
"Akap17b",0.219255742353102,-1.04064198449735,0.056,0.107,1,0.65904902355094,"Not significant",NA
"Enox1",0.219370133124023,0.781819829950467,0.208,0.143,1,0.658822501202419,"Not significant",NA
"Clmn",0.220094466009909,-0.0564669516590284,0.25,0.357,1,0.657390877081246,"Not significant",NA
"Fam135a",0.221176769164581,-0.725140158769417,0.083,0.143,1,0.655260490176803,"Not significant",NA
"Thoc1",0.221176769164581,-0.725140158769417,0.083,0.143,1,0.655260490176803,"Not significant",NA
"Psmd4",0.221753218796706,0.843880798082718,0.167,0.107,1,0.654130067570634,"Not significant",NA
"Irak2",0.221753218796706,0.843880798082718,0.167,0.107,1,0.654130067570634,"Not significant",NA
"Grin2b",0.221998081270074,0.679250096309919,0.292,0.223,1,0.653650779141344,"Not significant",NA
"Rpl13a",0.222035223422596,0.830074998557687,0.167,0.107,1,0.65357812408708,"Not significant",NA
"Ipo9",0.222099906087308,-0.610497592828294,0.097,0.161,1,0.653451625088502,"Not significant",NA
"Acaa1a",0.222526008101355,0.637429920615292,0.181,0.116,1,0.652619222818752,"Not significant",NA
"Snap47",0.223013432512433,0.789433014060342,0.125,0.071,1,0.651668977802341,"Not significant",NA
"Myh10",0.223013432512433,0.789433014060342,0.125,0.071,1,0.651668977802341,"Not significant",NA
"Plec",0.223013432512433,0.789433014060342,0.125,0.071,1,0.651668977802341,"Not significant",NA
"Cxxc5",0.223013432512433,0.789433014060342,0.125,0.071,1,0.651668977802341,"Not significant",NA
"Rgma",0.223441355300071,-0.652076696579693,0.319,0.384,1,0.650836443053752,"Not significant",NA
"Invs",0.223546906947216,-0.84799690655495,0.056,0.107,1,0.65063133476508,"Not significant",NA
"Dhdds",0.223546906947216,-0.84799690655495,0.056,0.107,1,0.65063133476508,"Not significant",NA
"Phrf1",0.223546906947216,-0.947532580105864,0.056,0.107,1,0.65063133476508,"Not significant",NA
"Vps37a",0.223546906947216,-0.84799690655495,0.056,0.107,1,0.65063133476508,"Not significant",NA
"Lrrc49",0.223546906947216,-0.84799690655495,0.056,0.107,1,0.65063133476508,"Not significant",NA
"Tbc1d10a",0.223546906947216,-0.84799690655495,0.056,0.107,1,0.65063133476508,"Not significant",NA
"Stat5b",0.223546906947216,-0.947532580105864,0.056,0.107,1,0.65063133476508,"Not significant",NA
"March6",0.223546906947216,-0.84799690655495,0.056,0.107,1,0.65063133476508,"Not significant",NA
"Tns1",0.224083409422476,-0.777607578663552,0.069,0.125,1,0.649590296356465,"Not significant",NA
"Relch",0.224083409422476,-0.777607578663552,0.069,0.125,1,0.649590296356465,"Not significant",NA
"Mpv17",0.224083409422476,-0.777607578663552,0.069,0.125,1,0.649590296356465,"Not significant",NA
"Lta4h",0.224083409422476,-0.865070419913891,0.069,0.125,1,0.649590296356465,"Not significant",NA
"Abhd6",0.224083409422476,-0.777607578663552,0.069,0.125,1,0.649590296356465,"Not significant",NA
"Zdhhc20",0.224083409422476,-0.777607578663552,0.069,0.125,1,0.649590296356465,"Not significant",NA
"Eif4a2",0.224083409422476,-0.777607578663552,0.069,0.125,1,0.649590296356465,"Not significant",NA
"Hdgfl2",0.224083409422476,-0.777607578663552,0.069,0.125,1,0.649590296356465,"Not significant",NA
"Kidins220",0.224112407884066,-0.380948608699563,0.361,0.455,1,0.649534098277931,"Not significant",NA
"Zfp462",0.224997217734754,-0.532495080827021,0.264,0.339,1,0.647822852243813,"Not significant",NA
"Map7",0.225232118149809,0.511899038531433,0.139,0.08,1,0.647369678915553,"Not significant",NA
"Kdm6b",0.225232118149809,0.511899038531433,0.139,0.08,1,0.647369678915553,"Not significant",NA
"Garem1",0.22540554185855,-0.684498174272071,0.083,0.143,1,0.647035410521497,"Not significant",NA
"Tnrc6b",0.225514002408034,0.310265177361782,0.5,0.411,1,0.646826487135265,"Not significant",NA
"Abhd12",0.226779802139011,-0.642677998577444,0.083,0.143,1,0.644395627954561,"Not significant",NA
"Sort1",0.226779802139011,-0.642677998577444,0.083,0.143,1,0.644395627954561,"Not significant",NA
"Mettl7a1",0.226779802139011,-0.642677998577444,0.083,0.143,1,0.644395627954561,"Not significant",NA
"Oga",0.226779802139011,-0.642677998577444,0.083,0.143,1,0.644395627954561,"Not significant",NA
"Thra",0.227246906318792,0.493040011280117,0.222,0.152,1,0.643502020439648,"Not significant",NA
"Gprc5b",0.227810711303987,-0.555215157327104,0.139,0.205,1,0.642425859928331,"Not significant",NA
"Eif3a",0.227832455202184,-0.569020956852135,0.153,0.223,1,0.642384409707178,"Not significant",NA
"Lypla1",0.227885545539784,-0.741081702638438,0.056,0.107,1,0.642283220635301,"Not significant",NA
"Cflar",0.227885545539784,-0.741081702638438,0.056,0.107,1,0.642283220635301,"Not significant",NA
"Tdrd7",0.227885545539784,-0.741081702638438,0.056,0.107,1,0.642283220635301,"Not significant",NA
"Hsd17b11",0.227885545539784,-0.741081702638438,0.056,0.107,1,0.642283220635301,"Not significant",NA
"Mbd6",0.227885545539784,-0.741081702638438,0.056,0.107,1,0.642283220635301,"Not significant",NA
"Cops3",0.227885545539784,-0.741081702638438,0.056,0.107,1,0.642283220635301,"Not significant",NA
"Bahcc1",0.227885545539784,-0.741081702638438,0.056,0.107,1,0.642283220635301,"Not significant",NA
"Spag1",0.227885545539784,-0.741081702638438,0.056,0.107,1,0.642283220635301,"Not significant",NA
"Cyp4f13",0.227885545539784,-0.741081702638438,0.056,0.107,1,0.642283220635301,"Not significant",NA
"Eml4",0.227885545539784,-0.741081702638438,0.056,0.107,1,0.642283220635301,"Not significant",NA
"Arhgap12",0.227885545539784,-0.741081702638438,0.056,0.107,1,0.642283220635301,"Not significant",NA
"Esco1",0.227885545539784,-0.741081702638438,0.056,0.107,1,0.642283220635301,"Not significant",NA
"Srsf10",0.228246384151316,-0.777607578663552,0.056,0.107,1,0.641596093774253,"Not significant",NA
"Ptprt",0.228286057022977,-0.29218075149331,0.458,0.562,1,0.641520613007791,"Not significant",NA
"Tom1",0.228672462815591,-0.810029056355929,0.139,0.205,1,0.640786130833939,"Not significant",NA
"Ndufs1",0.229112025814562,-0.684498174272071,0.069,0.125,1,0.639952114617523,"Not significant",NA
"Usp37",0.229112025814562,-0.684498174272071,0.069,0.125,1,0.639952114617523,"Not significant",NA
"Fbxw8",0.229112025814562,-0.684498174272071,0.069,0.125,1,0.639952114617523,"Not significant",NA
"Tet3",0.229112025814562,-0.684498174272071,0.069,0.125,1,0.639952114617523,"Not significant",NA
"Elavl1",0.229112025814562,-0.684498174272071,0.069,0.125,1,0.639952114617523,"Not significant",NA
"Pfas",0.229112025814562,-0.684498174272071,0.069,0.125,1,0.639952114617523,"Not significant",NA
"Nr1d1",0.229112025814562,-0.684498174272071,0.069,0.125,1,0.639952114617523,"Not significant",NA
"Pmm1",0.229112025814562,-0.684498174272071,0.069,0.125,1,0.639952114617523,"Not significant",NA
"Ubr5",0.229603357569787,-0.362570079384708,0.444,0.527,1,0.639021765388308,"Not significant",NA
"Dab1",0.229951471771028,-0.285948797781796,0.25,0.348,1,0.638363806442235,"Not significant",NA
"4632427E13Rik",0.230328269776241,-0.564203940554359,0.097,0.161,1,0.637652754808892,"Not significant",NA
"Rreb1",0.230430354117791,0.364411426208876,0.278,0.196,1,0.63746031275941,"Not significant",NA
"Epc1",0.230820173398202,-0.362570079384708,0.139,0.214,1,0.636726237055949,"Not significant",NA
"Astn1",0.231072635263753,-0.450032920635048,0.292,0.375,1,0.636251482723505,"Not significant",NA
"Iws1",0.2316465730918,-0.652076696579693,0.097,0.161,1,0.635174120232377,"Not significant",NA
"Ccnl1",0.232279516407153,-0.413196152454677,0.139,0.214,1,0.633989086814379,"Not significant",NA
"Kcnc2",0.232508954086409,1.3743955147815,0.181,0.125,1,0.633560317460314,"Not significant",NA
"Ralgapa2",0.23257880829531,-0.514573172829758,0.097,0.161,1,0.633429859081721,"Not significant",NA
"Adar",0.23257880829531,-0.514573172829758,0.097,0.161,1,0.633429859081721,"Not significant",NA
"Crlf3",0.23257880829531,-0.514573172829758,0.097,0.161,1,0.633429859081721,"Not significant",NA
"Abtb2",0.233107111967648,-0.84799690655495,0.125,0.188,1,0.632444476195478,"Not significant",NA
"Fndc3b",0.233125949652543,0.736965594166206,0.167,0.107,1,0.632409381719004,"Not significant",NA
"Alms1",0.233125949652543,0.736965594166206,0.167,0.107,1,0.632409381719004,"Not significant",NA
"Atxn7",0.233217282725678,-0.532495080827021,0.153,0.223,1,0.632239269031906,"Not significant",NA
"Rgs20",0.233664476481008,-0.225066555634773,0.486,0.598,1,0.631407307466286,"Not significant",NA
"Erbin",0.233674650846331,-0.642677998577444,0.069,0.125,1,0.631388397555007,"Not significant",NA
"Slc38a9",0.233674650846331,-0.642677998577444,0.069,0.125,1,0.631388397555007,"Not significant",NA
"Gtdc1",0.233831372967451,0.959358015502654,0.111,0.062,1,0.631097220323156,"Not significant",NA
"Dap3",0.233831372967451,0.959358015502654,0.111,0.062,1,0.631097220323156,"Not significant",NA
"Mib2",0.233831372967451,0.959358015502654,0.111,0.062,1,0.631097220323156,"Not significant",NA
"Tmc4",0.233831372967451,0.959358015502654,0.111,0.062,1,0.631097220323156,"Not significant",NA
"Prkar1a",0.233831372967451,0.959358015502654,0.111,0.062,1,0.631097220323156,"Not significant",NA
"Ubxn6",0.233831372967451,0.959358015502654,0.111,0.062,1,0.631097220323156,"Not significant",NA
"Hnrnpa2b1",0.234146408883501,-0.177014426228632,0.486,0.598,1,0.630512498629452,"Not significant",NA
"Phf12",0.234529005449792,0.537894247064377,0.181,0.116,1,0.629803438118218,"Not significant",NA
"Tpr",0.235699916133778,0.343698717558582,0.333,0.25,1,0.627640572005349,"Not significant",NA
"Clasp2",0.23610404460114,-0.280107919192735,0.403,0.482,1,0.626896573137659,"Not significant",NA
"Gm29683",0.236308654765802,-0.684498174272071,0.056,0.107,1,0.626520372112033,"Not significant",NA
"Arrb1",0.236558154103207,-0.684498174272071,0.222,0.286,1,0.626062077330093,"Not significant",NA
"Dapk1",0.236739658855615,0.374395514781498,0.181,0.116,1,0.625728982546571,"Not significant",NA
"Rfc1",0.236940497388284,-0.532495080827021,0.083,0.143,1,0.625360704202762,"Not significant",NA
"2310022B05Rik",0.236940497388284,-0.532495080827021,0.083,0.143,1,0.625360704202762,"Not significant",NA
"Meis1",0.236940497388284,-0.532495080827021,0.083,0.143,1,0.625360704202762,"Not significant",NA
"Lrrtm4",0.237413805734348,0.0744937262241345,0.25,0.375,1,0.624494030200659,"Not significant",NA
"Slc25a21",0.237724609090696,-0.426700416804424,0.097,0.161,1,0.623925858073718,"Not significant",NA
"R3hdm1",0.238049378005196,-0.684498174272071,0.167,0.232,1,0.623332948947984,"Not significant",NA
"Nav1",0.238302344454367,0.959358015502654,0.208,0.152,1,0.622871684977983,"Not significant",NA
"Pclo",0.239111096879628,0.504979624591642,0.403,0.348,1,0.621400268293436,"Not significant",NA
"N4bp2l2",0.240809546918359,-0.684498174272071,0.125,0.188,1,0.61832629942512,"Not significant",NA
"Ssbp2",0.241410138719959,0.749904649873704,0.319,0.277,1,0.61724449439746,"Not significant",NA
"Dnajc10",0.241730510402522,-0.478047296804644,0.056,0.107,1,0.616668530960971,"Not significant",NA
"Stx16",0.241730510402522,-0.478047296804644,0.056,0.107,1,0.616668530960971,"Not significant",NA
"Ddx6",0.241730510402522,-0.478047296804644,0.056,0.107,1,0.616668530960971,"Not significant",NA
"Morf4l1",0.241730510402522,-0.478047296804644,0.056,0.107,1,0.616668530960971,"Not significant",NA
"Larp4b",0.241730510402522,-0.478047296804644,0.056,0.107,1,0.616668530960971,"Not significant",NA
"Stk19",0.241730510402522,-0.478047296804644,0.056,0.107,1,0.616668530960971,"Not significant",NA
"Lrrn2",0.242052793133567,0.807354922057604,0.111,0.062,1,0.616089901515153,"Not significant",NA
"Ccdc34",0.242052793133567,0.807354922057604,0.111,0.062,1,0.616089901515153,"Not significant",NA
"G3bp2",0.242052793133567,0.807354922057604,0.111,0.062,1,0.616089901515153,"Not significant",NA
"Ccdc174",0.242052793133567,0.807354922057604,0.111,0.062,1,0.616089901515153,"Not significant",NA
"Gga3",0.242052793133567,0.807354922057604,0.111,0.062,1,0.616089901515153,"Not significant",NA
"Cdk16",0.242052793133567,0.807354922057604,0.111,0.062,1,0.616089901515153,"Not significant",NA
"Wbp4",0.242250582132526,0.926936537810277,0.111,0.062,1,0.615735170658457,"Not significant",NA
"Huwe1",0.242285511185052,0.243766072129015,0.514,0.42,1,0.615672556149421,"Not significant",NA
"Arap2",0.242425894808254,-0.406964198743162,0.181,0.259,1,0.615420992708341,"Not significant",NA
"Git2",0.24317251359847,0.499926396865357,0.125,0.071,1,0.614085516024022,"Not significant",NA
"Clip2",0.24345610781984,0.774933444365227,0.111,0.062,1,0.613579325413924,"Not significant",NA
"Lrrtm3",0.24345610781984,0.789433014060342,0.111,0.062,1,0.613579325413924,"Not significant",NA
"Rcan1",0.24345610781984,0.789433014060342,0.111,0.062,1,0.613579325413924,"Not significant",NA
"Dnaja1",0.244165829349804,-0.269460674993227,0.069,0.125,1,0.612315115015221,"Not significant",NA
"Txlna",0.244165829349804,-0.269460674993227,0.069,0.125,1,0.612315115015221,"Not significant",NA
"Ccdc62",0.244165829349804,-0.269460674993227,0.069,0.125,1,0.612315115015221,"Not significant",NA
"Gpr162",0.244165829349804,-0.269460674993227,0.069,0.125,1,0.612315115015221,"Not significant",NA
"Frs2",0.244165829349804,-0.462105752935623,0.069,0.125,1,0.612315115015221,"Not significant",NA
"Aldoa",0.244242410217588,0.637429920615292,0.167,0.107,1,0.612178923010762,"Not significant",NA
"Ubtf",0.244242410217588,0.637429920615292,0.167,0.107,1,0.612178923010762,"Not significant",NA
"Prickle1",0.244269142954933,0.936990202474199,0.153,0.098,1,0.612131391359765,"Not significant",NA
"Cd2ap",0.244331841160043,-0.555215157327104,0.056,0.107,1,0.61201993237569,"Not significant",NA
"Ralgps1",0.244384235652279,0.797894592808538,0.194,0.134,1,0.611926812300344,"Not significant",NA
"Sympk",0.244882526656057,0.637429920615292,0.167,0.107,1,0.611042202411366,"Not significant",NA
"Grina",0.245385787051287,-0.741081702638438,0.194,0.259,1,0.610150595577864,"Not significant",NA
"Rtn4",0.245581631383531,0.537894247064377,0.167,0.107,1,0.609804119970223,"Not significant",NA
"Tbc1d9b",0.245729133916892,0.637429920615292,0.236,0.17,1,0.609543350034963,"Not significant",NA
"Dclk1",0.245817847252026,-0.280107919192735,0.278,0.366,1,0.609386588977265,"Not significant",NA
"Nxn",0.246135520250895,0.467504919172979,0.333,0.268,1,0.60882570797208,"Not significant",NA
"Ppp1r9a",0.246330247167161,0.160991876672305,0.486,0.384,1,0.608482257380323,"Not significant",NA
"Ep400",0.247529511264549,-0.584962500721156,0.139,0.205,1,0.606373015658492,"Not significant",NA
"Acss2",0.248398202508617,-0.532495080827021,0.139,0.205,1,0.604851551182307,"Not significant",NA
"Unc5d",0.248398202508617,-0.532495080827021,0.139,0.205,1,0.604851551182307,"Not significant",NA
"Wdpcp",0.249019280075367,-0.506959988719883,0.153,0.223,1,0.603767026774987,"Not significant",NA
"Ufd1",0.250975319958091,-0.225066555634773,0.097,0.161,1,0.600368983431322,"Not significant",NA
"Psmd1",0.251084375429807,-0.658025962910879,0.125,0.188,1,0.600180311881833,"Not significant",NA
"Smc3",0.251367875655027,-0.440572591385981,0.083,0.143,1,0.599690225127394,"Not significant",NA
"Rpl13",0.251928669756766,0.485426827170242,0.111,0.062,1,0.59872240650483,"Not significant",NA
"Akap7",0.251928669756766,0.637429920615292,0.111,0.062,1,0.59872240650483,"Not significant",NA
"Ddx41",0.251928669756766,0.637429920615292,0.111,0.062,1,0.59872240650483,"Not significant",NA
"Chsy1",0.252591487898443,-0.169925001442313,0.056,0.107,1,0.597581288859958,"Not significant",NA
"BC051142",0.252591487898443,-0.169925001442313,0.056,0.107,1,0.597581288859958,"Not significant",NA
"Wsb1",0.252672202589394,-0.777607578663552,0.111,0.17,1,0.597442533806521,"Not significant",NA
"Rbm25",0.252751126757108,0.546006892851697,0.625,0.607,1,0.597306899660586,"Not significant",NA
"1700012D14Rik",0.253323293423569,-0.128104825747685,0.069,0.125,1,0.596324874401292,"Not significant",NA
"Atp9a",0.253336726713883,0.637429920615292,0.111,0.062,1,0.596301845136591,"Not significant",NA
"6030443J06Rik",0.253353637960984,-0.362570079384708,0.097,0.161,1,0.596272855197911,"Not significant",NA
"Ehbp1",0.254304365402058,-0.540907320643221,0.208,0.286,1,0.594646184638476,"Not significant",NA
"Cul5",0.254758541309761,-0.532495080827021,0.125,0.188,1,0.593871246452004,"Not significant",NA
"Ano4",0.255833377342801,0.374395514781498,0.111,0.062,1,0.592042795861381,"Not significant",NA
"Svil",0.256134492713401,-0.255654875468196,0.056,0.107,1,0.591531932713141,"Not significant",NA
"Dclk2",0.256325866840523,0.752907138035228,0.153,0.098,1,0.591207565258364,"Not significant",NA
"Tspan12",0.256325866840523,0.752907138035228,0.153,0.098,1,0.591207565258364,"Not significant",NA
"Carmil1",0.256623113388701,-0.040641984497346,0.278,0.402,1,0.590704230404161,"Not significant",NA
"C2cd5",0.257012352191259,-0.478047296804644,0.139,0.205,1,0.590046003674189,"Not significant",NA
"Aldh1l1",0.257192880610902,-0.362570079384708,0.167,0.241,1,0.589741057342657,"Not significant",NA
"Gm17167",0.257789900707646,0.444784842672896,0.167,0.107,1,0.588734100764053,"Not significant",NA
"Rgs6",0.257809501627388,-0.138674067457873,0.542,0.589,1,0.588701080666475,"Not significant",NA
"Ncoa7",0.258632831996809,1.05246741989414,0.139,0.089,1,0.587316344691623,"Not significant",NA
"mt-Co2",0.258633942219833,0.541214605355989,0.417,0.357,1,0.587314480416717,"Not significant",NA
"Magi1",0.259745972511875,0.514573172829758,0.417,0.339,1,0.585451177666566,"Not significant",NA
"Gm973",0.2597678552919,-0.350888274337073,0.458,0.554,1,0.585414591265548,"Not significant",NA
"Czib",0.259875711533917,-0.269460674993227,0.069,0.125,1,0.585234308570216,"Not significant",NA
"Tshz1",0.259875711533917,-0.269460674993227,0.069,0.125,1,0.585234308570216,"Not significant",NA
"Cntn1",0.259876408611089,-0.260690465365494,0.361,0.446,1,0.585233143642715,"Not significant",NA
"Specc1",0.260151071389529,-0.546994650522135,0.125,0.188,1,0.584774381193652,"Not significant",NA
"Arl3",0.260238358284858,-0.652076696579693,0.111,0.17,1,0.584628689466735,"Not significant",NA
"Gria4",0.26058251849002,0.534336427651188,0.264,0.196,1,0.584054722844376,"Not significant",NA
"Atp2b4",0.261148472322737,-1.0146467759644,0.083,0.134,1,0.583112510373593,"Not significant",NA
"Tjp1",0.261764913662168,0.341974037089121,0.389,0.304,1,0.582088565669465,"Not significant",NA
"Wipf1",0.262701166818815,-0.741081702638438,0.111,0.17,1,0.580537998238493,"Not significant",NA
"Cbs",0.263552248626307,-0.39231742277876,0.222,0.295,1,0.579133274035133,"Not significant",NA
"A230057D06Rik",0.263631830708053,0.310265177361782,0.431,0.357,1,0.579002154524593,"Not significant",NA
"Fam120b",0.263968696861332,-0.822001698022006,0.097,0.152,1,0.578447571563643,"Not significant",NA
"Zc3h12b",0.264826111265188,-0.429684275243245,0.194,0.268,1,0.577039196651824,"Not significant",NA
"Pik3c2a",0.265822730172333,-0.421463768438277,0.139,0.205,1,0.575407885822363,"Not significant",NA
"Celf5",0.26637221758681,0.736965594166206,0.153,0.098,1,0.57451107371324,"Not significant",NA
"Hdac9",0.266660858620376,-0.546994650522135,0.111,0.17,1,0.574040726839934,"Not significant",NA
"Npas3",0.267510177350193,-0.103377739845309,0.819,0.92,1,0.572659690715837,"Not significant",NA
"Atf7ip",0.2679510880975,-0.777607578663552,0.111,0.17,1,0.571944475030967,"Not significant",NA
"Me3",0.267965172169472,0.637429920615292,0.153,0.098,1,0.57192164820075,"Not significant",NA
"Arap1",0.267965172169472,0.637429920615292,0.153,0.098,1,0.57192164820075,"Not significant",NA
"Ift172",0.268286062196296,0.637429920615292,0.153,0.098,1,0.571401888895222,"Not significant",NA
"Usp36",0.268286062196296,0.637429920615292,0.153,0.098,1,0.571401888895222,"Not significant",NA
"Sdccag8",0.268479257592118,-0.488100961468567,0.125,0.188,1,0.571089261775457,"Not significant",NA
"Zcchc18",0.269039553474342,0.337869638756384,0.167,0.107,1,0.570183866492522,"Not significant",NA
"Gabra2",0.269298178855543,-0.0995356735509145,0.097,0.161,1,0.569766583520027,"Not significant",NA
"Rsbn1l",0.269378544796423,0.53051471669878,0.153,0.098,1,0.569636997505321,"Not significant",NA
"Gabbr2",0.269930440069378,-0.108252890652023,0.528,0.652,1,0.568748137271107,"Not significant",NA
"Cacna2d2",0.270180929740686,0.222392421336448,0.222,0.152,1,0.568345308166212,"Not significant",NA
"Edil3",0.270697568927438,0.985353224035598,0.139,0.089,1,0.567515644510764,"Not significant",NA
"Pbx1",0.271005542193619,-0.0749934892881229,0.444,0.562,1,0.567021827503843,"Not significant",NA
"Arhgap32",0.271149056140016,-0.684498174272071,0.097,0.152,1,0.566791902989161,"Not significant",NA
"Pygm",0.271149056140016,-0.684498174272071,0.097,0.152,1,0.566791902989161,"Not significant",NA
"Brd8",0.271149733393858,-0.754887502163469,0.097,0.152,1,0.566790818245428,"Not significant",NA
"Dzip1l",0.271907643706183,-0.46948528330122,0.125,0.188,1,0.565578583612365,"Not significant",NA
"App",0.272167205391758,0.818002166257112,0.181,0.125,1,0.565164206007895,"Not significant",NA
"Nrcam",0.272241658871956,-0.0874628412503394,0.514,0.598,1,0.565045417582752,"Not significant",NA
"Arid4b",0.273259465793857,0.584962500721156,0.278,0.214,1,0.563424785020214,"Not significant",NA
"Bicral",0.274142364395941,-0.445032239576681,0.194,0.259,1,0.56202384588442,"Not significant",NA
"Asap2",0.27454212492634,-0.426700416804424,0.111,0.17,1,0.561391009248672,"Not significant",NA
"Atrnl1",0.274829014059364,0.637429920615292,0.181,0.125,1,0.560937420154253,"Not significant",NA
"mt-Nd2",0.277026948233507,0.740523413579395,0.25,0.196,1,0.557477982199617,"Not significant",NA
"Plcg1",0.277475263593172,0.389502407171706,0.208,0.143,1,0.556775727365908,"Not significant",NA
"Slc1a3",0.278254545828778,-0.151422415215883,0.819,0.911,1,0.555557731890909,"Not significant",NA
"Fyco1",0.27845259418512,-0.610497592828294,0.097,0.152,1,0.555248731679647,"Not significant",NA
"Stat3",0.27845259418512,-0.610497592828294,0.097,0.152,1,0.555248731679647,"Not significant",NA
"Aspscr1",0.27845259418512,-0.610497592828294,0.097,0.152,1,0.555248731679647,"Not significant",NA
"Aldh7a1",0.27845259418512,-0.610497592828294,0.097,0.152,1,0.555248731679647,"Not significant",NA
"Eps8",0.279249870960435,-0.393596975005333,0.208,0.286,1,0.554007018896987,"Not significant",NA
"Tmod2",0.280001588415475,0.493040011280117,0.222,0.161,1,0.552839504950212,"Not significant",NA
"Washc2",0.280114849509188,-0.362570079384708,0.306,0.384,1,0.552663867652844,"Not significant",NA
"Zmym5",0.280273409585258,-0.255654875468196,0.139,0.205,1,0.552418103160789,"Not significant",NA
"Kcnn2",0.28039066339555,0.453005349477864,0.236,0.17,1,0.552236451844115,"Not significant",NA
"Ldlrad4",0.280954473719366,-0.46948528330122,0.125,0.188,1,0.551364048117344,"Not significant",NA
"Lrch1",0.280959378486226,-0.725140158769417,0.083,0.134,1,0.551356466481213,"Not significant",NA
"Naa16",0.281244655579652,0.85982234195174,0.139,0.089,1,0.550915721589272,"Not significant",NA
"Asb3",0.281727572492918,0.430979043147865,0.153,0.098,1,0.550170646817794,"Not significant",NA
"Adcy8",0.282139676781784,-0.384265150484027,0.264,0.348,1,0.549535835518788,"Not significant",NA
"Pex5l",0.282162484185809,0.762960802699151,0.139,0.089,1,0.549500729753099,"Not significant",NA
"Zfp644",0.282162484185809,0.878438020119086,0.139,0.089,1,0.549500729753099,"Not significant",NA
"Ppfia2",0.282417372973523,0.752907138035228,0.139,0.089,1,0.549108591067597,"Not significant",NA
"Astn2",0.282575077314358,0.24428502718529,0.556,0.5,1,0.548866144901313,"Not significant",NA
"BC005537",0.282821983065974,-0.865070419913891,0.069,0.116,1,0.548486836907667,"Not significant",NA
"Sdha",0.282824605782789,-0.947532580105864,0.069,0.116,1,0.548482809546898,"Not significant",NA
"Srr",0.283036366505916,-0.478047296804644,0.111,0.17,1,0.548157759676578,"Not significant",NA
"Mbd5",0.283592411128727,0.0691461610407658,0.208,0.304,1,0.547305394959405,"Not significant",NA
"Ntrk3",0.285060586624615,0.237822461906054,0.458,0.366,1,0.545062825464003,"Not significant",NA
"Unc13a",0.285688285641721,0.637429920615292,0.181,0.125,1,0.544107567056745,"Not significant",NA
"Chd4",0.285869897305863,0.339088646045545,0.569,0.536,1,0.543831574345613,"Not significant",NA
"Hs2st1",0.285877786339897,-0.532495080827021,0.097,0.152,1,0.543819589464706,"Not significant",NA
"Paqr7",0.285877786339897,-0.532495080827021,0.097,0.152,1,0.543819589464706,"Not significant",NA
"Tdrd3",0.285877786339897,-0.532495080827021,0.097,0.152,1,0.543819589464706,"Not significant",NA
"Ltn1",0.285877786339897,-0.532495080827021,0.097,0.152,1,0.543819589464706,"Not significant",NA
"Slc39a12",0.286009512977201,-0.514573172829758,0.417,0.464,1,0.543619521539502,"Not significant",NA
"Ckb",0.28627262673841,-0.280107919192735,0.403,0.491,1,0.543220177038854,"Not significant",NA
"Ube2h",0.286294262344202,0.768674453893544,0.236,0.179,1,0.543187355636179,"Not significant",NA
"Ppp1r12b",0.286633594998292,0.85982234195174,0.194,0.143,1,0.542672909307398,"Not significant",NA
"A330076H08Rik",0.287306336018982,0.527805429440794,0.333,0.268,1,0.541654796327095,"Not significant",NA
"Cd63",0.287595892985937,-0.432959407276106,0.111,0.17,1,0.5412173201886,"Not significant",NA
"Tacc1",0.287758160929686,-0.413196152454677,0.153,0.214,1,0.540972350768644,"Not significant",NA
"Gm12940",0.287761008427801,-0.642677998577444,0.083,0.134,1,0.540968053248128,"Not significant",NA
"Msantd2",0.287761008427801,-0.642677998577444,0.083,0.134,1,0.540968053248128,"Not significant",NA
"Naa15",0.287788228701499,1.01594154386902,0.125,0.08,1,0.540926973827259,"Not significant",NA
"Cdh22",0.287793633840449,-0.413196152454677,0.125,0.188,1,0.540918817135143,"Not significant",NA
"Fry",0.288180299444377,-0.1714285920327,0.694,0.723,1,0.540335711707449,"Not significant",NA
"Urgcp",0.288645708292481,-0.295455883526171,0.111,0.17,1,0.539634895392961,"Not significant",NA
"Ikzf4",0.288936436294424,-0.777607578663552,0.069,0.116,1,0.53919768804912,"Not significant",NA
"Mllt6",0.288936436294424,-0.777607578663552,0.069,0.116,1,0.53919768804912,"Not significant",NA
"Esyt2",0.288936436294424,-0.777607578663552,0.069,0.116,1,0.53919768804912,"Not significant",NA
"Comt",0.288936436294424,-0.777607578663552,0.069,0.116,1,0.53919768804912,"Not significant",NA
"Dzip1",0.289258235754967,-0.635588573791124,0.139,0.196,1,0.538714266975979,"Not significant",NA
"Usp24",0.28926850398616,-0.413196152454677,0.167,0.232,1,0.53869885045038,"Not significant",NA
"Nrg1",0.291040192403872,0.812516627173383,0.25,0.188,1,0.536047031172591,"Not significant",NA
"Cadps",0.291503708957521,0.637429920615292,0.236,0.179,1,0.535355915108955,"Not significant",NA
"Jakmip1",0.291918734567287,-0.362570079384708,0.097,0.152,1,0.534738032253834,"Not significant",NA
"Ston2",0.292385433026784,-0.269460674993227,0.222,0.304,1,0.534044268217859,"Not significant",NA
"Soga3",0.292913602724622,0.366127898797897,0.306,0.232,1,0.533260459485804,"Not significant",NA
"Etv6",0.29301009724417,0.415037499278844,0.153,0.098,1,0.533117413427914,"Not significant",NA
"Gnai2",0.293024056347168,0.752907138035228,0.139,0.089,1,0.533096723980488,"Not significant",NA
"Slc4a3",0.293108117771762,0.868755466721747,0.222,0.17,1,0.532972153398273,"Not significant",NA
"Grik4",0.293254012529877,0.830074998557687,0.139,0.089,1,0.532756036816313,"Not significant",NA
"Rnf216",0.293568750203965,0.493040011280117,0.222,0.161,1,0.532290176059401,"Not significant",NA
"Stxbp1",0.29394381299674,0.637429920615292,0.139,0.089,1,0.531735676518115,"Not significant",NA
"Ksr2",0.294231625872577,0.637429920615292,0.139,0.089,1,0.531310648387007,"Not significant",NA
"Bbof1",0.294231625872577,0.637429920615292,0.139,0.089,1,0.531310648387007,"Not significant",NA
"Ccnt1",0.294231625872577,0.637429920615292,0.139,0.089,1,0.531310648387007,"Not significant",NA
"Eif5",0.294250050406525,-0.70652448060207,0.167,0.223,1,0.531283454087675,"Not significant",NA
"Gpbp1l1",0.294660884651151,-0.555215157327104,0.083,0.134,1,0.530677511614066,"Not significant",NA
"Sppl3",0.294660884651151,-0.555215157327104,0.083,0.134,1,0.530677511614066,"Not significant",NA
"Serbp1",0.294660884651151,-0.555215157327104,0.083,0.134,1,0.530677511614066,"Not significant",NA
"Cyb5b",0.294660884651151,-0.555215157327104,0.083,0.134,1,0.530677511614066,"Not significant",NA
"Srsf7",0.294660884651151,-0.555215157327104,0.083,0.134,1,0.530677511614066,"Not significant",NA
"Gm26691",0.29488211627286,-0.684498174272071,0.125,0.179,1,0.530351565323837,"Not significant",NA
"Actr1b",0.295126176154945,-0.684498174272071,0.069,0.116,1,0.529992269132752,"Not significant",NA
"Atf6",0.295126176154945,-0.684498174272071,0.069,0.116,1,0.529992269132752,"Not significant",NA
"Ankrd13c",0.295126176154945,-0.684498174272071,0.069,0.116,1,0.529992269132752,"Not significant",NA
"Frem1",0.295126176154945,-0.684498174272071,0.069,0.116,1,0.529992269132752,"Not significant",NA
"Slc1a4",0.295126176154945,-0.684498174272071,0.069,0.116,1,0.529992269132752,"Not significant",NA
"Map2k6",0.295126176154945,-0.684498174272071,0.069,0.116,1,0.529992269132752,"Not significant",NA
"Spata7",0.295126176154945,-0.684498174272071,0.069,0.116,1,0.529992269132752,"Not significant",NA
"Sntg1",0.29553698500092,0.581934808023588,0.333,0.277,1,0.52938816156206,"Not significant",NA
"Nrxn1",0.296837484229105,-0.11647782256934,0.972,0.991,1,0.527481257820375,"Not significant",NA
"Sf3b1",0.297272832957559,-0.394991557077086,0.236,0.304,1,0.526844778099883,"Not significant",NA
"Ppp1r14c",0.297356118199496,-0.440572591385981,0.097,0.152,1,0.526723121321607,"Not significant",NA
"Ifi27",0.297356118199496,-0.440572591385981,0.097,0.152,1,0.526723121321607,"Not significant",NA
"Desi2",0.297392488984885,-0.181997833742887,0.153,0.223,1,0.526670004319815,"Not significant",NA
"Rmnd1",0.297476800935905,-0.610497592828294,0.083,0.134,1,0.526546897560224,"Not significant",NA
"Fnip1",0.297476800935905,-0.610497592828294,0.083,0.134,1,0.526546897560224,"Not significant",NA
"Myo5a",0.297485522615278,0.637429920615292,0.181,0.125,1,0.526534164729673,"Not significant",NA
"Arpp21",0.297641679133382,0.0207585601667972,0.111,0.17,1,0.526306254072983,"Not significant",NA
"Rora",0.297981590244348,-0.0945522660366587,0.889,0.946,1,0.525810566468265,"Not significant",NA
"Mga",0.298317787755496,-0.543142325026529,0.181,0.241,1,0.525320850245915,"Not significant",NA
"Slc41a1",0.298668955644788,-0.532495080827021,0.083,0.134,1,0.524809916642053,"Not significant",NA
"Plekhm3",0.299073543590751,0.900464326449085,0.125,0.08,1,0.524222003487361,"Not significant",NA
"Unc79",0.299263125330125,-0.642677998577444,0.069,0.116,1,0.523946792856585,"Not significant",NA
"Sfswap",0.299659150837728,-0.210566985939658,0.25,0.33,1,0.523372455502457,"Not significant",NA
"Ppp2r5c",0.299987150234591,-0.532495080827021,0.139,0.196,1,0.522897347619436,"Not significant",NA
"Cdk14",0.300186376835444,-0.321928094887362,0.181,0.25,1,0.522609020951649,"Not significant",NA
"Ndufa10",0.301391368953424,-0.584962500721156,0.069,0.116,1,0.520869188881283,"Not significant",NA
"Idh3b",0.301391368953424,-0.584962500721156,0.069,0.116,1,0.520869188881283,"Not significant",NA
"Phc3",0.301391368953424,-0.584962500721156,0.069,0.116,1,0.520869188881283,"Not significant",NA
"Fggy",0.301391368953424,-0.584962500721156,0.069,0.116,1,0.520869188881283,"Not significant",NA
"Hadha",0.301391368953424,-0.584962500721156,0.069,0.116,1,0.520869188881283,"Not significant",NA
"Btbd8",0.301391368953424,-0.584962500721156,0.069,0.116,1,0.520869188881283,"Not significant",NA
"Spg7",0.301391368953424,-0.584962500721156,0.069,0.116,1,0.520869188881283,"Not significant",NA
"Nphp3",0.301391368953424,-0.584962500721156,0.069,0.116,1,0.520869188881283,"Not significant",NA
"Hmg20b",0.301391368953424,-0.584962500721156,0.069,0.116,1,0.520869188881283,"Not significant",NA
"Rasa1",0.301391368953424,-0.584962500721156,0.069,0.116,1,0.520869188881283,"Not significant",NA
"Tkt",0.301391368953424,-0.584962500721156,0.069,0.116,1,0.520869188881283,"Not significant",NA
"Traf7",0.301391368953424,-0.584962500721156,0.069,0.116,1,0.520869188881283,"Not significant",NA
"Taz",0.301391368953424,-0.584962500721156,0.069,0.116,1,0.520869188881283,"Not significant",NA
"Sbf2",0.301786704474522,0.32930762525296,0.264,0.196,1,0.52029989743167,"Not significant",NA
"Gpd2",0.302009291342492,-0.520111356371189,0.139,0.196,1,0.519979695729268,"Not significant",NA
"Alpk1",0.303130381612609,-0.280107919192735,0.069,0.116,1,0.518370533756216,"Not significant",NA
"Apc",0.303333823374024,-0.273302741287621,0.431,0.509,1,0.518079160788252,"Not significant",NA
"Hnrnpu",0.303481171265,-0.121561979880913,0.236,0.33,1,0.517868248474635,"Not significant",NA
"Ntng2",0.305012326620645,-0.199071347101829,0.125,0.188,1,0.515682608931409,"Not significant",NA
"C87436",0.305136368568245,-0.362570079384708,0.097,0.152,1,0.515506026617838,"Not significant",NA
"Gm4876",0.305774024062236,-0.450032920635048,0.083,0.134,1,0.51459941128994,"Not significant",NA
"Mat2a",0.305774024062236,-0.450032920635048,0.083,0.134,1,0.51459941128994,"Not significant",NA
"Mfhas1",0.305774024062236,-0.450032920635048,0.083,0.134,1,0.51459941128994,"Not significant",NA
"Taf3",0.306362809022897,0.511899038531433,0.139,0.089,1,0.513763957108854,"Not significant",NA
"4933439C10Rik",0.306362809022897,0.511899038531433,0.139,0.089,1,0.513763957108854,"Not significant",NA
"Arhgap39",0.306362809022897,0.511899038531433,0.139,0.089,1,0.513763957108854,"Not significant",NA
"Prkag1",0.306362809022897,0.511899038531433,0.139,0.089,1,0.513763957108854,"Not significant",NA
"Atp1a3",0.306408659738038,0.797894592808538,0.167,0.116,1,0.513698964811956,"Not significant",NA
"Pdcd11",0.306618978454213,0.521952703195356,0.139,0.089,1,0.513400967606712,"Not significant",NA
"Ski",0.306991623519791,-0.280107919192735,0.083,0.134,1,0.51287347438849,"Not significant",NA
"Sfta3-ps",0.306991623519791,-0.280107919192735,0.083,0.134,1,0.51287347438849,"Not significant",NA
"Gcc2",0.307200589649847,-0.546994650522135,0.139,0.196,1,0.512577955042124,"Not significant",NA
"Adk",0.309334688054492,-0.210566985939658,0.236,0.312,1,0.509571376518142,"Not significant",NA
"Gabrg3",0.310036788515145,0.678071905112638,0.278,0.223,1,0.508586770355467,"Not significant",NA
"Fam185a",0.310639540792627,0.900464326449085,0.125,0.08,1,0.507743264463604,"Not significant",NA
"Phldb1",0.310639540792627,0.774933444365227,0.125,0.08,1,0.507743264463604,"Not significant",NA
"Ankrd42",0.310861091872735,0.762960802699151,0.125,0.08,1,0.5074336319047,"Not significant",NA
"Prpsap1",0.310861091872735,0.762960802699151,0.125,0.08,1,0.5074336319047,"Not significant",NA
"Ylpm1",0.310978458182696,-0.445032239576681,0.167,0.232,1,0.507269693984128,"Not significant",NA
"Jmjd1c",0.311790414858081,0.524955191356879,0.347,0.295,1,0.506137240135726,"Not significant",NA
"Ildr2",0.311791989411389,-0.777607578663552,0.111,0.161,1,0.506135046937815,"Not significant",NA
"Dok7",0.312074904289732,-0.462105752935623,0.069,0.116,1,0.505741154009128,"Not significant",NA
"2610037D02Rik",0.312074904289732,-0.462105752935623,0.069,0.116,1,0.505741154009128,"Not significant",NA
"Supt3",0.312074904289732,-0.362570079384708,0.069,0.116,1,0.505741154009128,"Not significant",NA
"Nfat5",0.312388774977059,-0.260690465365494,0.236,0.312,1,0.505304579958333,"Not significant",NA
"Atp9b",0.312566116935829,0.549967079364952,0.181,0.125,1,0.505058102533585,"Not significant",NA
"Mtch2",0.312977997649397,-0.362570079384708,0.083,0.134,1,0.504486192278867,"Not significant",NA
"Zcchc14",0.312977997649397,-0.362570079384708,0.083,0.134,1,0.504486192278867,"Not significant",NA
"Nek9",0.312977997649397,-0.362570079384708,0.083,0.134,1,0.504486192278867,"Not significant",NA
"Ccdc186",0.312977997649397,-0.192645077942396,0.083,0.134,1,0.504486192278867,"Not significant",NA
"Fxyd1",0.314248757090416,-0.417017863407085,0.153,0.214,1,0.502726431350331,"Not significant",NA
"Rbbp6",0.315397389861126,0.454565863465481,0.361,0.304,1,0.501141905089552,"Not significant",NA
"Nos1ap",0.315802902110281,0.637429920615292,0.167,0.116,1,0.500583883305908,"Not significant",NA
"Ilf2",0.315802902110281,0.637429920615292,0.167,0.116,1,0.500583883305908,"Not significant",NA
"Trip12",0.316040897215982,-0.220551074512281,0.167,0.232,1,0.500256713944986,"Not significant",NA
"Dennd4a",0.317067918580458,-0.288569497940931,0.097,0.152,1,0.498847698333445,"Not significant",NA
"Las1l",0.317088581879601,-0.288569497940931,0.083,0.134,1,0.498819396307707,"Not significant",NA
"Parp8",0.317402028287768,-0.404390255079335,0.194,0.259,1,0.498390302309051,"Not significant",NA
"Tcf7l2",0.317875340427685,-0.411479679865655,0.292,0.357,1,0.497743161709555,"Not significant",NA
"Rnpc3",0.318501611790443,-0.280107919192735,0.181,0.241,1,0.496888365558069,"Not significant",NA
"Inf2",0.31859449331324,-0.362570079384708,0.069,0.116,1,0.496761734951527,"Not significant",NA
"Arsb",0.31859449331324,-0.362570079384708,0.069,0.116,1,0.496761734951527,"Not significant",NA
"Map3k12",0.31910045847389,0.396421821111497,0.139,0.089,1,0.496072571824862,"Not significant",NA
"Pou6f1",0.31927651426644,-0.319501357492822,0.167,0.232,1,0.495833026651978,"Not significant",NA
"Cpe",0.319594554332432,0.39041753250584,0.667,0.643,1,0.495400629369073,"Not significant",NA
"Gm32647",0.320057256337554,-0.181997833742887,0.111,0.17,1,0.49477232203284,"Not significant",NA
"Akap9",0.320154408555558,0.234074226384083,0.5,0.429,1,0.494640513523807,"Not significant",NA
"Pag1",0.320697233768485,-0.652076696579693,0.111,0.161,1,0.493904786140358,"Not significant",NA
"Sfmbt1",0.320697233768485,-0.652076696579693,0.111,0.161,1,0.493904786140358,"Not significant",NA
"Cdip1",0.320697233768485,-0.652076696579693,0.111,0.161,1,0.493904786140358,"Not significant",NA
"Aldh4a1",0.322486938006171,0.637429920615292,0.125,0.08,1,0.491487871313133,"Not significant",NA
"Atad3a",0.322486938006171,0.637429920615292,0.125,0.08,1,0.491487871313133,"Not significant",NA
"Lncppara",0.323745854452987,-0.362570079384708,0.264,0.33,1,0.489795783990905,"Not significant",NA
"Map1b",0.325169837422812,0.757724154333003,0.208,0.161,1,0.487889746129514,"Not significant",NA
"Clybl",0.32520430137709,-0.210566985939658,0.097,0.152,1,0.487843718760686,"Not significant",NA
"Dicer1",0.326358602934931,-0.532495080827021,0.125,0.179,1,0.486304934652012,"Not significant",NA
"Emsy",0.32721719311438,0.691877704637668,0.25,0.196,1,0.485163885078554,"Not significant",NA
"Herc1",0.327220833093424,0.454565863465481,0.333,0.268,1,0.485159053993716,"Not significant",NA
"Dcaf6",0.328743139572304,0.283792966000591,0.222,0.161,1,0.483143301550034,"Not significant",NA
"Armh3",0.32913949411903,0.54432051622381,0.167,0.116,1,0.482620002698441,"Not significant",NA
"Synj1",0.329631576184326,0.374395514781498,0.181,0.125,1,0.48197119289187,"Not significant",NA
"Vezt",0.329760353750454,-0.584962500721156,0.111,0.161,1,0.481801559675161,"Not significant",NA
"Osbpl6",0.3300100295367,0.537894247064377,0.167,0.116,1,0.48147286101225,"Not significant",NA
"Fbxo36",0.330585573877388,0.926936537810277,0.111,0.071,1,0.480716102132218,"Not significant",NA
"Cntln",0.330586550733444,1.05246741989414,0.111,0.071,1,0.480714818825863,"Not significant",NA
"Cacna2d3",0.330586550733444,1.05246741989414,0.111,0.071,1,0.480714818825863,"Not significant",NA
"Spata17",0.33074181932293,0.900464326449085,0.111,0.071,1,0.480510888990341,"Not significant",NA
"Hsp90b1",0.331060436987378,-0.210566985939658,0.153,0.214,1,0.480092716030433,"Not significant",NA
"Rbm5",0.331260768931888,-0.339111106560719,0.333,0.402,1,0.479829994378385,"Not significant",NA
"Tanc2",0.33187774006516,0.711430502059068,0.319,0.286,1,0.479021875916401,"Not significant",NA
"Appl2",0.331950780981039,-0.321928094887362,0.361,0.42,1,0.47892630525066,"Not significant",NA
"Wdfy3",0.333185699036568,-0.440572591385981,0.208,0.268,1,0.477313647609766,"Not significant",NA
"Ccdc39",0.33341554922821,0.843880798082718,0.153,0.107,1,0.477014150199251,"Not significant",NA
"mt-Cytb",0.33430018965626,0.637429920615292,0.292,0.241,1,0.475863377022018,"Not significant",NA
"Peg3",0.33521162938176,0.482151695137381,0.361,0.312,1,0.474680922951319,"Not significant",NA
"Ice1",0.335238521821449,-0.546994650522135,0.111,0.161,1,0.474646082961658,"Not significant",NA
"Arid1b",0.335580745002948,-0.406964198743162,0.181,0.241,1,0.474202966135566,"Not significant",NA
"Celrr",0.335744067131399,-0.426700416804424,0.125,0.179,1,0.473991652925399,"Not significant",NA
"Ccdc93",0.336402355902612,-0.169925001442313,0.069,0.116,1,0.473140971399923,"Not significant",NA
"Tecr",0.336639807642322,0.444784842672896,0.236,0.179,1,0.472834530020353,"Not significant",NA
"Htt",0.3371843752042,-0.269460674993227,0.167,0.232,1,0.472132558364665,"Not significant",NA
"Strn3",0.33739950340008,-0.635588573791124,0.139,0.188,1,0.471855560960775,"Not significant",NA
"Nfyc",0.33800362497173,-0.301169534720565,0.125,0.179,1,0.471078642039571,"Not significant",NA
"Limch1",0.3385134745288,-0.126757142285939,0.5,0.589,1,0.470424039542989,"Not significant",NA
"Sesn3",0.33870194605361,0.415037499278844,0.208,0.152,1,0.470182308055942,"Not significant",NA
"Rc3h1",0.338977777555795,-0.514573172829758,0.111,0.161,1,0.46982877200705,"Not significant",NA
"Zfp827",0.338977777555795,-0.514573172829758,0.111,0.161,1,0.46982877200705,"Not significant",NA
"Cdk19",0.339464732621024,-0.0484614889566453,0.194,0.268,1,0.469205338389882,"Not significant",NA
"Mapt",0.340176592274711,0.502500340529183,0.375,0.339,1,0.468295573720738,"Not significant",NA
"S100b",0.340215741127397,-0.255654875468196,0.153,0.214,1,0.468245596288957,"Not significant",NA
"Fam126b",0.34216287421712,0.789433014060342,0.111,0.071,1,0.465767114600111,"Not significant",NA
"Slc23a2",0.34216287421712,0.789433014060342,0.111,0.071,1,0.465767114600111,"Not significant",NA
"Dzank1",0.34216287421712,0.789433014060342,0.111,0.071,1,0.465767114600111,"Not significant",NA
"Ubap2",0.34216287421712,0.789433014060342,0.111,0.071,1,0.465767114600111,"Not significant",NA
"Rps6ka2",0.34216287421712,0.789433014060342,0.111,0.071,1,0.465767114600111,"Not significant",NA
"Arid5b",0.343061166761972,-0.305986551018341,0.125,0.179,1,0.464628439668936,"Not significant",NA
"C530008M17Rik",0.343157553305449,0.590124205836935,0.292,0.241,1,0.464506437330577,"Not significant",NA
"Prrc2b",0.343579882582966,0.460552158531212,0.25,0.196,1,0.463972273068344,"Not significant",NA
"Syn2",0.344503557329944,-0.324095931570073,0.194,0.259,1,0.462806289225764,"Not significant",NA
"Sgsm2",0.344971874230855,0.415037499278844,0.125,0.08,1,0.462216311779677,"Not significant",NA
"Phyhd1",0.345120042348281,-0.337479098421878,0.292,0.348,1,0.462029818951012,"Not significant",NA
"Stim1",0.345926272458267,-0.610497592828294,0.097,0.143,1,0.461016452873303,"Not significant",NA
"Zbtb16",0.347339894517356,0.637429920615292,0.153,0.107,1,0.459245331939163,"Not significant",NA
"Plcb4",0.347677865818557,-0.297475051162824,0.306,0.375,1,0.45882295688316,"Not significant",NA
"Coq8b",0.348301462990019,0.637429920615292,0.153,0.107,1,0.45804470134665,"Not significant",NA
"Brf1",0.348301462990019,0.637429920615292,0.153,0.107,1,0.45804470134665,"Not significant",NA
"Xrn2",0.348349714925266,-0.440572591385981,0.111,0.161,1,0.457984540537578,"Not significant",NA
"Rabep1",0.348364512234957,-0.329403215449509,0.236,0.304,1,0.457966092830624,"Not significant",NA
"Rab30",0.351438068879058,-0.275107238134369,0.181,0.241,1,0.454151196145744,"Not significant",NA
"Map3k4",0.351728209488653,0.0968615392525893,0.083,0.134,1,0.453792798774452,"Not significant",NA
"Iqce",0.352007706426717,0.485426827170242,0.194,0.143,1,0.453447828504931,"Not significant",NA
"Zcchc7",0.352653295288371,0.352027701753044,0.333,0.268,1,0.45265205363458,"Not significant",NA
"Phtf1",0.353547885635208,-0.725140158769417,0.083,0.125,1,0.451551755675567,"Not significant",NA
"Dnajc11",0.353547885635208,-0.725140158769417,0.083,0.125,1,0.451551755675567,"Not significant",NA
"Fxr1",0.35398571163119,0.637429920615292,0.111,0.071,1,0.451014267592758,"Not significant",NA
"Il11ra1",0.35398571163119,0.637429920615292,0.111,0.071,1,0.451014267592758,"Not significant",NA
"Ppm1h",0.35398571163119,0.637429920615292,0.111,0.071,1,0.451014267592758,"Not significant",NA
"Coil",0.35398571163119,0.637429920615292,0.111,0.071,1,0.451014267592758,"Not significant",NA
"Mia2",0.35398571163119,0.637429920615292,0.111,0.071,1,0.451014267592758,"Not significant",NA
"Puf60",0.35398571163119,0.637429920615292,0.111,0.071,1,0.451014267592758,"Not significant",NA
"Hira",0.35398571163119,0.637429920615292,0.111,0.071,1,0.451014267592758,"Not significant",NA
"Rrp1",0.354203583820019,0.637429920615292,0.111,0.071,1,0.450747048946666,"Not significant",NA
"Rabl2",0.354203583820019,0.637429920615292,0.111,0.071,1,0.450747048946666,"Not significant",NA
"Sox2",0.354697678175261,-0.532495080827021,0.097,0.143,1,0.450141654378276,"Not significant",NA
"Pcdh10",0.354697678175261,-0.532495080827021,0.097,0.143,1,0.450141654378276,"Not significant",NA
"Tbck",0.354697678175261,-0.532495080827021,0.097,0.143,1,0.450141654378276,"Not significant",NA
"Capzb",0.354697678175261,-0.532495080827021,0.097,0.143,1,0.450141654378276,"Not significant",NA
"Prdm5",0.354697678175261,-0.532495080827021,0.097,0.143,1,0.450141654378276,"Not significant",NA
"Slc22a4",0.354697678175261,-0.532495080827021,0.097,0.143,1,0.450141654378276,"Not significant",NA
"Sdc2",0.354697678175261,-0.532495080827021,0.097,0.143,1,0.450141654378276,"Not significant",NA
"Rgl1",0.355139872655874,-0.362570079384708,0.167,0.223,1,0.44960056537143,"Not significant",NA
"Eps15l1",0.355993388868616,-0.295455883526171,0.125,0.179,1,0.448558067208416,"Not significant",NA
"Smg7",0.356427636825175,-0.584962500721156,0.097,0.143,1,0.448028628834571,"Not significant",NA
"Ube2b",0.356970021138462,-0.524841508283585,0.25,0.304,1,0.447368255038589,"Not significant",NA
"Asxl2",0.357826218242865,-0.546994650522135,0.139,0.188,1,0.446327841462765,"Not significant",NA
"Esrrg",0.357827865851186,-0.658025962910879,0.139,0.188,1,0.446325841761462,"Not significant",NA
"Trrap",0.358285656950387,0.423305115262444,0.292,0.232,1,0.445770577354353,"Not significant",NA
"Camta1",0.358410935019101,-0.275107238134369,0.333,0.393,1,0.445618748602522,"Not significant",NA
"Mau2",0.358944187292774,-0.301169534720565,0.125,0.179,1,0.444973075196499,"Not significant",NA
"Safb",0.35915534031614,0.467504919172979,0.25,0.196,1,0.444717671615233,"Not significant",NA
"Hivep3",0.359533732775467,-0.387232133618978,0.278,0.339,1,0.444260356265892,"Not significant",NA
"Upp2",0.359612199589475,0.268196110949573,0.25,0.188,1,0.444165583555827,"Not significant",NA
"Gse1",0.361081985961728,0.460552158531212,0.375,0.339,1,0.442394177573079,"Not significant",NA
"Zfhx4",0.361171672596887,-0.893084796083488,0.111,0.152,1,0.442286319591361,"Not significant",NA
"Acot11",0.361182171055761,-0.202105407191462,0.194,0.259,1,0.442273695798194,"Not significant",NA
"Cacng4",0.361670222969899,-0.80314267077069,0.083,0.125,1,0.441687246096563,"Not significant",NA
"Gaa",0.361670222969899,-0.642677998577444,0.083,0.125,1,0.441687246096563,"Not significant",NA
"Rnft2",0.363598026850246,-0.450032920635048,0.097,0.143,1,0.439378482244281,"Not significant",NA
"Evi5l",0.363598026850246,-0.450032920635048,0.097,0.143,1,0.439378482244281,"Not significant",NA
"Fat3",0.363641920694264,-0.0665852517496277,0.472,0.562,1,0.439326057032125,"Not significant",NA
"Tox2",0.364921446411228,-0.409875794163065,0.153,0.205,1,0.437800612425009,"Not significant",NA
"Tef",0.36542096666523,-0.310102659490573,0.153,0.205,1,0.437206537865308,"Not significant",NA
"Stxbp3",0.366301929450113,0.485426827170242,0.111,0.071,1,0.436160793736956,"Not significant",NA
"Rit2",0.366301929450113,0.485426827170242,0.111,0.071,1,0.436160793736956,"Not significant",NA
"Mid1",0.366301929450113,0.485426827170242,0.111,0.071,1,0.436160793736956,"Not significant",NA
"Abl2",0.366703355087444,-0.440572591385981,0.097,0.143,1,0.435685116520724,"Not significant",NA
"Slc20a1",0.367584966495083,-0.362570079384708,0.167,0.223,1,0.434642258716117,"Not significant",NA
"Sox2ot",0.368601840326471,-0.046096414589454,0.458,0.562,1,0.433442500799972,"Not significant",NA
"Ube4a",0.368739388148668,-0.625604485218502,0.125,0.17,1,0.433280469277621,"Not significant",NA
"Rapgef1",0.368890557543253,-0.199071347101829,0.139,0.196,1,0.433102461225743,"Not significant",NA
"Entr1",0.368941065427457,-0.777607578663552,0.069,0.107,1,0.433043002414942,"Not significant",NA
"Sik2",0.368941065427457,-0.777607578663552,0.069,0.107,1,0.433043002414942,"Not significant",NA
"Zfp292",0.369012765439412,0.435796059445641,0.222,0.17,1,0.432958609819253,"Not significant",NA
"Cluh",0.369138927953984,-0.488100961468567,0.139,0.188,1,0.432810153384281,"Not significant",NA
"Ap3d1",0.369734393612474,0.637429920615291,0.319,0.295,1,0.432110148395375,"Not significant",NA
"Dhx36",0.369754497312373,-0.532495080827021,0.139,0.188,1,0.432086534988761,"Not significant",NA
"Pantr1",0.369896773212189,-0.555215157327104,0.083,0.125,1,0.431919457228139,"Not significant",NA
"Man1c1",0.369896773212189,-0.555215157327104,0.083,0.125,1,0.431919457228139,"Not significant",NA
"Herc6",0.369896773212189,-0.642677998577444,0.083,0.125,1,0.431919457228139,"Not significant",NA
"Ankrd6",0.371662862332222,-0.684498174272071,0.083,0.125,1,0.42985083274332,"Not significant",NA
"Nfia",0.371751011226041,-0.0644887264517134,0.472,0.598,1,0.429747841449473,"Not significant",NA
"Fmnl2",0.37214000244036,0.515439396236681,0.319,0.268,1,0.429293643858207,"Not significant",NA
"Usp54",0.372376454819288,-0.220551074512281,0.167,0.223,1,0.429017787049797,"Not significant",NA
"Zfhx3",0.373206390931433,0.670596784550491,0.319,0.277,1,0.428050927834191,"Not significant",NA
"Tshz2",0.373243943174506,0.674904626033955,0.278,0.232,1,0.428007231070405,"Not significant",NA
"Smchd1",0.373493504780801,0.576029375951149,0.222,0.179,1,0.427716946358314,"Not significant",NA
"Acss3",0.373765207468151,-0.295455883526171,0.111,0.161,1,0.427401128071822,"Not significant",NA
"Adcy9",0.374258672421609,0.54432051622381,0.181,0.134,1,0.426828127280938,"Not significant",NA
"Nol4",0.374533630948339,-0.250095350126296,0.222,0.286,1,0.426509179087318,"Not significant",NA
"Firre",0.374868485009583,0.193823269139677,0.208,0.286,1,0.426121068945586,"Not significant",NA
"Rnf180",0.375820798674351,-0.362570079384708,0.097,0.143,1,0.425019188845521,"Not significant",NA
"Haghl",0.375820798674351,-0.362570079384708,0.097,0.143,1,0.425019188845521,"Not significant",NA
"Hs6st3",0.376217839754846,0.374395514781498,0.153,0.107,1,0.424560614624577,"Not significant",NA
"Tmem178b",0.376222354674436,0.499926396865357,0.278,0.232,1,0.424555402769392,"Not significant",NA
"Virma",0.376423955635797,-0.684498174272071,0.069,0.107,1,0.42432274584685,"Not significant",NA
"Uba5",0.376423955635797,-0.684498174272071,0.069,0.107,1,0.42432274584685,"Not significant",NA
"Mast2",0.376443060788351,-0.255654875468196,0.153,0.205,1,0.424300704072802,"Not significant",NA
"Gtf3c2",0.376910662841475,0.573299583195576,0.236,0.188,1,0.423761576140975,"Not significant",NA
"Ppp6r2",0.376910662841475,0.573299583195576,0.236,0.188,1,0.423761576140975,"Not significant",NA
"Ube2w",0.378227496784043,-0.462105752935623,0.083,0.125,1,0.422246901542025,"Not significant",NA
"Nrbp1",0.378227496784043,-0.462105752935623,0.083,0.125,1,0.422246901542025,"Not significant",NA
"Ppfibp2",0.378227496784043,-0.462105752935623,0.083,0.125,1,0.422246901542025,"Not significant",NA
"Gtf3c1",0.378227496784043,-0.462105752935623,0.083,0.125,1,0.422246901542025,"Not significant",NA
"Saraf",0.378227496784043,-0.462105752935623,0.083,0.125,1,0.422246901542025,"Not significant",NA
"Rab24",0.378227496784043,-0.462105752935623,0.083,0.125,1,0.422246901542025,"Not significant",NA
"Nek4",0.378227496784043,-0.462105752935623,0.083,0.125,1,0.422246901542025,"Not significant",NA
"Gm49797",0.378227496784043,-0.462105752935623,0.083,0.125,1,0.422246901542025,"Not significant",NA
"Fgf14",0.378323523674606,0.254486051046301,0.611,0.616,1,0.422136653990223,"Not significant",NA
"Man2a2",0.378828511799186,0.637429920615292,0.181,0.134,1,0.42155734209994,"Not significant",NA
"March7",0.37886039938148,0.347923303420307,0.111,0.071,1,0.421520787253127,"Not significant",NA
"Clstn1",0.378861362372901,0.222392421336448,0.111,0.071,1,0.421519683360165,"Not significant",NA
"Stat1",0.380595420576241,0.15200309344505,0.111,0.071,1,0.419536441562486,"Not significant",NA
"Srgap3",0.381065958957075,0.444784842672896,0.333,0.277,1,0.418999845500751,"Not significant",NA
"Pou3f3",0.38148307210184,-0.450032920635048,0.083,0.125,1,0.418524728628813,"Not significant",NA
"Agrn",0.381814775427194,0.701560258035007,0.236,0.188,1,0.418147269335918,"Not significant",NA
"Gcn1",0.382142027496817,-0.146841388329271,0.181,0.241,1,0.417775196527147,"Not significant",NA
"Igsf11",0.382142027496817,-0.146841388329271,0.181,0.241,1,0.417775196527147,"Not significant",NA
"Otud7a",0.382680617701438,0.453005349477864,0.25,0.196,1,0.417163533695228,"Not significant",NA
"Ip6k1",0.383100545934314,-0.0406419844973458,0.125,0.179,1,0.416687229128666,"Not significant",NA
"Pde4a",0.383165185640316,0.637429920615292,0.139,0.098,1,0.416613957764599,"Not significant",NA
"Osbpl1a",0.383780377373987,-0.225066555634773,0.111,0.161,1,0.415917234436551,"Not significant",NA
"Camsap1",0.383987264099556,-0.584962500721156,0.069,0.107,1,0.41568317985906,"Not significant",NA
"H13",0.383987264099556,-0.584962500721156,0.069,0.107,1,0.41568317985906,"Not significant",NA
"Lrig2",0.383987264099556,-0.584962500721156,0.069,0.107,1,0.41568317985906,"Not significant",NA
"Pgap2",0.383987264099556,-0.584962500721156,0.069,0.107,1,0.41568317985906,"Not significant",NA
"C030037D09Rik",0.383987264099556,-0.584962500721156,0.069,0.107,1,0.41568317985906,"Not significant",NA
"Mettl17",0.383987264099556,-0.684498174272071,0.069,0.107,1,0.41568317985906,"Not significant",NA
"Cacng8",0.384300920687542,0.637429920615292,0.139,0.098,1,0.415328575074969,"Not significant",NA
"Ppp1r10",0.385816514845547,-0.642677998577444,0.069,0.107,1,0.413619186353142,"Not significant",NA
"Thsd7a",0.386094366776358,-0.305986551018341,0.139,0.188,1,0.413306534806385,"Not significant",NA
"Sobp",0.386214974386015,0.479888643628812,0.278,0.223,1,0.413170891698154,"Not significant",NA
"Cacna1a",0.387717141094167,0.533093260800556,0.333,0.286,1,0.411484998275609,"Not significant",NA
"Dnm2",0.388355489536765,-0.310102659490573,0.153,0.205,1,0.410770551566031,"Not significant",NA
"Phip",0.389512365524254,-0.0339473319233379,0.236,0.304,1,0.409478750587808,"Not significant",NA
"Usp40",0.390003237229525,-0.362570079384708,0.083,0.125,1,0.408931788088669,"Not significant",NA
"Cnn3",0.390003237229525,-0.362570079384708,0.083,0.125,1,0.408931788088669,"Not significant",NA
"Kansl3",0.390597888277506,-0.500073603134643,0.125,0.17,1,0.408270109004912,"Not significant",NA
"Ube3a",0.390597888277506,-0.500073603134643,0.125,0.17,1,0.408270109004912,"Not significant",NA
"2210408F21Rik",0.390701417539327,-0.0688388763279981,0.194,0.259,1,0.40815501306907,"Not significant",NA
"Smurf1",0.391455222773144,-0.192645077942396,0.083,0.125,1,0.407317908228529,"Not significant",NA
"Aftph",0.391455222773144,-0.192645077942396,0.083,0.125,1,0.407317908228529,"Not significant",NA
"Map7d2",0.391455222773144,0.0524674198941355,0.083,0.125,1,0.407317908228529,"Not significant",NA
"Kin",0.391630930683215,-0.478047296804644,0.069,0.107,1,0.407123015299535,"Not significant",NA
"Kyat1",0.391630930683215,-0.478047296804644,0.069,0.107,1,0.407123015299535,"Not significant",NA
"Abl1",0.391630930683215,-0.478047296804644,0.069,0.107,1,0.407123015299535,"Not significant",NA
"Pcif1",0.391630930683215,-0.478047296804644,0.069,0.107,1,0.407123015299535,"Not significant",NA
"Ints3",0.391630930683215,-0.478047296804644,0.069,0.107,1,0.407123015299535,"Not significant",NA
"Usp45",0.391630930683215,-0.478047296804644,0.069,0.107,1,0.407123015299535,"Not significant",NA
"Mfn2",0.391630930683215,-0.478047296804644,0.069,0.107,1,0.407123015299535,"Not significant",NA
"Ptpro",0.391630930683215,-0.478047296804644,0.069,0.107,1,0.407123015299535,"Not significant",NA
"Xpot",0.391630930683215,-0.478047296804644,0.069,0.107,1,0.407123015299535,"Not significant",NA
"Smurf2",0.391630930683215,-0.478047296804644,0.069,0.107,1,0.407123015299535,"Not significant",NA
"Recql5",0.391630930683215,-0.478047296804644,0.069,0.107,1,0.407123015299535,"Not significant",NA
"Arel1",0.391630930683215,-0.478047296804644,0.069,0.107,1,0.407123015299535,"Not significant",NA
"Sos1",0.391630930683215,-0.478047296804644,0.069,0.107,1,0.407123015299535,"Not significant",NA
"Tmem132a",0.391630930683215,-0.478047296804644,0.069,0.107,1,0.407123015299535,"Not significant",NA
"Otud5",0.391630930683215,-0.478047296804644,0.069,0.107,1,0.407123015299535,"Not significant",NA
"Gnl2",0.391692683422049,0.167944637314071,0.167,0.116,1,0.407054540729662,"Not significant",NA
"Fam155a",0.392091018161755,0.907519083983036,0.375,0.366,1,0.406613106201362,"Not significant",NA
"Wdr26",0.392605912931424,-0.057715497856287,0.181,0.241,1,0.406043163895076,"Not significant",NA
"Sipa1l3",0.393403095237029,0.222392421336448,0.153,0.107,1,0.405162227438863,"Not significant",NA
"Ttll5",0.39409634490948,0.878438020119086,0.125,0.089,1,0.404397593028345,"Not significant",NA
"Ep300",0.395087247516977,-0.462105752935623,0.069,0.107,1,0.403306988092253,"Not significant",NA
"Braf",0.396418208912954,0.637429920615292,0.25,0.214,1,0.401846405022301,"Not significant",NA
"Ccdc88c",0.396755283348513,0.511899038531433,0.319,0.277,1,0.401477281299446,"Not significant",NA
"Shank1",0.397465157890989,0.53051471669878,0.139,0.098,1,0.400700935935541,"Not significant",NA
"Thap3",0.397672483214037,-0.210566985939658,0.097,0.143,1,0.400474458804679,"Not significant",NA
"Mapk6",0.398626761543332,-0.269460674993227,0.083,0.125,1,0.399433548584711,"Not significant",NA
"Cyb5r4",0.398626761543332,-0.269460674993227,0.083,0.125,1,0.399433548584711,"Not significant",NA
"Csad",0.398665843153873,0.521952703195356,0.139,0.098,1,0.399390972176213,"Not significant",NA
"Hdac6",0.398665843153873,0.521952703195356,0.139,0.098,1,0.399390972176213,"Not significant",NA
"Zdhhc1",0.398839903580432,0.698830465279435,0.194,0.152,1,0.399201397406922,"Not significant",NA
"Smarcad1",0.399806948069001,0.511899038531433,0.139,0.098,1,0.398149662739645,"Not significant",NA
"Tbc1d17",0.399806948069001,0.511899038531433,0.139,0.098,1,0.398149662739645,"Not significant",NA
"Vps53",0.399806948069001,0.511899038531433,0.139,0.098,1,0.398149662739645,"Not significant",NA
"Tjp2",0.400426074142533,-0.269460674993227,0.153,0.205,1,0.397477650754326,"Not significant",NA
"Amy1",0.401513679148695,-0.417017863407085,0.167,0.214,1,0.396299654177091,"Not significant",NA
"Hnrnpa3",0.402187295267365,-0.584962500721156,0.111,0.152,1,0.395571652492197,"Not significant",NA
"Rsrc1",0.402187295267365,-0.584962500721156,0.111,0.152,1,0.395571652492197,"Not significant",NA
"Phactr4",0.402187295267365,-0.584962500721156,0.111,0.152,1,0.395571652492197,"Not significant",NA
"Tubgcp5",0.402189221178688,-0.716207033999409,0.111,0.152,1,0.395569572837599,"Not significant",NA
"Nrf1",0.402298968370879,-0.362570079384708,0.208,0.259,1,0.395451081103631,"Not significant",NA
"Zfp612",0.402893762448418,-0.362570079384708,0.069,0.107,1,0.394809456253226,"Not significant",NA
"Cntn5",0.403734714979368,0.887408173623639,0.264,0.223,1,0.393903906334581,"Not significant",NA
"Sgms1",0.403812704921221,0.402964666978268,0.181,0.134,1,0.393820021226013,"Not significant",NA
"Nacc2",0.404485684665114,-0.169925001442313,0.069,0.107,1,0.393096844091169,"Not significant",NA
"Ankrd17",0.405747209108324,-0.362570079384708,0.167,0.214,1,0.391744458742699,"Not significant",NA
"Zfr",0.405777907852862,-0.310102659490573,0.181,0.232,1,0.39171160136076,"Not significant",NA
"Rasgrf1",0.407536421423965,0.391269333345894,0.361,0.304,1,0.389833572404688,"Not significant",NA
"Dmxl2",0.408175548621359,-0.305986551018341,0.139,0.188,1,0.389153014849923,"Not significant",NA
"Hdhd5",0.409077249591439,0.762960802699151,0.125,0.089,1,0.388194672668914,"Not significant",NA
"Rorb",0.409750252280819,-0.0571570712803627,0.444,0.554,1,0.387480770364824,"Not significant",NA
"Dnajc1",0.410467445915751,0.533093260800556,0.333,0.295,1,0.386721280980061,"Not significant",NA
"Farp1",0.410595587348336,-0.0962900140472602,0.5,0.625,1,0.386585722282928,"Not significant",NA
"Nipsnap2",0.410733011471757,-0.192645077942396,0.083,0.125,1,0.386440390587124,"Not significant",NA
"Slc12a6",0.410779853097329,-0.255654875468196,0.069,0.107,1,0.3863908647418,"Not significant",NA
"Uvrag",0.410779853097329,-0.0630097975258006,0.069,0.107,1,0.3863908647418,"Not significant",NA
"Rxylt1",0.410779853097329,-0.255654875468196,0.069,0.107,1,0.3863908647418,"Not significant",NA
"Gm32618",0.410779853097329,-0.255654875468196,0.069,0.107,1,0.3863908647418,"Not significant",NA
"Ddx3y",0.410779853097329,-0.255654875468196,0.069,0.107,1,0.3863908647418,"Not significant",NA
"Qk",0.411683342105952,-0.169925001442312,0.361,0.438,1,0.385436705452906,"Not significant",NA
"Foxo1",0.412259171494996,0.537894247064377,0.167,0.125,1,0.384829673863283,"Not significant",NA
"Ralbp1",0.412259171494996,0.637429920615292,0.167,0.125,1,0.384829673863283,"Not significant",NA
"Lix1",0.412304424314036,-0.0824621601919731,0.153,0.205,1,0.384782004890947,"Not significant",NA
"Plxnb1",0.41241550417865,-0.421463768438277,0.25,0.304,1,0.384665016393694,"Not significant",NA
"Pds5a",0.412839371422376,-0.514573172829758,0.111,0.152,1,0.384218891865044,"Not significant",NA
"Gm42418",0.41310488804953,0.108329610932635,1,1,1,0.383939666218333,"Not significant",NA
"Cnot1",0.41319572888532,-0.362570079384708,0.125,0.17,1,0.383844176337132,"Not significant",NA
"Pik3ip1",0.41319572888532,-0.362570079384708,0.125,0.17,1,0.383844176337132,"Not significant",NA
"Hnrnph1",0.413270607126363,-0.478047296804644,0.153,0.196,1,0.383765481765867,"Not significant",NA
"Setbp1",0.413880689528064,-0.199071347101829,0.153,0.205,1,0.3831248360468,"Not significant",NA
"Anks1",0.414342610127514,-0.409875794163065,0.167,0.214,1,0.382640402468797,"Not significant",NA
"Tnrc6a",0.414405162191794,-0.333423733725192,0.486,0.527,1,0.382574843278637,"Not significant",NA
"Synrg",0.414531101746982,0.396421821111497,0.139,0.098,1,0.382442879322729,"Not significant",NA
"Flnb",0.414531101746982,0.396421821111497,0.139,0.098,1,0.382442879322729,"Not significant",NA
"Macrod1",0.414531101746982,0.396421821111497,0.139,0.098,1,0.382442879322729,"Not significant",NA
"Mef2a",0.415606642301637,-0.684498174272071,0.097,0.134,1,0.381317520085274,"Not significant",NA
"Zranb1",0.415727671266683,-0.133088233261941,0.153,0.205,1,0.381191067438768,"Not significant",NA
"Foxp1",0.417440096070944,-0.00501807476662453,0.347,0.42,1,0.379405838293979,"Not significant",NA
"Araf",0.417707410872192,0.435796059445641,0.208,0.161,1,0.379127819510201,"Not significant",NA
"Camk2d",0.41841827928514,-0.313660478903762,0.167,0.214,1,0.378389350863387,"Not significant",NA
"Zmat1",0.419952098869257,0.959358015502654,0.125,0.089,1,0.376800243847706,"Not significant",NA
"Rabgap1l",0.421408272013044,0.289506617194985,0.25,0.196,1,0.375296943681977,"Not significant",NA
"Brd4",0.421408272013044,0.289506617194985,0.25,0.196,1,0.375296943681977,"Not significant",NA
"Mt3",0.421791953563146,0.53051471669878,0.264,0.214,1,0.37490170946248,"Not significant",NA
"Palm",0.423054535446404,0.637429920615292,0.125,0.089,1,0.373603644641957,"Not significant",NA
"D5Ertd579e",0.423648386018636,-0.440572591385981,0.111,0.152,1,0.372994443793946,"Not significant",NA
"Bcl9",0.423821353577482,0.15200309344505,0.111,0.161,1,0.372817165824271,"Not significant",NA
"Lrrfip1",0.424383776021899,0.637429920615292,0.125,0.089,1,0.372241227312743,"Not significant",NA
"Tcp11l1",0.424383776021899,0.878438020119086,0.125,0.089,1,0.372241227312743,"Not significant",NA
"Zfyve9",0.424425996707873,-0.117457581548177,0.167,0.223,1,0.37219802278908,"Not significant",NA
"Ankib1",0.425507216278922,-0.432959407276106,0.111,0.152,1,0.371093070212671,"Not significant",NA
"Dlc1",0.425507216278922,-0.432959407276106,0.111,0.152,1,0.371093070212671,"Not significant",NA
"Ist1",0.425507216278922,-0.432959407276106,0.111,0.152,1,0.371093070212671,"Not significant",NA
"Stk38",0.425534427283344,-0.50941146771398,0.181,0.223,1,0.371065298154368,"Not significant",NA
"Diaph2",0.425534427283344,-0.50941146771398,0.181,0.223,1,0.371065298154368,"Not significant",NA
"Ube2k",0.425669122161181,-0.610497592828294,0.097,0.134,1,0.370927852198669,"Not significant",NA
"Uty",0.425669122161181,-0.610497592828294,0.097,0.134,1,0.370927852198669,"Not significant",NA
"Senp2",0.426546926527095,-0.421463768438277,0.153,0.196,1,0.370033182994271,"Not significant",NA
"Phactr3",0.426871360064691,-0.175484526784213,0.361,0.429,1,0.369702982190928,"Not significant",NA
"Ramp1",0.427084027120848,-0.603578178888503,0.139,0.179,1,0.369486670818538,"Not significant",NA
"Zswim6",0.427700697175027,0.848934025809003,0.153,0.116,1,0.368860041819363,"Not significant",NA
"Kat6b",0.427873350828744,0.476965248422045,0.194,0.152,1,0.368684761771348,"Not significant",NA
"Ncor2",0.428508170283313,0.444784842672896,0.292,0.25,1,0.368040893052029,"Not significant",NA
"Rufy3",0.428908277417301,-0.362570079384708,0.167,0.214,1,0.367635572315438,"Not significant",NA
"Frmpd1",0.428960825354351,-0.45567948377619,0.153,0.196,1,0.367582367743666,"Not significant",NA
"Arid4a",0.429464705973745,0.430979043147866,0.236,0.188,1,0.367072521310429,"Not significant",NA
"Wdr48",0.430448676378034,-0.0630097975258006,0.069,0.107,1,0.366078623291819,"Not significant",NA
"Gpr179",0.430448676378034,-0.0630097975258006,0.069,0.107,1,0.366078623291819,"Not significant",NA
"Map2k2",0.430509189173702,0.265461143228334,0.208,0.161,1,0.366017574141011,"Not significant",NA
"Vps13b",0.430769149678466,-0.119298928372344,0.236,0.304,1,0.365755407055025,"Not significant",NA
"Pde4d",0.433010672318691,-0.0778406024515953,0.528,0.625,1,0.363501399554261,"Not significant",NA
"AY036118",0.433585075909323,0.187819272789022,0.681,0.723,1,0.362925674720992,"Not significant",NA
"Cnbd2",0.43412513132431,0.637429920615292,0.125,0.089,1,0.362385072305622,"Not significant",NA
"Mrps5",0.434613749212372,-0.362570079384708,0.111,0.152,1,0.361896538685969,"Not significant",NA
"Bsg",0.434613749212372,-0.362570079384708,0.111,0.152,1,0.361896538685969,"Not significant",NA
"Erc1",0.434800612714561,-0.199071347101829,0.139,0.188,1,0.361709852583983,"Not significant",NA
"Plekha7",0.435862148994008,-0.532495080827021,0.097,0.134,1,0.360650844211931,"Not significant",NA
"Pacs2",0.435862148994008,-0.532495080827021,0.097,0.134,1,0.360650844211931,"Not significant",NA
"Tnrc18",0.436127067693516,-0.301169534720565,0.236,0.286,1,0.360386958533789,"Not significant",NA
"Clec16a",0.436536906829757,-0.362570079384708,0.111,0.152,1,0.359979033161321,"Not significant",NA
"Mxi1",0.437090644530627,0.637429920615292,0.125,0.089,1,0.359428489031295,"Not significant",NA
"Epas1",0.437694017909858,-0.514573172829758,0.097,0.134,1,0.358829388974029,"Not significant",NA
"Bdp1",0.438281171125603,-0.0406419844973458,0.194,0.25,1,0.35824718654864,"Not significant",NA
"Rpl10",0.438569484602132,-0.225066555634773,0.125,0.17,1,0.357961589553053,"Not significant",NA
"Ppox",0.438677828135008,0.511899038531433,0.125,0.089,1,0.357854315360169,"Not significant",NA
"Kcnd2",0.439006073477707,-0.148170448801791,0.778,0.839,1,0.357529471421641,"Not significant",NA
"Cluap1",0.439885327781938,-0.488100961468567,0.139,0.179,1,0.356660523518953,"Not significant",NA
"Immt",0.440013236746478,0.499926396865357,0.125,0.089,1,0.356534258605891,"Not significant",NA
"Kmt5c",0.440013236746478,0.499926396865357,0.125,0.089,1,0.356534258605891,"Not significant",NA
"Kmt2b",0.440013236746478,0.499926396865357,0.125,0.089,1,0.356534258605891,"Not significant",NA
"Hjurp",0.44075500084477,-0.362570079384708,0.153,0.196,1,0.355802751457529,"Not significant",NA
"Lgi4",0.44075500084477,-0.362570079384708,0.153,0.196,1,0.355802751457529,"Not significant",NA
"Rbm6",0.440981075189499,0.298628007163533,0.333,0.286,1,0.355580047985967,"Not significant",NA
"Dpyd",0.443727708462349,-0.160936218215058,0.222,0.277,1,0.352883451029729,"Not significant",NA
"Dtx1",0.444310502580311,-0.400044784803371,0.222,0.268,1,0.352313420815474,"Not significant",NA
"Nedd4",0.44449375246893,0.0968615392525891,0.264,0.339,1,0.35213433882726,"Not significant",NA
"Anks1b",0.444636242387737,0.421701229559855,0.264,0.214,1,0.351995140765441,"Not significant",NA
"Adam22",0.445164650524,-0.263034405833794,0.167,0.214,1,0.351479329269686,"Not significant",NA
"Ryr3",0.445411667529572,0.167944637314071,0.125,0.089,1,0.351238410837358,"Not significant",NA
"Zfp423",0.446099035615517,0.402964666978268,0.194,0.152,1,0.350568715622566,"Not significant",NA
"Nkx2-2os",0.44618515607932,-0.450032920635048,0.097,0.134,1,0.350484882147373,"Not significant",NA
"Rapgef2",0.44618515607932,-0.610497592828294,0.097,0.134,1,0.350484882147373,"Not significant",NA
"Itfg1",0.44618515607932,-0.450032920635048,0.097,0.134,1,0.350484882147373,"Not significant",NA
"Herc4",0.44618515607932,-0.450032920635048,0.097,0.134,1,0.350484882147373,"Not significant",NA
"Galnt10",0.44618515607932,-0.450032920635048,0.097,0.134,1,0.350484882147373,"Not significant",NA
"Kif13b",0.44618515607932,-0.450032920635048,0.097,0.134,1,0.350484882147373,"Not significant",NA
"Fbxo11",0.44618515607932,-0.450032920635048,0.097,0.134,1,0.350484882147373,"Not significant",NA
"Spag9",0.446228596530721,-0.174124989971598,0.431,0.509,1,0.350442601426588,"Not significant",NA
"Dcc",0.447010998524446,0.599955215196629,0.278,0.232,1,0.349681791096895,"Not significant",NA
"Cdc42bpa",0.44711426388629,-0.040641984497346,0.319,0.393,1,0.349581475002706,"Not significant",NA
"Ahdc1",0.448308266256209,0.476965248422045,0.194,0.152,1,0.348423253201217,"Not significant",NA
"Vgll4",0.448374832586495,0.554967760423319,0.181,0.143,1,0.348358772472152,"Not significant",NA
"Slc38a6",0.449990433997775,-0.642677998577444,0.083,0.116,1,0.346796718460519,"Not significant",NA
"Itih3",0.450709582434387,0.111602543981468,0.736,0.857,1,0.346103208394215,"Not significant",NA
"Arhgap5",0.451734857696711,-0.24521312874655,0.306,0.357,1,0.345116396219115,"Not significant",NA
"Anapc5",0.452531579794189,-0.169925001442312,0.125,0.17,1,0.344351108278008,"Not significant",NA
"Dmd",0.452615703525735,-0.103651782023146,0.444,0.58,1,0.344270382249911,"Not significant",NA
"Abi1",0.452902041896943,-0.426700416804424,0.139,0.179,1,0.343995721307381,"Not significant",NA
"Tnk2",0.452902572398066,-0.488100961468567,0.139,0.179,1,0.343995212602287,"Not significant",NA
"Utp14b",0.453452354089218,-0.0655883416275768,0.347,0.429,1,0.343468339129158,"Not significant",NA
"Itpr2",0.453589598900709,-0.261641170533928,0.347,0.411,1,0.343336912650904,"Not significant",NA
"Ywhae",0.453941488003657,0.900464326449085,0.111,0.08,1,0.343000123078587,"Not significant",NA
"Nub1",0.454185638271507,0.637429920615292,0.153,0.116,1,0.342766602652715,"Not significant",NA
"Pak3",0.454185638271507,0.637429920615292,0.153,0.116,1,0.342766602652715,"Not significant",NA
"Col16a1",0.454620125813236,0.374395514781498,0.125,0.089,1,0.342351342178669,"Not significant",NA
"Dctn1",0.454620125813236,0.258918297361562,0.125,0.089,1,0.342351342178669,"Not significant",NA
"Map4k3",0.455575590923751,0.807354922057604,0.167,0.134,1,0.341439552835044,"Not significant",NA
"Kcnip1",0.456288261060511,1.03796785019902,0.208,0.179,1,0.3407607041886,"Not significant",NA
"Adnp",0.456637536528379,-0.362570079384708,0.097,0.134,1,0.340428391494269,"Not significant",NA
"Pogz",0.456637536528379,-0.362570079384708,0.097,0.134,1,0.340428391494269,"Not significant",NA
"Ulk2",0.456637536528379,-0.362570079384708,0.097,0.134,1,0.340428391494269,"Not significant",NA
"Tafa5",0.457936237292004,0.289506617194985,0.389,0.348,1,0.339194988633766,"Not significant",NA
"Cttnbp2",0.458594411035617,-0.362570079384708,0.097,0.134,1,0.338571242391038,"Not significant",NA
"Slf2",0.458594411035617,-0.362570079384708,0.097,0.134,1,0.338571242391038,"Not significant",NA
"Abcc5",0.458745433509783,-0.273302741287621,0.278,0.33,1,0.338428245816417,"Not significant",NA
"Snhg14",0.458922447481082,0.394158769602928,0.375,0.321,1,0.338260698943522,"Not significant",NA
"Lrp8",0.459621028785648,-0.555215157327104,0.083,0.116,1,0.337600109494972,"Not significant",NA
"Rnf215",0.459621806068257,-0.642677998577444,0.083,0.116,1,0.337599375043671,"Not significant",NA
"Fam168a",0.459803758413381,0.361795478001864,0.222,0.179,1,0.337427483150426,"Not significant",NA
"Dnajc13",0.459803758413381,0.361795478001864,0.222,0.179,1,0.337427483150426,"Not significant",NA
"Slc27a1",0.460546244600688,-0.071979951030353,0.597,0.661,1,0.336726754682047,"Not significant",NA
"Fus",0.466129443112316,-0.362570079384708,0.139,0.179,1,0.331493463947151,"Not significant",NA
"Zfp532",0.466129443112316,-0.362570079384708,0.139,0.179,1,0.331493463947151,"Not significant",NA
"Celsr2",0.466176690010475,0.476965248422045,0.181,0.143,1,0.331449446072665,"Not significant",NA
"Slc25a12",0.467689707606445,-0.440572591385981,0.097,0.134,1,0.330042187455,"Not significant",NA
"Mapre2",0.468031035497103,-0.432959407276106,0.097,0.134,1,0.329725347570665,"Not significant",NA
"Wwc2",0.468073355661524,-0.500073603134643,0.125,0.161,1,0.329686079698262,"Not significant",NA
"Adgrb2",0.468075062813253,-0.564203940554359,0.125,0.161,1,0.32968449574734,"Not significant",NA
"Banp",0.468373332422684,0.315501825727929,0.194,0.152,1,0.329407840139759,"Not significant",NA
"Fam222b",0.468593628495895,-0.247092861964772,0.153,0.196,1,0.329203620834844,"Not significant",NA
"Ip6k2",0.469236055110951,-0.280107919192735,0.097,0.134,1,0.32860862500039,"Not significant",NA
"Tiam1",0.469315477616289,0.637429920615292,0.111,0.08,1,0.328535122897018,"Not significant",NA
"Maco1",0.469355819195791,-0.462105752935623,0.083,0.116,1,0.328497793268554,"Not significant",NA
"Dhx15",0.469355819195791,-0.462105752935623,0.083,0.116,1,0.328497793268554,"Not significant",NA
"Taf15",0.469355819195791,-0.462105752935623,0.083,0.116,1,0.328497793268554,"Not significant",NA
"Hivep1",0.469355819195791,-0.462105752935623,0.083,0.116,1,0.328497793268554,"Not significant",NA
"Ppp3cc",0.469355819195791,-0.462105752935623,0.083,0.116,1,0.328497793268554,"Not significant",NA
"Vps8",0.469355819195791,-0.462105752935623,0.083,0.116,1,0.328497793268554,"Not significant",NA
"Tafa1",0.469472798622598,0.258918297361562,0.125,0.089,1,0.3283895658054,"Not significant",NA
"Sema4g",0.469472798622598,0.258918297361562,0.125,0.089,1,0.3283895658054,"Not significant",NA
"Plxdc2",0.469473567971576,0.15200309344505,0.125,0.089,1,0.328388854105504,"Not significant",NA
"Fasn",0.469473567971576,0.15200309344505,0.125,0.089,1,0.328388854105504,"Not significant",NA
"Hmgb1",0.470530714705475,-0.210566985939658,0.153,0.196,1,0.327412021988645,"Not significant",NA
"Opa1",0.470621876637081,0.430979043147865,0.153,0.116,1,0.327327888715585,"Not significant",NA
"Car10",0.470693212026152,0.399270183420527,0.319,0.277,1,0.327262064707725,"Not significant",NA
"Ctbp2",0.471315627209959,-0.450032920635048,0.083,0.116,1,0.326688160285902,"Not significant",NA
"Dlg2",0.472544659131099,0.232173442129033,0.444,0.527,1,0.325557141022073,"Not significant",NA
"Slc24a3",0.473021657539764,0.521952703195356,0.222,0.179,1,0.325118974410847,"Not significant",NA
"Xkr6",0.474262811070668,0.296393002780225,0.167,0.125,1,0.32398092885859,"Not significant",NA
"Clasrp",0.474772196779374,0.385891153619327,0.208,0.17,1,0.323514721770621,"Not significant",NA
"Ssb",0.476618303796422,0.637429920615292,0.167,0.134,1,0.321829283254475,"Not significant",NA
"E130307A14Rik",0.477441653930976,-0.057715497856287,0.208,0.259,1,0.321079694078271,"Not significant",NA
"Rbm33",0.478819057908606,-0.362570079384708,0.139,0.179,1,0.319828572175763,"Not significant",NA
"Hipk2",0.479127656581571,-0.210566985939658,0.194,0.241,1,0.319548759732335,"Not significant",NA
"Adora1",0.479194262682255,-0.362570079384708,0.083,0.116,1,0.31948839032733,"Not significant",NA
"Rrnad1",0.479194262682255,-0.362570079384708,0.083,0.116,1,0.31948839032733,"Not significant",NA
"Mitf",0.479194262682255,-0.362570079384708,0.083,0.116,1,0.31948839032733,"Not significant",NA
"Clpb",0.479194262682255,-0.362570079384708,0.083,0.116,1,0.31948839032733,"Not significant",NA
"Dyrk1a",0.479194262682255,-0.362570079384708,0.083,0.116,1,0.31948839032733,"Not significant",NA
"Clint1",0.480004288743814,-0.192645077942396,0.097,0.134,1,0.318754882271388,"Not significant",NA
"Cmtr1",0.480004288743814,-0.192645077942396,0.097,0.134,1,0.318754882271388,"Not significant",NA
"AI480526",0.480518190669085,0.493040011280117,0.208,0.17,1,0.318290166876457,"Not significant",NA
"Rab3gap1",0.480755903725276,-0.432959407276106,0.125,0.161,1,0.318075373881854,"Not significant",NA
"Zfhx2",0.480874714451694,-0.255654875468196,0.153,0.196,1,0.317968058573541,"Not significant",NA
"Pde9a",0.480874714451694,-0.255654875468196,0.153,0.196,1,0.317968058573541,"Not significant",NA
"Aak1",0.482851271886639,-0.196560127945779,0.25,0.304,1,0.316186620274815,"Not significant",NA
"Ptprf",0.484219023479542,-0.0730634621897233,0.111,0.152,1,0.314958152461615,"Not significant",NA
"Zswim5",0.484569748564342,-0.192645077942396,0.083,0.116,1,0.314643702129317,"Not significant",NA
"Itgb5",0.484569748564342,-0.192645077942396,0.083,0.116,1,0.314643702129317,"Not significant",NA
"Lgi1",0.484641499246029,-0.0807991109693285,0.292,0.357,1,0.314579400512395,"Not significant",NA
"Pip5k1a",0.484966978585375,0.485426827170242,0.111,0.08,1,0.314287831513995,"Not significant",NA
"Ptbp2",0.484966978585375,0.485426827170242,0.111,0.08,1,0.314287831513995,"Not significant",NA
"Tctn1",0.484966978585375,0.485426827170242,0.111,0.08,1,0.314287831513995,"Not significant",NA
"Rps2",0.484966978585375,0.485426827170242,0.111,0.08,1,0.314287831513995,"Not significant",NA
"U2af1",0.484966978585375,0.485426827170242,0.111,0.08,1,0.314287831513995,"Not significant",NA
"Nrg2",0.484966978585375,0.485426827170242,0.111,0.08,1,0.314287831513995,"Not significant",NA
"Sgcd",0.486398012094654,0.402964666978269,0.264,0.232,1,0.31300820869027,"Not significant",NA
"mt-Nd1",0.487194410087911,0.671377252538629,0.292,0.259,1,0.312297703301908,"Not significant",NA
"Nisch",0.487973691907918,0.366127898797897,0.292,0.241,1,0.311603591454677,"Not significant",NA
"Tenm3",0.488038759555174,0.415037499278844,0.333,0.304,1,0.311545685389743,"Not significant",NA
"Auts2",0.488968399556799,0.277027677913294,0.528,0.509,1,0.310719207014547,"Not significant",NA
"Brwd1",0.489422855183738,0.343698717558582,0.319,0.277,1,0.310315753724695,"Not significant",NA
"Magi2",0.489461037825696,0.150032198273927,0.833,0.857,1,0.310281873280173,"Not significant",NA
"Anks3",0.489728377049433,-0.210566985939658,0.097,0.134,1,0.310044730290704,"Not significant",NA
"Tsga10",0.489847308980605,-0.210566985939658,0.083,0.116,1,0.30993927344358,"Not significant",NA
"Lpp",0.490086695572903,0.490588532286021,0.264,0.232,1,0.309727087158256,"Not significant",NA
"Dot1l",0.49010991423407,0.315501825727929,0.153,0.116,1,0.309706512232117,"Not significant",NA
"Kdm2a",0.49010991423407,0.315501825727929,0.153,0.116,1,0.309706512232117,"Not significant",NA
"Cnot4",0.490745696117561,-0.196560127945779,0.236,0.286,1,0.309143500511635,"Not significant",NA
"Kdm3a",0.491213327343693,-0.269460674993227,0.083,0.116,1,0.308729858655763,"Not significant",NA
"Akap11",0.491538362152875,0.113867964558279,0.208,0.161,1,0.308442581959706,"Not significant",NA
"Kmt2d",0.491612027454058,-0.305986551018341,0.139,0.179,1,0.308377500494633,"Not significant",NA
"Zmym3",0.492900960950351,-0.128104825747685,0.097,0.134,1,0.307240335152178,"Not significant",NA
"Ralgps2",0.493496277198993,-0.0995356735509145,0.111,0.152,1,0.306716119180834,"Not significant",NA
"Cbx5",0.493872768425421,-0.237039197300849,0.139,0.179,1,0.306384919674891,"Not significant",NA
"Itsn1",0.496116441026472,-0.185692317300629,0.264,0.312,1,0.304416380444644,"Not significant",NA
"Vps13a",0.496959344211203,0.361795478001864,0.208,0.17,1,0.303679139047245,"Not significant",NA
"Tmem164",0.497379830517335,-0.112591826376361,0.194,0.241,1,0.303311829988131,"Not significant",NA
"Dtx3",0.497447891401272,-0.462105752935623,0.167,0.205,1,0.303252405696423,"Not significant",NA
"Eml5",0.497719689270555,0.374395514781498,0.111,0.08,1,0.303015178680491,"Not significant",NA
"Kat2b",0.498068585604319,-0.14017765804826,0.153,0.196,1,0.302710849411843,"Not significant",NA
"Cd46",0.498075362921721,-0.584962500721156,0.111,0.143,1,0.302704939921444,"Not significant",NA
"Xrcc4",0.498075362921721,-0.652076696579693,0.111,0.143,1,0.302704939921444,"Not significant",NA
"Map2k5",0.498186893983054,0.724892761865631,0.167,0.134,1,0.302607701821006,"Not significant",NA
"Pde7a",0.499331381811894,0.347923303420307,0.111,0.08,1,0.301611138692627,"Not significant",NA
"Ift74",0.499331381811894,0.347923303420307,0.111,0.08,1,0.301611138692627,"Not significant",NA
"Hps4",0.499331381811894,0.347923303420307,0.111,0.08,1,0.301611138692627,"Not significant",NA
"Polb",0.499331381811894,0.347923303420307,0.111,0.08,1,0.301611138692627,"Not significant",NA
"Brd7",0.499331381811894,0.347923303420307,0.111,0.08,1,0.301611138692627,"Not significant",NA
"Slc25a27",0.499331381811894,0.347923303420307,0.111,0.08,1,0.301611138692627,"Not significant",NA
"Rb1cc1",0.500031119398523,-0.326044203359594,0.194,0.232,1,0.301002966538986,"Not significant",NA
"Hivep2",0.500402545962682,0.0968615392525891,0.264,0.214,1,0.300680489356853,"Not significant",NA
"Snapc4",0.500627107918164,0.521952703195356,0.139,0.107,1,0.300485637946869,"Not significant",NA
"Psd",0.500627107918164,0.521952703195356,0.139,0.107,1,0.300485637946869,"Not significant",NA
"Atg16l1",0.501314192134976,0,0.083,0.116,1,0.2998900003966,"Not significant",NA
"Ostm1",0.501314192134976,-0.169925001442313,0.083,0.116,1,0.2998900003966,"Not significant",NA
"Usp16",0.501314192134976,-0.169925001442313,0.083,0.116,1,0.2998900003966,"Not significant",NA
"Opcml",0.501362311166194,-0.133088233261941,0.167,0.214,1,0.299848316304712,"Not significant",NA
"Fhit",0.50169256186381,0.467504919172979,0.222,0.179,1,0.299562337811095,"Not significant",NA
"Cabin1",0.502500022721202,-0.263034405833794,0.181,0.223,1,0.298863914270275,"Not significant",NA
"Smox",0.506020350283422,-0.0630097975258006,0.167,0.214,1,0.295832017077045,"Not significant",NA
"Ptpn23",0.506658610782071,-0.288569497940931,0.125,0.161,1,0.295284572013128,"Not significant",NA
"Thada",0.50718739695725,-0.295455883526171,0.125,0.161,1,0.294831546727122,"Not significant",NA
"Kdm4c",0.507223491807235,0.222392421336448,0.153,0.116,1,0.294800640524609,"Not significant",NA
"Mapk10",0.507333028648912,0.337869638756384,0.431,0.42,1,0.29470686310535,"Not significant",NA
"Cntn4",0.509646806460489,0.843880798082718,0.125,0.098,1,0.292730692811605,"Not significant",NA
"2210408I21Rik",0.510251049255836,-0.316766389771584,0.167,0.205,1,0.292216093548587,"Not significant",NA
"Lonp2",0.510339719632285,-0.440572591385981,0.111,0.143,1,0.292140629304797,"Not significant",NA
"Pcnx",0.51034031730866,-0.514573172829758,0.111,0.143,1,0.292140120687909,"Not significant",NA
"Myo6",0.511471982969127,-0.0834160081876374,0.458,0.518,1,0.291178150759556,"Not significant",NA
"Colec12",0.512659005228346,0.762960802699151,0.194,0.17,1,0.290171409524566,"Not significant",NA
"Ctdspl",0.513556958783395,0.0931094043914813,0.194,0.25,1,0.289411381641221,"Not significant",NA
"Grin2a",0.514052596589323,0.15200309344505,0.111,0.08,1,0.28899244279484,"Not significant",NA
"Nek1",0.514437246856678,-0.0995356735509145,0.139,0.179,1,0.288667594674213,"Not significant",NA
"Dgki",0.514863230316527,0.274859841230583,0.181,0.143,1,0.288308122818016,"Not significant",NA
"Vps13d",0.515203647916366,-0.20387233336565,0.25,0.304,1,0.288021070601002,"Not significant",NA
"Szt2",0.515309350084239,0.53051471669878,0.139,0.107,1,0.287931977365919,"Not significant",NA
"Inpp4b",0.515316802018612,0.0524674198941355,0.083,0.116,1,0.287925697040175,"Not significant",NA
"Csdc2",0.516387280416668,0.315501825727929,0.167,0.134,1,0.287024463758225,"Not significant",NA
"Prkdc",0.516494044143642,-0.247092861964772,0.167,0.205,1,0.286934682102666,"Not significant",NA
"Leng8",0.516601628353052,0.33076858238124,0.375,0.348,1,0.286844229243556,"Not significant",NA
"Zmym2",0.516606909944067,0.637429920615292,0.194,0.161,1,0.286839789160556,"Not significant",NA
"Ube2o",0.516938282963801,0.415037499278844,0.139,0.107,1,0.286561304039942,"Not significant",NA
"Eif4g3",0.517446432938284,0.15200309344505,0.389,0.339,1,0.28613460255401,"Not significant",NA
"Acin1",0.517467993708018,0.0648511443499677,0.306,0.375,1,0.286116506906522,"Not significant",NA
"Ptpra",0.51942470978765,-0.196560127945779,0.264,0.304,1,0.284477394196187,"Not significant",NA
"Zscan26",0.519925600762401,0.396421821111497,0.139,0.107,1,0.284058797692193,"Not significant",NA
"Atp6v0e",0.520265361300693,0.444784842672896,0.167,0.134,1,0.283775087993536,"Not significant",NA
"Ddhd2",0.520438417261942,-0.225066555634773,0.125,0.161,1,0.283630652561914,"Not significant",NA
"Grip1",0.521250850748335,0.467504919172979,0.208,0.179,1,0.282953223193235,"Not significant",NA
"Lrba",0.521557333023777,0.385891153619327,0.222,0.188,1,0.282697944097943,"Not significant",NA
"Sema4a",0.522755942402251,-0.362570079384708,0.111,0.143,1,0.281701021661245,"Not significant",NA
"Rufy1",0.522755942402251,-0.362570079384708,0.111,0.143,1,0.281701021661245,"Not significant",NA
"Gkap1",0.522755942402251,-0.362570079384708,0.111,0.143,1,0.281701021661245,"Not significant",NA
"Cyp2d22",0.522755942402251,-0.362570079384708,0.111,0.143,1,0.281701021661245,"Not significant",NA
"Atrx",0.523346832742546,0.203027096469517,0.569,0.527,1,0.281210399807276,"Not significant",NA
"Glis3",0.524353125215031,0.766712937560258,0.222,0.196,1,0.280376139198501,"Not significant",NA
"Samd4",0.525105164347947,0.789433014060342,0.292,0.268,1,0.279753710456446,"Not significant",NA
"Exoc4",0.525790169803374,-0.119298928372344,0.278,0.33,1,0.279187537742891,"Not significant",NA
"Ccdc50",0.526826395030724,0.637429920615292,0.125,0.098,1,0.278332474163892,"Not significant",NA
"Letm2",0.528778651024473,-0.584962500721156,0.097,0.125,1,0.276726087428302,"Not significant",NA
"Srcap",0.529914670480516,-0.0146467759644016,0.125,0.161,1,0.275794057046266,"Not significant",NA
"Lcorl",0.530206247185513,-0.532495080827021,0.097,0.125,1,0.275555159473141,"Not significant",NA
"Nlgn1",0.530891820115633,0.127056736314819,0.806,0.804,1,0.274993966137485,"Not significant",NA
"Camk2n1",0.531191586526975,-0.210566985939658,0.167,0.205,1,0.274748812318211,"Not significant",NA
"Flrt1",0.53128032581609,-0.301169534720565,0.153,0.188,1,0.274676266431148,"Not significant",NA
"Irak1",0.53128032581609,-0.301169534720565,0.153,0.188,1,0.274676266431148,"Not significant",NA
"Dst",0.531630848139409,0.232173442129033,0.639,0.634,1,0.274389826848896,"Not significant",NA
"Pcx",0.532697218779407,0.389502407171706,0.194,0.161,1,0.2735195706676,"Not significant",NA
"Prpf39",0.53432785514863,0.374395514781498,0.167,0.134,1,0.272192184937415,"Not significant",NA
"Csmd2",0.535018822718013,0.337869638756384,0.25,0.214,1,0.271630938616587,"Not significant",NA
"Atp11b",0.535756700874701,-0.288569497940931,0.111,0.143,1,0.271032388396806,"Not significant",NA
"Stxbp5",0.536569599227721,0.0968615392525893,0.139,0.107,1,0.270373937071574,"Not significant",NA
"Csnk2a1",0.538601871578699,0.357322001422556,0.167,0.134,1,0.268732141799203,"Not significant",NA
"Elp4",0.539039365413102,-0.540907320643221,0.208,0.241,1,0.268379517638093,"Not significant",NA
"Sorbs2",0.541040536436816,-0.260690465365494,0.25,0.286,1,0.266770194983435,"Not significant",NA
"Snta1",0.543728229093581,-0.185692317300629,0.125,0.161,1,0.264618118862704,"Not significant",NA
"Syt11",0.544595053438586,-0.310102659490573,0.181,0.214,1,0.263926307678542,"Not significant",NA
"Rgl2",0.545253263610612,0.268196110949573,0.25,0.214,1,0.263401726274089,"Not significant",NA
"Rnf213",0.545476089863955,0.274859841230583,0.083,0.116,1,0.263224281313452,"Not significant",NA
"Srpk2",0.545649333614357,-0.265272878029793,0.264,0.304,1,0.263086370851764,"Not significant",NA
"Macf1",0.545909135342775,0.163498732282879,0.972,0.982,1,0.262879638070369,"Not significant",NA
"Pcdh17",0.545935948179706,-0.247092861964772,0.153,0.188,1,0.262858307815186,"Not significant",NA
"Depdc5",0.546416717472367,-0.0544477840223765,0.125,0.161,1,0.262476022000507,"Not significant",NA
"Nsun7",0.546883467581987,-0.295455883526171,0.111,0.143,1,0.262105205252972,"Not significant",NA
"Mdm4",0.547045949646578,0.222392421336448,0.167,0.214,1,0.261976193154992,"Not significant",NA
"Fgfr1",0.547502015480311,-0.156119201917282,0.167,0.205,1,0.261614277747449,"Not significant",NA
"Cachd1",0.547953428074821,-0.0995356735509145,0.125,0.161,1,0.261256351715665,"Not significant",NA
"Ankzf1",0.54797464197876,0.637429920615292,0.153,0.125,1,0.261239538419841,"Not significant",NA
"St3gal4",0.548040867197794,0.159382623810647,0.222,0.286,1,0.261187055134735,"Not significant",NA
"Sgip1",0.5484877642905,-0.148445274031861,0.292,0.339,1,0.260833056257709,"Not significant",NA
"Eef2k",0.548500639646981,-0.210566985939658,0.111,0.143,1,0.260822861626203,"Not significant",NA
"Mapre3",0.549000444724121,0.537894247064377,0.153,0.125,1,0.260427303744528,"Not significant",NA
"Prkag2",0.549000990150768,0.730539325006773,0.153,0.125,1,0.260426872277364,"Not significant",NA
"Add1",0.54909628578991,-0.146841388329271,0.194,0.232,1,0.260351493945699,"Not significant",NA
"5031425E22Rik",0.549495346980771,0.122856747785533,0.125,0.161,1,0.260035980745734,"Not significant",NA
"Pdpk1",0.549495346980771,0.0159415438690211,0.125,0.161,1,0.260035980745734,"Not significant",NA
"Ktn1",0.549526503824527,-0.0591779359347735,0.292,0.348,1,0.260011356585058,"Not significant",NA
"Scaper",0.550545109679294,0.158262083916732,0.347,0.304,1,0.259207090711897,"Not significant",NA
"Ccdc148",0.551018074043166,0.730539325006773,0.125,0.098,1,0.258834155542996,"Not significant",NA
"Tbc1d12",0.552330337655869,0.511899038531433,0.125,0.098,1,0.257801101779602,"Not significant",NA
"Ftx",0.552937892856315,0.315501825727929,0.194,0.161,1,0.257323646822883,"Not significant",NA
"Rbm28",0.553061734463504,0.570315724756755,0.208,0.179,1,0.257226388694529,"Not significant",NA
"Phkg2",0.553599894091478,0.122856747785533,0.181,0.143,1,0.256804001635639,"Not significant",NA
"Tut7",0.553807809924069,0.177998301977994,0.208,0.17,1,0.256640924027405,"Not significant",NA
"Yme1l1",0.553843094397887,-0.362570079384708,0.097,0.125,1,0.256613254926569,"Not significant",NA
"Mlc1",0.553843094397887,-0.362570079384708,0.097,0.125,1,0.256613254926569,"Not significant",NA
"Abhd3",0.553843094397887,-0.362570079384708,0.097,0.125,1,0.256613254926569,"Not significant",NA
"A830019P07Rik",0.553875528771,-0.80314267077069,0.083,0.107,1,0.256587822350143,"Not significant",NA
"Rtn3",0.554516591078448,-0.179706022234898,0.236,0.277,1,0.25608545527492,"Not significant",NA
"Kcnip4",0.555183618739558,0.617801113866359,0.403,0.375,1,0.255563356666985,"Not significant",NA
"Pard3b",0.556543619316673,0.458459779569972,0.389,0.393,1,0.254500792001045,"Not significant",NA
"Nmt2",0.557227624524212,0.274859841230583,0.167,0.134,1,0.253967361592931,"Not significant",NA
"Mrtfb",0.557227624524212,0.274859841230583,0.167,0.134,1,0.253967361592931,"Not significant",NA
"Rps6kb1",0.557378117640257,0.554967760423319,0.181,0.152,1,0.253850085451623,"Not significant",NA
"Scmh1",0.559006716037965,-0.169925001442313,0.167,0.205,1,0.252582974366337,"Not significant",NA
"Lrrc4c",0.559393849045739,-0.10715891475394,0.667,0.777,1,0.252282313331279,"Not significant",NA
"Ldb2",0.559779433409905,-0.421463768438277,0.139,0.17,1,0.25198306178388,"Not significant",NA
"Bcor",0.559779433409905,-0.421463768438277,0.139,0.17,1,0.25198306178388,"Not significant",NA
"Dzip3",0.561387526732249,-0.128104825747685,0.111,0.143,1,0.250737241027435,"Not significant",NA
"Dlg4",0.56163316520438,-0.185692317300629,0.153,0.188,1,0.250547254439553,"Not significant",NA
"Hp1bp3",0.562509226452544,-0.362570079384708,0.167,0.196,1,0.24987034972404,"Not significant",NA
"Slc9a9",0.562841852031154,-0.0324214776923775,0.208,0.25,1,0.249613616584846,"Not significant",NA
"Dnajc7",0.564088193486661,-0.169925001442313,0.194,0.232,1,0.248652990076509,"Not significant",NA
"Eml1",0.565166086661195,0.54432051622381,0.153,0.125,1,0.247823906302942,"Not significant",NA
"Arpc2",0.565842747516346,-0.269460674993227,0.097,0.125,1,0.247304246152297,"Not significant",NA
"Fbh1",0.565842747516346,-0.269460674993227,0.097,0.125,1,0.247304246152297,"Not significant",NA
"Iffo1",0.565842747516346,-0.269460674993227,0.097,0.125,1,0.247304246152297,"Not significant",NA
"Tnks",0.565842747516346,-0.269460674993227,0.097,0.125,1,0.247304246152297,"Not significant",NA
"Pced1b",0.565842747516346,-0.269460674993227,0.097,0.125,1,0.247304246152297,"Not significant",NA
"Prr16",0.565842747516346,-0.269460674993227,0.097,0.125,1,0.247304246152297,"Not significant",NA
"Fads1",0.565842747516346,-0.269460674993227,0.097,0.125,1,0.247304246152297,"Not significant",NA
"Tet2",0.565889848159093,-0.313660478903762,0.167,0.196,1,0.247268097066676,"Not significant",NA
"Ganab",0.566192078887744,-0.280107919192735,0.097,0.125,1,0.247036210773471,"Not significant",NA
"Clk1",0.56680219145997,-0.0630097975258004,0.319,0.366,1,0.246568479283553,"Not significant",NA
"Myo18a",0.5673113108403,-0.0919224894410392,0.347,0.411,1,0.246178557548362,"Not significant",NA
"Coro2b",0.568375544365255,0.396421821111497,0.125,0.098,1,0.245364616838363,"Not significant",NA
"Bcr",0.568375544365255,0.396421821111497,0.125,0.098,1,0.245364616838363,"Not significant",NA
"Stxbp5l",0.568375544365255,0.396421821111497,0.125,0.098,1,0.245364616838363,"Not significant",NA
"Ppm1e",0.569958936918213,-0.500073603134643,0.125,0.152,1,0.244156432243696,"Not significant",NA
"Mcu",0.570017879631004,0.274859841230583,0.153,0.125,1,0.244111521690139,"Not significant",NA
"Lrrc9",0.570160032039227,0.289506617194985,0.125,0.098,1,0.244003229806621,"Not significant",NA
"Scn1a",0.570756171873158,-0.0255350921071376,0.139,0.107,1,0.243549383567971,"Not significant",NA
"Smg5",0.570896669051899,0.0159415438690211,0.139,0.107,1,0.243442490916246,"Not significant",NA
"Atrn",0.57136226551857,0.430979043147865,0.153,0.125,1,0.243088445119189,"Not significant",NA
"Trmt1",0.57136226551857,0.537894247064377,0.153,0.125,1,0.243088445119189,"Not significant",NA
"Peak1",0.57136226551857,0.430979043147865,0.153,0.125,1,0.243088445119189,"Not significant",NA
"Gm20342",0.571716711565798,0.374395514781498,0.125,0.098,1,0.242819112954985,"Not significant",NA
"Pank2",0.571716711565798,0.374395514781498,0.125,0.098,1,0.242819112954985,"Not significant",NA
"Mpdz",0.571716711565798,0.374395514781498,0.125,0.098,1,0.242819112954985,"Not significant",NA
"Yars",0.571716711565798,0.374395514781498,0.125,0.098,1,0.242819112954985,"Not significant",NA
"Ipo8",0.571716711565798,0.374395514781498,0.125,0.098,1,0.242819112954985,"Not significant",NA
"Slc20a2",0.571716711565798,0.374395514781498,0.125,0.098,1,0.242819112954985,"Not significant",NA
"Eef1g",0.571716711565798,0.374395514781498,0.125,0.098,1,0.242819112954985,"Not significant",NA
"Fbxw4",0.571716711565798,0.374395514781498,0.125,0.098,1,0.242819112954985,"Not significant",NA
"Ncam2",0.572607749920271,0.429321725285091,0.403,0.402,1,0.2421427783458,"Not significant",NA
"Riok1",0.574824302358863,-0.0730634621897233,0.111,0.143,1,0.240464879095154,"Not significant",NA
"Afg1l",0.575208318623549,0.467504919172979,0.153,0.125,1,0.240174841842523,"Not significant",NA
"Ranbp2",0.575728832034549,-0.362570079384708,0.167,0.196,1,0.239782020883643,"Not significant",NA
"Gmeb1",0.576059074001885,-0.462105752935623,0.083,0.107,1,0.239532978039409,"Not significant",NA
"Pdlim5",0.576059767305663,-0.555215157327104,0.083,0.107,1,0.239532455353738,"Not significant",NA
"Slc4a7",0.576059767305663,-0.555215157327104,0.083,0.107,1,0.239532455353738,"Not significant",NA
"Pde1a",0.576264836539695,-0.450032920635048,0.083,0.107,1,0.239377880093622,"Not significant",NA
"Crim1",0.576356405732754,-0.301169534720565,0.139,0.17,1,0.239308875647265,"Not significant",NA
"Strbp",0.577093358573165,0.347923303420307,0.278,0.25,1,0.238753923701428,"Not significant",NA
"Scg3",0.577547181711418,-0.121561979880914,0.153,0.188,1,0.238412531055014,"Not significant",NA
"Klf7",0.578212769096415,-0.14017765804826,0.194,0.232,1,0.237912321716073,"Not significant",NA
"Dnajc5",0.578341380118156,-0.192645077942396,0.097,0.125,1,0.237815732970406,"Not significant",NA
"Mllt3",0.578341380118156,-0.192645077942396,0.097,0.125,1,0.237815732970406,"Not significant",NA
"Rundc3a",0.578341380118156,-0.192645077942396,0.097,0.125,1,0.237815732970406,"Not significant",NA
"Rmst",0.57854034280652,0.459092679356779,0.333,0.321,1,0.237666351409956,"Not significant",NA
"Gm9801",0.578903919361365,-0.225066555634773,0.139,0.17,1,0.237393510113191,"Not significant",NA
"Nrbp2",0.579750834487796,-0.269460674993227,0.25,0.286,1,0.236758617570209,"Not significant",NA
"Paqr8",0.580241010114363,0.186768511605727,0.25,0.304,1,0.236391579502755,"Not significant",NA
"Ddx17",0.581124846691963,0.00516170511577885,0.472,0.562,1,0.235730555381183,"Not significant",NA
"Spen",0.581580249892887,0.383673328369509,0.264,0.232,1,0.235390350271742,"Not significant",NA
"Prickle2",0.581614474314808,0.400390723314442,0.25,0.223,1,0.23536479397015,"Not significant",NA
"Ewsr1",0.583233172009239,0.385891153619327,0.236,0.205,1,0.234157783025356,"Not significant",NA
"Mt1",0.583586586262763,0.3536369546147,0.208,0.179,1,0.233894698922199,"Not significant",NA
"Kcnd3",0.584564431672803,0.184917715917785,0.194,0.161,1,0.233167613197141,"Not significant",NA
"Ano6",0.584618641629701,0.289506617194985,0.125,0.098,1,0.23312734048759,"Not significant",NA
"Myt1l",0.586405843950915,0.549967079364952,0.167,0.143,1,0.231801710292255,"Not significant",NA
"Nhsl1",0.587225776914893,0.146443568103149,0.444,0.518,1,0.231194888844384,"Not significant",NA
"Golga2",0.587297160283089,-0.362570079384708,0.083,0.107,1,0.231142099065721,"Not significant",NA
"Kif16b",0.587297160283089,-0.362570079384708,0.083,0.107,1,0.231142099065721,"Not significant",NA
"Sh3d19",0.587297160283089,-0.462105752935623,0.083,0.107,1,0.231142099065721,"Not significant",NA
"Kcna2",0.587297160283089,-0.362570079384708,0.083,0.107,1,0.231142099065721,"Not significant",NA
"Elp1",0.587297160283089,-0.362570079384708,0.083,0.107,1,0.231142099065721,"Not significant",NA
"Gm26703",0.587297160283089,-0.462105752935623,0.083,0.107,1,0.231142099065721,"Not significant",NA
"Tnpo3",0.587297160283089,-0.362570079384708,0.083,0.107,1,0.231142099065721,"Not significant",NA
"Ikbkb",0.587297160283089,-0.362570079384708,0.083,0.107,1,0.231142099065721,"Not significant",NA
"Pcsk7",0.587297160283089,-0.362570079384708,0.083,0.107,1,0.231142099065721,"Not significant",NA
"Anxa6",0.587297160283089,-0.362570079384708,0.083,0.107,1,0.231142099065721,"Not significant",NA
"Cbfa2t2",0.588019687706363,0.00939869800224979,0.111,0.143,1,0.230608132904991,"Not significant",NA
"Zc3h6",0.5880380231817,0.258918297361562,0.125,0.098,1,0.230594591059742,"Not significant",NA
"Rpn2",0.5880380231817,0.258918297361562,0.125,0.098,1,0.230594591059742,"Not significant",NA
"Kazn",0.5880380231817,0.258918297361562,0.125,0.098,1,0.230594591059742,"Not significant",NA
"Pkm",0.5880380231817,0.258918297361562,0.125,0.098,1,0.230594591059742,"Not significant",NA
"Mtch1",0.5880380231817,0.258918297361562,0.125,0.098,1,0.230594591059742,"Not significant",NA
"Lpin2",0.5880380231817,0.258918297361562,0.125,0.098,1,0.230594591059742,"Not significant",NA
"Dip2c",0.588404420129791,-0.0215331615496412,0.236,0.196,1,0.230324073485692,"Not significant",NA
"Atp1a2",0.589546056059885,0.163852811322794,0.903,0.991,1,0.229482261626806,"Not significant",NA
"Tesk2",0.590606047984052,0.0524674198941355,0.097,0.125,1,0.228702110041696,"Not significant",NA
"Dgkh",0.591188231653941,0.637429920615292,0.111,0.089,1,0.228274219705626,"Not significant",NA
"Scaf8",0.593622137966683,-0.169925001442313,0.181,0.214,1,0.226489911270988,"Not significant",NA
"Snx6",0.594153037603487,0.315501825727929,0.153,0.125,1,0.226101678206675,"Not significant",NA
"Smc6",0.595028043542451,-0.514573172829758,0.111,0.134,1,0.225462565584502,"Not significant",NA
"Tcf25",0.59579210877889,0.248864632697639,0.458,0.438,1,0.224905253280222,"Not significant",NA
"Plekha5",0.596209517019,0.559427408614019,0.167,0.143,1,0.224601095804482,"Not significant",NA
"Numa1",0.597373490423625,0.300394933337721,0.208,0.179,1,0.223754053941781,"Not significant",NA
"Aopep",0.597469453989161,0.29347551939793,0.25,0.223,1,0.2236842933975,"Not significant",NA
"Usp20",0.598629280567776,-0.255654875468196,0.083,0.107,1,0.222842044465405,"Not significant",NA
"Trpc4ap",0.598629280567776,-0.255654875468196,0.083,0.107,1,0.222842044465405,"Not significant",NA
"Ndrg3",0.598629280567776,-0.255654875468196,0.083,0.107,1,0.222842044465405,"Not significant",NA
"Eva1a",0.598629280567776,-0.255654875468196,0.083,0.107,1,0.222842044465405,"Not significant",NA
"Prr12",0.598629280567776,-0.255654875468196,0.083,0.107,1,0.222842044465405,"Not significant",NA
"Lrig3",0.598629280567776,-0.255654875468196,0.083,0.107,1,0.222842044465405,"Not significant",NA
"Fam49a",0.598629280567776,-0.255654875468196,0.083,0.107,1,0.222842044465405,"Not significant",NA
"Pnpla8",0.598629280567776,-0.255654875468196,0.083,0.107,1,0.222842044465405,"Not significant",NA
"Ankrd28",0.598629280567776,-0.255654875468196,0.083,0.107,1,0.222842044465405,"Not significant",NA
"Bbx",0.598629280567776,-0.255654875468196,0.083,0.107,1,0.222842044465405,"Not significant",NA
"Ranbp3",0.598629280567776,-0.255654875468196,0.083,0.107,1,0.222842044465405,"Not significant",NA
"Fam160b1",0.598629280567776,-0.255654875468196,0.083,0.107,1,0.222842044465405,"Not significant",NA
"Afdn",0.598710876997707,-0.362570079384708,0.125,0.152,1,0.222782851797235,"Not significant",NA
"Nkx6-2",0.599361015204695,0.0297473433940523,0.167,0.205,1,0.222311508691163,"Not significant",NA
"Dop1a",0.600057665305104,0.15200309344505,0.194,0.161,1,0.221807012082324,"Not significant",NA
"Als2cl",0.600176459632891,0.537894247064377,0.139,0.116,1,0.2217210426533,"Not significant",NA
"Atxn1",0.600935613923243,0.278975949702815,0.347,0.321,1,0.221172057141667,"Not significant",NA
"Peli2",0.601487292562958,-0.362570079384708,0.181,0.205,1,0.220773543433168,"Not significant",NA
"Fam193b",0.602251380294018,0.430979043147865,0.361,0.366,1,0.220222195973225,"Not significant",NA
"Srek1",0.602297305138392,0.167944637314071,0.417,0.384,1,0.220189079990874,"Not significant",NA
"Tnik",0.602474922598009,-0.0615678233518941,0.792,0.83,1,0.220061025440173,"Not significant",NA
"Ubac2",0.602732657864134,-0.0995356735509145,0.083,0.107,1,0.219875276516268,"Not significant",NA
"Arih1",0.602842295894389,0.296393002780225,0.181,0.152,1,0.219796284842579,"Not significant",NA
"Psmd11",0.602842295894389,0.315501825727929,0.181,0.152,1,0.219796284842579,"Not significant",NA
"Ago2",0.602842295894389,0.296393002780225,0.181,0.152,1,0.219796284842579,"Not significant",NA
"Slf1",0.603310331489618,-0.0406419844973458,0.097,0.125,1,0.219459237470746,"Not significant",NA
"Arid1a",0.603455643318195,-0.313660478903762,0.167,0.196,1,0.219354646975275,"Not significant",NA
"Mpp6",0.603549417797123,-0.0255350921071374,0.306,0.357,1,0.219287164675265,"Not significant",NA
"Npas2",0.604214586052649,0.079434467494405,0.292,0.339,1,0.21880879484275,"Not significant",NA
"Fam173a",0.60454902954031,0.15200309344505,0.125,0.098,1,0.218568471651297,"Not significant",NA
"Pitpnm2",0.605960118411487,-0.0470682536567788,0.292,0.33,1,0.217555958216193,"Not significant",NA
"Btbd9",0.606297512541881,0.415037499278844,0.194,0.17,1,0.217314213542291,"Not significant",NA
"Crocc",0.606573999247969,0.511899038531433,0.111,0.089,1,0.217116209628956,"Not significant",NA
"Galntl6",0.607027499896659,0.472370674344795,0.208,0.259,1,0.21679163382945,"Not significant",NA
"Gm26871",0.608424218686377,-0.269460674993227,0.083,0.107,1,0.215793506925891,"Not significant",NA
"Ap4s1",0.610264729694285,0.637429920615292,0.111,0.089,1,0.214481729407298,"Not significant",NA
"Supt16",0.610352346226777,-0.169925001442313,0.083,0.107,1,0.214419381636812,"Not significant",NA
"Grik5",0.610501877120484,0.134929580086109,0.278,0.241,1,0.214312996384431,"Not significant",NA
"Rgs7",0.612089976662889,0.43389652653016,0.306,0.277,1,0.21318473227281,"Not significant",NA
"Kif1b",0.612331807192711,0.0780025120012732,0.597,0.58,1,0.213013180823125,"Not significant",NA
"Ubr2",0.612350517546593,-0.288569497940931,0.25,0.277,1,0.212999910763972,"Not significant",NA
"Cdk10",0.613328345093961,-0.210566985939658,0.125,0.152,1,0.212306963841066,"Not significant",NA
"Ckap5",0.614346244536681,0.139930261144475,0.222,0.188,1,0.211586792199264,"Not significant",NA
"Vcp",0.615903391795687,-0.295455883526171,0.111,0.134,1,0.210487404232372,"Not significant",NA
"Acaca",0.616069811306364,0.0524674198941357,0.292,0.348,1,0.210370072012116,"Not significant",NA
"Tmem135",0.616074468854711,0.00939869800224979,0.097,0.125,1,0.210366788715543,"Not significant",NA
"Nudcd3",0.616570427126108,-0.229303548521244,0.194,0.223,1,0.210017309392102,"Not significant",NA
"Efr3b",0.616882895195697,-0.00893312477000796,0.347,0.402,1,0.209797271618738,"Not significant",NA
"Hnrnpl",0.617185887940254,-0.409875794163065,0.181,0.205,1,0.209584012712168,"Not significant",NA
"Tead1",0.61730757096611,0.193823269139677,0.264,0.232,1,0.209498396597379,"Not significant",NA
"Dtnb",0.618209191431797,0.222392421336448,0.153,0.125,1,0.208864542206335,"Not significant",NA
"Usp2",0.621050839673208,-0.362570079384708,0.111,0.134,1,0.2068728467062,"Not significant",NA
"Fbxw11",0.621896047961098,-0.0630097975258006,0.083,0.107,1,0.206282203041986,"Not significant",NA
"Ell",0.62251607496655,-0.362570079384708,0.111,0.134,1,0.205849429486633,"Not significant",NA
"Brd3",0.622516584938423,-0.440572591385981,0.111,0.134,1,0.205849073708062,"Not significant",NA
"Rab12",0.622516584938423,-0.440572591385981,0.111,0.134,1,0.205849073708062,"Not significant",NA
"Plcd4",0.624979661256945,0.111361108947704,0.375,0.446,1,0.204134115692089,"Not significant",NA
"Naaladl2",0.625321875112054,0.0931094043914813,0.25,0.214,1,0.203896378493032,"Not significant",NA
"Prkcb",0.625553249058567,-0.169925001442312,0.125,0.152,1,0.203735715885821,"Not significant",NA
"Man2c1",0.625879184865637,0.374395514781498,0.111,0.089,1,0.203509491725685,"Not significant",NA
"Dnm3",0.626687093357788,0.0207585601667972,0.139,0.17,1,0.202949249517697,"Not significant",NA
"Macrod2",0.62670046089733,-0.221707543544859,0.347,0.384,1,0.202939985904635,"Not significant",NA
"Itpr1",0.626879156292441,-0.151065974190996,0.125,0.152,1,0.202816170195605,"Not significant",NA
"Cadm4",0.626879156292441,-0.151065974190996,0.125,0.152,1,0.202816170195605,"Not significant",NA
"Kif5c",0.627655305408724,0.415037499278844,0.139,0.116,1,0.20227879584419,"Not significant",NA
"Eif2s2",0.627655305408724,0.415037499278844,0.139,0.116,1,0.20227879584419,"Not significant",NA
"Taok3",0.627655305408724,0.53051471669878,0.139,0.116,1,0.20227879584419,"Not significant",NA
"Ppp1r12c",0.627655305408724,0.415037499278844,0.139,0.116,1,0.20227879584419,"Not significant",NA
"Brd1",0.627655305408724,0.415037499278844,0.139,0.116,1,0.20227879584419,"Not significant",NA
"Tango2",0.629161638392788,0.19685732922931,0.181,0.152,1,0.201237765295774,"Not significant",NA
"Rngtt",0.629608011118059,0.347923303420307,0.111,0.089,1,0.200929754660694,"Not significant",NA
"Fah",0.629608011118059,0.347923303420307,0.111,0.089,1,0.200929754660694,"Not significant",NA
"Atp5d",0.629608011118059,0.347923303420307,0.111,0.089,1,0.200929754660694,"Not significant",NA
"Dleu2",0.629608011118059,0.347923303420307,0.111,0.089,1,0.200929754660694,"Not significant",NA
"Sntb1",0.629608011118059,0.347923303420307,0.111,0.089,1,0.200929754660694,"Not significant",NA
"Dennd6b",0.629608011118059,0.347923303420307,0.111,0.089,1,0.200929754660694,"Not significant",NA
"Xpa",0.631012229071263,-0.247092861964772,0.153,0.179,1,0.1999622240099,"Not significant",NA
"Lncpint",0.631536766837117,-0.20387233336565,0.25,0.286,1,0.199601360596116,"Not significant",NA
"Eif4g1",0.632625781162191,0.038792482997059,0.292,0.339,1,0.19885311341883,"Not significant",NA
"Tenm1",0.632949377086494,0.768674453893544,0.194,0.179,1,0.198631023207216,"Not significant",NA
"Itsn2",0.633178632308651,0.298628007163533,0.306,0.286,1,0.198473749569355,"Not significant",NA
"Nfx1",0.633650969397799,-0.237039197300849,0.153,0.179,1,0.198149896383978,"Not significant",NA
"Rasa3",0.633650969397799,-0.237039197300849,0.153,0.179,1,0.198149896383978,"Not significant",NA
"Brd2",0.633650969397799,-0.237039197300849,0.153,0.179,1,0.198149896383978,"Not significant",NA
"Usp11",0.633650969397799,-0.237039197300849,0.153,0.179,1,0.198149896383978,"Not significant",NA
"Tasor",0.633746791930583,0.0347654181606767,0.25,0.295,1,0.198084226081285,"Not significant",NA
"Cenpc1",0.635001557284568,-0.288569497940931,0.111,0.134,1,0.197225209638315,"Not significant",NA
"Sorl1",0.636201038950113,-0.181997833742887,0.194,0.223,1,0.196405626002103,"Not significant",NA
"Tax1bp1",0.636458297668301,-0.280107919192735,0.111,0.134,1,0.196230047133449,"Not significant",NA
"Trmu",0.636458297668301,-0.280107919192735,0.111,0.134,1,0.196230047133449,"Not significant",NA
"Ago3",0.637211273082101,0.456857674973471,0.167,0.143,1,0.195716549578308,"Not significant",NA
"Ptma",0.637707998944935,0.289506617194985,0.083,0.107,1,0.195378135504733,"Not significant",NA
"Dusp11",0.638103918729398,0.0524674198941357,0.194,0.232,1,0.195108588276327,"Not significant",NA
"Ubn2",0.638889040691941,0.163498732282879,0.333,0.393,1,0.194574561559263,"Not significant",NA
"Rabl6",0.639918077158727,-0.169925001442313,0.194,0.223,1,0.193875621196133,"Not significant",NA
"Setx",0.640171731973606,0.184917715917785,0.236,0.205,1,0.193703506884987,"Not significant",NA
"Snph",0.640488369553875,-0.0995356735509145,0.125,0.152,1,0.193488752077662,"Not significant",NA
"Dhx57",0.640488369553875,-0.0995356735509145,0.125,0.152,1,0.193488752077662,"Not significant",NA
"Sfxn5",0.640669485573211,-0.0831876794634307,0.556,0.616,1,0.193365960513779,"Not significant",NA
"Plxna4",0.640746523159821,-0.362570079384708,0.139,0.161,1,0.193313741720544,"Not significant",NA
"Cwf19l2",0.641808257270894,-0.0730634621897233,0.125,0.152,1,0.192594699730206,"Not significant",NA
"Grik1",0.641809655107185,0.250406797506044,0.083,0.107,1,0.192593753852804,"Not significant",NA
"Stox2",0.642896439026904,0.157820420040364,0.486,0.455,1,0.191858979768527,"Not significant",NA
"Cdk11b",0.643495362816487,0.511899038531433,0.208,0.188,1,0.191454578379591,"Not significant",NA
"Mapk4",0.643993677390503,0.237499313726656,0.403,0.5,1,0.191118396441267,"Not significant",NA
"Ttc7b",0.645172882915399,0.637429920615292,0.125,0.107,1,0.190323894611808,"Not significant",NA
"Chka",0.645424298013303,0.315501825727929,0.139,0.116,1,0.190154688925198,"Not significant",NA
"Atxn10",0.645427398807747,0.637429920615292,0.153,0.134,1,0.190152602461013,"Not significant",NA
"Gnb2",0.645441857438811,0.222392421336448,0.111,0.089,1,0.190142873662133,"Not significant",NA
"Map2k1",0.645441857438811,0.222392421336448,0.111,0.089,1,0.190142873662133,"Not significant",NA
"Neurl4",0.645441857438811,0.222392421336448,0.111,0.089,1,0.190142873662133,"Not significant",NA
"Arhgef1",0.645522873623,0.106915203916512,0.083,0.107,1,0.190088364222893,"Not significant",NA
"Gm1604a",0.646475534007886,-0.247092861964772,0.153,0.179,1,0.189447906431581,"Not significant",NA
"Acap2",0.646780368443208,-0.0299947402978376,0.181,0.214,1,0.189243170593367,"Not significant",NA
"Upf3b",0.646780368443208,-0.0299947402978376,0.181,0.214,1,0.189243170593367,"Not significant",NA
"Ubr1",0.646974726244041,0.0159415438690211,0.153,0.125,1,0.18911268450462,"Not significant",NA
"Kcnn3",0.647215119293257,0.0780025120012731,0.222,0.188,1,0.188951345924622,"Not significant",NA
"Bcas3",0.648241762240741,-0.222392421336448,0.278,0.304,1,0.188262993472797,"Not significant",NA
"Shprh",0.649078716638048,-0.210566985939658,0.111,0.134,1,0.187702631198863,"Not significant",NA
"Supt6",0.650212266968671,0.0524674198941355,0.153,0.125,1,0.186944841320131,"Not significant",NA
"Map2",0.650377150587428,0.038792482997059,0.292,0.339,1,0.186834725021783,"Not significant",NA
"Slmap",0.65052897453891,-0.192645077942396,0.111,0.134,1,0.18673335520981,"Not significant",NA
"Tomm40",0.650669791001555,0.296393002780225,0.167,0.143,1,0.18663935602299,"Not significant",NA
"Grid1",0.650843674374256,0.274859841230583,0.333,0.321,1,0.186523311753426,"Not significant",NA
"Dnm1l",0.65127973411399,0.364411426208876,0.236,0.214,1,0.186232435566743,"Not significant",NA
"Tmcc1",0.651360231778522,0.106915203916512,0.306,0.366,1,0.186178760426302,"Not significant",NA
"Ide",0.65318292223921,0.347923303420307,0.194,0.17,1,0.184965178611167,"Not significant",NA
"Rfx3",0.654057192461751,-0.301169534720565,0.139,0.161,1,0.184384274176425,"Not significant",NA
"Zfp438",0.654199703190506,0.757724154333003,0.194,0.179,1,0.184289657249794,"Not significant",NA
"Psd3",0.655138427049981,-0.114642565941123,0.194,0.223,1,0.183666926340739,"Not significant",NA
"Faf1",0.65556828464228,-0.0255350921071376,0.125,0.152,1,0.183382065074115,"Not significant",NA
"Nrp1",0.656097843738101,-0.133088233261941,0.194,0.223,1,0.183031389546744,"Not significant",NA
"Nxpe4",0.656206783193845,-0.406964198743162,0.194,0.214,1,0.182959284635082,"Not significant",NA
"Usp32",0.656789963809319,-0.478047296804644,0.153,0.17,1,0.182573492148563,"Not significant",NA
"Xpnpep1",0.656992625553684,-0.295455883526171,0.139,0.161,1,0.182439505172817,"Not significant",NA
"Phkg1",0.658943290627111,0.0524674198941356,0.486,0.536,1,0.18115195965101,"Not significant",NA
"Kansl1",0.659583066906474,-0.169925001442312,0.208,0.241,1,0.180730502274754,"Not significant",NA
"Pde4b",0.659777822950176,0.186768511605727,0.458,0.446,1,0.180602286444859,"Not significant",NA
"4932438A13Rik",0.660500290171197,0.263034405833794,0.278,0.259,1,0.180126987255023,"Not significant",NA
"Apoe",0.66134524246526,0.167209506067139,0.514,0.589,1,0.179571766301131,"Not significant",NA
"Rims2",0.662187594305701,0.134929580086109,0.375,0.339,1,0.179018959758892,"Not significant",NA
"Chd6",0.663132018093834,0.0968615392525892,0.444,0.402,1,0.17840000248194,"Not significant",NA
"Itch",0.663229276721458,0.113867964558279,0.208,0.179,1,0.17833631110986,"Not significant",NA
"B3galt2",0.663279367352737,-0.128104825747685,0.111,0.134,1,0.17830351210042,"Not significant",NA
"Scaf11",0.663305640755548,0.250406797506044,0.167,0.143,1,0.178286309442778,"Not significant",NA
"Ptpn9",0.663375186772005,0.222392421336448,0.139,0.116,1,0.178240777087767,"Not significant",NA
"Arhgap21",0.663529983886184,0.144389909335175,0.306,0.268,1,0.178139447265118,"Not significant",NA
"Glmn",0.664470778982079,-0.362570079384708,0.097,0.116,1,0.177524112999468,"Not significant",NA
"Cds2",0.664471300313991,-0.450032920635048,0.097,0.116,1,0.177523772259903,"Not significant",NA
"Usp8",0.665076116054046,0.00939869800224979,0.111,0.134,1,0.177128648094554,"Not significant",NA
"Rasal2",0.665721236046474,0.00939869800224979,0.222,0.259,1,0.176707589134102,"Not significant",NA
"Rtf1",0.667397326517036,0.521952703195356,0.125,0.107,1,0.175615537389384,"Not significant",NA
"Evl",0.667397326517036,0.521952703195356,0.125,0.107,1,0.175615537389384,"Not significant",NA
"Tom1l2",0.667859644879679,-0.242275845666996,0.25,0.277,1,0.175314797792283,"Not significant",NA
"Csnk1g1",0.668568914220756,0.189970943644071,0.139,0.116,1,0.174853820229606,"Not significant",NA
"Spock2",0.668568914220756,0.189970943644071,0.139,0.116,1,0.174853820229606,"Not significant",NA
"Ksr1",0.668568914220756,0.189970943644071,0.139,0.116,1,0.174853820229606,"Not significant",NA
"Asap1",0.668737381690322,-0.225066555634773,0.333,0.366,1,0.174744399533654,"Not significant",NA
"Pura",0.669321502165501,-0.0995356735509145,0.153,0.125,1,0.174365222924444,"Not significant",NA
"Cntfr",0.669683228073416,-0.0506260730699681,0.167,0.196,1,0.174130577644942,"Not significant",NA
"Igdcc4",0.67045367005843,-0.237039197300849,0.139,0.161,1,0.173631227556086,"Not significant",NA
"Fam234a",0.67045367005843,-0.237039197300849,0.139,0.161,1,0.173631227556086,"Not significant",NA
"Kat6a",0.670555922950091,0.222392421336448,0.167,0.143,1,0.173564997057924,"Not significant",NA
"Prrx1",0.670789244432571,0.0524674198941355,0.125,0.152,1,0.173413909573752,"Not significant",NA
"Dennd5b",0.670789653689194,0.167944637314071,0.125,0.152,1,0.173413644605522,"Not significant",NA
"Pip4k2a",0.672629593092391,0.506185387337039,0.194,0.179,1,0.172224029328844,"Not significant",NA
"Hmg20a",0.673252620290659,-0.169925001442313,0.181,0.205,1,0.171821947644547,"Not significant",NA
"Fchsd2",0.673776840006849,-0.185692317300629,0.139,0.161,1,0.171483921271332,"Not significant",NA
"Egfem1",0.674899934097711,0.926936537810277,0.167,0.152,1,0.170760614266378,"Not significant",NA
"Ntrk2",0.675244253876295,0.154220918694869,0.569,0.616,1,0.170539102839046,"Not significant",NA
"Wwtr1",0.676106016426149,-0.280107919192735,0.097,0.116,1,0.169985199415085,"Not significant",NA
"Cdk13",0.677600480424409,-0.0406419844973458,0.111,0.134,1,0.16902629475882,"Not significant",NA
"Epha5",0.677802004068216,-0.269460674993227,0.097,0.116,1,0.16889715141118,"Not significant",NA
"Slc7a2",0.677802004068216,-0.269460674993227,0.097,0.116,1,0.16889715141118,"Not significant",NA
"Fam114a2",0.677802004068216,-0.362570079384708,0.097,0.116,1,0.16889715141118,"Not significant",NA
"Sbf1",0.677802004068216,-0.269460674993227,0.097,0.116,1,0.16889715141118,"Not significant",NA
"Mecp2",0.677802004068216,-0.269460674993227,0.097,0.116,1,0.16889715141118,"Not significant",NA
"Pdss2",0.67865639118047,0.122856747785533,0.167,0.143,1,0.168350056625773,"Not significant",NA
"Rnf130",0.679690449770182,0.0524674198941355,0.111,0.134,1,0.167688832242296,"Not significant",NA
"Chst11",0.679885160786048,-0.0406419844973458,0.153,0.179,1,0.167564437659636,"Not significant",NA
"Cdkal1",0.680331328889345,-0.0630097975258006,0.181,0.205,1,0.167279529553194,"Not significant",NA
"Zc3h13",0.681104172541174,-0.301169534720565,0.25,0.277,1,0.166786459159387,"Not significant",NA
"Phc2",0.682485000824306,0.265461143228334,0.194,0.17,1,0.165906888801224,"Not significant",NA
"Lgals8",0.682520330361828,0.53051471669878,0.125,0.107,1,0.165884407682877,"Not significant",NA
"Rgs7bp",0.682988867070683,0.274859841230583,0.222,0.259,1,0.165586375394859,"Not significant",NA
"Tsc1",0.683317109956415,0.0524674198941355,0.139,0.116,1,0.165377704600561,"Not significant",NA
"Tbc1d5",0.683413192043239,0.167944637314071,0.167,0.143,1,0.165316642194723,"Not significant",NA
"Eprs",0.684407741038719,0.415037499278844,0.125,0.107,1,0.164685086986888,"Not significant",NA
"Ring1",0.684407741038719,0.415037499278844,0.125,0.107,1,0.164685086986888,"Not significant",NA
"Os9",0.68493811477793,-0.362570079384708,0.125,0.143,1,0.164348665915724,"Not significant",NA
"BC005561",0.685412928583122,0.130469931895409,0.181,0.214,1,0.164047707960786,"Not significant",NA
"Hip1r",0.685496241330065,-0.169925001442313,0.208,0.232,1,0.163994922164166,"Not significant",NA
"Dcaf8",0.68677909024523,0.00939869800224979,0.139,0.116,1,0.16318293588933,"Not significant",NA
"Smarca4",0.687009280498647,-0.169925001442312,0.139,0.161,1,0.16303739621246,"Not significant",NA
"Ankhd1",0.688128461170874,0.383673328369509,0.264,0.25,1,0.162330479250195,"Not significant",NA
"Zup1",0.689592981704762,0.0780025120012731,0.167,0.196,1,0.161407167169429,"Not significant",NA
"Dock9",0.689717054006251,-0.169925001442313,0.181,0.205,1,0.161329035473663,"Not significant",NA
"A230006K03Rik",0.689827991979629,0.357322001422556,0.153,0.134,1,0.161259186721836,"Not significant",NA
"Med25",0.689919683605337,0.396421821111497,0.125,0.107,1,0.16120146433122,"Not significant",NA
"Etnk1",0.689978406393662,-0.151065974190996,0.139,0.161,1,0.16116450075669,"Not significant",NA
"Fnip2",0.691232747390247,-0.169925001442313,0.097,0.116,1,0.160375695190637,"Not significant",NA
"Rpl6",0.691232747390247,-0.169925001442313,0.097,0.116,1,0.160375695190637,"Not significant",NA
"Gapdh",0.691232747390247,-0.169925001442313,0.097,0.116,1,0.160375695190637,"Not significant",NA
"Scrg1",0.691232747390247,-0.169925001442313,0.097,0.116,1,0.160375695190637,"Not significant",NA
"Zfp740",0.691232747390247,-0.169925001442313,0.097,0.116,1,0.160375695190637,"Not significant",NA
"Tbl1x",0.69211066612758,-0.0146467759644016,0.181,0.152,1,0.15982445778907,"Not significant",NA
"Ppp6r3",0.69211066612758,-0.362570079384708,0.153,0.17,1,0.15982445778907,"Not significant",NA
"Nipbl",0.692148512922488,0.0524674198941357,0.389,0.446,1,0.159800709845854,"Not significant",NA
"Lrch3",0.693158544162401,0.15200309344505,0.194,0.17,1,0.159167419097022,"Not significant",NA
"Sf3b2",0.694215716562097,0.245112497836531,0.181,0.161,1,0.158505558427602,"Not significant",NA
"Ptprg",0.694647461831082,0.274859841230584,0.208,0.188,1,0.158235546813981,"Not significant",NA
"Dync1li2",0.696541927695295,0.337869638756384,0.153,0.134,1,0.157052736499661,"Not significant",NA
"Clu",0.697635277406803,0.122856747785534,0.167,0.196,1,0.156371566499027,"Not significant",NA
"Iqsec1",0.698024222909232,-0.202105407191462,0.208,0.232,1,0.156129506183025,"Not significant",NA
"Sugp2",0.698786060602945,0.296393002780225,0.181,0.161,1,0.155655766916929,"Not significant",NA
"Rapgef6",0.698786060602945,0.296393002780225,0.181,0.161,1,0.155655766916929,"Not significant",NA
"Nsmce2",0.699402932079022,0.0810365720909063,0.153,0.179,1,0.155272551347519,"Not significant",NA
"Enah",0.699481580093492,-0.0544477840223763,0.264,0.295,1,0.155223717582565,"Not significant",NA
"Chl1",0.700693113303121,-0.288569497940931,0.125,0.143,1,0.154472150908238,"Not significant",NA
"Cpped1",0.701561122686206,0.315501825727929,0.125,0.107,1,0.153934485592224,"Not significant",NA
"Ube4b",0.701817244547724,-0.0299947402978376,0.167,0.188,1,0.153775964818377,"Not significant",NA
"Fam13a",0.703074665550142,-0.0995356735509145,0.097,0.116,1,0.152998551061952,"Not significant",NA
"Zfp710",0.703074665550142,-0.0995356735509145,0.097,0.116,1,0.152998551061952,"Not significant",NA
"Zfp148",0.703074665550142,-0.0995356735509145,0.097,0.116,1,0.152998551061952,"Not significant",NA
"Rab40c",0.703074665550142,-0.0995356735509145,0.097,0.116,1,0.152998551061952,"Not significant",NA
"Pcgf5",0.704254721599651,0.283792966000591,0.181,0.161,1,0.152270232652022,"Not significant",NA
"Ttc28",0.704804034055866,0.415037499278844,0.306,0.312,1,0.15193161883666,"Not significant",NA
"Fut9",0.70585057458887,0.0244530437245389,0.306,0.348,1,0.151287227418418,"Not significant",NA
"Ilf3",0.707150522178963,0.289506617194985,0.125,0.107,1,0.150488133595052,"Not significant",NA
"Tex9",0.707150522178963,0.289506617194985,0.125,0.107,1,0.150488133595052,"Not significant",NA
"Hnrnph3",0.707150522178963,0.289506617194985,0.125,0.107,1,0.150488133595052,"Not significant",NA
"Tnrc6c",0.707240401572494,0.279877915997208,0.333,0.312,1,0.150432937928784,"Not significant",NA
"Smarcc1",0.7078007344275,0.113867964558279,0.194,0.17,1,0.150088991066058,"Not significant",NA
"Akap6",0.70830584198812,0.187627003175771,0.403,0.402,1,0.149779176198588,"Not significant",NA
"Ift81",0.709128045403505,0.222392421336448,0.125,0.152,1,0.149275338313055,"Not significant",NA
"Rbfox2",0.709475940033005,-0.00642626915943323,0.208,0.179,1,0.149062327885261,"Not significant",NA
"Zfpm2",0.709878043013765,0.243150981503245,0.306,0.286,1,0.148816256626845,"Not significant",NA
"Hectd1",0.710035802104868,-0.301169534720565,0.153,0.17,1,0.148719752316737,"Not significant",NA
"Zfp91",0.710036776330813,-0.362570079384708,0.153,0.17,1,0.148719156430359,"Not significant",NA
"Pfkp",0.710493135869176,0.184917715917785,0.222,0.196,1,0.148440113469854,"Not significant",NA
"Ap2a1",0.712724686169347,0.258918297361562,0.125,0.107,1,0.147078198574373,"Not significant",NA
"4930581F22Rik",0.712724686169347,0.258918297361562,0.125,0.107,1,0.147078198574373,"Not significant",NA
"Ascc3",0.712724686169347,0.258918297361562,0.125,0.107,1,0.147078198574373,"Not significant",NA
"Foxk2",0.712724686169347,0.258918297361562,0.125,0.107,1,0.147078198574373,"Not significant",NA
"Itpk1",0.712724686169347,0.258918297361562,0.125,0.107,1,0.147078198574373,"Not significant",NA
"Txlng",0.712724686169347,0.258918297361562,0.125,0.107,1,0.147078198574373,"Not significant",NA
"Dnah7b",0.713147092651858,0.13785891112478,0.278,0.25,1,0.146820883979097,"Not significant",NA
"Baz2b",0.714380278132923,0.0648511443499677,0.417,0.384,1,0.146070543503989,"Not significant",NA
"Tecpr2",0.714650262464496,0.637429920615292,0.111,0.098,1,0.145906442453008,"Not significant",NA
"Gm10561",0.714938682452191,-0.0406419844973458,0.097,0.116,1,0.145731204373179,"Not significant",NA
"Mro",0.715325594742225,0.285957550113914,0.264,0.25,1,0.145496235382734,"Not significant",NA
"Usp47",0.715853533085823,0.250406797506044,0.153,0.134,1,0.145175827244645,"Not significant",NA
"Cdadc1",0.716579521476692,-0.288569497940931,0.125,0.143,1,0.144735607329205,"Not significant",NA
"Cr1l",0.716699062007551,0,0.097,0.116,1,0.144663163920597,"Not significant",NA
"Fbf1",0.716699062007551,0,0.097,0.116,1,0.144663163920597,"Not significant",NA
"Srsf1",0.717200676077633,-0.14017765804826,0.167,0.188,1,0.144359309716872,"Not significant",NA
"Ext1",0.717475750975201,0.222392421336448,0.181,0.161,1,0.144192772497281,"Not significant",NA
"Pfkm",0.719269281908192,0.15200309344505,0.194,0.223,1,0.143108486873739,"Not significant",NA
"Bach2",0.719660377664772,0.210008696880616,0.25,0.295,1,0.142872407601857,"Not significant",NA
"Golgb1",0.721471875651499,0.156804079708871,0.347,0.384,1,0.141780593866988,"Not significant",NA
"Zhx3",0.722643200733967,0.177998301977995,0.292,0.339,1,0.141076079192632,"Not significant",NA
"A630089N07Rik",0.722973966663177,-0.0630097975258006,0.139,0.161,1,0.140877340794106,"Not significant",NA
"Ddo",0.723278757909575,0.012939055707498,0.236,0.268,1,0.14069428958023,"Not significant",NA
"Gprasp1",0.723908044960044,0.0718327447610665,0.278,0.25,1,0.140316596928203,"Not significant",NA
"Nfib",0.724562719407892,-0.176156955153827,0.333,0.357,1,0.139924015280719,"Not significant",NA
"Rsbn1",0.724712621604178,-0.0406419844973458,0.097,0.116,1,0.13983417493767,"Not significant",NA
"Arfgef2",0.728128305497729,-0.237039197300849,0.153,0.17,1,0.137792085714604,"Not significant",NA
"Dlg5",0.728599730072209,0.265461143228334,0.181,0.161,1,0.137510993989206,"Not significant",NA
"Tecpr1",0.729292236194431,-0.151065974190996,0.125,0.143,1,0.137098409768778,"Not significant",NA
"Pitpna",0.729292236194431,-0.151065974190996,0.125,0.143,1,0.137098409768778,"Not significant",NA
"Taf1d",0.729675032114823,0.139930261144475,0.139,0.161,1,0.136870514101278,"Not significant",NA
"Etfa",0.730161379989905,0.15200309344505,0.125,0.107,1,0.13658114166955,"Not significant",NA
"Sept4",0.730161379989905,0.15200309344505,0.125,0.107,1,0.13658114166955,"Not significant",NA
"Cep350",0.730643055180109,0.0524674198941355,0.25,0.223,1,0.136294739356249,"Not significant",NA
"Fubp1",0.731303906139462,-0.0146467759644016,0.139,0.161,1,0.135902106857055,"Not significant",NA
"Tmem259",0.732373312157014,-0.00642626915943323,0.181,0.205,1,0.135267489867499,"Not significant",NA
"Baz2a",0.732373312157014,-0.00642626915943323,0.181,0.205,1,0.135267489867499,"Not significant",NA
"Mef2d",0.732592792035912,-0.128104825747685,0.125,0.143,1,0.135137358664143,"Not significant",NA
"Nmnat2",0.732891433005792,0.222392421336448,0.111,0.134,1,0.134960354879498,"Not significant",NA
"Rian",0.733225959727303,0.00355781941318911,0.278,0.312,1,0.134762167323109,"Not significant",NA
"Gon4l",0.733415545803064,-0.0630097975258006,0.194,0.17,1,0.134649888778288,"Not significant",NA
"Sirt2",0.733607949673226,-0.362570079384708,0.111,0.125,1,0.134535971121421,"Not significant",NA
"Kdm5b",0.733960990442933,-0.237039197300849,0.236,0.25,1,0.134327021944401,"Not significant",NA
"Zfp609",0.734816086147478,0.361795478001864,0.194,0.179,1,0.133821344951128,"Not significant",NA
"Ppard",0.735622023821976,0.430979043147865,0.139,0.125,1,0.133345276876629,"Not significant",NA
"Taf1",0.736264269453255,-0.0787771133841173,0.167,0.188,1,0.132966275111796,"Not significant",NA
"Dip2b",0.736621925015724,-0.00642626915943323,0.167,0.188,1,0.132755358829413,"Not significant",NA
"Zfp326",0.736778408692228,0.637429920615292,0.111,0.098,1,0.13266310963425,"Not significant",NA
"Rptor",0.738762091777198,0.485426827170242,0.25,0.241,1,0.13149539768546,"Not significant",NA
"Pacrg",0.738925770877412,0.0780025120012731,0.153,0.179,1,0.131399186662669,"Not significant",NA
"Snx29",0.74001397676175,-0.247092861964772,0.153,0.17,1,0.130760077602564,"Not significant",NA
"Ddr1",0.740634766185037,0.0968615392525893,0.097,0.116,1,0.130395905562384,"Not significant",NA
"Fgd4",0.740726511295156,-0.0484614889566453,0.264,0.232,1,0.13034211126423,"Not significant",NA
"Papola",0.741023671578932,-0.0215331615496412,0.194,0.214,1,0.130167918509329,"Not significant",NA
"Rarb",0.742269556381183,0.406104374508836,0.208,0.188,1,0.129438351338454,"Not significant",NA
"Hspa8",0.742460223766516,0.53051471669878,0.097,0.116,1,0.129326808086758,"Not significant",NA
"Sirt7",0.743270977305569,0.567040592723894,0.181,0.17,1,0.128852824875137,"Not significant",NA
"Negr1",0.743593491798396,-0.0907654639231822,0.611,0.679,1,0.1286644199873,"Not significant",NA
"Kcnq3",0.744123285946577,-0.337479098421878,0.25,0.268,1,0.128355104816203,"Not significant",NA
"Tenm4",0.744127346854676,0.228965075259934,0.417,0.42,1,0.128352734745007,"Not significant",NA
"Gigyf2",0.746370620507209,0.0810365720909063,0.208,0.188,1,0.127045464120508,"Not significant",NA
"Cfap74",0.747718791682988,0.0524674198941355,0.125,0.107,1,0.12626170451893,"Not significant",NA
"Usp4",0.747718791682988,0.0524674198941355,0.125,0.107,1,0.12626170451893,"Not significant",NA
"Ncl",0.747719178121792,-0.0406419844973458,0.125,0.107,1,0.1262614800653,"Not significant",NA
"Usp15",0.748776128191835,-0.280107919192735,0.111,0.125,1,0.125648009835949,"Not significant",NA
"Xpo7",0.748776128191835,-0.280107919192735,0.111,0.125,1,0.125648009835949,"Not significant",NA
"Gtpbp2",0.748776128191835,-0.280107919192735,0.111,0.125,1,0.125648009835949,"Not significant",NA
"Zfp236",0.748776128191835,-0.280107919192735,0.111,0.125,1,0.125648009835949,"Not significant",NA
"Acyp2",0.750959094896155,-0.0522299587725576,0.292,0.304,1,0.124383718581322,"Not significant",NA
"Kif1a",0.752086079654815,0.0379678501990204,0.333,0.312,1,0.123732449595021,"Not significant",NA
"Zer1",0.752237170172083,0.444784842672896,0.139,0.125,1,0.123645210661307,"Not significant",NA
"Armc9",0.753111795188489,0.396421821111497,0.111,0.098,1,0.123140550453153,"Not significant",NA
"Scg5",0.754618535840559,-0.0995356735509145,0.125,0.143,1,0.12227253134493,"Not significant",NA
"Pcm1",0.755920326592126,0.255559285271647,0.306,0.304,1,0.121523976383485,"Not significant",NA
"Bclaf1",0.757071439960613,-0.181997833742887,0.333,0.366,1,0.120863136990317,"Not significant",NA
"Eea1",0.757883625759893,-0.362570079384708,0.167,0.179,1,0.120397475859262,"Not significant",NA
"Slc10a7",0.758245182484293,-0.0255350921071376,0.125,0.143,1,0.120190340301354,"Not significant",NA
"Ppp3ca",0.758263330968719,-0.0630097975258004,0.306,0.33,1,0.12017994565263,"Not significant",NA
"Pikfyve",0.759128770012286,0.374395514781498,0.111,0.098,1,0.119684549055328,"Not significant",NA
"Map3k7",0.759128770012286,0.374395514781498,0.111,0.098,1,0.119684549055328,"Not significant",NA
"Ndufs4",0.759128770012286,0.374395514781498,0.111,0.098,1,0.119684549055328,"Not significant",NA
"Slc4a8",0.759128770012286,0.374395514781498,0.111,0.098,1,0.119684549055328,"Not significant",NA
"Lonp1",0.759128770012286,0.374395514781498,0.111,0.098,1,0.119684549055328,"Not significant",NA
"Knop1",0.761313662227604,0.315501825727929,0.139,0.125,1,0.118436376463329,"Not significant",NA
"Ric1",0.761313662227604,0.315501825727929,0.139,0.125,1,0.118436376463329,"Not significant",NA
"Btrc",0.761313662227604,0.315501825727929,0.139,0.125,1,0.118436376463329,"Not significant",NA
"Cstf3",0.761642637059566,0.00939869800224979,0.125,0.143,1,0.118248751964195,"Not significant",NA
"Sel1l",0.761642637059566,0.00939869800224979,0.125,0.143,1,0.118248751964195,"Not significant",NA
"Gsk3b",0.761642637059566,0.00939869800224979,0.125,0.143,1,0.118248751964195,"Not significant",NA
"Fcho2",0.761930310077262,0.0524674198941355,0.153,0.134,1,0.118084749569827,"Not significant",NA
"Wdr60",0.761930615015558,-0.0255350921071376,0.153,0.134,1,0.118084575757353,"Not significant",NA
"Ggnbp2",0.763103836369539,0.177998301977994,0.25,0.232,1,0.117416363101383,"Not significant",NA
"Mroh1",0.763713654186198,0.163498732282879,0.208,0.188,1,0.117069444719241,"Not significant",NA
"Ttll8",0.763909206755846,0.265461143228334,0.167,0.152,1,0.116958255754274,"Not significant",NA
"Cdkl3",0.76404317181104,-0.192645077942396,0.111,0.125,1,0.116882101176156,"Not significant",NA
"Myh9",0.76404317181104,-0.280107919192735,0.111,0.125,1,0.116882101176156,"Not significant",NA
"Mark3",0.764370575066992,-0.112591826376361,0.222,0.241,1,0.11669603973843,"Not significant",NA
"Trappc9",0.766631948895112,0.361795478001864,0.194,0.179,1,0.115413085760345,"Not significant",NA
"Pcdh11x",0.768920440980129,0.184917715917785,0.347,0.33,1,0.114118593658618,"Not significant",NA
"Cdh2",0.769960322459165,-0.179706022234898,0.222,0.232,1,0.113531654283395,"Not significant",NA
"Ncoa6",0.771066258243376,-0.237039197300849,0.139,0.152,1,0.112908301127914,"Not significant",NA
"Tcaf1",0.771885469908389,-0.288569497940931,0.111,0.125,1,0.112447134219623,"Not significant",NA
"Rbms3",0.772199357742247,-0.220551074512281,0.153,0.17,1,0.112270563925534,"Not significant",NA
"Lyst",0.772317832207816,0.222392421336448,0.167,0.152,1,0.112203937529817,"Not significant",NA
"Gab2",0.773076660982984,-0.0591779359347735,0.292,0.312,1,0.111777437787903,"Not significant",NA
"Wdr70",0.773560348593433,0.521952703195356,0.111,0.098,1,0.11150579956157,"Not significant",NA
"Sorcs3",0.773560348593433,0.396421821111497,0.111,0.098,1,0.11150579956157,"Not significant",NA
"Tmem44",0.774826608428627,0.241501244284152,0.222,0.205,1,0.110795473529461,"Not significant",NA
"Ddx55",0.775619267943442,0.258918297361562,0.111,0.098,1,0.110351410710435,"Not significant",NA
"Mink1",0.775744582512427,-0.128104825747685,0.111,0.125,1,0.110281248670866,"Not significant",NA
"Hectd4",0.775981273026957,0.142665228865714,0.25,0.232,1,0.110148759565514,"Not significant",NA
"Csrp1",0.776144712215827,-0.225066555634773,0.139,0.152,1,0.110057296966743,"Not significant",NA
"Khdc4",0.776144712215827,-0.225066555634773,0.139,0.152,1,0.110057296966743,"Not significant",NA
"Dennd2a",0.776144712215827,-0.225066555634773,0.139,0.152,1,0.110057296966743,"Not significant",NA
"Tnr",0.776489369794428,-0.0146467759644016,0.139,0.125,1,0.109864485423153,"Not significant",NA
"Robo1",0.776557517729665,0.286932673531159,0.278,0.33,1,0.109826371606392,"Not significant",NA
"Cdh13",0.776865131553176,-0.185692317300629,0.153,0.17,1,0.109654370782385,"Not significant",NA
"AW554918",0.777132431772893,0.0524674198941355,0.153,0.17,1,0.109504966414812,"Not significant",NA
"Nfic",0.777680522512355,0.15200309344505,0.111,0.098,1,0.109198778081438,"Not significant",NA
"Nr3c2",0.778154797773112,-0.206450877467426,0.347,0.348,1,0.108934000527742,"Not significant",NA
"Plce1",0.778435304087932,0.102098187618736,0.528,0.527,1,0.10877747589632,"Not significant",NA
"Myh14",0.778920339437718,-0.117457581548177,0.181,0.196,1,0.108506955564465,"Not significant",NA
"Asph",0.779405085692802,-0.0995356735509145,0.111,0.125,1,0.108236764721011,"Not significant",NA
"Nptn",0.779405085692802,-0.0995356735509145,0.111,0.125,1,0.108236764721011,"Not significant",NA
"Fam120a",0.779405085692802,-0.0995356735509145,0.111,0.125,1,0.108236764721011,"Not significant",NA
"Dhtkd1",0.779611236356219,0.00939869800224979,0.111,0.125,1,0.108121910123508,"Not significant",NA
"Sh3glb2",0.78074117028067,0.19685732922931,0.167,0.152,1,0.107492918682862,"Not significant",NA
"Megf8",0.781545145165819,0.53051471669878,0.125,0.116,1,0.107045930338179,"Not significant",NA
"Zfp512b",0.781687540382319,0.222392421336448,0.111,0.098,1,0.106966810374122,"Not significant",NA
"Tpm3",0.781687540382319,0.222392421336448,0.111,0.098,1,0.106966810374122,"Not significant",NA
"Efs",0.781687540382319,0.222392421336448,0.111,0.098,1,0.106966810374122,"Not significant",NA
"Rsrp1",0.782234635970755,-0.0406419844973456,0.306,0.33,1,0.106662958164062,"Not significant",NA
"B230323A14Rik",0.782371528422177,0.194911684914341,0.25,0.277,1,0.106586962507428,"Not significant",NA
"Prpf38b",0.783370407838638,0.374395514781498,0.25,0.241,1,0.106032838143174,"Not significant",NA
"mt-Atp6",0.785455388918702,0.592342031086754,0.347,0.348,1,0.104878476310356,"Not significant",NA
"Rnf20",0.785948958438338,0.204470513339186,0.222,0.205,1,0.104605657253665,"Not significant",NA
"Palld",0.786932983949618,0.222392421336448,0.208,0.196,1,0.104062251046448,"Not significant",NA
"Cog5",0.787282715533652,0.189970943644071,0.139,0.125,1,0.103869283209014,"Not significant",NA
"Taok1",0.788215405315981,-0.00642626915943323,0.181,0.196,1,0.10335508129693,"Not significant",NA
"Arhgap26",0.7887780958771,0.15200309344505,0.194,0.179,1,0.103045158122359,"Not significant",NA
"Wapl",0.788945567095821,-0.0787771133841173,0.153,0.17,1,0.102952959687173,"Not significant",NA
"Arl15",0.78915874101523,-0.00642626915943323,0.153,0.17,1,0.102835628713584,"Not significant",NA
"Ash1l",0.789348321702443,0.17176634826648,0.333,0.375,1,0.102731310084073,"Not significant",NA
"Camsap2",0.791181594094414,-0.0406419844973458,0.111,0.125,1,0.101723824641679,"Not significant",NA
"Zc2hc1a",0.791181594094414,-0.0406419844973458,0.111,0.125,1,0.101723824641679,"Not significant",NA
"Trim24",0.791181594094414,-0.0406419844973458,0.111,0.125,1,0.101723824641679,"Not significant",NA
"Atp2b1",0.79193594110855,0.0244530437245389,0.181,0.161,1,0.101309946627964,"Not significant",NA
"Hmgn3",0.792196117333367,0.15200309344505,0.111,0.098,1,0.101167290465967,"Not significant",NA
"Mmp16",0.793280253376032,0.0524674198941355,0.111,0.125,1,0.100573356197323,"Not significant",NA
"Ddi2",0.793832279196799,-0.151065974190996,0.139,0.152,1,0.100271245574951,"Not significant",NA
"Ankrd10",0.793832279196799,-0.151065974190996,0.139,0.152,1,0.100271245574951,"Not significant",NA
"Tmem63b",0.793940338412034,0.281286110390016,0.25,0.241,1,0.100212131920455,"Not significant",NA
"Nr2f1",0.795045723044951,-0.362570079384708,0.125,0.134,1,0.0996078943685464,"Not significant",NA
"Dalrd3",0.79685021511485,0.265461143228334,0.153,0.179,1,0.0986233057839926,"Not significant",NA
"Ctcf",0.797483547326279,0.456857674973471,0.153,0.143,1,0.09827826799381,"Not significant",NA
"Gulp1",0.797627411300461,-0.0995356735509145,0.167,0.179,1,0.0981999294557124,"Not significant",NA
"Abca5",0.798320810524489,0.106915203916512,0.111,0.098,1,0.0978225494485397,"Not significant",NA
"Pum1",0.798736882886424,0.134929580086109,0.139,0.125,1,0.0975962608984206,"Not significant",NA
"Clasp1",0.80079673267233,0.0244530437245389,0.194,0.214,1,0.0964777074883689,"Not significant",NA
"Aplp2",0.801731256987112,-0.169925001442312,0.153,0.134,1,0.0959711842928428,"Not significant",NA
"Akap8",0.802123100548844,0.113867964558279,0.194,0.179,1,0.0957589761216755,"Not significant",NA
"Senp1",0.80252884228139,-0.269460674993227,0.097,0.107,1,0.0955393504264397,"Not significant",NA
"Por",0.802529177161223,-0.362570079384708,0.097,0.107,1,0.0955391692037528,"Not significant",NA
"Socs7",0.802529177161223,-0.362570079384708,0.097,0.107,1,0.0955391692037528,"Not significant",NA
"Slk",0.802529177161223,-0.362570079384708,0.097,0.107,1,0.0955391692037528,"Not significant",NA
"Ralyl",0.802636357000345,0.430979043147865,0.306,0.366,1,0.0954811719296019,"Not significant",NA
"Cntrl",0.80377545949041,-0.269460674993227,0.194,0.205,1,0.0948652576246958,"Not significant",NA
"Pcca",0.803833272598866,-0.362570079384708,0.222,0.223,1,0.0948340212753358,"Not significant",NA
"Ptprj",0.804027988914476,0.167944637314071,0.125,0.143,1,0.0947288328192873,"Not significant",NA
"Vwa8",0.804455446645259,0.274859841230583,0.264,0.259,1,0.0944980035375025,"Not significant",NA
"Ube3c",0.80560953560535,-0.146841388329271,0.194,0.205,1,0.0938754018930232,"Not significant",NA
"Capn15",0.806119643774105,0.0968615392525893,0.139,0.125,1,0.0936004956952629,"Not significant",NA
"Ppara",0.806162128237864,0.0524674198941355,0.153,0.17,1,0.0935776079240287,"Not significant",NA
"Ctnna1",0.806703442119042,0.0524674198941355,0.111,0.125,1,0.0932860899640438,"Not significant",NA
"Gdpd2",0.806703442119042,0.0524674198941355,0.111,0.125,1,0.0932860899640438,"Not significant",NA
"Rock2",0.80676404505101,0.53051471669878,0.125,0.116,1,0.0932534651740653,"Not significant",NA
"Adam11",0.808853578963059,0.0524674198941355,0.111,0.098,1,0.0921300885281983,"Not significant",NA
"Prpf4b",0.809082506297048,0.1857339507576,0.583,0.589,1,0.0920071888914606,"Not significant",NA
"Srgap2",0.80913315675344,0.245112497836531,0.181,0.17,1,0.0919800018925625,"Not significant",NA
"Hsp90ab1",0.80913315675344,0.245112497836531,0.181,0.17,1,0.0919800018925625,"Not significant",NA
"Nrxn2",0.809338294203417,0.243150981503245,0.319,0.312,1,0.0918699102836172,"Not significant",NA
"R3hdm2",0.809562643921955,-0.114642565941123,0.208,0.223,1,0.0917495399223348,"Not significant",NA
"Rsrc2",0.810073700852713,0.122856747785533,0.139,0.152,1,0.0914754670256027,"Not significant",NA
"L3mbtl3",0.810096682466792,0.0899421253127981,0.167,0.152,1,0.0914631463607105,"Not significant",NA
"Mgll",0.810388452129894,0.637429920615292,0.236,0.277,1,0.0913067562114447,"Not significant",NA
"Btaf1",0.810887518050977,-0.14017765804826,0.167,0.179,1,0.0910393846023365,"Not significant",NA
"4732471J01Rik",0.811090514284532,0.0524674198941355,0.153,0.17,1,0.0909306776497354,"Not significant",NA
"Pld2",0.811090514284532,0.0524674198941355,0.153,0.17,1,0.0909306776497354,"Not significant",NA
"Arhgap35",0.811634905733868,-0.0730634621897233,0.139,0.152,1,0.0906392836672476,"Not significant",NA
"Phf3",0.811713162224636,0.0244530437245389,0.222,0.205,1,0.0905974117325584,"Not significant",NA
"Ddx24",0.812167777094114,0.00516170511577885,0.264,0.241,1,0.0903542452175964,"Not significant",NA
"Hacd1",0.815030206808465,0,0.111,0.098,1,0.0888262950549606,"Not significant",NA
"Tmeff2",0.817071144244115,-0.169925001442313,0.097,0.107,1,0.0877401268122122,"Not significant",NA
"Chtop",0.817071144244115,-0.269460674993227,0.097,0.107,1,0.0877401268122122,"Not significant",NA
"Eya3",0.817071144244115,-0.169925001442313,0.097,0.107,1,0.0877401268122122,"Not significant",NA
"Tmem175",0.817071144244115,-0.269460674993227,0.097,0.107,1,0.0877401268122122,"Not significant",NA
"Birc2",0.817071144244115,-0.169925001442313,0.097,0.107,1,0.0877401268122122,"Not significant",NA
"Sybu",0.817295177876859,0.15200309344505,0.167,0.152,1,0.0876210634544397,"Not significant",NA
"Pcdh9",0.818262850897951,-0.111761975884174,0.833,0.83,1,0.0871071653291646,"Not significant",NA
"Lmtk3",0.818639636269974,0.357322001422556,0.125,0.116,1,0.0869072318424672,"Not significant",NA
"Chd9",0.820142236207105,-0.0617036000251756,0.653,0.607,1,0.0861108219540772,"Not significant",NA
"Zfp407",0.820512622267531,0.222392421336448,0.111,0.125,1,0.0859147336371241,"Not significant",NA
"Abhd17b",0.820512622267531,0.222392421336448,0.111,0.125,1,0.0859147336371241,"Not significant",NA
"Hdac4",0.822570097442762,-0.237039197300849,0.139,0.152,1,0.0848270822711023,"Not significant",NA
"Mapkap1",0.822801881571035,0.315501825727929,0.153,0.143,1,0.084704723838053,"Not significant",NA
"Prkn",0.823276167559447,0.177998301977995,0.444,0.455,1,0.0844544564908635,"Not significant",NA
"Tenm2",0.823836399666466,0.0872328380548124,0.222,0.25,1,0.0841590234683888,"Not significant",NA
"Rnf169",0.824369061031381,-0.0255350921071376,0.139,0.152,1,0.0838783158684255,"Not significant",NA
"Ate1",0.824369061031381,-0.0255350921071376,0.139,0.152,1,0.0838783158684255,"Not significant",NA
"Marf1",0.824639286605915,0.265461143228334,0.167,0.188,1,0.0837359788364659,"Not significant",NA
"Cul4a",0.825049043733039,0.00939869800224979,0.139,0.125,1,0.083520234735453,"Not significant",NA
"Npdc1",0.825049286971497,-0.0730634621897233,0.139,0.125,1,0.0835201066980894,"Not significant",NA
"Scly",0.825524676456343,-0.192645077942396,0.097,0.107,1,0.0832699403434675,"Not significant",NA
"Ctnnd2",0.826092165047826,0.0370373793245296,0.833,0.857,1,0.0829714968215446,"Not significant",NA
"Ap3b1",0.826098195160214,0.250406797506044,0.153,0.143,1,0.0829683266728759,"Not significant",NA
"Mgrn1",0.826098195160214,0.250406797506044,0.153,0.143,1,0.0829683266728759,"Not significant",NA
"Lhfp",0.826137307088764,0.0885366746016573,0.389,0.446,1,0.0829477653246588,"Not significant",NA
"Tcirg1",0.826169390158937,0.0899421253127981,0.139,0.152,1,0.0829308998112971,"Not significant",NA
"Trerf1",0.826724829541515,-0.0630097975258006,0.194,0.179,1,0.0826390187397919,"Not significant",NA
"Gramd1b",0.827599152955798,0,0.222,0.205,1,0.0821799625046249,"Not significant",NA
"Usp7",0.827617917369286,-0.0995356735509145,0.097,0.107,1,0.0821701157221325,"Not significant",NA
"Irf3",0.82883391328526,-0.210566985939658,0.125,0.134,1,0.0815324872666408,"Not significant",NA
"Chchd3",0.828874576951578,0.0718327447610665,0.264,0.286,1,0.081511180738981,"Not significant",NA
"Dock10",0.829191302542843,-0.316766389771584,0.194,0.196,1,0.0813452619055524,"Not significant",NA
"Dpp6",0.830434625170327,0.115477217419936,0.333,0.339,1,0.0806945511057968,"Not significant",NA
"Pi4ka",0.830866790742424,-0.218180170049533,0.264,0.268,1,0.0804685991795945,"Not significant",NA
"Chd2",0.831149251098866,0.289506617194985,0.292,0.295,1,0.0803209821021994,"Not significant",NA
"Pip4p2",0.831678930854975,-0.0630097975258006,0.097,0.107,1,0.0800443004756417,"Not significant",NA
"U2af2",0.831678930854975,-0.0630097975258006,0.097,0.107,1,0.0800443004756417,"Not significant",NA
"Whamm",0.831678930854975,-0.0630097975258006,0.097,0.107,1,0.0800443004756417,"Not significant",NA
"Nr1d2",0.831678930854975,-0.0630097975258006,0.097,0.107,1,0.0800443004756417,"Not significant",NA
"Csnk1e",0.831678930854975,-0.0630097975258006,0.097,0.107,1,0.0800443004756417,"Not significant",NA
"Mapk1",0.831678930854975,-0.0630097975258006,0.097,0.107,1,0.0800443004756417,"Not significant",NA
"Morc3",0.831678930854975,-0.0630097975258006,0.097,0.107,1,0.0800443004756417,"Not significant",NA
"Cramp1l",0.831678930854975,-0.0630097975258006,0.097,0.107,1,0.0800443004756417,"Not significant",NA
"Cep95",0.83181070667781,-0.192645077942396,0.111,0.098,1,0.0799754938999538,"Not significant",NA
"Epn1",0.832193866938094,0.289506617194985,0.125,0.116,1,0.0797754891736383,"Not significant",NA
"Akap13",0.832193866938094,0.289506617194985,0.125,0.116,1,0.0797754891736383,"Not significant",NA
"Fam20a",0.834544142703268,0.0713264471454515,0.542,0.518,1,0.0785506866355202,"Not significant",NA
"Nemf",0.835104149612226,0.383673328369509,0.222,0.25,1,0.078259358311313,"Not significant",NA
"Calm1",0.837105219075973,0.0159415438690211,0.139,0.152,1,0.0772199503793732,"Not significant",NA
"Nalcn",0.837105219075973,0.0159415438690211,0.139,0.152,1,0.0772199503793732,"Not significant",NA
"Grm5",0.837164530343004,0.730539325006773,0.25,0.286,1,0.0771891804798324,"Not significant",NA
"Gtf2i",0.837455916208724,0.134929580086109,0.319,0.357,1,0.0770380450089568,"Not significant",NA
"Mical3",0.838701720641676,-0.0730634621897235,0.222,0.232,1,0.076392466003146,"Not significant",NA
"Pibf1",0.838896122145748,-0.114642565941123,0.194,0.205,1,0.0762918131545109,"Not significant",NA
"Slc7a11",0.840419927843779,-0.0787771133841173,0.125,0.134,1,0.0755036582532564,"Not significant",NA
"Plp1",0.84045428615298,0.563429339171515,0.167,0.161,1,0.0754859036539278,"Not significant",NA
"Kif3a",0.841657098299517,-0.169925001442312,0.222,0.232,1,0.0748648095077643,"Not significant",NA
"Gpc6",0.841776830565136,0.139930261144475,0.306,0.339,1,0.0748030321353821,"Not significant",NA
"Pknox2",0.842274533033944,0,0.097,0.107,1,0.07454633041381,"Not significant",NA
"Sec24b",0.842345664634124,0.0524674198941355,0.139,0.152,1,0.0745096550118314,"Not significant",NA
"Atad2b",0.842814987883934,0.222392421336448,0.25,0.241,1,0.0742677498823864,"Not significant",NA
"Snapc3",0.844061904143323,-0.0730634621897233,0.139,0.125,1,0.0736257007179961,"Not significant",NA
"Skiv2l",0.844061904143323,-0.0730634621897233,0.139,0.125,1,0.0736257007179961,"Not significant",NA
"Nrip1",0.844378801577617,0.415037499278844,0.097,0.107,1,0.0734626783409676,"Not significant",NA
"Ttc14",0.844692148662186,0.252766070379967,0.319,0.357,1,0.073301542526879,"Not significant",NA
"Rap1gap",0.845859598961484,-0.288569497940931,0.125,0.134,1,0.0727017178788709,"Not significant",NA
"Preb",0.845859598961484,-0.128104825747685,0.125,0.134,1,0.0727017178788709,"Not significant",NA
"Traf3",0.845859598961484,-0.128104825747685,0.125,0.134,1,0.0727017178788709,"Not significant",NA
"Bmpr1a",0.845859598961484,-0.128104825747685,0.125,0.134,1,0.0727017178788709,"Not significant",NA
"Ddah1",0.84588050013397,0.0524674198941357,0.236,0.223,1,0.0726909866041541,"Not significant",NA
"Lrp1b",0.845969535120896,0.18563387132633,0.694,0.741,1,0.0726452764020108,"Not significant",NA
"Prxl2a",0.846028694109478,0.167944637314071,0.153,0.143,1,0.0726149070767211,"Not significant",NA
"Slc22a17",0.846028694109478,0.167944637314071,0.153,0.143,1,0.0726149070767211,"Not significant",NA
"Bptf",0.846030482781363,0.066273219419166,0.333,0.321,1,0.0726139888933146,"Not significant",NA
"Ralgapa1",0.846248853144931,0.122856747785533,0.375,0.366,1,0.0725019068718395,"Not significant",NA
"Ccdc57",0.848407693503166,0.406104374508836,0.194,0.188,1,0.0713954018824653,"Not significant",NA
"Gpatch2",0.848677045172502,-0.301169534720565,0.153,0.161,1,0.0712575443648055,"Not significant",NA
"Larp1",0.849406208062342,-0.0787771133841173,0.167,0.179,1,0.0708845692019841,"Not significant",NA
"Csmd3",0.849930075815188,0.0642445876704892,0.319,0.339,1,0.0706168024466057,"Not significant",NA
"Prpf40a",0.849993973901075,0.189970943644071,0.125,0.116,1,0.070584153239575,"Not significant",NA
"Rsf1",0.849993973901075,0.189970943644071,0.125,0.116,1,0.070584153239575,"Not significant",NA
"Timm44",0.849993973901075,0.189970943644071,0.125,0.116,1,0.070584153239575,"Not significant",NA
"Bbs9",0.850697873555941,-0.199071347101829,0.153,0.161,1,0.0702246527764721,"Not significant",NA
"Senp6",0.85278923550643,0.177998301977994,0.167,0.179,1,0.0691582902472204,"Not significant",NA
"Slc22a23",0.852869719737776,0.0968615392525893,0.097,0.107,1,0.0691173044950895,"Not significant",NA
"Kif5b",0.852983398068092,0.113867964558279,0.181,0.17,1,0.0690594215846255,"Not significant",NA
"Antxr1",0.854647891665388,0.222392421336448,0.264,0.286,1,0.0682127743982515,"Not significant",NA
"Sltm",0.854959515865902,0.0636946753173897,0.375,0.402,1,0.0680544495435351,"Not significant",NA
"Helz",0.854965029280064,0.134929580086109,0.153,0.143,1,0.0680516488990813,"Not significant",NA
"Ubp1",0.855143437040948,0.0899421253127981,0.139,0.152,1,0.0679610330020338,"Not significant",NA
"Cep290",0.85610930042843,0.719892080807265,0.139,0.134,1,0.0674707849225839,"Not significant",NA
"Zfc3h1",0.856374453275396,0.0810365720909063,0.181,0.196,1,0.0673362967337537,"Not significant",NA
"Clock",0.856988123912749,0.258918297361562,0.097,0.107,1,0.0670251964605792,"Not significant",NA
"Mdm2",0.856988123912749,0.106915203916512,0.097,0.107,1,0.0670251964605792,"Not significant",NA
"Glt8d1",0.85781248140161,0.15200309344505,0.125,0.116,1,0.0666076389498136,"Not significant",NA
"Ehmt1",0.858634237314374,0.210008696880616,0.306,0.304,1,0.0661917983859792,"Not significant",NA
"Mccc1",0.858865918492561,0.084888897586513,0.153,0.143,1,0.06607463058542,"Not significant",NA
"Rimklb",0.859653814840045,-0.114642565941123,0.194,0.205,1,0.0656764052367528,"Not significant",NA
"Mast4",0.861100144471091,0.285957550113914,0.264,0.295,1,0.0649463379051648,"Not significant",NA
"Nbas",0.861117010173244,-0.121561979880914,0.153,0.161,1,0.0649378317985349,"Not significant",NA
"Cnnm2",0.861117010173244,-0.121561979880914,0.153,0.161,1,0.0649378317985349,"Not significant",NA
"Ccdc88a",0.861310526321665,0.0585676194305535,0.556,0.545,1,0.0648402451146353,"Not significant",NA
"Luc7l",0.862777842921704,0.201330805808618,0.194,0.188,1,0.0641010165833991,"Not significant",NA
"Smyd3",0.86492790099224,0.0810365720909063,0.167,0.179,1,0.0630200931204483,"Not significant",NA
"Tra2b",0.865093819764294,-0.0995356735509145,0.125,0.134,1,0.0629367905740079,"Not significant",NA
"Rp9",0.866036953479628,0.0899421253127981,0.153,0.143,1,0.0624635764007957,"Not significant",NA
"Fam184a",0.866867897875327,0.222392421336448,0.222,0.214,1,0.0620470796806245,"Not significant",NA
"Npepps",0.867267052256466,-0.135159583281636,0.264,0.268,1,0.0618471522779681,"Not significant",NA
"Sema4d",0.867622850000075,0.15200309344505,0.097,0.107,1,0.0616690187852451,"Not significant",NA
"Vps13c",0.868007674064984,-0.169925001442312,0.153,0.161,1,0.0614764352044488,"Not significant",NA
"9930021J03Rik",0.868007674064984,-0.0995356735509145,0.153,0.161,1,0.0614764352044488,"Not significant",NA
"Neat1",0.868197144109651,0.357322001422557,0.25,0.259,1,0.0613816470845795,"Not significant",NA
"Cdk12",0.869768608904788,0.00516170511577885,0.208,0.223,1,0.0605962706479703,"Not significant",NA
"Zmym4",0.870001839981788,-0.0215331615496412,0.222,0.205,1,0.0604798288835742,"Not significant",NA
"Nrg3",0.872032885206095,0.807354922057604,0.278,0.304,1,0.059467137092377,"Not significant",NA
"Vti1a",0.872934187032817,-0.00501807476662453,0.347,0.366,1,0.0590184977444933,"Not significant",NA
"Asic2",0.873988218607386,0.246409302454984,0.514,0.58,1,0.058494421631372,"Not significant",NA
"Nbeal1",0.874109303349855,0.177998301977994,0.194,0.188,1,0.0584342574415364,"Not significant",NA
"Pde4dip",0.87453800425511,0.00939869800224979,0.125,0.134,1,0.0582213129095435,"Not significant",NA
"Numb",0.87453800425511,0.00939869800224979,0.125,0.134,1,0.0582213129095435,"Not significant",NA
"Tm9sf4",0.875035985859933,0.0524674198941355,0.153,0.143,1,0.0579740862473658,"Not significant",NA
"Lrrcc1",0.875035985859933,0.0524674198941355,0.153,0.143,1,0.0579740862473658,"Not significant",NA
"Crtc3",0.875182111337464,0.106915203916512,0.194,0.205,1,0.0579015678694489,"Not significant",NA
"Otud7b",0.875722434685198,0.0524674198941355,0.125,0.116,1,0.0576335241815779,"Not significant",NA
"Grid2",0.877415602677532,0.0688618581448042,0.611,0.634,1,0.0567946470036677,"Not significant",NA
"Fgf12",0.878335438646521,0.15200309344505,0.306,0.304,1,0.0563395941940904,"Not significant",NA
"Gnb1",0.880498390600148,-0.0544477840223765,0.153,0.161,1,0.0552714335117115,"Not significant",NA
"Cnot10",0.881705021342543,0.0207585601667972,0.167,0.179,1,0.054676685877626,"Not significant",NA
"Dlg1",0.882269319748137,-0.0146467759644016,0.153,0.161,1,0.0543988227745779,"Not significant",NA
"Metap1d",0.883096825901066,0.274859841230584,0.208,0.205,1,0.0539916762082238,"Not significant",NA
"Ptpn4",0.884655275589941,-0.0671141958585371,0.292,0.304,1,0.0532259282563718,"Not significant",NA
"Zfp638",0.88476823936296,-0.178145508247281,0.292,0.268,1,0.0531704756833399,"Not significant",NA
"Rpgr",0.885040141605489,0.396421821111497,0.111,0.107,1,0.0530370311299671,"Not significant",NA
"Camkmt",0.885989696878285,-0.0406419844973458,0.153,0.161,1,0.0525713284683946,"Not significant",NA
"Mark2",0.886053152766853,-0.00893312477000796,0.222,0.232,1,0.0525402247710241,"Not significant",NA
"Mgat4c",0.886307203501196,0.0404947782280597,0.486,0.482,1,0.0524157209336258,"Not significant",NA
"Sclt1",0.886863285075362,-0.0406419844973458,0.181,0.17,1,0.0521433239265454,"Not significant",NA
"Trip4",0.887403030408912,-0.0146467759644013,0.236,0.223,1,0.0518790925367266,"Not significant",NA
"Actn4",0.887454848882475,-0.192645077942396,0.111,0.116,1,0.051853733348931,"Not significant",NA
"Fam214a",0.888186618698875,0.0244530437245389,0.194,0.205,1,0.0514957741357904,"Not significant",NA
"Scn2a",0.889535628189772,-0.00642626915943323,0.153,0.161,1,0.0508366526207027,"Not significant",NA
"Aldh1a1",0.889941802108816,0.167944637314071,0.125,0.134,1,0.0506383931858893,"Not significant",NA
"Adgrb3",0.891114388208067,0.0444301008287173,0.778,0.839,1,0.0500665440226716,"Not significant",NA
"Prkg1",0.891755853506794,0.0968615392525893,0.125,0.134,1,0.0497540312608647,"Not significant",NA
"Ogdhl",0.892982069706367,-0.0146467759644016,0.153,0.161,1,0.0491572612746802,"Not significant",NA
"Cyp7b1",0.893508838486412,-0.0630097975258006,0.153,0.143,1,0.0489011471461466,"Not significant",NA
"Srrt",0.893585127138629,0.00939869800224979,0.222,0.232,1,0.0488640682444805,"Not significant",NA
"Gnao1",0.893683587341381,0.0524674198941356,0.417,0.42,1,0.0488162178877444,"Not significant",NA
"Lpcat3",0.895083211731903,0.374395514781498,0.181,0.179,1,0.0481365884649442,"Not significant",NA
"Atp6v0b",0.895263510587957,-0.220551074512281,0.194,0.196,1,0.0480491162478968,"Not significant",NA
"Cux1",0.895567552097838,0.201330805808618,0.194,0.188,1,0.0479016500194729,"Not significant",NA
"Hrh1",0.89818650903113,-0.0544477840223765,0.153,0.161,1,0.046633472427766,"Not significant",NA
"Sertad2",0.899613533412615,0.415037499278844,0.111,0.107,1,0.0459440198413294,"Not significant",NA
"Galnt1",0.899963117643244,0.0159415438690211,0.153,0.161,1,0.0457752884853813,"Not significant",NA
"Samd12",0.901693704887524,0.289506617194985,0.111,0.107,1,0.0449409623113875,"Not significant",NA
"Aig1",0.903709886413325,-0.0995356735509145,0.111,0.116,1,0.0439709665947605,"Not significant",NA
"Dazap1",0.903709886413325,-0.0995356735509145,0.111,0.116,1,0.0439709665947605,"Not significant",NA
"Btbd7",0.903709886413325,-0.0995356735509145,0.111,0.116,1,0.0439709665947605,"Not significant",NA
"Tardbp",0.904665573689887,-0.151065974190996,0.139,0.143,1,0.0435119360909379,"Not significant",NA
"Zfp512",0.9046656990059,-0.225066555634773,0.139,0.143,1,0.0435118759316361,"Not significant",NA
"Spop",0.904829980469085,0.222392421336448,0.167,0.161,1,0.043433018011227,"Not significant",NA
"Senp7",0.906454736697723,0.254101281063786,0.236,0.232,1,0.0426538772752557,"Not significant",NA
"Ppip5k1",0.906524742013753,-0.263034405833794,0.194,0.196,1,0.0426203380953284,"Not significant",NA
"Bckdhb",0.906584127875822,0.122856747785533,0.167,0.161,1,0.042591888670545,"Not significant",NA
"Bmp1",0.906584127875822,0.122856747785533,0.167,0.161,1,0.042591888670545,"Not significant",NA
"Ext2",0.907970230724788,0.521952703195356,0.097,0.107,1,0.0419283902937777,"Not significant",NA
"Usp48",0.909932618072324,0.563429339171515,0.139,0.152,1,0.0409907666710496,"Not significant",NA
"Smim14",0.909975524326911,0.258918297361562,0.111,0.107,1,0.0409702887698022,"Not significant",NA
"Erlec1",0.909975524326911,0.396421821111497,0.111,0.107,1,0.0409702887698022,"Not significant",NA
"Tbkbp1",0.909975524326911,0.396421821111497,0.111,0.107,1,0.0409702887698022,"Not significant",NA
"Sdk2",0.909975524326911,0.258918297361562,0.111,0.107,1,0.0409702887698022,"Not significant",NA
"Dscam",0.911626927440975,0.396421821111497,0.194,0.196,1,0.0401828552047912,"Not significant",NA
"Plekhn1",0.911919918169981,-0.128104825747685,0.111,0.116,1,0.040043298320626,"Not significant",NA
"Mbp",0.914268211422624,0.476965248422046,0.111,0.107,1,0.0389263801377646,"Not significant",NA
"Sbno1",0.914734144989626,0.236891991031563,0.236,0.259,1,0.0387051093660233,"Not significant",NA
"Mir100hg",0.914797409652469,-0.00367565814339824,0.611,0.616,1,0.0386750738152146,"Not significant",NA
"Trmt9b",0.91534382607714,-0.0995356735509145,0.153,0.143,1,0.038415743398005,"Not significant",NA
"Epha6",0.916125825823864,0.222392421336448,0.153,0.161,1,0.0380448738123272,"Not significant",NA
"Gm26917",0.916505910733527,0.0100888176235838,0.625,0.723,1,0.0378647298390506,"Not significant",NA
"Fgd6",0.918200374590737,-0.185692317300629,0.167,0.17,1,0.037062534394375,"Not significant",NA
"Mctp1",0.918379658174649,0.189970943644071,0.111,0.107,1,0.0369777443280051,"Not significant",NA
"Zfp521",0.918960712864393,0.268196110949573,0.222,0.223,1,0.0367030550457903,"Not significant",NA
"Cdk9",0.920012502936509,0,0.111,0.116,1,0.0362062705681001,"Not significant",NA
"Dvl1",0.920012502936509,0,0.111,0.116,1,0.0362062705681001,"Not significant",NA
"C2cd3",0.920012502936509,0,0.111,0.116,1,0.0362062705681001,"Not significant",NA
"Ttc19",0.920012502936509,0,0.111,0.116,1,0.0362062705681001,"Not significant",NA
"Mpp5",0.920012502936509,0,0.111,0.116,1,0.0362062705681001,"Not significant",NA
"Nfix",0.920072561957903,0.106915203916512,0.264,0.277,1,0.036177920463981,"Not significant",NA
"Yeats2",0.920379903777794,0.0524674198941355,0.194,0.188,1,0.0360328725910664,"Not significant",NA
"Grin3a",0.921498831210986,0.163498732282879,0.153,0.161,1,0.0355052112847783,"Not significant",NA
"Fam193a",0.92169557186564,0.0370373793245298,0.292,0.312,1,0.035412499001295,"Not significant",NA
"Nckap5",0.922448401037592,0.306224012139919,0.417,0.473,1,0.0350579176040063,"Not significant",NA
"Ppig",0.922990231147694,0.177998301977994,0.208,0.223,1,0.0348028954866584,"Not significant",NA
"Fxr2",0.923263644418577,-0.0730634621897233,0.139,0.143,1,0.03467426542417,"Not significant",NA
"Sall2",0.923263644418577,-0.0730634621897233,0.139,0.143,1,0.03467426542417,"Not significant",NA
"Luzp2",0.923721015305846,0.0230836131130412,0.444,0.438,1,0.0344591757583857,"Not significant",NA
"Gria3",0.924202413935492,0.00939869800224979,0.111,0.116,1,0.0342329014768088,"Not significant",NA
"Dnmt3a",0.924532552289198,0.206795566285429,0.375,0.393,1,0.0340777929626921,"Not significant",NA
"Sik3",0.924779796935278,0.0118254353967895,0.347,0.348,1,0.0339616665699199,"Not significant",NA
"Pid1",0.924876927786265,0.186768511605727,0.292,0.295,1,0.033916054438673,"Not significant",NA
"Cog4",0.926692202768604,0.15200309344505,0.111,0.107,1,0.0330644911375313,"Not significant",NA
"Setd3",0.926692202768604,0.15200309344505,0.111,0.107,1,0.0330644911375313,"Not significant",NA
"A830082K12Rik",0.926692202768604,0.15200309344505,0.111,0.107,1,0.0330644911375313,"Not significant",NA
"Gabrb3",0.927144225983477,0.357322001422556,0.125,0.125,1,0.032852702018753,"Not significant",NA
"Ablim1",0.927373879142238,-0.0110977088833308,0.347,0.348,1,0.0327451408147556,"Not significant",NA
"P3h3",0.928781175427209,0.0524674198941355,0.111,0.107,1,0.0320865954776401,"Not significant",NA
"Klf9",0.928789723939628,0.300394933337721,0.181,0.179,1,0.032082598244723,"Not significant",NA
"Gigyf1",0.929373641222541,-0.0995356735509145,0.194,0.196,1,0.0318096490875513,"Not significant",NA
"Ino80",0.92945909389043,-0.199071347101829,0.167,0.161,1,0.0317697190589333,"Not significant",NA
"Fndc3a",0.93028325329913,0.0524674198941355,0.111,0.116,1,0.0313847970213414,"Not significant",NA
"Oxr1",0.930410998279477,-0.0787771133841173,0.167,0.17,1,0.0313251645050422,"Not significant",NA
"Stard13",0.931779842613902,0.439490543003383,0.264,0.277,1,0.0306866889685476,"Not significant",NA
"Odf2",0.931970335590087,0.0899421253127983,0.278,0.277,1,0.0305979109234489,"Not significant",NA
"Xrn1",0.933554337567167,0.222392421336448,0.236,0.25,1,0.0298603988517091,"Not significant",NA
"Nr3c1",0.933863414398986,0.300394933337721,0.181,0.179,1,0.0297166384492739,"Not significant",NA
"Plcl1",0.934011917070966,-0.086935636771281,0.222,0.214,1,0.0296475825652562,"Not significant",NA
"Gls",0.93501186584988,0.106915203916512,0.111,0.107,1,0.0291828776403947,"Not significant",NA
"Grm8",0.93501186584988,0.106915203916512,0.111,0.107,1,0.0291828776403947,"Not significant",NA
"Cyld",0.93501186584988,0.106915203916512,0.111,0.107,1,0.0291828776403947,"Not significant",NA
"P4ha1",0.93501186584988,0.106915203916512,0.111,0.107,1,0.0291828776403947,"Not significant",NA
"Gstz1",0.93501186584988,0.106915203916512,0.111,0.107,1,0.0291828776403947,"Not significant",NA
"Lingo2",0.935265486313692,0.9642402368824,0.306,0.357,1,0.0290650919349976,"Not significant",NA
"Cpt1c",0.935325219754262,0.0524674198941355,0.139,0.134,1,0.0290373553451073,"Not significant",NA
"Spock3",0.935325219754262,0.0524674198941355,0.139,0.134,1,0.0290373553451073,"Not significant",NA
"Srsf11",0.93535111760467,0.184917715917785,0.361,0.393,1,0.0290253305032878,"Not significant",NA
"Tmem131",0.935558853690282,-0.169925001442312,0.153,0.143,1,0.0289288869144158,"Not significant",NA
"Psmd7",0.936542619188455,0.245112497836531,0.153,0.152,1,0.0284724544262636,"Not significant",NA
"Scaf4",0.938201154584773,0.0159415438690211,0.167,0.161,1,0.0277040369298035,"Not significant",NA
"Miat",0.939007431504004,-0.0544477840223765,0.167,0.17,1,0.0273309706216315,"Not significant",NA
"Cul9",0.94091295332648,-0.117457581548177,0.194,0.196,1,0.0264505525967593,"Not significant",NA
"Rnf214",0.941916510743466,0.00939869800224979,0.139,0.143,1,0.0259875903390932,"Not significant",NA
"Paxbp1",0.941916510743466,0.00939869800224979,0.139,0.143,1,0.0259875903390932,"Not significant",NA
"Napg",0.941916510743466,0.00939869800224979,0.139,0.143,1,0.0259875903390932,"Not significant",NA
"Rfx4",0.941949192064375,0.250406797506045,0.431,0.455,1,0.0259725220491272,"Not significant",NA
"Sec62",0.944780231522515,0.00939869800224979,0.139,0.134,1,0.0246692024293702,"Not significant",NA
"Dmtf1",0.944780231522515,0.00939869800224979,0.139,0.134,1,0.0246692024293702,"Not significant",NA
"Kcnh7",0.945522135802226,-0.0406419844973458,0.111,0.107,1,0.0243282993475218,"Not significant",NA
"Cul1",0.945553974089716,0.19685732922931,0.153,0.152,1,0.0243136757239681,"Not significant",NA
"Dop1b",0.945553974089716,0.19685732922931,0.153,0.152,1,0.0243136757239681,"Not significant",NA
"Ufl1",0.945755551324141,0.0159415438690211,0.139,0.143,1,0.024221100838955,"Not significant",NA
"Ubap2l",0.946642999367399,0.15200309344505,0.111,0.116,1,0.0238137724606119,"Not significant",NA
"Tet1",0.946642999367399,0.15200309344505,0.111,0.116,1,0.0238137724606119,"Not significant",NA
"Uhrf1bp1l",0.946642999367399,0.15200309344505,0.111,0.116,1,0.0238137724606119,"Not significant",NA
"Ankfy1",0.946642999367399,0.15200309344505,0.111,0.116,1,0.0238137724606119,"Not significant",NA
"Msl1",0.946642999367399,0.289506617194985,0.111,0.116,1,0.0238137724606119,"Not significant",NA
"Grb2",0.946642999367399,0.15200309344505,0.111,0.116,1,0.0238137724606119,"Not significant",NA
"Mms19",0.946642999367399,0.15200309344505,0.111,0.116,1,0.0238137724606119,"Not significant",NA
"Ptprn2",0.947019398127965,0.203027096469517,0.319,0.348,1,0.0236411251005778,"Not significant",NA
"Pdzph1",0.948731997819201,-0.288569497940931,0.125,0.125,1,0.0228564517520187,"Not significant",NA
"Lrrc7",0.948966939601189,-0.0703893278913978,0.292,0.295,1,0.0227489173923844,"Not significant",NA
"4933406I18Rik",0.949229749018165,0.245112497836531,0.153,0.152,1,0.0226286593801366,"Not significant",NA
"Ubn1",0.949230502520655,0.265461143228334,0.153,0.152,1,0.0226283146355227,"Not significant",NA
"Lrfn5",0.950174044591882,0.361795478001864,0.167,0.179,1,0.0221968371503214,"Not significant",NA
"Ecpas",0.950513706375709,-0.057715497856287,0.25,0.25,1,0.022041616241548,"Not significant",NA
"Rapgef3",0.950720859341006,0.344648171387446,0.319,0.33,1,0.0219469773245867,"Not significant",NA
"Ccar1",0.950844588232569,0.238880544125017,0.222,0.241,1,0.0218904609685473,"Not significant",NA
"Prdm16",0.951297083224414,0.115477217419936,0.333,0.339,1,0.0216838348431614,"Not significant",NA
"Ltbp3",0.951312229902355,-0.0255350921071376,0.139,0.143,1,0.0216769200040468,"Not significant",NA
"Rai1",0.951683434921158,0.0244530437245389,0.208,0.205,1,0.0215074899876306,"Not significant",NA
"Oscp1",0.951726980420633,0.332575339086871,0.153,0.161,1,0.0214876187397014,"Not significant",NA
"Rrbp1",0.951732969847884,0.103093492964104,0.292,0.295,1,0.0214848856375898,"Not significant",NA
"Catspere2",0.951774150073793,0,0.111,0.107,1,0.0214660946967089,"Not significant",NA
"Ptpa",0.951774150073793,0,0.111,0.107,1,0.0214660946967089,"Not significant",NA
"Trp53bp1",0.95302978594176,0.265461143228334,0.167,0.17,1,0.0208935257331382,"Not significant",NA
"Pcbp4",0.953182581064464,0.0524674198941355,0.139,0.143,1,0.0208239027677829,"Not significant",NA
"Specc1l",0.953182581064464,0.0524674198941355,0.139,0.143,1,0.0208239027677829,"Not significant",NA
"Fkbp2",0.953182581064464,0.0524674198941355,0.139,0.143,1,0.0208239027677829,"Not significant",NA
"Rbm10",0.953182581064464,0.0524674198941355,0.139,0.143,1,0.0208239027677829,"Not significant",NA
"Dock3",0.953697086783655,0.0691461610407658,0.306,0.304,1,0.0205895439836997,"Not significant",NA
"Nop56",0.954147621729849,-0.00642626915943323,0.181,0.179,1,0.0203844278714704,"Not significant",NA
"Mkln1",0.954336084137769,-0.0255350921071376,0.139,0.134,1,0.0202986548739644,"Not significant",NA
"Mia3",0.95471490130116,0.084888897586513,0.167,0.17,1,0.0201262988634387,"Not significant",NA
"Gm29514",0.95505331366169,0.274859841230583,0.139,0.143,1,0.0199723842457666,"Not significant",NA
"Fbxl17",0.955905538576956,0.0524674198941353,0.236,0.241,1,0.0195850220562099,"Not significant",NA
"Mgat5",0.956952106692112,0.637429920615292,0.111,0.116,1,0.019109797144597,"Not significant",NA
"Fam133b",0.957039365496851,0.570315724756755,0.167,0.179,1,0.0190701982038785,"Not significant",NA
"Cd81",0.958856849799658,0.15200309344505,0.153,0.161,1,0.0182462249279508,"Not significant",NA
"Aff4",0.959385529541134,-0.0544477840223765,0.167,0.161,1,0.0180068363056338,"Not significant",NA
"Senp5",0.959875609641519,0.0159415438690211,0.167,0.17,1,0.0177850435713688,"Not significant",NA
"Fnbp1l",0.960183177995443,-0.0406419844973458,0.111,0.107,1,0.0176459069564697,"Not significant",NA
"Pcdh15",0.963422460635013,-0.128104825747685,0.208,0.214,1,0.0161832330307816,"Not significant",NA
"Kif13a",0.963446358993643,0.0207585601667972,0.167,0.17,1,0.0161724601902288,"Not significant",NA
"9430041J12Rik",0.963818605623492,-0.225066555634773,0.139,0.134,1,0.0160046943020618,"Not significant",NA
"Zfand3",0.963818605623492,-0.0730634621897233,0.139,0.134,1,0.0160046943020618,"Not significant",NA
"Eri3",0.963851277868455,-0.0630097975258006,0.194,0.196,1,0.0159899725119653,"Not significant",NA
"Nt5c2",0.964619128941471,0,0.208,0.205,1,0.0156441300241788,"Not significant",NA
"Six3os1",0.965186471108261,0.0524674198941355,0.167,0.17,1,0.015388774169185,"Not significant",NA
"Trio",0.965847952049294,-0.169925001442312,0.264,0.25,1,0.0150912367142679,"Not significant",NA
"Scfd1",0.966455128777452,-0.210566985939658,0.125,0.125,1,0.0148183048808778,"Not significant",NA
"Smg1",0.966766579103616,0.160991876672305,0.236,0.25,1,0.0146783714643858,"Not significant",NA
"Ddx46",0.966861115722438,-0.146841388329271,0.222,0.214,1,0.0146359054487875,"Not significant",NA
"Gjb6",0.967738543309942,0.139930261144475,0.181,0.179,1,0.0142419614264448,"Not significant",NA
"Klhl32",0.968150671507014,0.184917715917785,0.181,0.188,1,0.0140570489808777,"Not significant",NA
"Ywhaq",0.968546190755801,-0.0995356735509145,0.111,0.107,1,0.0138796625938083,"Not significant",NA
"Trps1",0.971303262172469,0.094902686214532,0.375,0.393,1,0.0126451526611763,"Not significant",NA
"Adarb2",0.972180734072499,0.0691461610407658,0.194,0.196,1,0.0122529896890721,"Not significant",NA
"Fto",0.972849603768902,0.250406797506045,0.236,0.25,1,0.01195429364916,"Not significant",NA
"Cux2",0.97331456373726,0.53051471669878,0.111,0.116,1,0.0117467782136412,"Not significant",NA
"Gak",0.974336213429201,0.189970943644071,0.125,0.125,1,0.0112911556045519,"Not significant",NA
"Ankrd24",0.974336213429201,0.189970943644071,0.125,0.125,1,0.0112911556045519,"Not significant",NA
"Ppp1r12a",0.975714535883894,0.157436979495678,0.333,0.348,1,0.0106772249812066,"Not significant",NA
"Ncoa2",0.976508058538617,-0.0995356735509143,0.222,0.223,1,0.0103241683879929,"Not significant",NA
"Snx32",0.978656417138774,0.0244530437245389,0.194,0.196,1,0.00936975184420755,"Not significant",NA
"Apbb2",0.980037139392425,0.245112497836531,0.153,0.152,1,0.00875746601406878,"Not significant",NA
"Nsd1",0.98006277050492,0.0919957840807728,0.361,0.366,1,0.00874610796985273,"Not significant",NA
"9530026P05Rik",0.980895014647906,0.15200309344505,0.167,0.17,1,0.00837747274136076,"Not significant",NA
"Nxf1",0.982247325609447,0.134929580086109,0.125,0.125,1,0.0077791449795217,"Not significant",NA
"Dok6",0.983143377630014,0.167944637314071,0.139,0.143,1,0.00738314180890358,"Not significant",NA
"Wipf2",0.984205208137477,-0.0406419844973458,0.125,0.125,1,0.00691434113146196,"Not significant",NA
"Rims1",0.985322223157901,-0.192645077942396,0.111,0.107,1,0.00642172193370079,"Not significant",NA
"Cs",0.987000802389753,0.385891153619327,0.194,0.205,1,0.0056824942672421,"Not significant",NA
"Srgap1",0.988331610652795,0.00219421341291182,0.389,0.393,1,0.00509731400215069,"Not significant",NA
"Cntnap2",0.989451678433671,0.535068202985614,0.333,0.384,1,0.00460541045409181,"Not significant",NA
"Nav3",0.989483489052891,0.315501825727929,0.347,0.393,1,0.00459144822165374,"Not significant",NA
"Spaca6",0.990131204763288,0.222392421336448,0.125,0.125,1,0.00430725214068474,"Not significant",NA
"Smg6",0.990644416427589,0.0735290354219653,0.222,0.223,1,0.00408220393587291,"Not significant",NA
"Top1",0.991514597270651,-0.0299947402978376,0.181,0.179,1,0.00370088764382347,"Not significant",NA
"Inpp5a",0.992735014256435,0.122856747785533,0.153,0.152,1,0.00316666006852117,"Not significant",NA
"Wnk1",0.99317555719561,0.222392421336448,0.319,0.339,1,0.00297397730282787,"Not significant",NA
"Stk3",0.994772025225136,0.332575339086871,0.167,0.17,1,0.00227643637072261,"Not significant",NA
"Fam120c",0.994966165033685,0.374395514781498,0.181,0.188,1,0.00219168768544249,"Not significant",NA
"Golga4",0.995741565596153,-0.273302741287621,0.306,0.286,1,0.00185336358352289,"Not significant",NA
"Pdgfrb",0.99605360597038,0.0524674198941355,0.125,0.125,1,0.00171728793106528,"Not significant",NA
"St6gal1",0.996364422856254,-0.0255350921071376,0.153,0.152,1,0.00158178819400236,"Not significant",NA
"Ccdc190",0.998128084918201,0.296393002780225,0.139,0.143,1,0.000813724239789871,"Not significant",NA
"Smarca2",0.998628740020869,-0.0349954213562038,0.333,0.321,1,0.000595939329513225,"Not significant",NA
"Ttyh2",1,-0.225066555634773,0.139,0.134,1,0,"Not significant",NA
"Myrip",1,0.357322001422556,0.139,0.143,1,0,"Not significant",NA
"Clk4",1,0.0524674198941355,0.181,0.179,1,0,"Not significant",NA
