"ID","Description","GeneRatio","BgRatio","RichFactor","FoldEnrichment","zScore","pvalue","p.adjust","qvalue","geneID","Count","Group"
"GO:0050803","regulation of synapse structure or activity","107/1496","424/25730",0.252358490566038,4.34036361113914,17.2317592717408,1.74111045173038e-39,9.43159531702348e-36,6.75367580486996e-36,"210933/54216/208922/320772/20616/83814/17999/11820/319387/13640/14804/243548/327814/320150/12361/64085/234267/56508/216028/192167/14083/239719/12558/108155/18015/329165/72895/216831/12564/58234/12933/56637/331461/140580/13196/13175/270190/12386/106042/14803/18189/15569/16423/243499/19211/347722/76089/259302/80913/19277/238130/319613/223254/20563/226778/50791/242384/30785/19122/17257/12540/65114/75415/16573/333605/70530/67414/64451/170571/319504/18472/73086/16443/229791/18750/20354/11538/22215/13838/76742/272381/53328/72162/22284/66713/238205/15562/14360/99633/18222/29819/18187/16981/12934/399558/18481/53872/22359/52163/433485/13193/76965/16180/140919/16412/16975/11848",107,"ADP_H_vs_ADP_N"
"GO:0050807","regulation of synapse organization","105/1496","415/25730",0.253012048192771,4.35160427807487,17.1022211119244,7.18710028489663e-39,1.94662611216425e-35,1.3939191868339e-35,"210933/54216/208922/320772/20616/83814/17999/11820/319387/13640/14804/243548/327814/320150/12361/64085/234267/56508/216028/192167/14083/239719/12558/108155/18015/329165/72895/216831/12564/58234/12933/56637/331461/140580/13196/13175/270190/12386/106042/14803/18189/15569/16423/243499/19211/347722/76089/259302/80913/19277/238130/223254/20563/226778/50791/242384/30785/19122/17257/12540/65114/75415/16573/333605/70530/67414/64451/170571/319504/18472/73086/16443/229791/18750/20354/11538/22215/13838/76742/272381/53328/72162/22284/66713/238205/15562/14360/99633/18222/29819/18187/16981/12934/399558/18481/53872/22359/52163/433485/13193/76965/16180/16412/16975/11848",105,"ADP_H_vs_ADP_N"
"GO:0099173","postsynapse organization","91/1496","328/25730",0.277439024390244,4.77172867484022,17.0807960860575,2.99768984646823e-37,5.4128286327728e-34,3.87596038043348e-34,"54216/23859/208922/234214/11820/319387/14804/243548/327814/66797/13383/12361/13800/16337/56508/18191/70546/192167/20404/12558/20411/81907/18015/329165/70729/16001/67299/216831/13839/58234/14658/12933/331461/140580/13196/13175/270190/54725/106042/14803/11352/18189/243499/19211/245684/259302/80913/238130/223254/226778/50791/18186/75786/19122/12540/65114/75415/333605/70530/67414/64451/319504/18472/73086/16443/229791/22215/230235/13838/76742/272381/72162/22284/66713/15562/14432/14360/18222/29819/18187/12934/399558/231637/18481/53872/433485/13193/223666/16180/16412/16975",91,"ADP_H_vs_ADP_N"
"GO:0007416","synapse assembly","82/1496","320/25730",0.25625,4.40729445187166,15.2386684867174,5.63084069486624e-31,7.6255660110226e-28,5.46043367383739e-28,"210933/14402/54216/18183/208922/320772/11820/319387/13640/14804/243548/66797/64085/234267/216028/18191/243743/70546/192167/14406/20320/14083/12558/108155/72895/67299/58234/12933/56637/331461/13508/140580/13175/270190/54725/106042/18189/15569/243499/19211/259302/80913/238130/330222/223254/20563/226778/50791/16795/242384/14401/17257/14405/65114/75415/14394/14712/14395/18750/20354/11538/14396/272381/22284/238205/15562/14432/99633/18222/29819/14168/16981/12934/399558/53872/22359/433485/13193/76965/16180/18845/11848",82,"ADP_H_vs_ADP_N"
"GO:0016358","dendrite development","79/1496","334/25730",0.236526946107784,4.06807374555701,14.0223585239962,2.30368680448686e-27,2.49581428398107e-24,1.78717597358612e-24,"19055/210933/19091/208922/83814/17999/11820/327814/66797/12361/15572/56508/192167/329165/270120/216831/13047/93691/13839/58234/56637/331461/13508/67095/13196/13175/68166/270190/209012/12386/106042/12808/11352/231380/19211/93686/76089/17475/17344/330222/223254/329152/226778/19283/18186/239985/17257/12540/17756/67414/64451/56717/18472/11682/16443/77040/17258/20354/66923/22215/54673/13838/72162/22067/66713/14360/65254/18222/29819/18481/53872/74053/22359/52163/52463/13193/16412/16975/11848",79,"ADP_H_vs_ADP_N"
"GO:0099003","vesicle-mediated transport in synapse","76/1496","329/25730",0.231003039513678,3.9730669830795,13.4847200331089,1.13774122390355e-25,1.02719070164759e-22,7.35539721067472e-23,"19055/20614/78808/20616/229521/12287/27418/83814/12298/207227/17999/72685/327814/116837/218038/227801/12361/56508/11980/64051/192167/218503/20404/12558/96935/14169/269774/11984/20965/72194/109880/29873/231760/18189/224671/11966/19211/12330/21912/50791/17957/75734/18751/65114/80718/67979/104015/19056/108086/18196/83493/12725/20983/16510/20405/12314/16443/18750/111173/12290/13002/108664/208898/94090/11938/11772/12289/18222/102866/74053/433485/11964/208650/116838/53330/140919",76,"ADP_H_vs_ADP_N"
"GO:0007611","learning or memory","75/1496","369/25730",0.203252032520325,3.49577192295987,11.9977439496911,9.54221862231079e-22,5.37155944686984e-19,3.84640878359849e-19,"210933/20614/14402/20238/208922/229521/383348/11820/66797/218038/64085/15572/17967/11980/18191/94109/20320/320127/56469/18015/329165/67869/218461/56710/12326/224938/238871/50876/58234/56637/15560/18795/109880/209012/76376/268354/14266/11352/432572/18189/231380/234593/224671/19211/16497/110893/19283/16795/75786/64930/666173/17250/19122/195018/17257/21960/67979/104015/72108/56717/18472/20983/328572/18750/12290/11538/22215/53328/53901/19063/14168/23802/15194/319984/16412",75,"ADP_H_vs_ADP_N"
"GO:0007626","locomotory behavior","66/1496","294/25730",0.224489795918367,3.86104441776711,12.2585345607474,9.91611491022676e-22,5.37155944686984e-19,3.84640878359849e-19,"11899/20614/268890/20238/12805/12287/80912/12298/11820/319387/66797/15572/109205/94229/17978/14169/58234/14658/110784/11906/13508/15560/227331/20265/14816/209012/70430/11352/231380/224671/16508/19211/243385/16795/14167/170719/75786/64930/27386/12661/17257/17993/16531/268860/65114/21960/72108/56717/19056/12725/18472/11682/19156/13405/76192/12290/22215/13838/213827/53901/19063/18516/15194/103199/11784/20273",66,"ADP_H_vs_ADP_N"
"GO:0031346","positive regulation of cell projection organization","86/1496","469/25730",0.183368869936034,3.15379747557096,11.6958210280965,1.26483532268912e-21,6.09617511952738e-19,4.36528381711734e-19,"20616/12805/13640/214459/330914/12361/234267/15572/192167/20320/18015/329165/16001/268902/50769/13047/75974/56637/331461/13508/12877/19762/208727/109880/68732/67095/11789/20257/23964/12808/11352/234593/76089/80913/17344/50791/19283/18186/330938/12540/66573/107035/252838/67414/56717/71653/12168/18472/11682/52822/13405/328572/21821/20354/11538/54673/13838/235106/72162/22067/66713/20713/12396/14360/18222/23965/29819/26395/15194/103199/18481/53872/20187/69981/74053/22359/52163/193385/13193/76965/13837/18546/232906/16412/14348/16975",86,"ADP_H_vs_ADP_N"
"GO:1901888","regulation of cell junction assembly","69/1496","325/25730",0.212307692307692,3.65152200740436,11.9520393803109,3.2712893655433e-21,1.36312111485754e-18,9.76089175062921e-19,"76499/210933/54216/76707/208922/320772/83814/11820/319387/13640/14804/243548/66797/64085/216028/192167/14083/108155/72895/12933/56637/331461/140580/13175/270190/106042/26921/18189/110829/15569/19271/243499/19211/76089/259302/80913/238130/223254/20563/226778/242384/18186/64930/105522/65114/75415/11856/18750/20354/11538/21872/272381/22284/238205/15562/99633/18222/29819/16981/12934/399558/22359/50768/433485/13193/76965/16180/13837/11848",69,"ADP_H_vs_ADP_N"
"GO:0048588","developmental cell growth","60/1496","293/25730",0.204778156996587,3.52202003978756,10.7873332823868,8.09530613157086e-18,2.74076708216996e-15,1.96257915097622e-15,"76499/108655/19091/83814/234214/11820/13640/330914/116837/29869/238161/243743/11658/20404/14042/81907/26398/56637/13508/108058/13175/77300/106042/12808/19211/80913/20563/214968/266692/18186/329506/17257/21960/17756/360213/56717/71653/12168/18472/20983/52822/28185/328572/77040/20354/11538/54673/22067/22284/18187/14168/12488/20187/99982/13548/13193/76965/116838/20564/16412",60,"ADP_H_vs_ADP_N"
"GO:0007264","small GTPase-mediated signal transduction","77/1496","461/25730",0.167028199566161,2.87275105269874,10.080943561247,4.53863105100376e-17,1.44622143548749e-14,1.03559476303089e-14,"99326/241694/330914/227801/56508/215821/320127/20262/12558/20663/108155/18015/329165/67299/216831/73910/75974/108699/19762/320271/140580/108058/102442/26921/11352/333050/244867/234353/105445/76089/238130/223254/20563/241308/18186/227743/213498/12540/75415/107338/212307/114713/11855/57874/71653/228850/329877/16443/20354/19328/14784/19731/19645/84092/14569/74002/26395/75985/99371/109689/12488/20662/380711/72729/23881/228359/193385/50768/12662/78255/74769/12554/232906/16412/320292/24071/11848",77,"ADP_H_vs_ADP_N"
"GO:0060078","regulation of postsynaptic membrane potential","42/1496","179/25730",0.23463687150838,4.03556597854988,10.1257439169795,4.85873293030928e-15,1.31598781417427e-12,9.42338465694195e-13,"19055/14402/20238/15165/383348/11820/14804/116837/66797/24012/64051/192167/14406/13483/320127/81907/14169/53623/58234/14658/110784/56637/14816/14803/18189/14400/16508/19211/110893/75786/14401/17257/268860/110637/14394/20405/14395/14806/14396/237213/231637/116838",42,"ADP_H_vs_ADP_N"
"GO:0051962","positive regulation of nervous system development","66/1496","392/25730",0.168367346938776,2.89578331332533,9.3974551646498,5.47202898368873e-15,1.41152290498295e-12,1.01074821077158e-12,"210933/20238/20616/319387/13640/14804/330914/12361/64085/216028/192167/20320/14083/268902/13047/58234/56637/331461/13508/109880/67095/270190/18189/243499/17344/20563/19283/242384/18186/330938/17257/104015/67414/56717/71653/12168/18472/52822/328572/18750/20354/11538/54673/13838/272381/72162/22067/66713/20666/99633/18222/29819/26395/67490/16981/399558/18481/53872/74053/99982/433485/13193/76965/16180/16412/16975",66,"ADP_H_vs_ADP_N"
"GO:0099072","regulation of postsynaptic membrane neurotransmitter receptor levels","42/1496","180/25730",0.233333333333333,4.01314616755793,10.0791915440434,5.98713436843623e-15,1.47419576699178e-12,1.05562632285586e-12,"23859/83814/17999/14804/66797/13383/56508/18191/70546/108155/20336/96935/81907/216831/56637/18197/22627/14803/13823/21912/50791/23888/56839/65114/67979/104015/108086/18196/83493/230235/76742/12325/11772/18222/26395/74053/208650/22042/12388/53330/16412/269180",42,"ADP_H_vs_ADP_N"
"GO:0060560","developmental growth involved in morphogenesis","55/1496","292/25730",0.188356164383562,3.23957493956487,9.56269362610054,8.32242422779331e-15,1.96011182791115e-12,1.40357589379489e-12,"76499/19091/83814/11820/13640/330914/116837/29869/243743/11658/269152/20404/14042/81907/56637/13508/13175/77300/54725/106042/12808/19211/80913/20563/214968/266692/18186/329506/17257/21960/17756/360213/71653/12168/18472/20983/52822/328572/77040/20354/11538/54673/22067/22284/13982/18187/14168/12488/20187/99982/13193/76965/116838/20564/16412",55,"ADP_H_vs_ADP_N"
"GO:0031345","negative regulation of cell projection organization","47/1496","224/25730",0.209821428571429,3.60876026546982,9.74320187383582,1.1256565451185e-14,2.54070062704456e-12,1.81931770559723e-12,"19055/19270/20745/64294/29869/18007/192167/14083/20262/270120/216831/12933/56637/19762/20257/26921/19211/76089/20563/214968/19283/18186/64930/19122/21960/17756/360213/18472/52822/269702/74694/22215/13838/235106/22067/22284/12396/14360/14569/12395/65254/14168/380711/20187/13837/16412/11848",47,"ADP_H_vs_ADP_N"
"GO:0030900","forebrain development","73/1496","477/25730",0.153039832285115,2.63216235608022,8.93986078332782,3.24099258663371e-14,6.0604590905452e-12,4.33970866544098e-12,"19091/18183/13046/11820/14682/66797/76260/15572/17967/243743/94229/239719/14042/12558/235380/70762/81907/18015/268902/67299/13839/58234/56637/18795/246179/13175/22627/209012/244329/320191/231380/67760/19211/207615/76089/110893/18293/20563/16795/327826/18186/64930/666173/17250/192157/330938/21960/252838/18472/11682/77053/13405/77040/21821/22284/381290/21974/14360/18222/18187/14168/76510/15194/12995/67254/20187/73668/99982/50768/13193/232906/16975/11848",73,"ADP_H_vs_ADP_N"
"GO:1905475","regulation of protein localization to membrane","43/1496","200/25730",0.215,3.69782754010695,9.51630762525147,6.19233704778792e-14,1.11812965959557e-11,8.00658316529771e-12,"76499/234214/13383/56508/70546/13483/12558/20411/108155/20336/81907/216831/269109/58234/56637/108058/13823/223254/50791/23888/19122/16573/235574/17294/18607/230235/76742/53328/381290/12325/56374/18222/26395/98496/12995/231637/74053/93730/13837/55943/53330/16412/207304",43,"ADP_H_vs_ADP_N"
"GO:1903311","regulation of mRNA metabolic process","58/1496","337/25730",0.172106824925816,2.96009933512115,8.99913410943248,9.34319372689419e-14,1.5473591273354e-11,1.10801635868192e-11,"21841/233908/208922/13046/80912/214150/319817/15572/664883/26383/14105/14007/105559/12877/213988/227331/13992/75553/381305/93686/67493/101214/208718/80913/229709/78455/56758/229663/20817/56233/15568/230594/72416/225027/231464/72068/56717/384569/72587/67040/22608/219022/71701/13838/72162/73473/110532/74203/230908/217980/71169/381626/53872/56403/13548/56438/20218/214498",58,"ADP_H_vs_ADP_N"
"GO:0007269","neurotransmitter secretion","42/1496","194/25730",0.216494845360825,3.72353768123932,9.46068356877722,9.42640782759244e-14,1.5473591273354e-11,1.10801635868192e-11,"19055/20614/78808/20616/229521/12287/12298/207227/327814/116837/12361/18191/64051/192167/320127/18015/20965/15560/72194/109880/29873/231760/18189/67760/14823/17957/19276/18751/104015/20983/16510/12314/18750/111173/12290/208898/78506/94090/11938/12289/19063/116838",42,"ADP_H_vs_ADP_N"
"GO:0099643","signal release from synapse","42/1496","194/25730",0.216494845360825,3.72353768123932,9.46068356877722,9.42640782759244e-14,1.5473591273354e-11,1.10801635868192e-11,"19055/20614/78808/20616/229521/12287/12298/207227/327814/116837/12361/18191/64051/192167/320127/18015/20965/15560/72194/109880/29873/231760/18189/67760/14823/17957/19276/18751/104015/20983/16510/12314/18750/111173/12290/208898/78506/94090/11938/12289/19063/116838",42,"ADP_H_vs_ADP_N"
"GO:1990778","protein localization to cell periphery","65/1496","410/25730",0.158536585365854,2.7267020999087,8.75673472224622,1.60610456347837e-13,2.55890247657715e-11,1.83235149115102e-11,"23859/11931/18195/13383/12361/76260/56508/18191/70546/13483/218503/56469/20411/108155/20336/12296/81907/109676/74741/107975/216831/269109/56637/108058/104718/56224/13823/50791/16795/23888/56839/19122/319481/19325/65114/16573/17761/18196/83493/22027/329877/235574/17294/18607/76742/53328/381290/12325/56374/18222/26395/14168/98496/83997/12995/74053/93730/11933/16553/100503572/13837/55943/53330/16412/207304",65,"ADP_H_vs_ADP_N"
"GO:0030705","cytoskeleton-dependent intracellular transport","44/1496","217/25730",0.202764976958525,3.48739495798319,9.14236488328703,2.8063943975574e-13,4.22284401432456e-11,3.02384893421023e-11,"23859/11820/214459/327814/13426/81907/12121/67095/106042/320191/19290/319613/19893/75665/16579/17257/12540/16573/80718/17756/360213/18472/20983/12589/77053/52822/77040/21821/59040/81896/17281/16593/29819/26395/67694/15194/77963/16554/56273/73668/74682/16553/171567/54160",44,"ADP_H_vs_ADP_N"
"GO:0106027","neuron projection organization","32/1496","126/25730",0.253968253968254,4.36805025040319,9.4161772312375,8.47748276628162e-13,1.20848747749862e-10,8.65360775450077e-11,"11820/327814/66797/12361/16337/192167/329165/16001/216831/13839/58234/56637/331461/270190/11352/19211/75786/19122/12540/65114/67414/64451/18472/22215/13838/72162/66713/14360/29819/18481/53872/16975",32,"ADP_H_vs_ADP_N"
"GO:0001764","neuron migration","44/1496","224/25730",0.196428571428571,3.37841386554622,8.88290378317826,8.91802405436219e-13,1.23869067442256e-10,8.86988357363689e-11,"11899/19091/18183/20745/320772/319387/330914/18007/234267/11787/14083/239719/329165/22253/270120/56637/246179/13175/22627/209012/12386/12876/76089/245555/226778/19283/16795/18186/12661/360213/71653/210801/18472/17294/22284/21974/14360/18187/14168/399558/76816/13193/100317/11848",44,"ADP_H_vs_ADP_N"
"GO:0030100","regulation of endocytosis","59/1496","365/25730",0.161643835616438,2.78014431177203,8.51037913588289,9.20782465663287e-13,1.24696965412451e-10,8.92916680518214e-11,"19055/20616/229521/27418/83814/17999/11820/72685/18195/218038/16337/192167/14083/20404/96935/93742/269774/19762/12121/13855/19271/224671/16423/19211/20239/21912/72238/109934/50791/17957/225164/75786/75734/11736/12540/67979/104015/11518/19056/108086/20983/20405/12314/16443/16976/241727/227738/18222/19063/109689/12488/13193/208650/13837/55988/12554/53330/16412/24071",59,"ADP_H_vs_ADP_N"
"GO:0008361","regulation of cell size","43/1496","216/25730",0.199074074074074,3.42391438898792,8.8883178185863,1.00613179727285e-12,1.29767046329216e-10,9.29221973170544e-11,"76499/23797/13640/330914/29869/243743/108155/58234/56637/13508/19211/107723/12421/80913/20563/214968/53416/18186/64930/16531/71373/21960/26409/17756/11855/360213/11518/56717/71653/12168/12725/18472/52822/328572/20354/11538/22067/74370/14168/20187/13193/232906/11848",43,"ADP_H_vs_ADP_N"
"GO:0006836","neurotransmitter transport","47/1496","252/25730",0.186507936507937,3.20778690263984,8.75063269499921,1.07759209937003e-12,1.3266628187017e-10,9.4998250865516e-11,"19055/20614/78808/20616/229521/12287/12298/207227/11820/327814/116837/12361/18191/64051/192167/320127/18015/20965/15560/72194/109880/29873/231760/18189/67760/14823/17957/19276/21366/18751/104015/20983/16510/12314/18750/111173/12290/208898/78506/94090/11938/12289/19063/116838/103098/140919/16412",47,"ADP_H_vs_ADP_N"
"GO:0050767","regulation of neurogenesis","69/1496","483/25730",0.142857142857143,2.4570282658518,8.03158668084898,4.51261707443459e-12,5.31409710700265e-10,3.80526176642825e-10,"19055/20238/20616/13640/330914/29869/12361/20320/14083/18015/56710/268902/67299/13047/58234/56637/331461/13508/109880/67095/320191/19211/76089/17344/20563/214968/19283/18186/16579/330938/17257/21960/17756/104015/360213/67414/56717/71653/12168/18472/20983/52822/17294/328572/20354/11538/54673/13838/235106/72162/22067/19645/66713/20666/65254/18222/29819/26395/67490/14168/18481/53872/20187/74053/99982/13193/76965/16412/16975",69,"ADP_H_vs_ADP_N"
"GO:0043954","cellular component maintenance","28/1496","104/25730",0.269230769230769,4.63055327025915,9.21751325186624,4.84722299656968e-12,5.58668233455701e-10,4.00045167801999e-10,"210933/23859/11820/319387/243548/116837/66797/13383/16337/243743/192167/16001/58234/211401/54725/106042/231760/11352/13823/75786/19122/65114/69605/111173/21872/14360/116838/16412",28,"ADP_H_vs_ADP_N"
"GO:0030534","adult behavior","40/1496","203/25730",0.197044334975369,3.38900450462317,8.49043217247675,8.67242150921608e-12,9.58745047253541e-10,6.86527889612487e-10,"20238/80912/12298/11820/66797/18191/14406/14169/58234/14658/71816/15560/217843/227331/20265/209012/70430/11352/18189/224671/17134/19211/330222/14167/170719/64930/12661/17257/17993/16531/12725/18472/11682/76192/13838/213827/19063/18516/76965/20273",40,"ADP_H_vs_ADP_N"
"GO:0051648","vesicle localization","43/1496","230/25730",0.18695652173913,3.21550220878865,8.38553379605808,9.05135096676805e-12,9.80623363739651e-10,7.02194280264006e-10,"76499/20614/76707/20616/229521/214459/327814/116837/13426/192167/12558/20336/20965/75914/67095/19211/319613/50791/75665/75964/17257/16573/107338/17756/104015/360213/66482/68581/18472/20983/67581/26754/208898/17281/94090/26395/76510/15194/12934/107371/16554/433485/16553",43,"ADP_H_vs_ADP_N"
"GO:0050779","RNA destabilization","29/1496","115/25730",0.252173913043478,4.33718902580795,8.91142682506265,1.19448085703659e-11,1.26872603971906e-09,9.08495760202236e-10,"208922/13046/80912/214150/319817/26383/213988/227331/381305/67493/208718/78455/229663/15568/230594/231464/72068/72587/22608/71701/13838/72162/74203/380669/230908/381626/53872/56403/56438",29,"ADP_H_vs_ADP_N"
"GO:0048638","regulation of developmental growth","59/1496","399/25730",0.147869674185464,2.54323978395186,7.7189528751488,3.97825733244939e-11,3.65257965591159e-09,2.6155001373909e-09,"76499/108655/109241/13046/83814/11820/13640/330914/116837/13383/29869/238161/17967/16337/243743/14083/20851/26383/16001/50769/56637/13508/18795/11789/26413/19211/20239/80913/20563/214968/18186/11990/17257/21960/74493/17756/360213/56717/71653/12168/18472/20983/52822/28185/328572/77040/69597/20354/11538/54673/22067/19090/14168/22762/20187/14600/13548/13193/116838",59,"ADP_H_vs_ADP_N"
"GO:0006887","exocytosis","59/1496","410/25730",0.14390243902439,2.47500652145559,7.48029484799534,1.20248912884073e-10,1.00213594014311e-08,7.17598775672566e-09,"19055/76499/20614/76707/78808/229521/12287/12298/207227/18195/327814/116837/12361/17967/56508/64051/192167/20336/20965/75914/110862/331461/72194/109880/29873/231760/18189/109934/107767/17957/18751/19325/67295/80718/104015/66482/19056/83493/68581/20983/16510/12314/16443/18750/218035/111173/18607/12290/19328/26754/208898/94090/11938/12289/99371/107371/58869/116838/218460",59,"ADP_H_vs_ADP_N"
"GO:0097120","receptor localization to synapse","27/1496","111/25730",0.243243243243243,4.18358866888279,8.35145319129167,1.47772621933081e-10,1.21285498941136e-08,8.68488216624247e-09,"23859/27418/13383/56508/18191/70546/192167/20320/108155/20336/81907/216831/77531/56637/13823/50791/23888/56839/16579/65114/16573/18196/83493/26395/74053/53330/16412",27,"ADP_H_vs_ADP_N"
"GO:0008286","insulin receptor signaling pathway","32/1496","158/25730",0.20253164556962,3.48338184525824,7.77954855898084,4.95485402372388e-10,3.88991945601627e-08,2.78545188061365e-08,"23797/14783/16337/20411/20663/108155/74741/16001/56278/56637/18795/11789/19271/26413/192157/227743/228869/18751/14158/56717/75747/18750/18607/14784/26395/20913/237542/98496/20662/20402/56438/83946",32,"ADP_H_vs_ADP_N"
"GO:0001508","action potential","36/1496","194/25730",0.185567010309278,3.19160372677656,7.61291812116625,5.42800096861669e-10,4.20049732099952e-08,3.00784715328609e-08,"108655/15165/20269/83814/12298/14682/66797/13383/238161/56508/13483/12296/109676/110862/108058/20265/16508/20274/243385/14167/22066/17257/16531/140492/12293/56717/319504/12314/13405/14806/11938/12289/14168/83997/14672/20273",36,"ADP_H_vs_ADP_N"
"GO:0034762","regulation of transmembrane transport","61/1496","449/25730",0.135857461024499,2.33663935304837,7.09912769419502,6.09654094966653e-10,4.65140314427374e-08,3.33072696805354e-08,"19055/68795/11931/83814/18578/17999/13383/238161/24012/14783/16337/13483/20411/12296/109676/74741/54208/16519/269109/238871/109880/108058/74011/22627/225055/16497/20541/14167/53416/213498/19122/18751/140492/22063/12293/56717/19056/12314/13405/18750/69179/69597/17258/18607/22065/14081/13982/75909/14360/12289/76055/20913/14168/237542/98496/83997/11933/12388/215113/16412/228071",61,"ADP_H_vs_ADP_N"
"GO:0046488","phosphatidylinositol metabolic process","30/1496","143/25730",0.20979020979021,3.60822332747466,7.77083714540827,7.03457728981486e-10,5.08084069052361e-08,3.63823400883758e-08,"18798/100763/226856/114874/78610/15560/18795/320634/224020/227120/104718/19211/18711/18719/74302/228812/53332/104015/83493/54384/234515/13480/56077/71795/224860/103199/329777/16330/74769/269180",30,"ADP_H_vs_ADP_N"
"GO:0007163","establishment or maintenance of cell polarity","40/1496","241/25730",0.16597510373444,2.85463864912242,7.18714036940258,1.9110051018905e-09,1.232370790112e-07,8.8246288226397e-08,"76499/76707/23859/20616/243548/13383/76260/269152/78757/20336/93742/16001/67299/56637/68732/11789/270190/244329/106042/11352/110829/79264/75786/209630/12540/19325/107338/17756/71653/18472/52822/66713/20733/14168/15194/76816/193385/232906/16412/11848",40,"ADP_H_vs_ADP_N"
"GO:0006874","intracellular calcium ion homeostasis","49/1496","333/25730",0.147147147147147,2.53081289845996,6.98582526671208,2.10025446632341e-09,1.29860850885063e-07,9.2989367879183e-08,"11931/12298/11820/238161/18798/64051/20320/26383/94249/12296/109676/238871/15560/18795/108058/74011/14816/22627/76376/240174/231760/227120/110893/18764/224088/20541/22066/18751/22063/16510/12314/235574/13405/18750/14806/69597/111173/18607/22065/234515/245944/22067/381290/78506/11938/12289/224860/68514/74769",49,"ADP_H_vs_ADP_N"
"GO:0070507","regulation of microtubule cytoskeleton organization","32/1496","168/25730",0.19047619047619,3.27603768780239,7.35362320506923,2.48622299522915e-09,1.44815806076949e-07,1.03698152093032e-07,"76499/76707/13640/20262/215351/216965/56637/12121/11789/78798/20257/68121/260315/75786/330938/17257/83679/212307/17756/18472/14544/246103/14168/74256/67254/193385/227634/13548/171567/13837/17318/11848",32,"ADP_H_vs_ADP_N"
"GO:0042176","regulation of protein catabolic process","53/1496","378/25730",0.14021164021164,2.4115277424101,6.86900612394105,2.66976683778041e-09,1.53852414470814e-07,1.10168989890491e-07,"68795/83814/17999/11820/18195/17248/14084/70546/56469/12234/108155/225131/54418/65113/56637/71816/72194/11789/106042/170823/225055/26374/24086/56224/16396/338352/77128/65114/107035/269695/56717/242960/13000/414872/30940/59025/22284/53323/19359/84092/14360/70247/67490/12995/231600/59029/71492/101943/208650/56438/55988/237353/27059",53,"ADP_H_vs_ADP_N"
"GO:0006813","potassium ion transport","40/1496","246/25730",0.16260162601626,2.7966175383679,7.0348378035199,3.52228697405954e-09,1.92729581196773e-07,1.38007735240929e-07,"20614/15165/11931/83814/17999/18195/14682/13383/238161/24012/18798/13483/94249/109676/16519/269109/110862/226922/240776/22627/76376/16508/107723/16497/18764/16795/53416/64930/19122/16531/140492/16573/72258/16510/238271/170738/331004/12289/11933/140919",40,"ADP_H_vs_ADP_N"
"GO:0006898","receptor-mediated endocytosis","45/1496","298/25730",0.151006711409396,2.59719430786348,6.89033483370157,4.18013939688123e-09,2.21998187381428e-07,1.58966085423192e-07,"20616/229521/27418/83814/17999/11820/72685/18195/214459/207278/16337/218503/20404/96935/93742/81907/269774/12121/20239/18711/16396/12330/21912/72238/50791/17957/67979/104015/108086/16443/16976/14784/11772/18222/19063/109689/12488/22359/14600/100317/208650/320129/22042/16412/24071",45,"ADP_H_vs_ADP_N"
"GO:0021953","central nervous system neuron differentiation","45/1496","298/25730",0.151006711409396,2.59719430786348,6.89033483370157,4.18013939688123e-09,2.21998187381428e-07,1.58966085423192e-07,"215378/20745/13046/11820/14804/14682/15572/243743/94229/14083/70762/216965/56710/268902/270120/12552/58234/13175/227331/270190/209012/14400/19211/72393/20239/76089/18293/20563/18186/225164/252838/210801/18472/384569/19156/18750/13838/110532/26395/18187/20187/73668/13193/232906/16412",45,"ADP_H_vs_ADP_N"
"GO:0055074","calcium ion homeostasis","51/1496","363/25730",0.140495867768595,2.4164162283997,6.75265171584993,4.95100606496445e-09,2.55424760513452e-07,1.829018280641e-07,"11931/12298/11820/238161/18798/64051/20320/26383/94249/12296/109676/238871/278279/15560/18795/108058/74011/14816/22627/76376/240174/231760/227120/110893/18764/224088/20541/22066/18751/22063/16510/12314/235574/13405/18750/11732/14806/69597/111173/18607/22065/234515/245944/22067/381290/78506/11938/12289/224860/68514/74769",51,"ADP_H_vs_ADP_N"
"GO:1902903","regulation of supramolecular fiber organization","54/1496","399/25730",0.135338345864662,2.3277109887017,6.64092428161854,6.69942307249551e-09,3.39498801127642e-07,2.43104667014245e-07,"76499/76707/11820/13383/76260/207278/237860/78757/329165/216965/73910/50876/58234/109880/68732/11789/78798/225288/211401/12386/20257/16423/20563/260315/18186/75786/64930/17257/83679/12540/14158/12340/56363/17756/11518/56717/11856/328572/21872/14544/14784/246103/84092/14168/231637/18481/67254/50768/227634/13548/171567/17318/232906/11848",54,"ADP_H_vs_ADP_N"
"GO:0051588","regulation of neurotransmitter transport","28/1496","139/25730",0.201438848920863,3.46458661947447,7.23889965484034,6.70599441031155e-09,3.39498801127642e-07,2.43104667014245e-07,"19055/78808/12287/12298/207227/11820/327814/116837/12361/192167/18015/15560/72194/109880/29873/67760/14823/18751/20983/16510/12314/18750/12290/78506/11938/12289/116838/16412",28,"ADP_H_vs_ADP_N"
"GO:0035249","synaptic transmission, glutamatergic","27/1496","131/25730",0.206106870229008,3.54487284157244,7.25529262152869,7.39665088886435e-09,3.70996832083132e-07,2.65659439819348e-07,"12298/14804/192167/320127/14042/18015/53623/12564/58234/13508/14816/14803/18189/67760/14823/17957/195018/21960/110637/67979/12725/229791/14806/230235/245944/208898/140919",27,"ADP_H_vs_ADP_N"
"GO:0071805","potassium ion transmembrane transport","35/1496","207/25730",0.169082125603865,2.90807693301299,6.84825451168029,1.18143729150173e-08,5.66358036111936e-07,4.05551599365056e-07,"20614/15165/11931/83814/17999/13383/238161/24012/13483/94249/109676/16519/269109/110862/226922/240776/22627/76376/16508/107723/16497/18764/16795/53416/19122/16531/140492/72258/16510/238271/170738/331004/12289/11933/140919",35,"ADP_H_vs_ADP_N"
"GO:0099560","synaptic membrane adhesion","15/1496","45/25730",0.333333333333333,5.73306595365419,7.89539253311979,1.79975078268837e-08,8.33269229899392e-07,5.96678509600237e-07,"320772/13640/192167/331461/54725/18189/239857/50791/272381/238205/23965/94332/76965/16180/13837",15,"ADP_H_vs_ADP_N"
"GO:0045927","positive regulation of growth","45/1496","313/25730",0.143769968051118,2.47272812697545,6.51324334011637,1.93891322864054e-08,8.75257746628816e-07,6.26745197152665e-07,"13046/83814/13640/330914/116837/13383/238161/17967/16337/14083/20851/78757/16001/50769/56637/13508/18795/26413/80913/21676/18186/227743/56839/17257/12540/56717/71653/12168/18472/20983/52822/328572/20354/11538/54673/22067/68142/74370/19090/12995/22762/14600/13193/116838/11848",45,"ADP_H_vs_ADP_N"
"GO:0061387","regulation of extent of cell growth","25/1496","120/25730",0.208333333333333,3.58316622103387,7.04697750590478,2.10052207978589e-08,9.40374223652906e-07,6.73373106917008e-07,"76499/13640/330914/29869/243743/56637/13508/80913/20563/214968/18186/21960/17756/360213/71653/12168/18472/52822/328572/20354/11538/22067/14168/20187/13193",25,"ADP_H_vs_ADP_N"
"GO:1902115","regulation of organelle assembly","39/1496","255/25730",0.152941176470588,2.63046555520604,6.50113703994335,3.12081006057527e-08,1.34170064270923e-06,9.60750632683365e-07,"14804/243548/192167/215351/56637/13196/106042/170822/18189/18711/74383/74302/68729/231464/66573/72068/56717/209131/71116/71091/72587/269702/74694/21821/54673/272381/227738/22284/14432/14569/15194/74256/76816/53872/193385/16180/209478/232906/11848",39,"ADP_H_vs_ADP_N"
"GO:0022604","regulation of cell morphogenesis","42/1496","287/25730",0.146341463414634,2.51695578453111,6.42087788277441,3.4212562437139e-08,1.44788633376548e-06,1.03678694556626e-06,"27418/83814/13640/116837/13383/12361/67785/14083/71409/58194/73910/13047/331461/100177/19211/13823/17344/17257/67414/18472/20983/77040/20354/54673/13838/72162/66713/14360/18222/19090/29819/18481/53872/72729/74053/227634/56194/116838/232906/83946/27059/16975",42,"ADP_H_vs_ADP_N"
"GO:1903539","protein localization to postsynaptic membrane","20/1496","83/25730",0.240963855421687,4.14438502673797,7.12887793133798,4.1431493972766e-08,1.72641848346518e-06,1.23623526550318e-06,"23859/13383/56508/18191/70546/108155/20336/81907/216831/56637/13823/50791/23888/56839/65114/18196/83493/26395/74053/53330",20,"ADP_H_vs_ADP_N"
"GO:0002090","regulation of receptor internalization","22/1496","99/25730",0.222222222222222,3.82204396910279,6.98977661600775,4.29402619252944e-08,1.77562899884977e-06,1.27147340453764e-06,"27418/83814/17999/11820/18195/16337/20404/96935/93742/20239/21912/72238/50791/17957/67979/104015/108086/16976/18222/109689/208650/24071",22,"ADP_H_vs_ADP_N"
"GO:0048284","organelle fusion","33/1496","198/25730",0.166666666666667,2.86653297682709,6.55074272057764,4.38233578861472e-08,1.79841764900954e-06,1.28779165718064e-06,"20614/229521/12287/116837/74741/78610/231760/73991/53611/18711/27377/114896/11736/66075/16573/67414/14545/20983/59021/69597/218035/111173/170737/241727/94090/68832/228960/68365/100317/22042/116838/55943/53330",33,"ADP_H_vs_ADP_N"
"GO:0050905","neuromuscular process","36/1496","228/25730",0.157894736842105,2.71566282015198,6.46512522244565,4.57322111915169e-08,1.86264201522141e-06,1.33378075378504e-06,"320772/11820/14804/66797/94109/14169/218461/50769/58234/14658/227331/20265/12386/11352/18189/19211/93686/20239/53611/110893/109934/16795/14167/27386/17257/16531/65114/21960/56717/18472/16510/19156/13405/245944/110532/319984",36,"ADP_H_vs_ADP_N"
"GO:0010959","regulation of metal ion transport","53/1496","413/25730",0.128329297820823,2.20716098457873,6.14467325521941,5.59323159077431e-08,2.20563016697937e-06,1.57938403764348e-06,"19055/68795/23797/12805/12287/11931/83814/18578/17999/14682/13383/238161/12361/24012/18798/13483/12296/14169/109676/269109/238871/108058/22627/269513/225055/16497/229709/18764/20541/14167/53416/22066/19122/140492/22063/16573/12293/19056/12314/13405/69597/18607/22065/14360/12289/76055/14168/83997/67887/319984/11933/228071/11848",53,"ADP_H_vs_ADP_N"
"GO:0032984","protein-containing complex disassembly","40/1496","271/25730",0.14760147601476,2.53862699054798,6.32647825902318,5.67455581918055e-08,2.21144380377705e-06,1.5835470044438e-06,"76499/76707/72685/18195/16337/20262/216965/16001/50876/78610/68732/11789/78798/20257/260315/17957/77044/210356/16573/12340/17756/104015/11518/12314/14852/52040/17281/246103/11938/75909/16593/76055/14168/15194/56273/67254/106583/227634/17318/11848",40,"ADP_H_vs_ADP_N"
"GO:0016050","vesicle organization","52/1496","403/25730",0.129032258064516,2.2192513368984,6.12940879010505,6.23157256382815e-08,2.39407294881256e-06,1.71432212748837e-06,"20614/20616/229521/12287/214459/116837/70546/74741/11984/78610/231760/320191/11966/53611/18711/99683/666173/11736/75964/75763/16573/107338/104015/15463/12725/68581/18472/20983/59021/218035/111173/170737/241727/76303/108664/75965/94090/84092/76510/99371/12488/77963/228960/68365/16553/100317/11964/232664/116838/55943/53330/17101",52,"ADP_H_vs_ADP_N"
"GO:0007019","microtubule depolymerization","17/1496","63/25730",0.26984126984127,4.64105339105339,7.18909901576856,7.12571218849089e-08,2.62584917857518e-06,1.88028996882126e-06,"76499/76707/20262/216965/11789/78798/20257/260315/210356/17756/246103/14168/15194/67254/227634/17318/11848",17,"ADP_H_vs_ADP_N"
"GO:0031623","receptor internalization","29/1496","164/25730",0.176829268292683,3.04132157297509,6.51578364871103,7.59444378191449e-08,2.77966905179938e-06,1.99043565692425e-06,"27418/83814/17999/11820/18195/16337/20404/96935/93742/20239/16396/21912/72238/50791/17957/67979/104015/108086/16976/14784/11772/18222/109689/14600/208650/320129/22042/16412/24071",29,"ADP_H_vs_ADP_N"
"GO:0035264","multicellular organism growth","37/1496","244/25730",0.151639344262295,2.60807508547383,6.2706865950122,8.74323104183705e-08,3.15983435414967e-06,2.26266035677964e-06,"109241/215378/13046/11820/66797/13383/76260/319817/94229/20851/14042/26383/50769/238871/217843/227331/414758/106042/11352/20239/101476/16795/226525/666173/17250/11990/74493/11518/56717/13405/328572/69597/110532/20662/11784/14600/76965",37,"ADP_H_vs_ADP_N"
"GO:0070588","calcium ion transmembrane transport","46/1496","340/25730",0.135294117647059,2.32695029883611,6.11966238338392,8.74977207167161e-08,3.15983435414967e-06,2.26266035677964e-06,"19055/68795/12287/11931/12298/18578/238161/234267/18798/94249/12296/109676/238871/15560/18795/108058/22627/76376/227120/225055/72393/110893/18764/20541/22066/19122/22063/12293/19056/12314/235574/13405/69597/18607/12290/22065/22067/381290/78506/11938/14360/12289/76055/224860/68514/228071",46,"ADP_H_vs_ADP_N"
"GO:0040013","negative regulation of locomotion","48/1496","363/25730",0.132231404958678,2.27427409731736,6.07500041102681,9.40332793738764e-08,3.35117285768611e-06,2.39967198402171e-06,"76499/19270/19091/18183/76707/380916/52662/14083/108155/18015/268902/12552/56637/18795/320271/109880/228564/19272/19271/234593/19211/79264/259302/245555/109934/20563/214968/260315/50791/18186/77044/17257/56363/17470/77574/13838/381290/110532/20733/237542/67254/20187/52463/193385/50768/20300/24071/11848",48,"ADP_H_vs_ADP_N"
"GO:0007026","negative regulation of microtubule depolymerization","13/1496","38/25730",0.342105263157895,5.8839361103293,7.4856154727308,1.13516683579224e-07,4.01908414999123e-06,2.87794275190534e-06,"76499/76707/216965/11789/78798/20257/260315/17756/246103/14168/67254/227634/17318",13,"ADP_H_vs_ADP_N"
"GO:0016310","phosphorylation","56/1496","458/25730",0.122270742358079,2.10295869042337,5.9174810789672,1.2461211304114e-07,4.38327153470035e-06,3.13872615554751e-06,"13640/14783/16337/18749/20320/320127/18099/78757/93742/269774/16001/56637/13508/108058/11789/270190/26921/170823/11352/19271/24086/18711/76089/19277/67974/226778/53416/18186/227743/20817/14158/26409/69976/56417/19056/16826/11682/73086/18750/72149/20354/68652/19645/56077/110532/380921/14360/74370/19090/109689/11479/13548/225028/83946/270198/11848",56,"ADP_H_vs_ADP_N"
"GO:0035176","social behavior","18/1496","73/25730",0.246575342465753,4.2408981027031,6.88951369872115,1.33903911303426e-07,4.67972572600423e-06,3.35100789917232e-06,"14402/20238/215378/66797/18191/14042/56710/58234/13508/209012/14803/18189/19211/666173/17257/56717/74370/15194",18,"ADP_H_vs_ADP_N"
"GO:0031503","protein-containing complex localization","25/1496","132/25730",0.189393939393939,3.25742383730352,6.46043488223038,1.50694987705296e-07,5.19945699617572e-06,3.72317150314459e-06,"23859/241694/13383/238161/56508/18191/70546/108155/20336/81907/216831/56637/13823/50791/23888/56839/65114/66573/18196/83493/228850/76742/26395/74053/53330",25,"ADP_H_vs_ADP_N"
"GO:0098742","cell-cell adhesion via plasma-membrane adhesion molecules","40/1496","281/25730",0.142348754448399,2.44828439301958,6.06507740986919,1.53611248198565e-07,5.26653247779509e-06,3.77120219594744e-06,"54216/320772/319387/13640/14804/64085/192167/11658/20320/12558/215654/268902/270120/12552/12564/331461/13508/54725/245578/18189/239857/279653/330222/50791/16579/53870/210801/319504/18526/235574/272381/238205/23965/241201/94332/76965/16180/74769/13837/12554",40,"ADP_H_vs_ADP_N"
"GO:0051592","response to calcium ion","27/1496","152/25730",0.177631578947368,3.05512067267098,6.31379575532919,1.91994366948304e-07,6.36907161853063e-06,4.56069662063589e-06,"19055/78830/15165/11820/192167/110862/109880/18189/229709/18764/266692/16531/17420/22063/11518/16510/12314/328572/17258/22065/245944/12497/78506/74020/15194/68514/241066",27,"ADP_H_vs_ADP_N"
"GO:0010508","positive regulation of autophagy","30/1496","181/25730",0.165745856353591,2.85069577806009,6.2080051277225,2.00785606849674e-07,6.55214236328122e-06,4.6917879596769e-06,"12234/225131/56637/228361/170822/12421/67974/19893/64930/226641/15568/26409/56717/67154/75747/20773/209131/81003/77040/54673/19328/227738/17281/56374/26395/67490/15194/12995/56438/17168",30,"ADP_H_vs_ADP_N"
"GO:0051402","neuron apoptotic process","50/1496","395/25730",0.126582278481013,2.1771136532864,5.85761992835897,2.02204117775484e-07,6.55892039514847e-06,4.69664150017433e-06,"320772/11820/14804/72930/18970/18015/26398/110862/56637/208727/109880/67579/228361/74011/72393/12876/19283/170719/18186/19122/12661/17257/20817/17993/16531/12540/56717/11909/16443/14806/18607/11538/13002/13838/245944/22067/19645/13982/11302/26408/110532/14360/13030/19063/15194/109689/12488/18481/18546/11848",50,"ADP_H_vs_ADP_N"
"GO:1902514","regulation of calcium ion transmembrane transport via high voltage-gated calcium channel","9/1496","18/25730",0.5,8.59959893048128,8.01352681053436,2.23346188888896e-07,7.03410642564623e-06,5.03690762579916e-06,"68795/18578/12296/238871/108058/225055/12293/12289/228071",9,"ADP_H_vs_ADP_N"
"GO:0032970","regulation of actin filament-based process","52/1496","421/25730",0.123515439429929,2.12436648163908,5.77931204168716,2.53365073869261e-07,7.93340234190629e-06,5.68086581812125e-06,"76499/76707/18578/13640/13383/238161/76260/207278/237860/78757/93742/329165/109676/216965/216831/73910/13839/238871/50876/58234/109880/68732/225288/211401/12386/16423/20563/18186/64930/330938/18484/12540/14158/12340/56363/11518/56717/11856/192197/328572/21872/14784/11938/29819/14168/12488/231637/18481/50768/13837/232906/11848",52,"ADP_H_vs_ADP_N"
"GO:0051703","biological process involved in intraspecies interaction between organisms","18/1496","76/25730",0.236842105263158,4.07349423022798,6.66693700540734,2.58275208549539e-07,7.99472459835915e-06,5.72477680303789e-06,"14402/20238/215378/66797/18191/14042/56710/58234/13508/209012/14803/18189/19211/666173/17257/56717/74370/15194",18,"ADP_H_vs_ADP_N"
"GO:0032868","response to insulin","43/1496","320/25730",0.134375,2.31114221256684,5.86390809437442,2.76223382737384e-07,8.45368397903056e-06,6.05342352296914e-06,"23797/14783/16337/79221/20411/20663/108155/17978/74741/16001/56278/56637/12877/18795/11789/19271/26413/19211/64930/192157/227743/228869/18751/19325/14158/56717/75747/329877/18750/18607/14784/19645/19090/26395/20913/231207/237542/98496/12488/20662/20402/56438/83946",43,"ADP_H_vs_ADP_N"
"GO:0016311","dephosphorylation","21/1496","101/25730",0.207920792079208,3.57607084237836,6.4449174173257,2.87740606675106e-07,8.75669026044409e-06,6.2703970171364e-06,"19055/12234/19777/320634/19271/19211/19277/74302/19283/19248/53332/104015/19056/19042/83493/54384/229791/234515/103199/71978/16330",21,"ADP_H_vs_ADP_N"
"GO:0006605","protein targeting","39/1496","277/25730",0.140794223826715,2.42154771327632,5.91012321659513,2.92085509492277e-07,8.83925812804282e-06,6.32952133183794e-06,"17999/72930/70546/192167/108155/20336/93742/66887/74741/57743/54208/110862/67095/22627/18711/93757/140740/16795/75734/19122/14545/68268/28185/72587/218035/77574/433667/245944/75965/230895/14360/69276/218441/76055/20913/100715/12662/66661/24071",39,"ADP_H_vs_ADP_N"
"GO:0099565","chemical synaptic transmission, postsynaptic","26/1496","146/25730",0.178082191780822,3.06287085195224,6.21053398362879,3.0530190452701e-07,9.1878912045712e-06,6.57916677299435e-06,"19055/14402/20238/11820/14804/116837/66797/64051/192167/320127/81907/77531/58234/14658/56637/18189/19211/110893/75786/17257/268860/20405/14806/237213/231637/116838",26,"ADP_H_vs_ADP_N"
"GO:2000146","negative regulation of cell motility","45/1496","344/25730",0.130813953488372,2.24989506902127,5.79856242042557,3.19923721012336e-07,9.57473368355704e-06,6.85617279401255e-06,"76499/19270/19091/18183/76707/380916/52662/14083/108155/18015/12552/56637/18795/320271/109880/228564/19272/19271/234593/19211/79264/259302/245555/109934/20563/214968/260315/50791/77044/17257/56363/17470/77574/13838/381290/110532/20733/237542/67254/52463/193385/50768/20300/24071/11848",45,"ADP_H_vs_ADP_N"
"GO:0010770","positive regulation of cell morphogenesis","17/1496","70/25730",0.242857142857143,4.17694805194805,6.61295406409677,3.76076244496977e-07,1.10119190077844e-05,7.88529707522822e-06,"12361/13047/331461/17344/67414/18472/54673/13838/72162/66713/18222/19090/29819/18481/53872/74053/16975",17,"ADP_H_vs_ADP_N"
"GO:0031399","regulation of protein modification process","54/1496","450/25730",0.12,2.06390374331551,5.65698148733866,3.80545186541553e-07,1.10828670725569e-05,7.9361008059175e-06,"13640/320365/20320/56469/78757/108155/93742/65113/56637/71816/70097/208727/11789/106042/19271/22210/76089/16396/19277/67974/70315/227743/11863/14158/26409/64451/56717/56417/17294/328572/72149/20354/22215/68652/80985/19645/66867/110532/93836/14360/74370/19090/76055/67490/56459/109689/231600/99982/50995/208650/56438/93765/83946/11848",54,"ADP_H_vs_ADP_N"
"GO:0051961","negative regulation of nervous system development","29/1496","177/25730",0.163841807909605,2.81794767213511,6.02992294591551,4.09404054893e-07,1.17964987518903e-05,8.44711053908569e-06,"19055/11820/29869/14083/18015/56710/56637/320191/19211/76089/20563/214968/18186/16579/17257/21960/17756/360213/20983/52822/235106/22067/19645/20666/65254/14168/20187/99982/11848",29,"ADP_H_vs_ADP_N"
"GO:0141188","nucleic acid catabolic process","49/1496","393/25730",0.124681933842239,2.14442924984012,5.68031378465992,4.21043868789101e-07,1.20676964932834e-05,8.64130691444075e-06,"233908/208922/13046/80912/24127/103677/319885/214150/319817/15572/26383/213988/227331/75553/18130/381305/67493/208718/80913/56463/78455/229663/15568/230594/72416/231464/72068/56717/269037/72587/22608/14852/219022/71701/13838/245944/72162/229543/74203/380669/230908/100715/217980/71169/381626/53872/56403/56438/171567",49,"ADP_H_vs_ADP_N"
"GO:0016236","macroautophagy","46/1496","359/25730",0.128133704735376,2.20379694040189,5.70684878669935,4.33032609952541e-07,1.23459876216469e-05,8.84058264639952e-06,"29869/80877/12234/108155/71302/329165/100763/225131/78610/74159/228361/170822/53611/56048/18711/12421/72145/72238/74302/64930/15568/26409/56717/75747/20773/209131/59021/12314/328572/77040/218035/21821/170737/54673/19328/227738/17281/11938/75909/74370/67490/15194/12995/76559/56438/209478",46,"ADP_H_vs_ADP_N"
"GO:1904951","positive regulation of establishment of protein localization","47/1496","372/25730",0.126344086021505,2.17301693404635,5.66217061312494,4.91177747498925e-07,1.37149992690808e-05,9.82088985096873e-06,"207227/11820/14682/12361/56508/70546/26383/74741/12326/56637/18795/22627/26413/319613/99237/14661/329506/209630/19122/18751/12540/268860/22063/65114/16573/19056/19042/68581/235574/52822/28185/328572/77574/54673/76303/53328/57258/14360/12289/76055/230908/100715/109689/12488/69981/52163/14672",47,"ADP_H_vs_ADP_N"
"GO:0042692","muscle cell differentiation","57/1496","491/25730",0.116089613034623,1.99664822418506,5.54001920163171,5.45390545641628e-07,1.51223879886262e-05,1.08286776984906e-05,"19055/210933/108655/19091/69726/234214/12298/66797/238161/18007/79221/239719/56469/12558/109676/26398/50876/56637/208727/108058/246179/225288/74103/106042/13831/170823/381157/16795/20541/327826/64930/17257/56717/19056/12168/75805/12675/17125/28185/13405/22608/328572/69597/98193/17258/21821/66923/19645/11938/227325/52163/193385/99982/13548/18807/15260/16412",57,"ADP_H_vs_ADP_N"
"GO:0042552","myelination","31/1496","200/25730",0.155,2.6658756684492,5.87620412747196,5.82461403637638e-07,1.57571912685812e-05,1.12832408353277e-05,"78830/12805/66797/13383/12558/93742/18015/209012/224020/26413/19211/18711/17475/13823/110893/19283/16795/75786/64930/11990/28042/56717/66190/14712/19156/69597/14784/14360/26395/103199/20662",31,"ADP_H_vs_ADP_N"
"GO:0017157","regulation of exocytosis","34/1496","231/25730",0.147186147186147,2.5314836678473,5.80926895448493,5.85860941432793e-07,1.57571912685812e-05,1.12832408353277e-05,"19055/76499/76707/78808/229521/12287/12298/207227/18195/327814/116837/12361/56508/192167/331461/72194/109880/29873/109934/18751/67295/80718/66482/20983/16510/12314/18750/18607/12290/94090/11938/12289/116838/218460",34,"ADP_H_vs_ADP_N"
"GO:0048167","regulation of synaptic plasticity","49/1496","398/25730",0.123115577889447,2.11748918388735,5.58232121919925,6.13521299265212e-07,1.63716496459096e-05,1.17232356120939e-05,"20614/58178/208922/11820/14804/116837/70546/192167/20320/94229/320127/18015/14169/53623/67869/58234/110862/56637/12877/109880/108058/76376/14803/26413/19211/76089/110893/16795/75786/19122/195018/17257/72555/140492/21960/18196/240028/20983/14806/22215/13838/208898/12325/29819/15194/12488/231637/74053/319984",49,"ADP_H_vs_ADP_N"
"GO:0006816","calcium ion transport","55/1496","472/25730",0.116525423728814,2.00414381854437,5.4705644313308,7.62619913500847e-07,2.00539420943402e-05,1.43600121678621e-05,"19055/68795/226025/12287/11931/12298/18578/11820/238161/12361/234267/18798/94249/12296/109676/238871/15560/18795/108058/22627/76376/227120/225055/72393/110893/18764/20541/22066/19122/18751/22063/12293/19056/12314/235574/13405/69179/69597/18607/12290/22065/22067/381290/78506/11938/12325/14360/12289/76055/224860/68514/67887/319984/228071/11848",55,"ADP_H_vs_ADP_N"
"GO:0031109","microtubule polymerization or depolymerization","26/1496","155/25730",0.167741935483871,2.88502673796791,5.8484427253443,1.00950625533181e-06,2.49702985622485e-05,1.78804640754517e-05,"76499/76707/20262/216965/102747/11789/78798/20257/260315/75786/210356/17257/83679/212307/17756/22680/14544/246103/14168/15194/67254/227634/13548/171567/17318/11848",26,"ADP_H_vs_ADP_N"
"GO:0018193","peptidyl-amino acid modification","38/1496","280/25730",0.135714285714286,2.33417685255921,5.57716152112556,1.04413476350598e-06,2.53635785377214e-05,1.81620797900379e-05,"13640/320150/70546/18099/56469/215351/93742/56637/66315/208727/11352/24086/18711/17344/53416/68501/227743/11863/66632/14158/64451/68268/11682/328572/75965/70892/66867/14360/19090/56459/67956/11479/22196/13548/320213/77805/69568/50995",38,"ADP_H_vs_ADP_N"
"GO:0006493","protein O-linked glycosylation","24/1496","138/25730",0.173913043478261,2.99116484538479,5.82719221895298,1.33786404286093e-06,3.16743371758206e-05,2.26810202759148e-05,"14042/108155/628779/212996/278279/246179/78923/26877/50786/23908/16795/50787/387314/83398/194388/100910/140484/319415/68059/13480/14043/52463/234407/14348",24,"ADP_H_vs_ADP_N"
"GO:0048009","insulin-like growth factor receptor signaling pathway","14/1496","53/25730",0.264150943396226,4.54318434063162,6.41540739788366,1.33901111561066e-06,3.16743371758206e-05,2.26810202759148e-05,"20238/14783/16001/18795/227331/26413/18607/21821/14784/246103/26395/20662/14600/83946",14,"ADP_H_vs_ADP_N"
"GO:0031340","positive regulation of vesicle fusion","11/1496","33/25730",0.333333333333333,5.73306595365419,6.75963136456498,1.45756906163694e-06,3.38869167677567e-05,2.42653805833843e-05,"20614/229521/12287/116837/74741/231760/16573/20983/111173/170737/116838",11,"ADP_H_vs_ADP_N"
"GO:0043087","regulation of GTPase activity","18/1496","85/25730",0.211764705882353,3.64218307643913,6.06227615827578,1.50992424462207e-06,3.45116440215939e-05,2.47127285873077e-05,"19091/241694/13640/227801/380916/216831/75974/108699/13839/105445/76089/329260/109934/228850/13838/193385/13837/232906",18,"ADP_H_vs_ADP_N"
"GO:0007030","Golgi organization","24/1496","139/25730",0.172661870503597,2.96964567383526,5.78517601119011,1.52903470297975e-06,3.48016007816862e-05,2.49203577199486e-05,"76499/76707/71617/27883/26413/69190/53611/238123/666173/75964/83679/12540/107338/68581/59021/71116/338337/75909/217365/26395/75985/15194/77963/53330",24,"ADP_H_vs_ADP_N"
"GO:0090174","organelle membrane fusion","25/1496","149/25730",0.167785234899329,2.88577145318164,5.73572249152901,1.61070538422874e-06,3.6347650386205e-05,2.60274363695511e-05,"20614/229521/12287/116837/74741/78610/231760/73991/53611/18711/11736/16573/20983/59021/218035/111173/170737/241727/94090/228960/68365/100317/116838/55943/53330",25,"ADP_H_vs_ADP_N"
"GO:0120032","regulation of plasma membrane bounded cell projection assembly","32/1496","220/25730",0.145454545454545,2.5017015070491,5.55781934635048,1.61709133156275e-06,3.6347650386205e-05,2.60274363695511e-05,"214459/234267/192167/329165/216831/75974/56637/208727/11789/23964/12808/76089/20563/18186/12540/14158/66573/56717/71091/269702/74694/21821/22284/66713/14432/14569/29819/15194/74256/76816/193385/232906",32,"ADP_H_vs_ADP_N"
"GO:0003012","muscle system process","54/1496","473/25730",0.114164904862579,1.96354478750947,5.25504323017762,1.79705810862512e-06,3.97333215282541e-05,2.84518115157188e-05,"19055/108655/19091/11931/83814/234214/18578/13383/238161/11787/14083/12296/109676/26398/50769/238871/50876/56637/208727/108058/20265/70430/16508/238130/110893/21676/16795/20541/17993/16531/268860/140492/12293/22290/56717/68268/12314/17125/28185/13405/328572/18750/17258/22065/245944/381290/11938/12325/12289/26395/76055/14168/13548/11848",54,"ADP_H_vs_ADP_N"
"GO:0051258","protein polymerization","39/1496","298/25730",0.130872483221477,2.25090173348168,5.39642030109415,1.89162688289835e-06,4.11523808219291e-05,2.94679563030244e-05,"76499/76707/13383/207278/237860/78757/102747/73910/50876/68732/228361/11789/225288/211401/20257/12808/20563/260315/75786/17257/83679/14158/12340/17756/11518/22680/56717/14544/14784/53323/14168/12488/231637/18481/227634/13548/74569/171567/11848",39,"ADP_H_vs_ADP_N"
"GO:0140056","organelle localization by membrane tethering","17/1496","78/25730",0.217948717948718,3.74854312354312,6.04023644567333,1.92392743515986e-06,4.16876596650439e-05,2.98512530465856e-05,"116837/17967/20336/75914/52635/18189/234593/229709/66482/12314/208898/11938/75909/107371/228960/116838/55943",17,"ADP_H_vs_ADP_N"
"GO:0032956","regulation of actin cytoskeleton organization","45/1496","368/25730",0.122282608695652,2.10316278191118,5.29585956549581,2.09300243495581e-06,4.48134157713662e-05,3.2089511016485e-05,"76499/76707/13640/13383/76260/207278/237860/78757/329165/216965/216831/73910/13839/50876/58234/109880/68732/225288/211401/12386/16423/20563/18186/64930/330938/18484/12540/14158/12340/56363/11518/56717/11856/192197/328572/21872/14784/29819/12488/231637/18481/50768/13837/232906/11848",45,"ADP_H_vs_ADP_N"
"GO:0043254","regulation of protein-containing complex assembly","53/1496","464/25730",0.114224137931034,1.96456354877374,5.2093830016442,2.19866455989964e-06,4.67065330234367e-05,3.3445114151621e-05,"76499/78808/20616/229521/72685/116837/13383/207278/17967/215351/237860/78757/105377/108155/73910/50876/56637/68732/228361/13196/11789/225288/209012/20257/20563/260315/17957/66878/75786/72179/17257/83679/12540/14158/65114/12340/26409/17756/11518/56717/328572/54673/14544/14784/94090/231637/18481/227634/13548/216742/171567/22042/11848",53,"ADP_H_vs_ADP_N"
"GO:0050919","negative chemotaxis","13/1496","48/25730",0.270833333333333,4.65811608734403,6.30272530832745,2.34374924054803e-06,4.86990857503278e-05,3.48719199770621e-05,"18183/13640/243743/22253/268902/20563/214968/20354/18187/399558/20187/20564/11848",13,"ADP_H_vs_ADP_N"
"GO:0090257","regulation of muscle system process","37/1496","283/25730",0.130742049469965,2.24865837758168,5.24787227733856,3.5183140084847e-06,7.13809250335641e-05,5.11136886310511e-05,"19055/108655/19091/11931/18578/13383/238161/14083/12296/109676/238871/56637/208727/108058/238130/110893/21676/20541/17993/16531/268860/56717/68268/12314/28185/13405/328572/18750/17258/22065/381290/11938/12325/26395/76055/14168/11848",37,"ADP_H_vs_ADP_N"
"GO:0032886","regulation of microtubule-based process","37/1496","284/25730",0.130281690140845,2.24074056639301,5.22390281687568,3.82305509470126e-06,7.67018127703583e-05,5.49238129589636e-05,"76499/76707/13640/20262/215351/216965/56637/12121/11789/78798/244329/20257/68121/68729/260315/75786/330938/17257/83679/212307/17756/360213/18472/52822/14544/246103/14168/74256/67254/73668/193385/227634/13548/171567/13837/17318/11848",37,"ADP_H_vs_ADP_N"
"GO:0007033","vacuole organization","36/1496","273/25730",0.131868131868132,2.2680260915555,5.23323937789922,3.89027783885098e-06,7.77624909706856e-05,5.56833320495858e-05,"29869/80877/14042/12234/11984/100763/228361/170822/320191/18711/12421/74302/15568/65114/56717/19056/209131/11909/328572/77040/21821/54673/245944/227738/11938/75909/74370/19063/103199/77963/68365/76559/216742/56438/209478/17101",36,"ADP_H_vs_ADP_N"
"GO:0009416","response to light stimulus","43/1496","354/25730",0.121468926553672,2.08916810175534,5.12683877663968,4.15459680493381e-06,8.2740628280612e-05,5.92480233211343e-05,"20238/12298/17999/11820/66797/20320/94229/56469/14042/18015/218461/50769/109880/56210/76376/268354/11352/19272/234593/22210/110911/19893/16795/75786/195018/17257/72108/56717/328572/12290/18628/72162/68142/19359/15312/15194/109689/99982/71101/56438/14688/225028/16412",43,"ADP_H_vs_ADP_N"
"GO:0019228","neuronal action potential","15/1496","66/25730",0.227272727272727,3.90890860476422,5.87901501350435,4.41163170595212e-06,8.75377617257972e-05,6.26831032829518e-05,"15165/20269/66797/56508/13483/110862/20265/16508/20274/243385/14167/16531/56717/14806/20273",15,"ADP_H_vs_ADP_N"
"GO:0019220","regulation of phosphate metabolic process","48/1496","415/25730",0.11566265060241,1.98930481283422,5.04812270555406,4.63710628765222e-06,9.10116114500437e-05,6.51706204042655e-05,"78830/19091/56490/11820/13640/14783/16337/20320/78757/108155/93742/19777/13508/15560/208727/11789/170823/19271/76089/19277/67974/74302/18186/53332/227743/11863/14158/26409/56717/56417/16826/328572/72149/20354/68652/19645/110532/228026/14360/74370/19090/26395/98496/109689/29807/17436/83946/11848",48,"ADP_H_vs_ADP_N"
"GO:0048041","focal adhesion assembly","18/1496","92/25730",0.195652173913043,3.36506045105789,5.64623287485257,4.98909690688488e-06,9.72156041172497e-05,6.96131090566861e-05,"76499/76707/13640/14083/20411/12552/26921/19272/110829/19271/19211/18186/64930/105522/11856/18607/50768/13837",18,"ADP_H_vs_ADP_N"
"GO:0006814","sodium ion transport","35/1496","266/25730",0.131578947368421,2.26305235012665,5.14474146369835,5.53627439628136e-06,0.000106725972970307,7.64231921719304e-05,"19055/23797/70122/12805/15165/11931/20269/83814/17999/94229/94249/14169/108058/20265/76376/269513/67760/20274/229709/110893/18764/20541/14167/53416/21366/100503085/13405/18750/331004/14168/83997/11933/103098/140919/20273",35,"ADP_H_vs_ADP_N"
"GO:0000209","protein polyubiquitination","40/1496","323/25730",0.123839009287926,2.12993162364861,5.07740059243307,5.56207320906721e-06,0.000106843087140131,7.65070540328953e-05,"83814/50758/17999/319817/12234/100763/71816/70097/228361/22627/22210/381305/20747/16396/17222/100503085/107035/74493/21951/108086/224170/78889/140630/22214/170737/22215/30940/68652/227738/80985/53323/66799/93836/76952/23802/231600/52563/56438/93765/207304",40,"ADP_H_vs_ADP_N"
"GO:0051222","positive regulation of protein transport","40/1496","324/25730",0.123456790123457,2.12335776061266,5.05576811508777,5.99643008180596e-06,0.000113974251765414,8.16134620552353e-05,"207227/11820/14682/12361/56508/70546/26383/12326/56637/18795/22627/26413/319613/99237/14661/329506/209630/18751/12540/268860/22063/65114/16573/19056/19042/68581/235574/52822/328572/76303/53328/57258/12289/76055/230908/109689/12488/69981/52163/14672",40,"ADP_H_vs_ADP_N"
"GO:0043523","regulation of neuron apoptotic process","41/1496","336/25730",0.12202380952381,2.09871164374841,5.03677448790488,6.15809786784849e-06,0.000116637818706767,8.35207605558398e-05,"320772/11820/14804/72930/18015/26398/56637/208727/109880/67579/228361/74011/72393/12876/19283/170719/18186/19122/12661/17257/20817/16531/12540/56717/11909/16443/14806/18607/11538/13002/13838/245944/13982/14360/19063/15194/109689/12488/18481/18546/11848",41,"ADP_H_vs_ADP_N"
"GO:0150115","cell-substrate junction organization","20/1496","112/25730",0.178571428571429,3.07128533231474,5.45809422658922,6.5762438903609e-06,0.00012412373921284,8.8881198371465e-05,"76499/76707/13640/14083/20411/12552/106042/26921/19272/110829/19271/19211/18186/64930/105522/212307/11856/18607/50768/13837",20,"ADP_H_vs_ADP_N"
"GO:0032386","regulation of intracellular transport","38/1496","304/25730",0.125,2.14989973262032,5.01097737579401,7.59891448496658e-06,0.00014048914595585,0.000100599963632484,"17999/70546/18767/18015/12326/216831/56637/22627/234593/26413/99237/99683/52250/329506/17257/12540/65114/16573/17756/360213/19042/68889/71116/52822/328572/54673/234515/57258/73473/26395/230908/432508/69981/228359/73668/52163/20218/55988",38,"ADP_H_vs_ADP_N"
"GO:0034332","adherens junction organization","14/1496","61/25730",0.229508196721311,3.94735688612256,5.72608601280579,8.09716688439089e-06,0.000148183625043059,0.000106109743844169,"12558/215654/329165/12552/12564/211401/12540/14158/11518/21872/13838/18222/241201/12554",14,"ADP_H_vs_ADP_N"
"GO:0099505","regulation of presynaptic membrane potential","10/1496","32/25730",0.3125,5.3747493315508,6.15238066591634,8.4965780383838e-06,0.00015444954105344,0.000110596573901252,"383348/53623/16519/20265/231760/14400/110637/16510/14395/14806",10,"ADP_H_vs_ADP_N"
"GO:0022406","membrane docking","17/1496","87/25730",0.195402298850575,3.36076280041797,5.48014767606578,9.23388961891115e-06,0.000164539408110663,0.00011782161788673,"116837/17967/20336/75914/52635/18189/234593/229709/66482/12314/208898/11938/75909/107371/228960/116838/55943",17,"ADP_H_vs_ADP_N"
"GO:0061572","actin filament bundle organization","27/1496","185/25730",0.145945945945946,2.51015320132967,5.12175283850971,9.60929865105135e-06,0.000170109708473023,0.000121810338937476,"76499/76707/76260/20411/54418/58234/109880/68732/68166/225288/211401/11352/16423/18186/64930/12540/56363/11518/56717/71653/11856/22027/21872/102866/109689/50768/11848",27,"ADP_H_vs_ADP_N"
"GO:0001952","regulation of cell-matrix adhesion","22/1496","136/25730",0.161764705882353,2.782223183391,5.17758406027137,1.21738291701115e-05,0.000210017938262719,0.000150387396888571,"76499/76707/13640/12361/14083/18015/56637/26921/110829/19271/19211/245555/18186/64930/105522/11856/13405/50768/20300/74769/13837/12554",22,"ADP_H_vs_ADP_N"
"GO:0003015","heart process","34/1496","265/25730",0.128301886792453,2.20668953687822,4.90581698147383,1.29126710662416e-05,0.000220655959513662,0.000158004957260835,"12287/11931/83814/18578/17248/13383/238161/14042/12296/109676/70729/238871/208727/108058/20265/16508/93686/20541/12540/140492/12293/22290/56717/20688/12314/13405/18750/12290/381290/11938/14360/12289/14168/14043",34,"ADP_H_vs_ADP_N"
"GO:0009895","negative regulation of catabolic process","46/1496","407/25730",0.113022113022113,1.9438896845314,4.76898070643062,1.32366712206645e-05,0.000225481283026225,0.000161460223264312,"78830/233908/17248/15572/14083/12234/108155/225131/54418/56637/208727/75553/24086/68837/67493/64930/338352/229663/15568/65114/72416/107035/56717/12675/11682/13000/22608/328572/30940/72162/59025/22284/381290/84092/14360/74370/74203/230908/100715/217980/71169/56403/101943/56438/55988/16412",46,"ADP_H_vs_ADP_N"
"GO:0070050","neuron cellular homeostasis","16/1496","82/25730",0.195121951219512,3.35594104604148,5.3089580152261,1.71106647960791e-05,0.000284320463804786,0.000203593153934618,"12298/11820/12296/216965/11984/76376/231760/11966/54003/12725/16510/111173/108664/11938/12289/11964",16,"ADP_H_vs_ADP_N"
"GO:0097553","calcium ion transmembrane import into cytosol","27/1496","192/25730",0.140625,2.41863719919786,4.90222471475111,1.90994177314271e-05,0.00031163116220223,0.000223149506468956,"19055/12287/238161/18798/109676/238871/15560/18795/108058/76376/227120/110893/18764/20541/19122/22063/12293/19056/12314/13405/18607/12290/22065/14360/12289/76055/224860",27,"ADP_H_vs_ADP_N"
"GO:0031669","cellular response to nutrient levels","36/1496","294/25730",0.122448979591837,2.10602422787297,4.73891147519695,2.05125519582116e-05,0.000332146290563363,0.000237839759961523,"19775/18749/18099/12234/78757/108155/12660/67579/228361/67760/26413/243385/27377/74302/64930/227743/319481/14545/56717/12168/75747/11909/328572/218035/219022/22215/54673/66799/26408/74370/18481/216742/56438/17168/93765/76267",36,"ADP_H_vs_ADP_N"
"GO:0010996","response to auditory stimulus","10/1496","35/25730",0.285714285714286,4.91405653170359,5.75706991475948,2.06020220840483e-05,0.000332146290563363,0.000237839759961523,"66797/50769/58234/110862/11352/18189/76192/14432/15194/100317",10,"ADP_H_vs_ADP_N"
"GO:0009306","protein secretion","50/1496","465/25730",0.10752688172043,1.849376114082,4.59231391547649,2.20113624566845e-05,0.000347625511451487,0.000248923954742619,"19055/20614/19726/207227/13640/14682/12361/18007/56508/26383/218461/93691/13839/18795/27883/26921/18189/12876/319613/14661/19276/209630/18751/268860/22063/65114/16573/19056/68581/18472/20983/19156/328572/17470/12290/76303/12289/74370/76055/20913/320011/20338/230908/15194/109689/12488/14672/116838/54160/17101",50,"ADP_H_vs_ADP_N"
"GO:0033555","multicellular organismal response to stress","21/1496","132/25730",0.159090909090909,2.73623602333495,4.96886742470859,2.46648090532142e-05,0.000386153961390929,0.000276512994709749,"19055/15165/383348/12287/20269/66797/17967/14042/218461/56710/58234/15560/72194/68166/19211/20274/16795/17257/56717/14806/12290",21,"ADP_H_vs_ADP_N"
"GO:0034063","stress granule assembly","11/1496","43/25730",0.255813953488372,4.39979480164159,5.54363896818033,2.52963928287943e-05,0.000394900749145759,0.000282776300846676,"21841/13209/12121/27041/20239/80913/74383/229663/233871/53872/23881",11,"ADP_H_vs_ADP_N"
"GO:0035592","establishment of protein localization to extracellular region","50/1496","468/25730",0.106837606837607,1.83752113899173,4.54307113513727,2.60801285345547e-05,0.000404802453500524,0.00028986660729855,"19055/20614/19726/207227/13640/14682/12361/18007/56508/26383/218461/93691/13839/18795/27883/26921/18189/12876/319613/14661/19276/209630/18751/268860/22063/65114/16573/19056/68581/18472/20983/19156/328572/17470/12290/76303/12289/74370/76055/20913/320011/20338/230908/15194/109689/12488/14672/116838/54160/17101",50,"ADP_H_vs_ADP_N"
"GO:0150116","regulation of cell-substrate junction organization","15/1496","76/25730",0.197368421052632,3.39457852518998,5.1942522048459,2.70024253355093e-05,0.000417287145411826,0.00029880651182779,"76499/76707/13640/14083/26921/110829/19271/19211/18186/64930/105522/212307/11856/50768/13837",15,"ADP_H_vs_ADP_N"
"GO:0044331","cell-cell adhesion mediated by cadherin","13/1496","59/25730",0.220338983050847,3.7896537659748,5.32990680955066,2.7038543112341e-05,0.000417287145411826,0.00029880651182779,"12558/215654/270120/12552/12564/245555/14158/21872/241201/211922/12488/12388/12554",13,"ADP_H_vs_ADP_N"
"GO:0014706","striated muscle tissue development","52/1496","494/25730",0.105263157894737,1.81044188010132,4.51897344149894,2.71223647150914e-05,0.000417391618356961,0.000298881321695909,"19055/108655/19091/234214/66797/238161/17967/79221/239719/18015/26398/56637/208727/108058/246179/11789/225288/270190/74103/106042/16656/381157/74182/26413/19211/16795/20541/56758/327826/64930/77044/286940/12540/56233/56717/19056/75805/17125/28185/67040/13405/328572/21821/245944/19645/20666/227325/22762/13548/17168/16412/11848",52,"ADP_H_vs_ADP_N"
"GO:0014909","smooth muscle cell migration","20/1496","123/25730",0.16260162601626,2.7966175383679,4.96242022687942,2.7601786322069e-05,0.000422369707645897,0.000302445978581101,"19091/14783/56508/14083/20851/18015/67299/238871/208727/108058/414758/234593/238130/20563/214968/18186/26409/18667/231637/11848",20,"ADP_H_vs_ADP_N"
"GO:2000058","regulation of ubiquitin-dependent protein catabolic process","25/1496","176/25730",0.142045454545455,2.44306787797764,4.77285616615788,3.22579505119877e-05,0.000486744618171135,0.000348542875345769,"14083/56469/108155/225131/56637/71816/106042/170823/26374/24086/19211/107035/56717/13000/414872/22215/59025/22284/53323/19359/67490/231600/71492/56438/237353",25,"ADP_H_vs_ADP_N"
"GO:0071692","protein localization to extracellular region","50/1496","473/25730",0.105708245243129,1.81809702547173,4.46179076578878,3.44263910169499e-05,0.00051802155594116,0.000370939330109533,"19055/20614/19726/207227/13640/14682/12361/18007/56508/26383/218461/93691/13839/18795/27883/26921/18189/12876/319613/14661/19276/209630/18751/268860/22063/65114/16573/19056/68581/18472/20983/19156/328572/17470/12290/76303/12289/74370/76055/20913/320011/20338/230908/15194/109689/12488/14672/116838/54160/17101",50,"ADP_H_vs_ADP_N"
"GO:0042551","neuron maturation","14/1496","69/25730",0.202898550724638,3.48969231961559,5.14515111967642,3.59466766562956e-05,0.000534953701777894,0.000383063919833572,"210933/23859/11820/14682/66797/110862/56637/11352/17257/16531/56717/319504/67161/19645",14,"ADP_H_vs_ADP_N"
"GO:0021700","developmental maturation","45/1496","413/25730",0.108958837772397,1.87400460954798,4.44884552916702,4.03696638764087e-05,0.000592635417936331,0.000424368025629913,"210933/23859/320772/19726/11820/14682/66797/70546/192167/14042/18015/11984/268902/110862/56637/18795/11352/18189/11966/19211/319613/75302/20563/215008/17257/16531/65114/230594/56717/319504/12725/20983/67161/18667/20354/76742/108664/75965/19645/213827/545391/56407/11964/234549/11848",45,"ADP_H_vs_ADP_N"
"GO:0044772","mitotic cell cycle phase transition","48/1496","453/25730",0.105960264900662,1.8224315614265,4.38784020918649,4.61309106065493e-05,0.000668790029764603,0.000478900004796316,"19055/76499/18514/76707/12298/11820/13383/18767/56469/216965/225131/116871/56637/18795/108058/228361/11789/227331/19211/67974/17222/18764/329152/68501/77044/17420/22680/320595/12314/216825/238271/66923/19645/229543/68142/12325/69274/74370/19090/231600/11479/19356/18647/52563/56438/214498/70601/16412",48,"ADP_H_vs_ADP_N"
"GO:0031644","regulation of nervous system process","24/1496","169/25730",0.142011834319527,2.44248963705977,4.67446413997691,4.61745377758836e-05,0.000668790029764603,0.000478900004796316,"78830/11820/116837/66797/56508/64051/192167/93742/81907/58234/56637/15560/14816/18189/19211/110893/14167/268860/21960/20405/14806/103199/231637/116838",24,"ADP_H_vs_ADP_N"
"GO:0061351","neural precursor cell proliferation","29/1496","225/25730",0.128888888888889,2.21678550207962,4.55467423291754,4.99064723497998e-05,0.000708098035946885,0.000507047261052295,"66797/12558/18015/67299/58234/270190/320191/110829/94187/56195/19283/327826/195018/16579/330938/19325/252838/170571/320265/18472/50793/21821/20733/18222/14168/20187/99982/16412/11848",29,"ADP_H_vs_ADP_N"
"GO:0060074","synapse maturation","12/1496","54/25730",0.222222222222222,3.82204396910279,5.15776642685422,5.0087480948482e-05,0.000708098035946885,0.000507047261052295,"210933/320772/192167/268902/11352/18189/19211/319613/20563/215008/65114/76742",12,"ADP_H_vs_ADP_N"
"GO:0035725","sodium ion transmembrane transport","25/1496","181/25730",0.138121546961326,2.37557981505008,4.61426812913234,5.17724117899529e-05,0.000726557395508225,0.000520265441630697,"15165/11931/20269/83814/94229/94249/108058/20265/76376/67760/20274/110893/18764/20541/14167/53416/21366/13405/331004/14168/83997/11933/103098/140919/20273",25,"ADP_H_vs_ADP_N"
"GO:0071625","vocalization behavior","8/1496","25/25730",0.32,5.50374331550802,5.59756994755,5.68489519189501e-05,0.000783589752022781,0.000561104560924953,"108655/66797/18191/14042/56710/58234/18189/76965",8,"ADP_H_vs_ADP_N"
"GO:0030518","nuclear receptor-mediated steroid hormone signaling pathway","21/1496","140/25730",0.15,2.57987967914439,4.65712169360629,6.02393047874912e-05,0.000815790785084599,0.000584162731952382,"108655/94186/17999/224829/17978/76804/110784/26381/19211/93686/17344/77128/72068/67040/18667/328572/22215/13982/67490/22196/11848",21,"ADP_H_vs_ADP_N"
"GO:0035640","exploration behavior","12/1496","55/25730",0.218181818181818,3.75255226057365,5.07722477307795,6.07036424662155e-05,0.000820029005584762,0.000587197591515958,"14402/268890/215378/94229/56710/58234/11352/17250/12661/268860/21960/22215",12,"ADP_H_vs_ADP_N"
"GO:1903522","regulation of blood circulation","34/1496","286/25730",0.118881118881119,2.04465988556898,4.41397572008377,6.26679275897949e-05,0.000836800893497659,0.000599207425461534,"12287/11931/18578/11820/17248/13383/238161/12296/109676/70729/238871/15560/208727/16508/93686/238130/20541/140492/12293/68268/20688/12168/12314/13405/18750/12290/381290/11938/12289/26395/14168/74682/16412/11848",34,"ADP_H_vs_ADP_N"
"GO:0010586","miRNA metabolic process","18/1496","110/25730",0.163636363636364,2.81441419543024,4.73814026714421,6.27175858888775e-05,0.000836800893497659,0.000599207425461534,"11820/319817/239719/208727/381305/208718/56463/21676/230594/17125/67040/328572/71701/13982/380669/100715/18033/18986",18,"ADP_H_vs_ADP_N"
"GO:0031647","regulation of protein stability","41/1496","372/25730",0.110215053763441,1.89561051693405,4.32312561106576,6.7449403013972e-05,0.000895523078741878,0.000641256579222102,"11931/83814/14682/11787/74996/18099/12234/109676/269774/56710/170822/22210/19211/21372/70315/68729/64930/53332/19122/65114/22680/56717/328572/52040/338337/18628/13838/30940/22284/80985/84092/19090/67490/20913/230908/15194/231600/11933/216742/214498/12388",41,"ADP_H_vs_ADP_N"
"GO:0014910","regulation of smooth muscle cell migration","18/1496","111/25730",0.162162162162162,2.78905911258852,4.6932078824367,7.08445416881064e-05,0.000931468160981729,0.000666995748903097,"19091/56508/14083/20851/18015/67299/238871/208727/108058/234593/238130/20563/214968/18186/26409/18667/231637/11848",18,"ADP_H_vs_ADP_N"
"GO:0044782","cilium organization","48/1496","462/25730",0.103896103896104,1.78692964789221,4.24068642473404,7.50547712938253e-05,0.000979690833972654,0.000701526524331632,"19726/214459/76260/270162/78795/102747/54138/56637/320634/13196/209012/226251/106042/22210/94187/52023/68121/18764/19893/544696/16579/66573/12589/71091/26942/320299/67161/269702/74694/21821/81896/22284/66713/14569/67694/15194/74256/319845/76816/234915/73668/71492/74569/13193/74682/171567/100503572/232906",48,"ADP_H_vs_ADP_N"
"GO:0098739","import across plasma membrane","28/1496","220/25730",0.127272727272727,2.18898881866796,4.40046509107694,8.3397888207814e-05,0.00106548669910785,0.000762962308951824,"19055/12287/11931/83814/13383/109676/54208/16519/14816/76376/67760/107723/110893/20541/53416/17250/21366/213498/19122/19056/12290/14081/331004/14360/12289/11933/215113/16412",28,"ADP_H_vs_ADP_N"
"GO:0015833","peptide transport","41/1496","377/25730",0.108753315649867,1.87046979389779,4.2303314949546,9.073706082464e-05,0.00115110692854116,0.000824272326238872,"19055/20614/19726/207227/13640/14682/12361/56508/26383/218461/93691/13839/15560/18795/26921/18189/12876/108116/319613/14661/19276/17250/18751/268860/22063/16573/19056/16443/69597/12290/76303/12289/74370/76055/20913/230908/15194/109689/58869/14672/116838",41,"ADP_H_vs_ADP_N"
"GO:0071322","cellular response to carbohydrate stimulus","27/1496","211/25730",0.127962085308057,2.20084522391464,4.35172191605859,0.00010099995374598,0.00126063767152529,0.000902703928095896,"19055/56490/13640/26383/108155/218461/16001/93691/13839/18795/26921/18189/107723/12876/319613/19276/18751/16573/19056/18750/12290/76303/12289/74370/20913/109689/18033",27,"ADP_H_vs_ADP_N"
"GO:0141193","nuclear receptor-mediated signaling pathway","26/1496","200/25730",0.13,2.23589572192513,4.3594943367305,0.000103662952424178,0.00129090163972822,0.000924375026456375,"108655/94186/17999/224829/17978/76804/228790/110784/26381/381157/19211/93686/243385/67544/17344/75302/77128/72068/67040/18667/328572/22215/13982/67490/22196/11848",26,"ADP_H_vs_ADP_N"
"GO:0001964","startle response","10/1496","42/25730",0.238095238095238,4.09504710975299,4.98759821915327,0.000113781294738667,0.00140201311913214,0.00100393854512635,"14804/66797/94109/14658/12386/18189/19211/27386/17257/16510",10,"ADP_H_vs_ADP_N"
"GO:0044843","cell cycle G1/S phase transition","31/1496","259/25730",0.11969111969112,2.05859124976772,4.25421938719794,0.000114138413427594,0.00140201311913214,0.00100393854512635,"19055/12298/13383/56469/225131/56637/18795/108058/228361/11789/227331/19211/18764/77044/244879/17420/320595/66923/19645/381290/68142/12325/69274/74370/19090/20913/11479/56438/214498/70601/16412",31,"ADP_H_vs_ADP_N"
"GO:0034504","protein localization to nucleus","40/1496","369/25730",0.10840108401084,1.86441169224526,4.155423841125,0.000117796705640929,0.00143717287039845,0.00102911536341115,"19055/12298/11820/18767/108155/70762/18015/110862/56637/13175/22627/106042/26413/229603/18711/76582/320938/15568/238799/56717/56417/19056/12168/77053/11909/18667/328572/320727/14360/74203/237542/230908/15194/12488/13548/216742/22042/234549/83946/16650",40,"ADP_H_vs_ADP_N"
"GO:0009791","post-embryonic development","20/1496","136/25730",0.147058823529412,2.52929380308273,4.44279217782781,0.000118183672607646,0.00143865383037218,0.00103017583337475,"14682/319817/14406/94229/192195/13508/227331/414758/70430/11352/20274/101476/64602/16795/20541/17257/56717/245944/22284/15312",20,"ADP_H_vs_ADP_N"
"GO:0015800","acidic amino acid transport","15/1496","86/25730",0.174418604651163,2.99986009202835,4.61552017815666,0.000119937402091588,0.00145672849132317,0.00104311854309064,"78830/19091/18015/54208/14816/67760/21366/213498/241919/268860/20983/245944/12934/140919/16412",15,"ADP_H_vs_ADP_N"
"GO:0010882","regulation of cardiac muscle contraction by calcium ion signaling","7/1496","21/25730",0.333333333333333,5.73306595365419,5.39106179505752,0.000125010187613067,0.00149487899845471,0.00107043694981794,"11931/109676/208727/20541/12314/13405/11938",7,"ADP_H_vs_ADP_N"
"GO:0072594","establishment of protein localization to organelle","48/1496","473/25730",0.101479915433404,1.74537314445286,4.06516453359436,0.000132416423251686,0.00155934731468344,0.00111660073153882,"19055/17999/72930/18767/18015/66887/57743/58194/110862/106042/26413/76582/93757/68729/140740/75734/19325/320938/15568/238799/14545/56417/12168/30056/12314/11909/28185/328572/218035/54673/245944/320727/227738/14784/81896/22284/230895/69276/218441/74203/230908/58869/56273/13548/66661/234549/83946/16650",48,"ADP_H_vs_ADP_N"
"GO:0050851","antigen receptor-mediated signaling pathway","25/1496","192/25730",0.130208333333333,2.23947888814617,4.28312752712112,0.000136001268598403,0.00159462959306829,0.00114186528773095,"108655/12298/18578/319817/12234/238871/109880/19271/26413/381305/101476/74585/329260/19122/18751/14784/14360/224860/74256/12488/18033/20662/208650/20218/93765",25,"ADP_H_vs_ADP_N"
"GO:0045664","regulation of neuron differentiation","30/1496","250/25730",0.12,2.06390374331551,4.19988431418865,0.000139376661575226,0.00162768963578914,0.00116553856919891,"18514/215378/11820/320705/192167/18015/76804/56710/13209/56637/11906/269784/21406/19211/266692/225164/330938/56717/11682/13405/22067/20666/66867/18222/320460/74203/12934/18546/16412/11848",30,"ADP_H_vs_ADP_N"
"GO:1903532","positive regulation of secretion by cell","43/1496","410/25730",0.104878048780488,1.80381831224729,4.0764551833263,0.000140889794517682,0.00163776827661434,0.00117275557442435,"19055/76499/20614/76707/78808/12287/207227/14682/12361/56508/192167/26383/15560/18795/319613/14661/209630/18751/268860/22063/65114/54003/16573/80718/66482/19056/68581/20983/16443/328572/18750/76303/78506/20666/12289/76055/230908/109689/12488/12934/58869/14672/18546",43,"ADP_H_vs_ADP_N"
"GO:0060271","cilium assembly","44/1496","424/25730",0.10377358490566,1.78482241953385,4.04862241924032,0.000150603719133362,0.00172113997161481,0.00123245548524637,"19726/214459/76260/270162/78795/54138/56637/320634/13196/209012/226251/106042/22210/94187/52023/68121/19893/544696/66573/12589/71091/26942/320299/67161/269702/74694/21821/81896/22284/66713/14569/67694/15194/74256/319845/76816/234915/73668/71492/13193/74682/171567/100503572/232906",44,"ADP_H_vs_ADP_N"
"GO:0061025","membrane fusion","26/1496","205/25730",0.126829268292683,2.18136167992696,4.21931192508463,0.00015563515740443,0.00177489610033641,0.00127094859841623,"20614/229521/12287/116837/74741/78610/231760/73991/53611/18711/11736/16573/20983/59021/71116/218035/111173/170737/241727/94090/228960/68365/100317/116838/55943/53330",26,"ADP_H_vs_ADP_N"
"GO:0061049","cell growth involved in cardiac muscle cell development","11/1496","52/25730",0.211538461538462,3.63829185520362,4.73160639141143,0.000164054128528425,0.00185141919633016,0.00132574443777905,"108655/19091/234214/238161/26398/56637/108058/56717/28185/328572/13548",11,"ADP_H_vs_ADP_N"
"GO:1901634","positive regulation of synaptic vesicle membrane organization","7/1496","22/25730",0.318181818181818,5.47247204666991,5.21422212540869,0.000174174167879328,0.00192463478311179,0.00137817187135372,"229521/12287/116837/231760/20983/111173/116838",7,"ADP_H_vs_ADP_N"
"GO:0031113","regulation of microtubule polymerization","12/1496","61/25730",0.19672131147541,3.38344875953362,4.63053275579375,0.000174520148635648,0.00192463478311179,0.00137817187135372,"76499/11789/20257/260315/75786/17257/83679/17756/14544/227634/13548/171567",12,"ADP_H_vs_ADP_N"
"GO:0010632","regulation of epithelial cell migration","14/1496","80/25730",0.175,3.00985962566845,4.47333819755416,0.000192851463559667,0.00208914264437124,0.00149597089950896,"76499/19270/76707/14083/54357/70097/11789/26921/19211/212307/11855/56717/12339/12168",14,"ADP_H_vs_ADP_N"
"GO:0006282","regulation of DNA repair","28/1496","231/25730",0.121212121212121,2.08475125587425,4.11471041212378,0.000193217733954217,0.00208914264437124,0.00149597089950896,"233908/105377/103537/54418/68166/13831/14050/227195/319604/21761/77044/225888/216825/104570/66923/66713/21974/68142/246103/19090/12995/67956/78656/99982/101943/108937/93765/70984",28,"ADP_H_vs_ADP_N"
"GO:0046328","regulation of JNK cascade","22/1496","163/25730",0.134969325153374,2.32136412847348,4.20475918222924,0.000199404543882055,0.00213895923605761,0.00153164303117326,"11820/216965/16001/26398/224938/18795/246179/270190/209012/26921/16396/12421/330938/12540/26409/18472/14806/13838/26754/26408/74256/237353",22,"ADP_H_vs_ADP_N"
"GO:0007160","cell-matrix adhesion","29/1496","244/25730",0.118852459016393,2.0441669588849,4.0717276271368,0.000210683072074287,0.00223340548224347,0.00159927308804974,"76499/76707/27418/13640/12361/14083/20411/18015/12552/56637/26921/19272/110829/19271/19211/245555/18186/64930/105522/11856/13405/18607/50768/20300/74769/13837/12554/16412/11848",29,"ADP_H_vs_ADP_N"
"GO:0035051","cardiocyte differentiation","26/1496","209/25730",0.124401913875598,2.13961313102884,4.11004372767167,0.000212730489033673,0.00225070519354572,0.00161166088011736,"108655/19091/234214/238161/26398/56637/108058/225288/74103/106042/381157/26413/16795/20541/327826/64930/12540/56717/28185/328572/21821/66923/72162/11479/13548/16412",26,"ADP_H_vs_ADP_N"
"GO:0030162","regulation of proteolysis","42/1496","406/25730",0.103448275862069,1.77922736492716,3.93211090455166,0.000224989922619928,0.00236372309133975,0.001692589526459,"11820/18749/14083/56469/12234/108155/225131/56637/71816/20340/106042/170823/26374/24086/19211/56224/20747/107035/269695/56717/13000/328572/414872/21821/22215/13838/30940/59025/22284/53323/19359/76055/67490/231600/59029/71492/16330/56438/12388/55988/237353/27059",42,"ADP_H_vs_ADP_N"
"GO:0007207","phospholipase C-activating G protein-coupled acetylcholine receptor signaling pathway","5/1496","11/25730",0.454545454545455,7.81781720952844,5.61926295023921,0.000226903453479171,0.00236372309133975,0.001692589526459,"14682/18795/18751/22063/14672",5,"ADP_H_vs_ADP_N"
"GO:0098887","neurotransmitter receptor transport, endosome to postsynaptic membrane","5/1496","11/25730",0.454545454545455,7.81781720952844,5.61926295023921,0.000226903453479171,0.00236372309133975,0.001692589526459,"216831/65114/18196/74053/53330",5,"ADP_H_vs_ADP_N"
"GO:1990416","cellular response to brain-derived neurotrophic factor stimulus","5/1496","11/25730",0.454545454545455,7.81781720952844,5.61926295023921,0.000226903453479171,0.00236372309133975,0.001692589526459,"13383/20404/81907/18033/74053",5,"ADP_H_vs_ADP_N"
"GO:0000380","alternative mRNA splicing, via spliceosome","15/1496","91/25730",0.164835164835165,2.83503261444438,4.35691052215373,0.00022991860405745,0.00238638528720603,0.00170881722906527,"21841/13046/664883/14105/14007/105559/66880/13992/93686/56758/225027/384569/67040/13548/20218",15,"ADP_H_vs_ADP_N"
"GO:0071786","endoplasmic reticulum tubular network organization","7/1496","23/25730",0.304347826086957,5.23453847942339,5.04787975848236,0.00023785924071052,0.00242196147918964,0.00173429224776072,"20168/104001/54208/73991/52250/19325/69605",7,"ADP_H_vs_ADP_N"
"GO:0002209","behavioral defense response","12/1496","63/25730",0.19047619047619,3.27603768780239,4.49393583226157,0.000240091823766256,0.00243553821974122,0.00174401413478938,"383348/218461/56710/58234/15560/72194/68166/16795/17257/328572/14806/12290",12,"ADP_H_vs_ADP_N"
"GO:0098659","inorganic cation import across plasma membrane","19/1496","133/25730",0.142857142857143,2.4570282658518,4.18566013429023,0.000253914468278399,0.00256136810924412,0.0018341170549954,"19055/12287/11931/83814/13383/109676/16519/76376/107723/110893/20541/53416/19122/19056/12290/331004/14360/12289/11933",19,"ADP_H_vs_ADP_N"
"GO:0070252","actin-mediated cell contraction","17/1496","114/25730",0.149122807017544,2.56479266347687,4.16023887689794,0.000314807548990839,0.003089334226238,0.00221217737992228,"83814/18578/13383/238161/12296/93742/109676/238871/108058/20265/140492/12293/22290/71653/11938/12289/14168",17,"ADP_H_vs_ADP_N"
"GO:0062197","cellular response to chemical stress","38/1496","362/25730",0.104972375690608,1.80544065943806,3.83450597353622,0.00032812236834347,0.00319683249877082,0.00228915359209709,"108655/53618/18099/26398/231549/11352/19272/93686/107723/12876/101476/211329/18764/20541/53416/170719/64930/227743/14479/11863/18484/14158/56717/11909/19156/328572/67452/71701/21974/11938/26408/14360/74370/29819/56273/52463/69568/56438",38,"ADP_H_vs_ADP_N"
"GO:0034776","response to histamine","5/1496","12/25730",0.416666666666667,7.16633244206774,5.30840024325407,0.000370353947137219,0.00353828453552437,0.00253365691116802,"14402/14406/14400/14401/14394",5,"ADP_H_vs_ADP_N"
"GO:0098917","retrograde trans-synaptic signaling","5/1496","12/25730",0.416666666666667,7.16633244206774,5.30840024325407,0.000370353947137219,0.00353828453552437,0.00253365691116802,"18795/54725/23964/223254/20983",5,"ADP_H_vs_ADP_N"
"GO:0099637","neurotransmitter receptor transport","8/1496","32/25730",0.25,4.29979946524064,4.64063672972798,0.000384096897405319,0.00365668346791672,0.00261843875115827,"70546/216831/65114/18196/83493/76742/74053/53330",8,"ADP_H_vs_ADP_N"
"GO:0008298","intracellular mRNA localization","6/1496","18/25730",0.333333333333333,5.73306595365419,4.9908621839907,0.000387046413100526,0.00367829898204482,0.00263391695711069,"80913/75786/72162/29819/15194/53872",6,"ADP_H_vs_ADP_N"
"GO:0034976","response to endoplasmic reticulum stress","32/1496","290/25730",0.110344827586207,1.89784252258897,3.82036901473011,0.000395581958115934,0.0037528326919685,0.00268728825819378,"23797/66861/11820/14084/56637/69232/20747/12330/17344/320709/77128/226641/14950/269695/22027/68889/230249/52552/140630/30940/26754/59025/53323/26408/217365/67490/20338/23802/230908/68292/74315/93736",32,"ADP_H_vs_ADP_N"
"GO:0021675","nerve development","16/1496","106/25730",0.150943396226415,2.59610533750378,4.09124717267273,0.000406462133483611,0.00383339037057421,0.00274497313828123,"14402/243743/14042/110862/20265/270190/16795/18186/14401/77018/13405/69597/13838/110532/18187/20273",16,"ADP_H_vs_ADP_N"
"GO:0046785","microtubule polymerization","16/1496","106/25730",0.150943396226415,2.59610533750378,4.09124717267273,0.000406462133483611,0.00383339037057421,0.00274497313828123,"76499/76707/102747/11789/20257/260315/75786/17257/83679/17756/22680/14544/14168/227634/13548/171567",16,"ADP_H_vs_ADP_N"
"GO:0031146","SCF-dependent proteasomal ubiquitin-dependent protein catabolic process","12/1496","67/25730",0.17910447761194,3.0804533482321,4.23649179406448,0.000435376010283936,0.00408453541236194,0.00292481039117665,"50758/12234/56637/72194/72179/26409/107035/56717/242960/67490/216742/56438",12,"ADP_H_vs_ADP_N"
"GO:0042886","amide transport","42/1496","419/25730",0.100238663484487,1.72402460658813,3.71253352701255,0.000435824528031235,0.00408453541236194,0.00292481039117665,"19055/20614/19726/207227/13640/14682/12361/56508/26383/218461/93691/13839/15560/18795/26921/18189/12876/108116/319613/14661/19276/17250/18751/268860/22063/16573/19056/19156/16443/69597/12290/76303/12289/74370/76055/20913/230908/15194/109689/58869/14672/116838",42,"ADP_H_vs_ADP_N"
"GO:0003007","heart morphogenesis","33/1496","305/25730",0.108196721311475,1.86089681774349,3.75781365164557,0.000460876748477852,0.00427494751113788,0.00306115864841544,"17999/17248/16337/239719/14042/268902/228790/106042/381157/12876/75302/18764/20563/21676/20541/99683/18186/225164/77044/12540/22290/56717/12168/11909/21821/66923/20666/18187/22762/399558/20662/50768/20564",33,"ADP_H_vs_ADP_N"
"GO:0010827","regulation of D-glucose transmembrane transport","15/1496","97/25730",0.154639175257732,2.6596697723138,4.06885797652648,0.000468222297396331,0.00432825970135824,0.0030993338708559,"14783/16337/20411/74741/109880/74011/18751/18750/17258/13982/76055/20913/237542/98496/12388",15,"ADP_H_vs_ADP_N"
"GO:0043112","receptor metabolic process","14/1496","87/25730",0.160919540229885,2.76768701210892,4.10341346860652,0.000473345481045107,0.00434595334037516,0.00311200374246426,"53618/83814/17999/18195/53623/78610/16396/18196/231876/54673/22284/99371/56273/407821",14,"ADP_H_vs_ADP_N"
"GO:1904659","D-glucose transmembrane transport","18/1496","129/25730",0.13953488372093,2.39988807362268,3.96026641157644,0.000487814032611209,0.00446366320043061,0.00319629215891235,"14783/16337/20411/74741/109880/74011/64930/18751/242773/18750/17258/13982/76055/20913/237542/98496/12488/12388",18,"ADP_H_vs_ADP_N"
"GO:0043413","macromolecule glycosylation","23/1496","186/25730",0.123655913978495,2.1267825311943,3.83192343736992,0.000522053866925904,0.00474321294142871,0.00339646914473243,"53618/94229/14042/108155/212996/278279/80286/246179/26877/107895/67422/16795/387314/17294/140484/338337/13480/56374/76055/320011/14043/68292/14348",23,"ADP_H_vs_ADP_N"
"GO:0048511","rhythmic process","37/1496","358/25730",0.103351955307263,1.77757072864697,3.6810249728868,0.000524874825489553,0.00474665597608833,0.00339893459613215,"14402/19091/239188/66797/192167/20851/12234/108155/17978/16001/238871/56637/11906/14400/224671/16508/19211/20274/101476/16531/56717/381413/214899/18667/328572/11538/22215/18628/22284/13982/209224/19090/230908/12995/109689/13548/20564",37,"ADP_H_vs_ADP_N"
"GO:0006979","response to oxidative stress","43/1496","436/25730",0.0986238532110092,1.69625116518668,3.64304990859124,0.000526107853062539,0.00474987706673296,0.00340124112023764,"108655/53618/11820/26398/11352/19272/93686/12876/101476/16396/211329/20541/170719/64930/17250/11990/227743/19122/11863/18484/14158/75747/11909/19156/328572/18750/67452/71701/30940/21974/53901/11938/26408/12325/14360/29819/26395/12488/18033/56273/52463/69568/56438",43,"ADP_H_vs_ADP_N"
"GO:0042711","maternal behavior","6/1496","19/25730",0.315789473684211,5.43132564030397,4.8008228466397,0.000537973935162854,0.00483284379233363,0.00346065104490725,"15165/14682/56710/19211/77128/27386",6,"ADP_H_vs_ADP_N"
"GO:1902275","regulation of chromatin organization","7/1496","26/25730",0.269230769230769,4.63055327025915,4.60175856826822,0.000547376365863384,0.00486088159652779,0.00348072805557648,"70122/72895/13831/24086/320595/99982/13548",7,"ADP_H_vs_ADP_N"
"GO:0008611","ether lipid biosynthetic process","5/1496","13/25730",0.384615384615385,6.61507610037022,5.0313191744041,0.000573054882854626,0.00500888202057436,0.00358670661481234,"28042/212862/14712/228061/67420",5,"ADP_H_vs_ADP_N"
"GO:0034088","maintenance of mitotic sister chromatid cohesion","5/1496","13/25730",0.384615384615385,6.61507610037022,5.0313191744041,0.000573054882854626,0.00500888202057436,0.00358670661481234,"105377/68501/21951/19645/74549",5,"ADP_H_vs_ADP_N"
"GO:0071233","cellular response to L-leucine","5/1496","13/25730",0.384615384615385,6.61507610037022,5.0313191744041,0.000573054882854626,0.00500888202057436,0.00358670661481234,"22222/56717/75747/328572/74370",5,"ADP_H_vs_ADP_N"
"GO:0002011","morphogenesis of an epithelial sheet","12/1496","69/25730",0.173913043478261,2.99116484538479,4.11490365816516,0.000574952575896311,0.00500888202057436,0.00358670661481234,"76499/76707/93742/19211/75415/56363/56717/12675/20666/20662/232906/11848",12,"ADP_H_vs_ADP_N"
"GO:0099149","regulation of postsynaptic neurotransmitter receptor internalization","9/1496","42/25730",0.214285714285714,3.68554239877769,4.32769066532017,0.000576987701834669,0.00500888202057436,0.00358670661481234,"83814/17999/96935/21912/67979/104015/108086/18222/208650",9,"ADP_H_vs_ADP_N"
"GO:1902882","regulation of response to oxidative stress","9/1496","42/25730",0.214285714285714,3.68554239877769,4.32769066532017,0.000576987701834669,0.00500888202057436,0.00358670661481234,"53618/211329/170719/64930/227743/75747/67452/30940/56438",9,"ADP_H_vs_ADP_N"
"GO:0042594","response to starvation","28/1496","248/25730",0.112903225806452,1.9418449197861,3.70299548718391,0.000617068897819288,0.0053053741454098,0.00379901552147433,"29869/19775/12660/67579/228361/67760/26413/68837/27377/72238/74302/64930/319481/56717/12168/75747/192197/11909/218035/219022/54673/26408/74370/18481/216742/56438/17168/76267",28,"ADP_H_vs_ADP_N"
"GO:0070085","glycosylation","24/1496","200/25730",0.12,2.06390374331551,3.75281042043391,0.000618976640188111,0.0053053741454098,0.00379901552147433,"53618/94229/14042/108155/212996/278279/80286/246179/26877/107895/67422/16795/238123/387314/17294/140484/338337/13480/56374/76055/320011/14043/68292/14348",24,"ADP_H_vs_ADP_N"
"GO:0071711","basement membrane organization","9/1496","43/25730",0.209302325581395,3.59983211043403,4.23923543596499,0.000692503443132017,0.00584893317745664,0.0041882414540827,"76499/76707/14042/246179/106042/16795/20733/399558/16412",9,"ADP_H_vs_ADP_N"
"GO:0097284","hepatocyte apoptotic process","7/1496","27/25730",0.259259259259259,4.45905129728659,4.46798467702225,0.000702160462747619,0.00588445187166345,0.00421367530038569,"16001/56637/110829/56417/11909/19645/223922",7,"ADP_H_vs_ADP_N"
"GO:2000134","negative regulation of G1/S transition of mitotic cell cycle","11/1496","61/25730",0.180327868852459,3.10149469623915,4.08275612728773,0.000702831892369624,0.00588445187166345,0.00421367530038569,"12298/13383/225131/11789/227331/19211/18764/19645/69274/19090/214498",11,"ADP_H_vs_ADP_N"
"GO:0048872","homeostasis of number of cells","43/1496","443/25730",0.0970654627539503,1.66944809937108,3.53130167318389,0.000728404863611583,0.00607976755960546,0.00435353486725924,"23797/18578/18970/319817/20851/14042/12558/20663/18015/107975/56710/75974/228790/18795/227331/16423/381305/93686/20239/207615/74383/64602/11518/56417/19056/17761/21821/245944/19645/71591/19090/67490/74256/107371/11479/20662/216892/99982/20687/74769/100503572/234549/231670",43,"ADP_H_vs_ADP_N"
"GO:0036503","ERAD pathway","16/1496","112/25730",0.142857142857143,2.4570282658518,3.83945052946213,0.000756490961821837,0.00626591978622154,0.00448683276084576,"66861/14084/12330/14950/269695/22027/68889/230249/140630/30940/59025/217365/20338/23802/68292/74315",16,"ADP_H_vs_ADP_N"
"GO:0140694","membraneless organelle assembly","44/1496","459/25730",0.0958605664488017,1.64872484941689,3.48433867339661,0.000821921467663642,0.00668612429237944,0.00478772830512485,"21841/76499/233908/76707/20842/215351/108155/13209/50876/12121/13196/225288/74103/106042/381305/27041/19211/20239/52023/80913/74383/110911/68729/72831/229663/56233/233871/231464/212307/72068/22680/52535/72587/328572/13838/68142/19090/74203/53872/23881/193385/101592/16412/11848",44,"ADP_H_vs_ADP_N"
"GO:0001678","intracellular glucose homeostasis","25/1496","216/25730",0.115740740740741,1.99064790057437,3.63263382016426,0.000822034110896199,0.00668612429237944,0.00478772830512485,"19055/56490/13640/26383/108155/218461/16001/93691/13839/26921/231549/18189/107723/68837/12876/319613/19276/16573/19056/12290/76303/12289/74370/20913/109689",25,"ADP_H_vs_ADP_N"
"GO:0090287","regulation of cellular response to growth factor stimulus","35/1496","341/25730",0.102639296187683,1.76531356344191,3.53474835019642,0.000827481018864614,0.00669024578983524,0.0047906795829004,"17999/320150/12361/18007/14783/52662/20320/108155/81907/20340/13855/94093/18189/230597/94187/20563/18186/329506/14479/18751/213262/50766/19042/13405/328572/18607/54673/381290/20666/93836/320460/66313/52463/74769/16412",35,"ADP_H_vs_ADP_N"
"GO:0060736","prostate gland growth","5/1496","14/25730",0.357142857142857,6.14257066462949,4.78197471979861,0.000848869961047473,0.00678219554423917,0.00485652197866781,"19211/19116/19156/22215/13982",5,"ADP_H_vs_ADP_N"
"GO:0044093","positive regulation of molecular function","30/1496","279/25730",0.10752688172043,1.849376114082,3.54416896540919,0.000901215085820752,0.00711644623890818,0.00509586863779265,"241694/227801/75974/13839/105445/76089/67974/329260/109934/14158/26409/67154/228850/192197/11909/73086/328572/69179/72149/68652/26754/22284/13982/75909/12289/14168/193385/16180/232906/11848",30,"ADP_H_vs_ADP_N"
"GO:0048863","stem cell differentiation","32/1496","305/25730",0.104918032786885,1.8045060050846,3.51166781712801,0.000939465761097092,0.00737548699690282,0.00528135977062209,"70122/80912/50758/234267/229542/14042/12558/76804/381695/116871/56637/106042/76626/26413/58202/214968/18186/12540/17765/12168/17125/18750/20354/72162/13982/11772/19090/67490/18187/14536/231670/16412",32,"ADP_H_vs_ADP_N"
"GO:0033002","muscle cell proliferation","31/1496","293/25730",0.10580204778157,1.81971035389024,3.50611360851124,0.000975720470503549,0.00755669742265036,0.00541111899234701,"108655/19091/17967/14083/20851/18015/16001/238871/56637/208727/108058/11789/270190/234593/26413/19211/327826/77044/17420/26409/56717/12168/17125/18750/13982/26408/19090/22762/13548/12554/11848",31,"ADP_H_vs_ADP_N"
"GO:0007043","cell-cell junction assembly","21/1496","171/25730",0.12280701754386,2.11218219345154,3.62549042280628,0.000976669639322298,0.00755669742265036,0.00541111899234701,"83814/66797/13383/12558/215654/93742/329165/12552/12564/17475/13823/19277/56233/14158/14712/18750/21872/241201/12554/16412/11848",21,"ADP_H_vs_ADP_N"
"GO:0051938","L-glutamate import","9/1496","45/25730",0.2,3.43983957219251,4.06998155718208,0.00098016249669546,0.00755669742265036,0.00541111899234701,"78830/18015/54208/14816/67760/213498/245944/140919/16412",9,"ADP_H_vs_ADP_N"
"GO:0071248","cellular response to metal ion","23/1496","195/25730",0.117948717948718,2.02862333744687,3.58237005877311,0.00100709892449698,0.00772727319263474,0.00553326306362213,"14402/23859/192167/14406/110862/109880/18189/64602/18764/266692/53416/19122/17257/11518/22027/16510/17258/78506/237213/74020/68514/22042/241066",23,"ADP_H_vs_ADP_N"
"GO:0007059","chromosome segregation","42/1496","438/25730",0.0958904109589041,1.6492381510512,3.40497713122683,0.00105897008604783,0.00807949430439589,0.00578547778663639,"76499/76707/20842/80912/72930/215351/54418/78610/12877/11789/78798/106042/22210/24086/19211/52023/208718/80913/17222/329152/68501/77044/12540/212307/22680/77053/13000/13990/66923/22284/19645/66713/21974/68142/12995/231600/22196/193385/71978/52563/74549/11848",42,"ADP_H_vs_ADP_N"
"GO:0044088","regulation of vacuole organization","11/1496","64/25730",0.171875,2.95611213235294,3.89286494662157,0.00106584480104418,0.00809772971564702,0.00579853560470629,"170822/18711/74302/56717/19056/209131/21821/54673/227738/216742/209478",11,"ADP_H_vs_ADP_N"
"GO:1990089","response to nerve growth factor","11/1496","64/25730",0.171875,2.95611213235294,3.89286494662157,0.00106584480104418,0.00809772971564702,0.00579853560470629,"13383/20404/81907/20257/76089/78618/50791/84092/12488/18033/74053",11,"ADP_H_vs_ADP_N"
"GO:0071333","cellular response to glucose stimulus","23/1496","196/25730",0.11734693877551,2.01827321837826,3.55547499486183,0.0010796371441863,0.00816814861739834,0.00584896041800431,"19055/56490/13640/26383/108155/218461/16001/93691/13839/26921/18189/107723/12876/319613/19276/16573/19056/12290/76303/12289/74370/20913/109689",23,"ADP_H_vs_ADP_N"
"GO:0007031","peroxisome organization","8/1496","37/25730",0.216216216216216,3.71874548345137,4.11175003584957,0.00108830584204385,0.00821079769686841,0.00587950011425242,"66887/72759/68729/75734/11430/22284/58869/56273",8,"ADP_H_vs_ADP_N"
"GO:0060147","regulation of post-transcriptional gene silencing","8/1496","37/25730",0.216216216216216,3.71874548345137,4.11175003584957,0.00108830584204385,0.00821079769686841,0.00587950011425242,"80912/230393/80913/17257/15568/56417/380669/100715",8,"ADP_H_vs_ADP_N"
"GO:0009743","response to carbohydrate","31/1496","295/25730",0.105084745762712,1.80737333454183,3.46524732675144,0.00109001202832053,0.00821223248596983,0.00588052752267206,"19055/56490/13640/26383/108155/218461/16001/93691/13839/18795/26921/18189/107723/12876/319613/226525/19276/18751/15568/16573/19056/328572/18750/12290/11538/76303/12289/74370/20913/109689/18033",31,"ADP_H_vs_ADP_N"
"GO:0030032","lamellipodium assembly","12/1496","74/25730",0.162162162162162,2.78905911258852,3.82922402685338,0.00109548180912399,0.00821914814407844,0.00588547961309505,"329165/208727/68732/226251/19277/20563/12540/14158/56717/66713/12554/16412",12,"ADP_H_vs_ADP_N"
"GO:0045475","locomotor rhythm","7/1496","29/25730",0.241379310344828,4.15153051816338,4.21900658888665,0.00111442652581931,0.00829237429994944,0.00593791461487009,"66797/17978/11906/16508/19211/16531/56717",7,"ADP_H_vs_ADP_N"
"GO:0008037","cell recognition","22/1496","185/25730",0.118918918918919,2.04531001589825,3.54521616504572,0.00115079223991799,0.00852782703643739,0.00610651508978009,"11820/66797/13383/17967/20320/14042/17968/268902/13508/270190/54725/16423/74383/19283/18186/53870/319504/13838/14432/12488/13837/232906",22,"ADP_H_vs_ADP_N"
"GO:0006403","RNA localization","23/1496","197/25730",0.116751269035533,2.0080281766606,3.52873918993251,0.00115663320991727,0.00853607915275459,0.00611242417688965,"69823/12877/80913/66231/75786/72416/225027/21951/22608/71701/66118/72162/73473/54563/29819/66011/15194/381626/53872/23881/432508/74412/20218",23,"ADP_H_vs_ADP_N"
"GO:0140627","ubiquitin-dependent protein catabolic process via the C-end degron rule pathway","5/1496","15/25730",0.333333333333333,5.73306595365419,4.55574723149104,0.00121262281440376,0.00884088531039729,0.00633068650715856,"76788/66884/69554/56407/56438",5,"ADP_H_vs_ADP_N"
"GO:0006302","double-strand break repair","33/1496","323/25730",0.102167182662539,1.75719358951011,3.4024848048334,0.00123819137732409,0.00899099556429573,0.00643817585076801,"233908/18970/56469/105377/103537/54418/19714/78610/68166/13831/14050/68501/21761/77044/225888/104570/13000/13990/66923/66713/21974/229543/68142/19090/67490/12995/67956/59029/78656/99982/13548/108937/93765",33,"ADP_H_vs_ADP_N"
"GO:2000114","regulation of establishment of cell polarity","6/1496","22/25730",0.272727272727273,4.69069032571706,4.30278355092558,0.00127297675334529,0.00918204403844398,0.00657497979687068,"78757/11352/79264/71653/52822/193385",6,"ADP_H_vs_ADP_N"
"GO:0055075","potassium ion homeostasis","8/1496","38/25730",0.210526315789474,3.62088376020265,4.01703207912746,0.00130914242414721,0.00938045570318176,0.00671705629766423,"11931/110784/108058/22627/107723/16531/100503085/11933",8,"ADP_H_vs_ADP_N"
"GO:1901570","fatty acid derivative biosynthetic process","8/1496","38/25730",0.210526315789474,3.62088376020265,4.01703207912746,0.00130914242414721,0.00938045570318176,0.00671705629766423,"208982/72759/18484/11430/170439/14081/67420/76267",8,"ADP_H_vs_ADP_N"
"GO:0048660","regulation of smooth muscle cell proliferation","23/1496","202/25730",0.113861386138614,1.95832450892148,3.3973835754389,0.00161650492840709,0.0111549136269824,0.00798769113131761,"108655/19091/14083/20851/18015/16001/238871/56637/208727/108058/234593/19211/327826/17420/26409/56717/12168/18750/13982/26408/19090/12554/11848",23,"ADP_H_vs_ADP_N"
"GO:0061318","renal filtration cell differentiation","6/1496","23/25730",0.260869565217391,4.48674726807719,4.15645790987527,0.00163831234603992,0.0112338455424028,0.00804421185230792,"70350/14042/228790/19277/50791/12488",6,"ADP_H_vs_ADP_N"
"GO:0072112","podocyte differentiation","6/1496","23/25730",0.260869565217391,4.48674726807719,4.15645790987527,0.00163831234603992,0.0112338455424028,0.00804421185230792,"70350/14042/228790/19277/50791/12488",6,"ADP_H_vs_ADP_N"
"GO:0009914","hormone transport","41/1496","435/25730",0.0942528735632184,1.62107382137808,3.24590054584589,0.0016668012300938,0.011414743695851,0.00817374746542773,"19055/20614/19726/207227/13640/14682/12361/56508/26383/20394/218461/93691/13839/15560/18795/26921/18189/12876/319613/14661/19276/18751/268860/22063/54003/16573/19056/16443/12290/76303/20666/12289/74370/76055/20913/230908/15194/109689/58869/14672/116838",41,"ADP_H_vs_ADP_N"
"GO:0042593","glucose homeostasis","34/1496","342/25730",0.0994152046783626,1.70986177565125,3.28350209536893,0.00167270188191486,0.0114177647026415,0.00817591071562897,"19055/109241/56490/207227/13640/16337/94109/26383/235380/108155/218461/16001/93691/13839/26921/231549/18189/19271/107723/68837/20747/12876/319613/19276/228869/16573/19056/75747/12290/76303/12289/74370/20913/109689",34,"ADP_H_vs_ADP_N"
"GO:0043201","response to L-leucine","5/1496","16/25730",0.3125,5.3747493315508,4.34903640896984,0.00167988895477299,0.0114177647026415,0.00817591071562897,"22222/56717/75747/328572/74370",5,"ADP_H_vs_ADP_N"
"GO:0051290","protein heterotetramerization","5/1496","16/25730",0.3125,5.3747493315508,4.34903640896984,0.00167988895477299,0.0114177647026415,0.00817591071562897,"53623/18764/23874/432508/269061",5,"ADP_H_vs_ADP_N"
"GO:0098528","skeletal muscle fiber differentiation","5/1496","16/25730",0.3125,5.3747493315508,4.34903640896984,0.00167988895477299,0.0114177647026415,0.00817591071562897,"79221/208727/246179/16795/75805",5,"ADP_H_vs_ADP_N"
"GO:0042982","amyloid precursor protein metabolic process","12/1496","78/25730",0.153846153846154,2.64603044014809,3.61733929881133,0.00175148710746527,0.0118449508878145,0.00848180562587494,"20168/64294/11820/13383/216028/104001/19122/18196/68581/56321/13838/13548",12,"ADP_H_vs_ADP_N"
"GO:0060135","maternal process involved in female pregnancy","11/1496","68/25730",0.161764705882353,2.782223183391,3.65625092443344,0.0017774914992351,0.011961082548269,0.00856496394204816,"94109/192195/71069/29812/26413/56717/12168/18667/13982/13030/16650",11,"ADP_H_vs_ADP_N"
"GO:1902807","negative regulation of cell cycle G1/S phase transition","11/1496","68/25730",0.161764705882353,2.782223183391,3.65625092443344,0.0017774914992351,0.011961082548269,0.00856496394204816,"12298/13383/225131/11789/227331/19211/18764/19645/69274/19090/214498",11,"ADP_H_vs_ADP_N"
"GO:1903943","regulation of hepatocyte apoptotic process","4/1496","10/25730",0.4,6.87967914438503,4.62043477137537,0.00180049733141844,0.0120262565281057,0.00861163302781097,"16001/110829/56417/19645",4,"ADP_H_vs_ADP_N"
"GO:0002244","hematopoietic progenitor cell differentiation","22/1496","192/25730",0.114583333333333,1.97074142156863,3.35448174567614,0.00186088206032064,0.012353429069555,0.00884591123875331,"70122/14042/20663/381695/67299/109880/110893/19283/56417/11909/104082/72162/11772/19090/67490/223922/100715/20662/20687/216742/380993/231670",22,"ADP_H_vs_ADP_N"
"GO:0034248","regulation of amide metabolic process","12/1496","79/25730",0.151898734177215,2.61253638394368,3.56644570074571,0.00195803088020741,0.0129191879148399,0.00925103377596552,"20168/216028/104001/19122/56717/18201/68581/13838/228026/74370/29807/13548",12,"ADP_H_vs_ADP_N"
"GO:0006090","pyruvate metabolic process","19/1496","157/25730",0.121019108280255,2.08143158826936,3.37693527267511,0.00197264465367843,0.0129997762639611,0.00930874061826738,"56490/11820/16337/108155/208727/68837/18293/11863/56717/328572/57258/228026/74370/15194/29807/27364/235339/17436/270198",19,"ADP_H_vs_ADP_N"
"GO:0007625","grooming behavior","6/1496","24/25730",0.25,4.29979946524064,4.01828388384172,0.00207807288923518,0.0135299529338786,0.00968838385226676,"66797/58234/18189/170571/19063/15194",6,"ADP_H_vs_ADP_N"
"GO:0032526","response to retinoic acid","15/1496","112/25730",0.133928571428571,2.30346399923606,3.43478960518036,0.00210765891115029,0.0137061084294131,0.0098145233936802,"215378/56710/228790/56637/11352/93686/21676/104015/11518/14545/17761/17294/22042/13837/14547",15,"ADP_H_vs_ADP_N"
"GO:1903580","positive regulation of ATP metabolic process","9/1496","50/25730",0.18,3.09585561497326,3.68564542100731,0.00213510183299962,0.0138513133285736,0.00991850016338304,"78830/56490/11820/16337/11863/56717/74370/26395/98496",9,"ADP_H_vs_ADP_N"
"GO:0044319","wound healing, spreading of cells","8/1496","41/25730",0.195121951219512,3.35594104604148,3.75100329916225,0.00219133940951474,0.0141315304539778,0.010119155042684,"76499/76707/93742/19211/56363/56717/232906/11848",8,"ADP_H_vs_ADP_N"
"GO:0061744","motor behavior","8/1496","41/25730",0.195121951219512,3.35594104604148,3.75100329916225,0.00219133940951474,0.0141315304539778,0.010119155042684,"14402/320772/66797/14042/110862/17993/245944/110532",8,"ADP_H_vs_ADP_N"
"GO:0044065","regulation of respiratory system process","5/1496","17/25730",0.294117647058824,5.05858760616546,4.15898840007044,0.00226678520937691,0.0144631042157771,0.0103565848323773,"14660/192167/26383/17257/18516",5,"ADP_H_vs_ADP_N"
"GO:0090158","endoplasmic reticulum membrane organization","5/1496","17/25730",0.294117647058824,5.05858760616546,4.15898840007044,0.00226678520937691,0.0144631042157771,0.0103565848323773,"20168/104001/54208/73991/71116",5,"ADP_H_vs_ADP_N"
"GO:1903358","regulation of Golgi organization","5/1496","17/25730",0.294117647058824,5.05858760616546,4.15898840007044,0.00226678520937691,0.0144631042157771,0.0103565848323773,"71617/26413/83679/71116/26395",5,"ADP_H_vs_ADP_N"
"GO:0019233","sensory perception of pain","15/1496","113/25730",0.132743362831858,2.28307936207468,3.39620037516393,0.00230251437466131,0.0146519108967549,0.010491783499226,"23859/20269/26383/20265/14816/270190/16508/26413/20274/14823/17257/230085/12290/14360/20273",15,"ADP_H_vs_ADP_N"
"GO:0048545","response to steroid hormone","35/1496","362/25730",0.0966850828729282,1.66290587053505,3.15593270674011,0.00230449106221805,0.0146519108967549,0.010491783499226,"108655/69726/94186/17999/224829/17978/76804/19777/110784/56637/26381/14400/19211/93686/21372/12876/17344/70315/53416/77128/17250/72068/12314/67040/18667/328572/22215/245944/13982/84092/26395/67490/22196/20564/11848",35,"ADP_H_vs_ADP_N"
"GO:1904645","response to amyloid-beta","9/1496","51/25730",0.176470588235294,3.03515256369928,3.61457885952758,0.00246117192268254,0.0155567891542256,0.0111397390346805,"12287/11820/16001/56637/17250/19122/12293/13838/14360",9,"ADP_H_vs_ADP_N"
"GO:0071872","cellular response to epinephrine stimulus","4/1496","11/25730",0.363636363636364,6.25425376762275,4.33056983198284,0.00269969383309802,0.0167553124052525,0.0119979647335106,"18578/238161/238871/381290",4,"ADP_H_vs_ADP_N"
"GO:0097090","presynaptic membrane organization","4/1496","11/25730",0.363636363636364,6.25425376762275,4.33056983198284,0.00269969383309802,0.0167553124052525,0.0119979647335106,"192167/331461/243499/19211",4,"ADP_H_vs_ADP_N"
"GO:0010721","negative regulation of cell development","31/1496","313/25730",0.0990415335463259,1.70343493191642,3.11099027823906,0.00276148791333845,0.0171155377878197,0.0122559110690741,"19055/29869/319817/14083/18015/56710/56637/320191/381305/19211/76089/20563/214968/18186/16579/17257/21960/17756/360213/20983/52822/269023/234515/235106/22067/19645/20666/65254/14168/20187/99982",31,"ADP_H_vs_ADP_N"
"GO:1900544","positive regulation of purine nucleotide metabolic process","9/1496","52/25730",0.173076923076923,2.9767842451666,3.54523513023157,0.00282551149985045,0.0174325692422436,0.0124829275589844,"78830/56490/11820/16337/11863/56717/74370/26395/98496",9,"ADP_H_vs_ADP_N"
"GO:0071453","cellular response to oxygen levels","23/1496","211/25730",0.109004739336493,1.87479407963099,3.17015090084506,0.0028413183306238,0.0175101494846293,0.0125384803884183,"108155/54418/12877/67579/16508/19211/110893/64602/64930/17993/56717/20020/11909/328572/13838/228026/74370/26395/231207/22359/11964/74769/14688",23,"ADP_H_vs_ADP_N"
"GO:0001967","suckling behavior","5/1496","18/25730",0.277777777777778,4.77755496137849,3.98330730847615,0.0029897616694832,0.0181611747689786,0.0130046596044978,"68795/11820/192285/14660/217843",5,"ADP_H_vs_ADP_N"
"GO:0035384","thioester biosynthetic process","8/1496","43/25730",0.186046511627907,3.19985076483024,3.58703366985731,0.00300060022489124,0.0181611747689786,0.0130046596044978,"107476/18293/64451/170439/14081/228026/29807/235339",8,"ADP_H_vs_ADP_N"
"GO:0051647","nucleus localization","8/1496","43/25730",0.186046511627907,3.19985076483024,3.58703366985731,0.00300060022489124,0.0181611747689786,0.0130046596044978,"14083/67299/320191/24086/12540/18472/77053/13405",8,"ADP_H_vs_ADP_N"
"GO:0071616","acyl-CoA biosynthetic process","8/1496","43/25730",0.186046511627907,3.19985076483024,3.58703366985731,0.00300060022489124,0.0181611747689786,0.0130046596044978,"107476/18293/64451/170439/14081/228026/29807/235339",8,"ADP_H_vs_ADP_N"
"GO:0120161","regulation of cold-induced thermogenesis","18/1496","151/25730",0.119205298013245,2.05023550660481,3.21586706621714,0.00301414463142639,0.0182227918174518,0.0130487816809284,"14783/664883/108155/16001/67299/11789/26381/227120/333050/94187/19116/240028/384569/170439/14081/19645/224860/99982",18,"ADP_H_vs_ADP_N"
"GO:1903409","reactive oxygen species biosynthetic process","11/1496","73/25730",0.150684931506849,2.59165995165189,3.38355687007422,0.0031672976674951,0.0190636127386899,0.0136508677248181,"108155/208727/18711/17250/93734/11430/107338/12725/13405/14360/11848",11,"ADP_H_vs_ADP_N"
"GO:0007519","skeletal muscle tissue development","23/1496","213/25730",0.107981220657277,1.85719037935277,3.12116682034166,0.00320029719716372,0.0192408545139133,0.0137777851177619,"19055/108655/66797/79221/18015/208727/246179/270190/16656/74182/16795/56758/286940/19056/75805/67040/13405/328572/245944/19645/20666/227325/11848",23,"ADP_H_vs_ADP_N"
"GO:0032288","myelin assembly","6/1496","26/25730",0.230769230769231,3.96904566022213,3.76329178762649,0.0032175578600328,0.0192804324422541,0.0138061256569875,"12805/18711/13823/75786/14712/103199",6,"ADP_H_vs_ADP_N"
"GO:0002064","epithelial cell development","27/1496","264/25730",0.102272727272727,1.7590088721439,3.0798754001442,0.0032214723724469,0.0192825589409335,0.0138076483773967,"19726/14924/12558/93742/329165/228790/238871/18795/76089/50791/327826/16531/286940/14158/319448/11518/17761/68268/19156/13405/18667/18607/21821/21872/13982/20733/67694",27,"ADP_H_vs_ADP_N"
"GO:0097581","lamellipodium organization","13/1496","96/25730",0.135416666666667,2.32905804367201,3.24142571537315,0.00367843445705211,0.0217938354174229,0.015605896352264,"329165/208727/68732/226251/19277/20563/12540/14158/56717/67804/66713/12554/16412",13,"ADP_H_vs_ADP_N"
"GO:2000404","regulation of T cell migration","9/1496","54/25730",0.166666666666667,2.86653297682709,3.41140720268643,0.0036812551978848,0.0217938354174229,0.015605896352264,"11820/380916/11352/53416/17470/216892/193385/171486/11848",9,"ADP_H_vs_ADP_N"
"GO:0008643","carbohydrate transport","18/1496","154/25730",0.116883116883117,2.01029585387874,3.12433301432339,0.00372676524103919,0.0220203727200457,0.0157681127587358,"14783/16337/20411/74741/109880/74011/64930/18751/242773/18750/17258/13982/76055/20913/237542/98496/12488/12388",18,"ADP_H_vs_ADP_N"
"GO:0003056","regulation of vascular associated smooth muscle contraction","4/1496","12/25730",0.333333333333333,5.73306595365419,4.0745465308209,0.00386436377607843,0.0224425215337876,0.0160704005619749,"238130/68268/26395/11848",4,"ADP_H_vs_ADP_N"
"GO:0099612","protein localization to axon","4/1496","12/25730",0.333333333333333,5.73306595365419,4.0745465308209,0.00386436377607843,0.0224425215337876,0.0160704005619749,"243548/66797/13823/360213",4,"ADP_H_vs_ADP_N"
"GO:0030007","intracellular potassium ion homeostasis","5/1496","19/25730",0.263157894736842,4.52610470025331,3.82012187293428,0.00386540014602619,0.0224425215337876,0.0160704005619749,"11931/108058/22627/16531/11933",5,"ADP_H_vs_ADP_N"
"GO:0043473","pigmentation","15/1496","120/25730",0.125,2.14989973262032,3.13697101016523,0.00412630410491804,0.0236781666698528,0.0169552081028356,"14682/18015/67299/18711/320713/17250/11990/213827/26395/103199/216892/16553/320129/14672/17101",15,"ADP_H_vs_ADP_N"
"GO:0043547","positive regulation of GTPase activity","9/1496","55/25730",0.163636363636364,2.81441419543024,3.34678067102087,0.00417902788465523,0.0238795295898496,0.0170993979069004,"241694/227801/75974/105445/76089/329260/109934/228850/232906",9,"ADP_H_vs_ADP_N"
"GO:0010659","cardiac muscle cell apoptotic process","11/1496","76/25730",0.144736842105263,2.48935758513932,3.23067247076398,0.00435146607397151,0.0247084818896265,0.0176929851953934,"108058/228361/19211/75734/16579/18537/52040/18607/11938/26408/14688",11,"ADP_H_vs_ADP_N"
"GO:0048880","sensory system development","43/1496","487/25730",0.0882956878850103,1.51861500620409,2.87080553189458,0.00437869930176061,0.0248203196489902,0.0177730687808418,"18514/241688/15165/13383/29869/76260/234267/229759/18015/329165/270120/195727/50769/13508/11789/270190/106042/72759/330222/19893/16795/544696/327826/18186/226641/12168/77593/21821/81896/381290/20666/15312/23965/29819/18516/20662/71492/20687/13193/18986/14688/232906/140919",43,"ADP_H_vs_ADP_N"
"GO:0050658","RNA transport","19/1496","169/25730",0.112426035502959,1.93363762933899,3.02550223305161,0.00451483618984752,0.0254759037920875,0.0182425124556887,"69823/12877/66231/75786/72416/225027/21951/22608/71701/66118/73473/54563/66011/15194/381626/23881/432508/74412/20218",19,"ADP_H_vs_ADP_N"
"GO:0001666","response to hypoxia","32/1496","337/25730",0.0949554896142433,1.63315825385995,2.9069322849536,0.00452949254916845,0.0255320095097247,0.0182826880373358,"11931/108155/18015/54418/12877/108058/16508/19211/110893/64602/99237/20541/11863/17257/16531/18751/268860/56717/22027/11909/328572/13838/12325/228026/74370/26395/231207/11864/22359/74769/22042/14688",32,"ADP_H_vs_ADP_N"
"GO:0038179","neurotrophin signaling pathway","8/1496","46/25730",0.173913043478261,2.99116484538479,3.35830007965586,0.00462903282355231,0.0259849438395677,0.0186070204033709,"320150/81907/76089/50791/231876/54673/12488/20662",8,"ADP_H_vs_ADP_N"
"GO:0003179","heart valve morphogenesis","9/1496","56/25730",0.160714285714286,2.76415679908327,3.28359152707313,0.00472779161799813,0.0265118500980288,0.0189843217961459,"17248/268902/20563/56717/12168/19645/22762/20564/11848",9,"ADP_H_vs_ADP_N"
"GO:0006835","dicarboxylic acid transport","15/1496","122/25730",0.122950819672131,2.11465547470851,3.06617851852928,0.004822618977128,0.0268214856253618,0.0192060422897619,"78830/19091/18015/54208/14816/231549/67760/17250/213498/268860/20983/245944/12934/140919/16412",15,"ADP_H_vs_ADP_N"
"GO:0050795","regulation of behavior","15/1496","122/25730",0.122950819672131,2.11465547470851,3.06617851852928,0.004822618977128,0.0268214856253618,0.0192060422897619,"109241/16337/192167/26383/58234/11906/208727/18189/17257/65114/56717/170571/21821/18628/73668",15,"ADP_H_vs_ADP_N"
"GO:0007405","neuroblast proliferation","12/1496","88/25730",0.136363636363636,2.34534516285853,3.14097014330501,0.00486766593928333,0.0270311726542906,0.0193561927326372,"18015/67299/327826/195018/16579/19325/320265/18472/18222/14168/99982/16412",12,"ADP_H_vs_ADP_N"
"GO:0090140","regulation of mitochondrial fission","7/1496","37/25730",0.189189189189189,3.25390229801995,3.40873498865372,0.00489888630140022,0.0270311726542906,0.0193561927326372,"114874/68166/72759/75734/65114/67414/72108",7,"ADP_H_vs_ADP_N"
"GO:0042407","cristae formation","5/1496","20/25730",0.25,4.29979946524064,3.6678891816102,0.00491022224327523,0.0270311726542906,0.0193561927326372,"114896/66075/69597/66098/68316",5,"ADP_H_vs_ADP_N"
"GO:0060562","epithelial tube morphogenesis","37/1496","407/25730",0.0909090909090909,1.56356344190569,2.84739119978005,0.00492927496361294,0.0270810167118573,0.0193918845317751,"18514/108655/13383/13800/94109/18749/269152/14042/12234/58234/211401/106042/12808/170823/11352/381157/23908/18764/20563/21676/99683/18186/225164/64930/100503085/26409/18667/13838/81896/13982/20733/67937/50768/12388/232906/207304/11848",37,"ADP_H_vs_ADP_N"
"GO:0045926","negative regulation of growth","25/1496","247/25730",0.101214574898785,1.74080950009743,2.90666138501908,0.0051030747630113,0.0280074528786547,0.0200552770241526,"108655/29869/14083/56637/11789/19271/19211/20239/20563/214968/18186/17257/21960/17756/360213/12168/28185/77040/19645/19063/14168/11479/20187/229681/20564",25,"ADP_H_vs_ADP_N"
"GO:0009261","ribonucleotide catabolic process","19/1496","171/25730",0.111111111111111,1.9110219845514,2.96974857123619,0.00512800787923317,0.0281158083823948,0.0201328670732732,"56490/18578/11820/76654/16337/108155/218461/238871/208727/68837/18293/11863/56717/328572/14544/57258/74370/76952/270198",19,"ADP_H_vs_ADP_N"
"GO:0015807","L-amino acid transport","13/1496","100/25730",0.13,2.23589572192513,3.07660842017381,0.00523531825547492,0.0285998687670438,0.0204794878514145,"78830/18015/54208/14816/67760/330836/213498/245944/215113/103098/140919/16412/268706",13,"ADP_H_vs_ADP_N"
"GO:0051983","regulation of chromosome segregation","16/1496","135/25730",0.118518518518519,2.03842345018816,3.00558145782588,0.00527221125764082,0.0285998687670438,0.0204794878514145,"80912/72930/11789/80913/17222/329152/68501/77044/22680/13000/66923/19645/12995/231600/71978/52563",16,"ADP_H_vs_ADP_N"
"GO:0034982","mitochondrial protein processing","4/1496","13/25730",0.307692307692308,5.29206088029617,3.84584782445247,0.00532716772862234,0.0285998687670438,0.0204794878514145,"27377/93757/114896/69597",4,"ADP_H_vs_ADP_N"
"GO:0071871","response to epinephrine","4/1496","13/25730",0.307692307692308,5.29206088029617,3.84584782445247,0.00532716772862234,0.0285998687670438,0.0204794878514145,"18578/238161/238871/381290",4,"ADP_H_vs_ADP_N"
"GO:0099538","synaptic signaling via neuropeptide","4/1496","13/25730",0.307692307692308,5.29206088029617,3.84584782445247,0.00532716772862234,0.0285998687670438,0.0204794878514145,"14804/14816/14803/20983",4,"ADP_H_vs_ADP_N"
"GO:0140252","regulation protein catabolic process at postsynapse","4/1496","13/25730",0.307692307692308,5.29206088029617,3.84584782445247,0.00532716772862234,0.0285998687670438,0.0204794878514145,"83814/17999/208650/93765",4,"ADP_H_vs_ADP_N"
"GO:1900407","regulation of cellular response to oxidative stress","6/1496","29/25730",0.206896551724138,3.55845472985432,3.42504611661324,0.00572001490702287,0.0303480124890724,0.021731279893169,"53618/211329/170719/64930/227743/67452",6,"ADP_H_vs_ADP_N"
"GO:0060485","mesenchyme development","31/1496","329/25730",0.0942249240121581,1.62059311151927,2.81477827810162,0.00574684995452706,0.0304605540153357,0.0218118674244847,"50758/17999/17248/17967/52662/14083/14042/12558/20336/268902/56637/106042/225055/26413/19211/18764/214968/226778/21676/18186/12540/56717/12168/67040/20354/13838/18187/15194/99982/56438/13837",31,"ADP_H_vs_ADP_N"
"GO:0000910","cytokinesis","20/1496","186/25730",0.10752688172043,1.849376114082,2.88852919581849,0.00598736973393042,0.0315434326988624,0.0225872835994497,"20336/16001/54418/75914/54138/78610/11789/68166/74302/12540/73139/66482/12314/54673/66713/84092/107371/56194/16553/11848",20,"ADP_H_vs_ADP_N"
"GO:0098586","cellular response to virus","9/1496","58/25730",0.155172413793103,2.66884104739074,3.16128620711414,0.00599191291252159,0.0315434326988624,0.0225872835994497,"14042/56048/66878/107338/56417/12675/11909/28185/18033",9,"ADP_H_vs_ADP_N"
"GO:0031987","locomotion involved in locomotory behavior","5/1496","21/25730",0.238095238095238,4.09504710975299,3.52532383674273,0.00614050940650328,0.0318917923825774,0.0228367332724071,"319387/17257/65114/19056/53901",5,"ADP_H_vs_ADP_N"
"GO:0060134","prepulse inhibition","5/1496","21/25730",0.238095238095238,4.09504710975299,3.52532383674273,0.00614050940650328,0.0318917923825774,0.0228367332724071,"14804/66797/12386/18189/19211",5,"ADP_H_vs_ADP_N"
"GO:0097401","synaptic vesicle lumen acidification","5/1496","21/25730",0.238095238095238,4.09504710975299,3.52532383674273,0.00614050940650328,0.0318917923825774,0.0228367332724071,"11984/11966/12725/108664/11964",5,"ADP_H_vs_ADP_N"
"GO:0090132","epithelium migration","14/1496","115/25730",0.121739130434783,2.09381539176936,2.92085816790673,0.00691055737779683,0.0353489039806661,0.0253122647355313,"76499/19270/76707/14083/54357/70097/11789/26921/19211/212307/11855/56717/12339/12168",14,"ADP_H_vs_ADP_N"
"GO:0010665","regulation of cardiac muscle cell apoptotic process","10/1496","70/25730",0.142857142857143,2.4570282658518,3.03286702666111,0.00702627468911389,0.0357383380196525,0.0255911264930909,"108058/228361/19211/75734/16579/18537/52040/18607/11938/26408",10,"ADP_H_vs_ADP_N"
"GO:0001894","tissue homeostasis","29/1496","307/25730",0.0944625407166124,1.62467992823425,2.73576027617706,0.00712875016099089,0.0358888844071447,0.0256989281385751,"23797/13383/11787/20404/14042/18015/56710/227331/106042/107476/104871/53416/666173/17250/11863/11518/16826/12725/77593/320299/18750/11732/21872/245944/19645/15562/73137/12488/16412",29,"ADP_H_vs_ADP_N"
"GO:0060249","anatomical structure homeostasis","29/1496","307/25730",0.0944625407166124,1.62467992823425,2.73576027617706,0.00712875016099089,0.0358888844071447,0.0256989281385751,"23797/13383/11787/20404/14042/18015/56710/227331/106042/107476/104871/53416/666173/17250/11863/11518/16826/12725/77593/320299/18750/11732/21872/245944/19645/15562/73137/12488/16412",29,"ADP_H_vs_ADP_N"
"GO:0009083","branched-chain amino acid catabolic process","5/1496","22/25730",0.227272727272727,3.90890860476422,3.39134497644246,0.00757213665743211,0.0378048518648016,0.027070893604305,"66885/208982/78038/12040/58875",5,"ADP_H_vs_ADP_N"
"GO:0048532","anatomical structure arrangement","5/1496","22/25730",0.227272727272727,3.90890860476422,3.39134497644246,0.00757213665743211,0.0378048518648016,0.027070893604305,"243743/18186/13405/22284/18187",5,"ADP_H_vs_ADP_N"
"GO:0002360","T cell lineage commitment","7/1496","40/25730",0.175,3.00985962566845,3.16066427850653,0.00762580431719129,0.0378981486112158,0.0271377005396909,"109880/252838/56717/328572/19090/74256/11848",7,"ADP_H_vs_ADP_N"
"GO:0071539","protein localization to centrosome","7/1496","40/25730",0.175,3.00985962566845,3.16066427850653,0.00762580431719129,0.0378981486112158,0.0271377005396909,"56637/12121/11789/244329/320191/52023/15194",7,"ADP_H_vs_ADP_N"
"GO:0033044","regulation of chromosome organization","24/1496","242/25730",0.0991735537190083,1.70570557298802,2.74048891240356,0.00765229389527698,0.0379949367834238,0.0272070075778819,"103677/215351/105377/11789/244329/26413/17222/227195/329152/70315/68501/77044/74493/73139/21951/22680/328572/52040/66923/72162/19645/68142/231600/52563",24,"ADP_H_vs_ADP_N"
"GO:1905145","cellular response to acetylcholine","9/1496","61/25730",0.147540983606557,2.53758656965021,2.98720287027569,0.00835717768753296,0.0410806093769202,0.02941656297503,"234214/14682/20411/18795/16795/18751/22063/381290/14672",9,"ADP_H_vs_ADP_N"
"GO:0140115","export across plasma membrane","11/1496","83/25730",0.132530120481928,2.27941176470588,2.90065313787859,0.00848800743697652,0.0416481306939328,0.029822947564129,"11931/83814/17999/13383/240776/22627/110893/20541/17250/12314/11933",11,"ADP_H_vs_ADP_N"
"GO:0007041","lysosomal transport","15/1496","130/25730",0.115384615384615,1.98452283011107,2.79603229555898,0.00861888871992858,0.042061729906174,0.030119113260253,"17999/67095/320191/11736/65114/19156/218035/245944/19328/76742/218441/77963/16553/55943/17101",15,"ADP_H_vs_ADP_N"
"GO:0035641","locomotory exploration behavior","5/1496","23/25730",0.217391304347826,3.73895605673099,3.26503606126817,0.00922042118837436,0.0443021372613677,0.0317234001745266,"268890/94229/58234/21960/22215",5,"ADP_H_vs_ADP_N"
"GO:0046485","ether lipid metabolic process","5/1496","23/25730",0.217391304347826,3.73895605673099,3.26503606126817,0.00922042118837436,0.0443021372613677,0.0317234001745266,"28042/212862/14712/228061/67420",5,"ADP_H_vs_ADP_N"
"GO:0061709","reticulophagy","5/1496","23/25730",0.217391304347826,3.73895605673099,3.26503606126817,0.00922042118837436,0.0443021372613677,0.0317234001745266,"29869/12421/209131/67490/76559",5,"ADP_H_vs_ADP_N"
"GO:0048308","organelle inheritance","4/1496","15/25730",0.266666666666667,4.58645276292335,3.45209054882213,0.00926607375246992,0.0443021372613677,0.0317234001745266,"26413/666173/107338/26395",4,"ADP_H_vs_ADP_N"
"GO:0051645","Golgi localization","4/1496","15/25730",0.266666666666667,4.58645276292335,3.45209054882213,0.00926607375246992,0.0443021372613677,0.0317234001745266,"78610/320191/12540/213827",4,"ADP_H_vs_ADP_N"
"GO:0006515","protein quality control for misfolded or incompletely synthesized proteins","6/1496","32/25730",0.1875,3.22484959893048,3.12889279353963,0.00940791931515871,0.044728883943472,0.0320289803701203,"50758/66887/27377/69597/414872/66799",6,"ADP_H_vs_ADP_N"
"GO:0032801","receptor catabolic process","6/1496","32/25730",0.1875,3.22484959893048,3.12889279353963,0.00940791931515871,0.044728883943472,0.0320289803701203,"83814/17999/78610/16396/54673/407821",6,"ADP_H_vs_ADP_N"
"GO:0090148","membrane fission","6/1496","32/25730",0.1875,3.22484959893048,3.12889279353963,0.00940791931515871,0.044728883943472,0.0320289803701203,"20404/20336/75914/66482/54673/107371",6,"ADP_H_vs_ADP_N"
"GO:0045444","fat cell differentiation","27/1496","287/25730",0.0940766550522648,1.61804300434143,2.6160147168732,0.00966098152839548,0.0458663776856427,0.0328435047115986,"66797/76260/56469/26383/228790/56637/223435/15560/18795/72007/21372/94187/67544/75302/192157/56717/11909/17294/328572/207259/21821/12395/237542/319845/22762/71492/106326",27,"ADP_H_vs_ADP_N"
"GO:0048741","skeletal muscle fiber development","7/1496","42/25730",0.166666666666667,2.86653297682709,3.00787555765399,0.0099793603132029,0.0470071259274958,0.0336603595003686,"19055/66797/79221/208727/16795/19056/227325",7,"ADP_H_vs_ADP_N"
"GO:1900024","regulation of substrate adhesion-dependent cell spreading","9/1496","63/25730",0.142857142857143,2.4570282658518,2.87683792215738,0.010288577349426,0.0483795342897922,0.0346430989881531,"13640/14083/56637/109880/68732/29873/110829/18186/12540",9,"ADP_H_vs_ADP_N"
"GO:0007416","synapse assembly","49/440","320/25730",0.153125,8.95433238636364,18.8859905703452,5.48825991658909e-32,2.19749927060227e-28,1.58292970225833e-28,"18183/54725/210933/192167/54216/18191/14804/14402/319387/13640/243548/13508/18189/320840/216028/12558/331461/20320/14401/15569/238205/243743/14083/320772/330222/234267/243499/242384/11820/12934/208922/330908/259302/223254/19211/65945/219228/56637/14406/70546/14405/14407/64085/67299/270190/140580/17257/19876/14394",49,"ADP_C_vs_ADP_N"
"GO:0050803","regulation of synapse structure or activity","47/440","424/25730",0.110849056603774,6.48215051457976,15.0136230790626,1.99652411097149e-24,3.99704127016493e-21,2.87919792845363e-21,"210933/192167/54216/14804/319387/13640/243548/18189/14803/320840/319613/216028/12558/12386/331461/347722/15569/238205/14812/14083/13131/320772/234267/243499/242384/18472/11820/12934/208922/20616/330908/259302/223254/19211/65945/333605/170571/327814/56637/16423/64085/270190/19122/140580/17257/19876/12540",47,"ADP_C_vs_ADP_N"
"GO:0050807","regulation of synapse organization","46/440","415/25730",0.110843373493976,6.48181818181818,14.8498848671315,6.36533403214329e-24,8.49559915490058e-21,6.11965447300794e-21,"210933/192167/54216/14804/319387/13640/243548/18189/14803/320840/216028/12558/12386/331461/347722/15569/238205/14812/14083/13131/320772/234267/243499/242384/18472/11820/12934/208922/20616/330908/259302/223254/19211/65945/333605/170571/327814/56637/16423/64085/270190/19122/140580/17257/19876/12540",46,"ADP_C_vs_ADP_N"
"GO:0060078","regulation of postsynaptic membrane potential","29/440","179/25730",0.162011173184358,9.47397155916709,15.0062764754903,4.81339354219954e-20,4.81820693574174e-17,3.47071008042809e-17,"192167/20238/14804/14402/14169/116837/18189/14400/14803/81907/50873/19055/320127/13483/15165/16508/383348/14401/14812/11820/14802/19211/14806/116838/56637/14406/14407/17257/14394",29,"ADP_C_vs_ADP_N"
"GO:0099003","vesicle-mediated transport in synapse","37/440","329/25730",0.112462006079027,6.57647140093949,13.4275073272314,1.20523563616407e-19,9.65152697440188e-17,6.95230661703064e-17,"192167/14169/116837/18189/74053/50873/20404/19055/12558/20614/96935/227801/218038/12298/11984/20965/229521/218503/16510/231760/11980/78808/20616/27062/68566/19211/238988/65945/327814/116838/219228/224671/207227/94090/26414/73094/11966",37,"ADP_C_vs_ADP_N"
"GO:0099173","postsynapse organization","35/440","328/25730",0.106707317073171,6.23995288248337,12.5977714450713,6.52187334255422e-18,4.35226347726451e-15,3.13507595764887e-15,"54725/23859/192167/54216/18191/14804/319387/243548/18189/14803/81907/20404/234214/12558/331461/14812/16001/243499/18472/11820/12934/208922/259302/223254/19211/333605/327814/18186/70546/13383/67299/270190/19122/140580/12540",35,"ADP_C_vs_ADP_N"
"GO:1901888","regulation of cell junction assembly","34/440","325/25730",0.104615384615385,6.11762237762238,12.2465481583385,3.62212813265441e-17,1.61144456034981e-14,1.16077556531849e-14,"210933/192167/54216/14804/319387/13640/243548/18189/320840/216028/331461/76707/15569/238205/14083/320772/243499/242384/11820/12934/208922/76499/330908/259302/223254/19211/50768/65945/56637/18186/64085/270190/140580/19876",34,"ADP_C_vs_ADP_N"
"GO:0007626","locomotory behavior","32/440","294/25730",0.108843537414966,6.36487322201608,12.2031541600006,9.98000778441495e-17,3.99599511687974e-14,2.87844435045231e-14,"268890/20238/319387/14169/11906/13508/320840/50873/20614/12805/14167/16508/11899/16531/12298/13131/18472/11820/12288/17978/11994/19211/209012/19156/224671/94229/15560/26414/76192/80912/17257/15572",32,"ADP_C_vs_ADP_N"
"GO:0007611","learning or memory","34/440","369/25730",0.0921409214092141,5.38814979058882,11.1988858268357,1.70499022998354e-15,6.2061644371401e-13,4.47050069871284e-13,"210933/20238/18191/14402/17967/238871/18189/50873/94109/320127/20614/18795/218038/432572/383348/20320/14812/229521/18472/11820/12288/208922/11980/19211/218461/209012/56637/224671/224938/15560/64085/19122/17257/15572",34,"ADP_C_vs_ADP_N"
"GO:0016358","dendrite development","31/440","334/25730",0.092814371257485,5.4275313010343,10.7427530245988,2.5549639496308e-14,8.52506304526811e-12,6.1408782649021e-12,"210933/192167/13508/74053/19055/93686/12386/331461/329152/19091/13131/330222/18472/11820/208922/13047/68166/223254/19211/209012/93691/327814/56637/18186/239985/17756/270190/17257/19876/15572/12540",31,"ADP_C_vs_ADP_N"
"GO:0030534","adult behavior","24/440","203/25730",0.118226600985222,6.91356918943126,11.1573534019822,1.18518485241108e-13,3.38962867789569e-11,2.4416590192529e-11,"20238/18191/14169/18189/50873/14167/16531/12298/13131/330222/18472/11820/12288/217843/11994/19211/209012/219228/224671/14406/15560/76192/80912/17257",24,"ADP_C_vs_ADP_N"
"GO:0043954","cellular component maintenance","18/440","104/25730",0.173076923076923,10.1210664335664,12.2937748389477,1.90913656581501e-13,5.09612187301552e-11,3.67090118619868e-11,"54725/23859/210933/192167/319387/243548/116837/211401/243743/14812/16001/11820/231760/238988/116838/13383/69605/19122",18,"ADP_C_vs_ADP_N"
"GO:0048588","developmental cell growth","28/440","293/25730",0.0955631399317406,5.58827179646292,10.4186962973377,2.2902349084667e-13,5.73131285843792e-11,4.12844976920971e-11,"238161/13640/319974/116837/13508/81907/26398/50873/20404/52822/234214/108655/243743/19091/18472/11820/330914/76499/19211/14042/116838/56637/18186/17756/29869/108058/17257/19876",28,"ADP_C_vs_ADP_N"
"GO:0007269","neurotransmitter secretion","23/440","194/25730",0.118556701030928,6.9328725398313,10.9408943762663,3.6516315093764e-13,7.69533292818058e-11,5.54319686187886e-11,"192167/18191/116837/18189/50873/19055/320127/20614/12298/20965/229521/16510/231760/78808/20616/27062/238988/327814/116838/207227/94090/15893/15560",23,"ADP_C_vs_ADP_N"
"GO:0099643","signal release from synapse","23/440","194/25730",0.118556701030928,6.9328725398313,10.9408943762663,3.6516315093764e-13,7.69533292818058e-11,5.54319686187886e-11,"192167/18191/116837/18189/50873/19055/320127/20614/12298/20965/229521/16510/231760/78808/20616/27062/238988/327814/116838/207227/94090/15893/15560",23,"ADP_C_vs_ADP_N"
"GO:0048638","regulation of developmental growth","32/440","399/25730",0.0802005012531328,4.68990658464343,9.79803595787887,5.45286231846319e-13,1.09166303615633e-10,7.86360144873112e-11,"238161/13640/17967/116837/13508/109241/50873/52822/108655/18795/13046/243743/14083/16001/50769/18472/11820/12288/330914/26383/76499/19211/116838/56637/18186/11789/17756/26413/13383/73094/29869/17257",32,"ADP_C_vs_ADP_N"
"GO:0006836","neurotransmitter transport","25/440","252/25730",0.0992063492063492,5.80131673881674,10.1027902807922,1.96730612172524e-12,3.75099700542279e-10,2.70196429750735e-10,"192167/18191/116837/18189/50873/19055/320127/20614/12298/20965/229521/11820/16510/231760/78808/20616/27062/238988/327814/116838/207227/94090/15893/15560/21366",25,"ADP_C_vs_ADP_N"
"GO:0001764","neuron migration","23/440","224/25730",0.102678571428571,6.00436282467532,9.92236040807793,7.5196701729465e-12,1.25453164051991e-09,9.03679661134799e-10,"18183/210801/20745/319387/319974/11899/12386/56079/22253/19091/14083/13131/11787/320772/234267/18472/330914/18007/13176/20358/209012/56637/18186",23,"ADP_C_vs_ADP_N"
"GO:0098742","cell-cell adhesion via plasma-membrane adhesion molecules","25/440","281/25730",0.0889679715302491,5.20260433516661,9.34328680511272,2.16701081359214e-11,3.47068451904917e-09,2.50004615968104e-09,"210801/54725/192167/54216/14804/239857/319387/13640/13508/18189/12558/331461/20320/238205/13131/320865/320772/330222/11994/65945/219228/53870/64085/12552/19876",25,"ADP_C_vs_ADP_N"
"GO:0007411","axon guidance","24/440","264/25730",0.0909090909090909,5.31611570247934,9.29775400042842,3.49440767285098e-11,5.1820771563316e-09,3.73281755306498e-09,"210801/13640/17967/13508/76260/12805/108655/20320/243743/22253/11787/11820/18007/13176/20358/14042/93691/18186/108699/56839/53870/29869/270190/19876",24,"ADP_C_vs_ADP_N"
"GO:0051962","positive regulation of nervous system development","29/440","392/25730",0.0739795918367347,4.32612476808905,8.75303733514083,4.87760673051726e-11,6.21889836702016e-09,4.4796733597022e-09,"210933/192167/20238/14804/319387/13640/13508/18189/74053/52822/216028/331461/20320/14083/243499/242384/18472/330914/20616/330908/13047/65945/56637/18186/108138/64085/270190/17257/19876",29,"ADP_C_vs_ADP_N"
"GO:0060560","developmental growth involved in morphogenesis","25/440","292/25730",0.0856164383561644,5.00661581569116,9.08219918438759,4.97014854507105e-11,6.21889836702016e-09,4.4796733597022e-09,"54725/13640/319974/116837/13508/81907/50873/20404/52822/243743/19091/18472/11820/330914/76499/19211/14042/116838/269152/56637/18186/17756/29869/17257/19876",25,"ADP_C_vs_ADP_N"
"GO:0099565","chemical synaptic transmission, postsynaptic","18/440","146/25730",0.123287671232877,7.20952677459527,9.92462453772535,7.09107054318201e-11,8.60383225906084e-09,6.19761827378587e-09,"77531/192167/20238/14804/14402/116837/18189/81907/50873/19055/320127/14812/11820/19211/14806/116838/56637/17257",18,"ADP_C_vs_ADP_N"
"GO:0051648","vesicle localization","22/440","230/25730",0.0956521739130435,5.59347826086957,9.22993983741237,8.68117513911547e-11,1.02233603697113e-08,7.36421668147876e-09,"192167/116837/50873/319613/12558/20614/76707/20965/229521/18472/13426/12934/76499/20616/27062/19211/327814/219228/94090/17756/20336/17257",22,"ADP_C_vs_ADP_N"
"GO:0045927","positive regulation of growth","25/440","313/25730",0.0798722044728434,4.67070868428696,8.61833399333254,2.18270826487509e-10,2.42765663682219e-08,1.74871948706367e-08,"238161/13640/17967/116837/13508/50873/52822/18795/13046/14083/16001/50769/18472/21676/330914/116838/227743/56637/18186/56839/26413/13383/73094/17257/12540",25,"ADP_C_vs_ADP_N"
"GO:0099072","regulation of postsynaptic membrane neurotransmitter receptor levels","19/440","180/25730",0.105555555555556,6.17260101010101,9.18571903929773,3.16841465502081e-10,3.25290571248803e-08,2.34317305121647e-08,"23859/18191/14804/14803/81907/74053/50873/96935/18197/68566/65945/56637/74513/12325/70546/56839/26414/13383/20336",19,"ADP_C_vs_ADP_N"
"GO:0050905","neuromuscular process","21/440","228/25730",0.0921052631578947,5.38606459330144,8.77442574559497,4.7018061345911e-10,4.59171506412263e-08,3.30756066977654e-08,"14804/14169/18189/50873/94109/93686/109934/14167/12386/16531/14812/320772/50769/18472/11820/16510/11994/19211/218461/19156/17257",21,"ADP_C_vs_ADP_N"
"GO:1990806","ligand-gated ion channel signaling pathway","11/440","50/25730",0.22,12.865,11.076909617371,6.62338868276132e-10,6.31429721089913e-08,4.54839222826216e-08,"192167/14804/14803/14682/18795/14812/11820/14802/20866/14806/22063",11,"ADP_C_vs_ADP_N"
"GO:0097120","receptor localization to synapse","15/440","111/25730",0.135135135135135,7.90233415233415,9.61257541174144,7.50562129959518e-10,6.90087765857323e-08,4.97092507084774e-08,"23859/77531/192167/18191/81907/74053/20320/65945/56637/74513/70546/56839/26414/13383/20336",15,"ADP_C_vs_ADP_N"
"GO:0031346","positive regulation of cell projection organization","30/440","469/25730",0.0639658848614073,3.74055049428184,7.90064116557653,7.58338204238816e-10,6.90087765857323e-08,4.97092507084774e-08,"192167/13640/23964/319974/13508/74053/320840/52822/12805/235106/331461/20320/16001/234267/50769/18472/330914/20616/13176/13047/107035/14348/56637/18186/11789/75974/19876/15572/19762/12540",30,"ADP_C_vs_ADP_N"
"GO:0007163","establishment or maintenance of cell polarity","21/440","241/25730",0.0871369294605809,5.09552998868352,8.42569259172389,1.29542852726201e-09,1.10359485599087e-07,7.94955020089118e-08,"23859/243548/209630/52822/76260/244329/76707/16001/93742/18472/76499/20616/269152/56637/11789/17756/13383/67299/270190/20336/12540",21,"ADP_C_vs_ADP_N"
"GO:0001964","startle response","10/440","42/25730",0.238095238095238,13.9231601731602,11.0558363883182,1.74328388611748e-09,1.42451197551314e-07,1.0261219866728e-07,"14804/18189/50873/94109/12386/14812/16510/11994/19211/17257",10,"ADP_C_vs_ADP_N"
"GO:0031345","negative regulation of cell projection organization","20/440","224/25730",0.0892857142857143,5.22118506493506,8.36952096218142,2.1063634425072e-09,1.653701808588e-07,1.19121482610314e-07,"20745/192167/19270/52822/19055/235106/14812/64294/14083/13131/18472/18007/19211/56637/18186/17756/380711/29869/19122/19762",20,"ADP_C_vs_ADP_N"
"GO:0021953","central nervous system neuron differentiation","23/440","298/25730",0.0771812080536913,4.51334655277608,8.04641155403529,2.25327036088145e-09,1.73501817787871e-07,1.24978963336339e-07,"210801/20745/14804/14400/19883/14682/13046/243743/14083/13131/18472/11820/13176/19211/209012/19156/18186/94229/215378/270190/12552/19876/15572",23,"ADP_C_vs_ADP_N"
"GO:0006887","exocytosis","27/440","410/25730",0.0658536585365854,3.85094235033259,7.67559215239187,2.93275013459898e-09,2.17457991461746e-07,1.56642014986378e-07,"192167/17967/116837/18189/50873/19055/109934/20614/331461/76707/110862/12298/20965/229521/12288/16510/231760/78808/76499/27062/238988/327814/116838/207227/94090/107767/20336",27,"ADP_C_vs_ADP_N"
"GO:0035176","social behavior","12/440","73/25730",0.164383561643836,9.61270236612702,9.71988908909869,3.86060380723278e-09,2.7352362412769e-07,1.97027901075207e-07,"20238/18191/14402/13508/18189/14803/320840/19211/209012/14042/215378/17257",12,"ADP_C_vs_ADP_N"
"GO:0006874","intracellular calcium ion homeostasis","24/440","333/25730",0.0720720720720721,4.21457821457821,7.78786261313555,3.9159477247304e-09,2.7352362412769e-07,1.97027901075207e-07,"238161/238871/18795/20541/109676/11931/20320/12298/14812/11820/12288/240174/16510/26383/231760/94249/12296/20866/238988/65945/14806/15560/22063/108058",24,"ADP_C_vs_ADP_N"
"GO:0051703","biological process involved in intraspecies interaction between organisms","12/440","76/25730",0.157894736842105,9.23325358851675,9.48121773277892,6.2195496331058e-09,4.1505127884926e-07,2.98974842012454e-07,"20238/18191/14402/13508/18189/14803/320840/19211/209012/14042/215378/17257",12,"ADP_C_vs_ADP_N"
"GO:0048167","regulation of synaptic plasticity","26/440","398/25730",0.0653266331658292,3.82012334399269,7.47890948167192,6.82913828762994e-09,4.48260159076562e-07,3.22896271063089e-07,"192167/14804/14169/116837/14803/74053/320127/20614/20320/110862/14812/11820/208922/58178/19211/14806/56637/72555/94229/12325/70546/26413/240028/19122/108058/17257",26,"ADP_C_vs_ADP_N"
"GO:0001508","action potential","18/440","194/25730",0.0927835051546392,5.42572633552015,8.16154469021556,7.37779411769334e-09,4.76462703987809e-07,3.43211475084546e-07,"238161/14682/13483/14167/15165/108655/16508/109676/16531/110862/12298/14812/12288/12296/14806/13383/108058/17257",18,"ADP_C_vs_ADP_N"
"GO:0090075","relaxation of muscle","9/440","37/25730",0.243243243243243,14.2242014742015,10.6175982357948,9.38241496105705e-09,5.95471113185548e-07,4.28937076115569e-07,"238161/238871/20541/11931/16531/19091/18578/12325/108058",9,"ADP_C_vs_ADP_N"
"GO:1903539","protein localization to postsynaptic membrane","12/440","83/25730",0.144578313253012,8.45454545454546,8.97233136607443,1.74313203929945e-08,1.04171652020224e-06,7.50382056194893e-07,"23859/18191/81907/74053/65945/56637/74513/70546/56839/26414/13383/20336",12,"ADP_C_vs_ADP_N"
"GO:0055074","calcium ion homeostasis","24/440","363/25730",0.0661157024793388,3.86626596543952,7.25435195129595,2.08306208415228e-08,1.20877979491967e-06,8.7072312899729e-07,"238161/238871/18795/20541/109676/11931/20320/12298/14812/11820/12288/240174/16510/26383/231760/94249/12296/20866/238988/65945/14806/15560/22063/108058",24,"ADP_C_vs_ADP_N"
"GO:0051656","establishment of organelle localization","25/440","412/25730",0.0606796116504854,3.54837819947043,6.87798411534929,5.66383657832501e-08,2.98394758679123e-06,2.14943382612334e-06,"192167/116837/50873/319613/244329/20614/76707/14083/229521/93742/18472/13426/12934/76499/27062/68166/327814/94090/17756/54418/13383/67299/20336/17257/12540",25,"ADP_C_vs_ADP_N"
"GO:0099560","synaptic membrane adhesion","9/440","45/25730",0.2,11.6954545454545,9.47172532529601,5.92119329567466e-08,3.07902051375082e-06,2.21791792619939e-06,"54725/192167/239857/13640/18189/331461/238205/320772/219228",9,"ADP_C_vs_ADP_N"
"GO:0031503","protein-containing complex localization","14/440","132/25730",0.106060606060606,6.2021349862259,7.90367261167298,6.51249244425624e-08,3.31714632639798e-06,2.38944764034136e-06,"23859/238161/18191/81907/74053/241694/65945/56637/74513/70546/56839/26414/13383/20336",14,"ADP_C_vs_ADP_N"
"GO:0030307","positive regulation of cell growth","17/440","199/25730",0.085427135678392,4.99554591137506,7.46332111389601,6.54481917546056e-08,3.31714632639798e-06,2.38944764034136e-06,"238161/13640/116837/13508/50873/52822/14083/18472/21676/330914/116838/227743/56637/18186/56839/17257/12540",17,"ADP_C_vs_ADP_N"
"GO:1905475","regulation of protein localization to membrane","17/440","200/25730",0.085,4.97056818181818,7.43542205874294,7.04208727975033e-08,3.48105153927411e-06,2.50751385919635e-06,"81907/74053/50873/234214/13483/12558/269109/76499/223254/56637/74513/12325/70546/13383/19122/108058/20336",17,"ADP_C_vs_ADP_N"
"GO:0071805","potassium ion transmembrane transport","17/440","207/25730",0.0821256038647343,4.80248133509003,7.24519002450653,1.16099091529442e-07,5.60073207811909e-06,4.03438821548091e-06,"238161/13483/20614/15165/16508/109676/11931/16531/110862/269109/16510/94249/331004/13383/19122/107723/16519",17,"ADP_C_vs_ADP_N"
"GO:0043113","receptor clustering","11/440","83/25730",0.132530120481928,7.75,8.1243366333052,1.72522835488515e-07,7.62755277853197e-06,5.49437263083695e-06,"23859/192167/18189/234214/12558/14812/243499/223254/14806/70546/13383",11,"ADP_C_vs_ADP_N"
"GO:1990778","protein localization to cell periphery","24/440","410/25730",0.0585365853658537,3.42305986696231,6.52360413302003,2.02787387344663e-07,8.82565977095684e-06,6.3574077954734e-06,"23859/18191/81907/74053/320840/76260/13483/109676/11931/269109/218503/12296/65945/56637/74513/12325/70546/56839/26414/104718/13383/19122/108058/20336",24,"ADP_C_vs_ADP_N"
"GO:0008361","regulation of cell size","17/440","216/25730",0.0787037037037037,4.60237794612795,7.01278060555494,2.14111079397696e-07,9.09737086286217e-06,6.55313007104536e-06,"13640/13508/23797/52822/16531/243743/18472/330914/76499/330908/19211/56637/18186/17756/26409/29869/107723",17,"ADP_C_vs_ADP_N"
"GO:0031644","regulation of nervous system process","15/440","169/25730",0.0887573964497041,5.19029047875202,7.20878278080725,2.36701922440951e-07,9.77066492220172e-06,7.03812552890076e-06,"192167/116837/18189/81907/50873/78830/14167/14812/93742/11820/19211/14806/116838/56637/15560",15,"ADP_C_vs_ADP_N"
"GO:0007254","JNK cascade","16/440","194/25730",0.0824742268041237,4.82286785379569,7.04980481579528,2.58220082536239e-07,1.04435677825768e-05,7.52283919350658e-06,"14169/26398/50873/14167/18795/14083/16001/18472/11820/209012/14806/224938/26409/26414/270190/12540",16,"ADP_C_vs_ADP_N"
"GO:0006813","potassium ion transport","18/440","246/25730",0.0731707317073171,4.27882483370288,6.81577661557442,2.80577687387713e-07,1.11230996069347e-05,8.01232791498003e-06,"238161/14682/13483/20614/15165/16508/109676/11931/16531/110862/269109/16510/94249/331004/13383/19122/107723/16519",18,"ADP_C_vs_ADP_N"
"GO:0050767","regulation of neurogenesis","26/440","483/25730",0.0538302277432712,3.14784490871447,6.28542966740929,3.20425102451666e-07,1.25782559825144e-05,9.06052405281284e-06,"20238/13640/13508/74053/320840/52822/19055/235106/331461/20320/14083/13131/18472/330914/20616/330908/13047/19211/56637/18186/17756/108138/67299/29869/17257/19876",26,"ADP_C_vs_ADP_N"
"GO:1904062","regulation of monoatomic cation transmembrane transport","19/440","276/25730",0.0688405797101449,4.0256093544137,6.66580726662621,3.37169381047724e-07,1.29810211703374e-05,9.35064882662716e-06,"238161/238871/19055/13483/14167/20541/109676/11931/14812/269109/18578/12288/225055/12296/20866/22063/13383/19122/108058",19,"ADP_C_vs_ADP_N"
"GO:0040013","negative regulation of locomotion","22/440","363/25730",0.0606060606060606,3.54407713498623,6.43891081670948,3.64261769801401e-07,1.36308796849048e-05,9.81876290463197e-06,"18183/19270/380916/109934/18795/76707/260315/19091/14083/76499/52662/259302/228564/320271/19211/50768/56637/18186/56363/17257/12552/19876",22,"ADP_C_vs_ADP_N"
"GO:0051961","negative regulation of nervous system development","15/440","177/25730",0.0847457627118644,4.95570107858243,6.96550371977386,4.30993263180219e-07,1.55468200520144e-05,1.11988766345548e-05,"320840/52822/19055/235106/14083/13131/11820/330908/19211/56637/18186/17756/29869/17257/19876",15,"ADP_C_vs_ADP_N"
"GO:0060047","heart contraction","18/440","255/25730",0.0705882352941176,4.12780748663102,6.6208902015626,4.76353428352011e-07,1.70296350635844e-05,1.22669961812454e-05,"238161/238871/93686/244431/20541/16508/109676/11931/18578/12288/12296/14042/13383/22290/108058/17248/20112/12540",18,"ADP_C_vs_ADP_N"
"GO:0061577","calcium ion transmembrane transport via high voltage-gated calcium channel","6/440","19/25730",0.315789473684211,18.4665071770335,10.0458516383984,5.430501150801e-07,1.85843817160745e-05,1.3386930412231e-05,"238871/18578/12288/225055/12296/108058",6,"ADP_C_vs_ADP_N"
"GO:0017157","regulation of exocytosis","17/440","231/25730",0.0735930735930736,4.30352223534042,6.65250219977782,5.53938816531156e-07,1.87963645880572e-05,1.35396285218142e-05,"192167/116837/50873/19055/109934/331461/76707/12298/229521/16510/78808/76499/27062/327814/116838/207227/94090",17,"ADP_C_vs_ADP_N"
"GO:2000146","negative regulation of cell motility","21/440","344/25730",0.061046511627907,3.56983350951374,6.32922373887155,5.97150467522279e-07,1.97602518343736e-05,1.42339476381996e-05,"18183/19270/380916/109934/18795/76707/260315/19091/14083/76499/52662/259302/228564/320271/19211/50768/56637/56363/17257/12552/19876",21,"ADP_C_vs_ADP_N"
"GO:0051588","regulation of neurotransmitter transport","13/440","139/25730",0.0935251798561151,5.46909744931328,6.96862305475363,8.29467238748037e-07,2.69292088324921e-05,1.93979789160914e-05,"192167/116837/50873/19055/12298/11820/16510/78808/327814/116838/207227/15893/15560",13,"ADP_C_vs_ADP_N"
"GO:0021700","developmental maturation","23/440","413/25730",0.0556900726392252,3.2566035659256,6.09800185536744,8.64738304550273e-07,2.76992973713543e-05,1.99526985639389e-05,"23859/210933/192167/18189/319613/14682/18795/16531/110862/11984/13131/320772/11820/19211/19726/65945/14042/75302/56637/70546/17257/20112/11966",23,"ADP_C_vs_ADP_N"
"GO:0034776","response to histamine","5/440","12/25730",0.416666666666667,24.3655303030303,10.6785195302419,1.0255579071136e-06,3.15871835390989e-05,2.2753268546488e-05,"14402/14400/14401/14406/14394",5,"ADP_C_vs_ADP_N"
"GO:0051932","synaptic transmission, GABAergic","10/440","82/25730",0.121951219512195,7.13137472283814,7.33502181584535,1.37796066413708e-06,4.14838684150741e-05,2.98821703184455e-05,"192167/14402/14400/14401/19211/170571/14406/14405/14407/14394",10,"ADP_C_vs_ADP_N"
"GO:0106027","neuron projection organization","12/440","126/25730",0.0952380952380952,5.56926406926407,6.78173785176237,1.80830592332066e-06,5.40332605744473e-05,3.89219028271691e-05,"192167/331461/14812/16001/18472/11820/19211/327814/56637/270190/19122/12540",12,"ADP_C_vs_ADP_N"
"GO:0043254","regulation of protein-containing complex assembly","24/440","464/25730",0.0517241379310345,3.02468652037618,5.80512950754765,1.8373662169284e-06,5.44949209820837e-05,3.92544517300882e-05,"17967/116837/237860/207278/228361/260315/229521/78808/76499/20616/68566/209012/56637/94090/15893/11789/17756/26409/225288/13383/216742/105377/17257/12540",24,"ADP_C_vs_ADP_N"
"GO:0090257","regulation of muscle system process","18/440","283/25730",0.0636042402826855,3.71940250562159,6.06752805755688,2.13596187816192e-06,6.24262143077396e-05,4.49676184876194e-05,"238161/238871/19055/108655/20541/109676/11931/16531/19091/14083/18578/21676/12288/12296/56637/12325/13383/108058",18,"ADP_C_vs_ADP_N"
"GO:0033555","multicellular organismal response to stress","12/440","132/25730",0.0909090909090909,5.31611570247934,6.55753177432377,2.9559648764985e-06,8.34033377784187e-05,6.00781180695271e-05,"17967/19055/15165/383348/14812/68166/19211/218461/14042/14806/15560/17257",12,"ADP_C_vs_ADP_N"
"GO:0030900","forebrain development","24/440","477/25730",0.050314465408805,2.94225271583762,5.64770253867049,2.95786063050336e-06,8.34033377784187e-05,6.00781180695271e-05,"18183/17967/81907/76260/14682/244329/12558/18795/13046/243743/19091/13131/18472/11820/19211/50768/209012/14042/56637/18186/94229/67299/19876/15572",24,"ADP_C_vs_ADP_N"
"GO:0010959","regulation of metal ion transport","22/440","413/25730",0.0532687651331719,3.11501210653753,5.71538038162246,3.08318602592857e-06,8.51384610194345e-05,6.13279833832616e-05,"238161/14169/238871/23797/14682/19055/13483/12805/14167/20541/109676/11931/269109/18578/12288/225055/12296/20866/22063/13383/19122/108058",22,"ADP_C_vs_ADP_N"
"GO:0035265","organ growth","16/440","234/25730",0.0683760683760684,3.998445998446,6.07759158666444,3.10996281847228e-06,8.52896652408426e-05,6.14369006677293e-05,"238161/17967/26398/234214/108655/19091/14083/12288/19116/19211/14042/19156/56637/11789/26413/108058",16,"ADP_C_vs_ADP_N"
"GO:0051017","actin filament bundle assembly","14/440","182/25730",0.0769230769230769,4.49825174825175,6.24700246260276,3.29567780202901e-06,8.97679858457426e-05,6.46627796459685e-05,"50873/76260/211401/76707/76499/68166/11994/50768/18186/56363/225288/54418/16423/12540",14,"ADP_C_vs_ADP_N"
"GO:0008090","retrograde axonal transport","6/440","26/25730",0.230769230769231,13.4947552447552,8.4077046674088,4.16327321857445e-06,0.000109669381362974,7.899839763777e-05,"23859/81907/52822/18472/68566/17257",6,"ADP_C_vs_ADP_N"
"GO:0032970","regulation of actin filament-based process","22/440","421/25730",0.0522565320665083,3.05581947743468,5.60985851878524,4.19458892085328e-06,0.000109772117902592,7.90724020855726e-05,"238161/13640/238871/50873/76260/237860/109676/12386/207278/211401/76707/93742/18578/12288/76499/50768/18186/56363/225288/16423/13383/12540",22,"ADP_C_vs_ADP_N"
"GO:0032231","regulation of actin filament bundle assembly","11/440","117/25730",0.094017094017094,5.49786324786325,6.43179702214173,5.51338183716502e-06,0.000137972380475055,9.93859620646852e-05,"50873/76260/211401/76707/76499/50768/18186/56363/225288/16423/12540",11,"ADP_C_vs_ADP_N"
"GO:0030100","regulation of endocytosis","20/440","365/25730",0.0547945205479452,3.20423412204234,5.59435596844034,5.69653925244532e-06,0.000141670454452118,0.00010204980419549,"192167/50873/20404/19055/109934/96935/218038/14083/229521/93742/11820/20616/68566/19211/224671/16423/11736/73094/19762/12540",20,"ADP_C_vs_ADP_N"
"GO:0048512","circadian behavior","9/440","76/25730",0.118421052631579,6.92494019138756,6.82301928445259,5.96192650776561e-06,0.000147355269982059,0.000106144760437152,"192167/14402/11906/16508/16531/17978/19211/224671/26414",9,"ADP_C_vs_ADP_N"
"GO:0010880","regulation of release of sequestered calcium ion into cytosol by sarcoplasmic reticulum","6/440","28/25730",0.214285714285714,12.5308441558442,8.052301646906,6.61813270342813e-06,0.000160403556146733,0.000115543862411811,"238161/238871/20541/109676/12288/108058",6,"ADP_C_vs_ADP_N"
"GO:0042982","amyloid precursor protein metabolic process","9/440","78/25730",0.115384615384615,6.74737762237762,6.70532442859258,7.40515380068766e-06,0.000173393191917856,0.00012490071661363,"104001/20168/216028/64294/11820/16432/56321/13383/19122",9,"ADP_C_vs_ADP_N"
"GO:0006816","calcium ion transport","23/440","472/25730",0.048728813559322,2.8495281201849,5.3492862157444,8.01054299285217e-06,0.000186477989205698,0.00013432611872959,"238161/226025/238871/19055/18795/20541/109676/11931/12298/14812/234267/18578/11820/12288/225055/94249/12296/20866/12325/15560/22063/19122/108058",23,"ADP_C_vs_ADP_N"
"GO:0030073","insulin secretion","17/440","284/25730",0.0598591549295775,3.50040012804097,5.58884799826235,9.11972343706244e-06,0.00020747370819317,0.000149450013262865,"13640/18189/50873/319613/14682/19055/20614/18795/12288/26383/20866/218461/19726/93691/116838/207227/22063",17,"ADP_C_vs_ADP_N"
"GO:0055017","cardiac muscle tissue growth","11/440","124/25730",0.0887096774193548,5.1875,6.16535614784756,9.65736976619998e-06,0.000218463890078332,0.000157366596249705,"238161/17967/26398/234214/108655/19091/19211/56637/11789/26413/108058",11,"ADP_C_vs_ADP_N"
"GO:0010038","response to metal ion","20/440","381/25730",0.05249343832021,3.06967310904319,5.36842890651083,1.07038818090543e-05,0.000236786424107477,0.000170564909315549,"23859/192167/14402/17967/18189/50873/19055/78830/15165/16531/110862/11820/16510/11994/20866/56637/14406/22063/19122/17257",20,"ADP_C_vs_ADP_N"
"GO:0070050","neuron cellular homeostasis","9/440","82/25730",0.109756097560976,6.41823725055432,6.48188868447522,1.12044455604211e-05,0.000246497802329264,0.000177560328719224,"50873/12298/11984/11820/16510/231760/12296/238988/11966",9,"ADP_C_vs_ADP_N"
"GO:0031338","regulation of vesicle fusion","7/440","47/25730",0.148936170212766,8.70938104448743,6.97764615096078,1.42070273053457e-05,0.000304197525832107,0.000219123303217828,"116837/20614/229521/231760/238988/116838/94090",7,"ADP_C_vs_ADP_N"
"GO:0099505","regulation of presynaptic membrane potential","6/440","32/25730",0.1875,10.9644886363636,7.43949951930771,1.50237283207437e-05,0.000318280466646866,0.000229267700355542,"14400/383348/16510/231760/14806/16519",6,"ADP_C_vs_ADP_N"
"GO:0008037","cell recognition","13/440","185/25730",0.0702702702702703,4.10921375921376,5.59818013291171,1.94571402691431e-05,0.000395463906790097,0.000284865425260231,"54725/17967/13508/17968/20320/11820/14042/18186/53870/16423/13383/270190/19876",13,"ADP_C_vs_ADP_N"
"GO:1902903","regulation of supramolecular fiber organization","20/440","399/25730",0.050125313283208,2.93119161540214,5.12801190361107,2.08230885491174e-05,0.000418973098244553,0.000301799855194825,"50873/76260/237860/12386/207278/211401/76707/260315/11820/76499/50768/18186/56363/11789/17756/225288/16423/13383/17257/12540",20,"ADP_C_vs_ADP_N"
"GO:0035592","establishment of protein localization to extracellular region","22/440","468/25730",0.047008547008547,2.74893162393162,5.03645860568142,2.18376799417409e-05,0.000430729411264682,0.000310268307183666,"13640/18189/320840/209630/50873/319613/14682/19055/20614/18795/18472/12288/18007/26383/20866/218461/19726/93691/19156/116838/207227/22063",22,"ADP_C_vs_ADP_N"
"GO:0042551","neuron maturation","8/440","69/25730",0.115942028985507,6.77997364953887,6.34128091493779,2.30445178262263e-05,0.000447913831923349,0.000322646800428513,"23859/210933/14682/16531/110862/11820/56637/17257",8,"ADP_C_vs_ADP_N"
"GO:0007207","phospholipase C-activating G protein-coupled acetylcholine receptor signaling pathway","4/440","11/25730",0.363636363636364,21.2644628099174,8.86681762632987,2.5310282298103e-05,0.000480295593941253,0.000345972429517597,"14682/18795/20866/22063",4,"ADP_C_vs_ADP_N"
"GO:0097090","presynaptic membrane organization","4/440","11/25730",0.363636363636364,21.2644628099174,8.86681762632987,2.5310282298103e-05,0.000480295593941253,0.000345972429517597,"192167/331461/243499/19211",4,"ADP_C_vs_ADP_N"
"GO:1990416","cellular response to brain-derived neurotrophic factor stimulus","4/440","11/25730",0.363636363636364,21.2644628099174,8.86681762632987,2.5310282298103e-05,0.000480295593941253,0.000345972429517597,"81907/74053/20404/13383",4,"ADP_C_vs_ADP_N"
"GO:0046328","regulation of JNK cascade","12/440","163/25730",0.0736196319018405,4.30507529280535,5.58339882866448,2.55429101814202e-05,0.00048181834138864,0.000347069313687595,"26398/50873/18795/16001/18472/11820/209012/14806/224938/26409/270190/12540",12,"ADP_C_vs_ADP_N"
"GO:0071692","protein localization to extracellular region","22/440","473/25730",0.0465116279069767,2.71987315010571,4.97965760036309,2.56517488333279e-05,0.00048181834138864,0.000347069313687595,"13640/18189/320840/209630/50873/319613/14682/19055/20614/18795/18472/12288/18007/26383/20866/218461/19726/93691/19156/116838/207227/22063",22,"ADP_C_vs_ADP_N"
"GO:0055001","muscle cell development","15/440","247/25730",0.0607287449392713,3.55125138019875,5.31422366747767,2.57515297345577e-05,0.00048181834138864,0.000347069313687595,"238161/69726/26398/19055/234214/108655/20541/109676/12298/19091/74103/56637/225288/79221/108058",15,"ADP_C_vs_ADP_N"
"GO:0070252","actin-mediated cell contraction","10/440","114/25730",0.087719298245614,5.12958532695375,5.82863137209796,2.69785722526116e-05,0.000502428852555613,0.00036191573058583,"238161/238871/109676/93742/18578/12288/12296/13383/22290/108058",10,"ADP_C_vs_ADP_N"
"GO:0042593","glucose homeostasis","18/440","342/25730",0.0526315789473684,3.07775119617225,5.10217941534337,2.83659478675892e-05,0.000518007597917296,0.000373137604052103,"13640/18189/109241/50873/319613/19055/94109/16001/12288/26383/56490/218461/93691/20747/102093/207227/107723/228869",18,"ADP_C_vs_ADP_N"
"GO:0048268","clathrin coat assembly","5/440","22/25730",0.227272727272727,13.2902892561983,7.60681188071235,2.96067925850446e-05,0.000524538042081941,0.00037784169391254,"229521/18197/218503/20616/68566",5,"ADP_C_vs_ADP_N"
"GO:1901634","positive regulation of synaptic vesicle membrane organization","5/440","22/25730",0.227272727272727,13.2902892561983,7.60681188071235,2.96067925850446e-05,0.000524538042081941,0.00037784169391254,"116837/229521/231760/238988/116838",5,"ADP_C_vs_ADP_N"
"GO:0051491","positive regulation of filopodium assembly","6/440","36/25730",0.166666666666667,9.74621212121212,6.92657870862228,3.04785193230066e-05,0.000537603486208452,0.000387253155321299,"192167/23964/234267/18186/75974/12540",6,"ADP_C_vs_ADP_N"
"GO:1903532","positive regulation of secretion by cell","20/440","410/25730",0.0487804878048781,2.85254988913526,4.98762010719092,3.06150055792292e-05,0.000537642466400148,0.00038728123401241,"192167/209630/50873/319613/14682/19055/20614/18795/76707/14812/12288/26383/12934/78808/76499/27062/20866/207227/15560/22063",20,"ADP_C_vs_ADP_N"
"GO:0002790","peptide secretion","18/440","348/25730",0.0517241379310345,3.02468652037618,5.0158884630037,3.56182786452353e-05,0.000612084067362757,0.000440903923595865,"13640/18189/50873/319613/14682/19055/20614/18795/12288/26383/20866/218461/19726/93691/116838/207227/15560/22063",18,"ADP_C_vs_ADP_N"
"GO:0098917","retrograde trans-synaptic signaling","4/440","12/25730",0.333333333333333,19.4924242424242,8.45141158249832,3.74526444935977e-05,0.000630085666186409,0.000453871056667217,"54725/23964/18795/223254",4,"ADP_C_vs_ADP_N"
"GO:0002791","regulation of peptide secretion","16/440","288/25730",0.0555555555555556,3.24873737373737,5.06200692167025,4.1226268489456e-05,0.000687791579299091,0.000495438489741708,"13640/18189/50873/319613/14682/19055/18795/12288/26383/20866/218461/19726/93691/207227/15560/22063",16,"ADP_C_vs_ADP_N"
"GO:0071625","vocalization behavior","5/440","25/25730",0.2,11.6954545454545,7.05706022371425,5.72603080119536e-05,0.00089909911090142,0.000647650129835925,"18191/319974/18189/108655/14042",5,"ADP_C_vs_ADP_N"
"GO:0060485","mesenchyme development","17/440","329/25730",0.0516717325227964,3.02162199502625,4.86783526703532,5.91227513826697e-05,0.000924716783344568,0.000666103366729091,"17967/12558/14083/21676/225055/52662/19211/20358/14042/56637/18186/26413/50758/17248/20336/19876/12540",17,"ADP_C_vs_ADP_N"
"GO:0120161","regulation of cold-induced thermogenesis","11/440","151/25730",0.0728476821192053,4.25993377483444,5.29930416207148,6.07666009277425e-05,0.000946729455699147,0.000681959805619555,"333050/94187/664883/16001/19116/26381/14783/11789/240028/67299/170439",11,"ADP_C_vs_ADP_N"
"GO:0055006","cardiac cell development","10/440","126/25730",0.0793650793650794,4.64105339105339,5.40408022563063,6.36914878830041e-05,0.000988452393347086,0.000712014185228197,"238161/26398/234214/108655/20541/19091/74103/56637/225288/108058",10,"ADP_C_vs_ADP_N"
"GO:0055117","regulation of cardiac muscle contraction","8/440","81/25730",0.0987654320987654,5.77553310886644,5.6779626070605,7.41603575598094e-05,0.00112476542299044,0.000810204863292974,"238161/238871/20541/109676/11931/18578/12288/13383",8,"ADP_C_vs_ADP_N"
"GO:0071322","cellular response to carbohydrate stimulus","13/440","211/25730",0.0616113744075829,3.60286514433434,5.00754022296277,7.61427520306571e-05,0.0011418561016133,0.000822515831121626,"13640/18189/50873/319613/19055/18795/16001/26383/56490/218461/93691/107723/20112",13,"ADP_C_vs_ADP_N"
"GO:0045197","establishment or maintenance of epithelial cell apical/basal polarity","6/440","43/25730",0.13953488372093,8.15961945031713,6.19770429300694,8.62315396915231e-05,0.00126472924880901,0.000911025327760838,"23859/243548/76260/93742/13383/12540",6,"ADP_C_vs_ADP_N"
"GO:0086004","regulation of cardiac muscle cell contraction","6/440","43/25730",0.13953488372093,8.15961945031713,6.19770429300694,8.62315396915231e-05,0.00126472924880901,0.000911025327760838,"238161/238871/109676/18578/12288/13383",6,"ADP_C_vs_ADP_N"
"GO:0001662","behavioral fear response","7/440","62/25730",0.112903225806452,6.60227272727273,5.82542283179846,8.91316195375589e-05,0.00129775638046686,0.000934815837446551,"383348/14812/68166/218461/14806/15560/17257",7,"ADP_C_vs_ADP_N"
"GO:0043087","regulation of GTPase activity","8/440","85/25730",0.0941176470588235,5.50374331550802,5.48586503512511,0.000104562491844692,0.0014952436333791,0.00107707228441525,"13640/380916/109934/227801/19091/241694/108699/75974",8,"ADP_C_vs_ADP_N"
"GO:0061157","mRNA destabilization","9/440","110/25730",0.0818181818181818,4.7845041322314,5.24661432520867,0.000116599335765334,0.00166143679859216,0.00119678658923774,"13046/26383/208922/214150/72587/213988/15568/80912/72068",9,"ADP_C_vs_ADP_N"
"GO:0009101","glycoprotein biosynthetic process","15/440","284/25730",0.0528169014084507,3.08858834827145,4.66837394484395,0.000124976940288835,0.00174358072793203,0.001255957514731,"18795/64294/67569/16432/14042/14348/83398/270049/387314/50786/56321/26877/107895/628779/53618",15,"ADP_C_vs_ADP_N"
"GO:0042886","amide transport","19/440","419/25730",0.045346062052506,2.65171403775222,4.49625150765053,0.000125687190603008,0.00174740108046682,0.00125870943805644,"13640/18189/50873/319613/14682/19055/20614/18795/12288/26383/20866/218461/19726/93691/19156/116838/207227/15560/22063",19,"ADP_C_vs_ADP_N"
"GO:0046541","saliva secretion","4/440","16/25730",0.25,14.6193181818182,7.18776574753068,0.000130424369395625,0.00178842183239754,0.00128825801061288,"320840/19055/16531/22063",4,"ADP_C_vs_ADP_N"
"GO:0019228","neuronal action potential","7/440","66/25730",0.106060606060606,6.2021349862259,5.58154960369132,0.000133111272464743,0.00181284875832936,0.00130585351433368,"13483/14167/15165/16508/16531/110862/14806",7,"ADP_C_vs_ADP_N"
"GO:0001667","ameboidal-type cell migration","15/440","287/25730",0.0522648083623693,3.05630345264492,4.6206957273024,0.000140254719202736,0.00189084139962207,0.00136203413296295,"19270/54357/12558/20541/76707/14083/18472/76499/19211/20358/18186/11789/72007/53618/12540",15,"ADP_C_vs_ADP_N"
"GO:0022604","regulation of cell morphogenesis","15/440","287/25730",0.0522648083623693,3.05630345264492,4.6206957273024,0.000140254719202736,0.00189084139962207,0.00136203413296295,"13640/116837/74053/50873/58194/331461/14083/18472/13047/19211/67785/677884/116838/13383/17257",15,"ADP_C_vs_ADP_N"
"GO:0050919","negative chemotaxis","6/440","48/25730",0.125,7.30965909090909,5.77132418430335,0.000161515715930516,0.00212733199534798,0.00153238594754022,"18183/13640/243743/22253/20358/19876",6,"ADP_C_vs_ADP_N"
"GO:0051402","neuron apoptotic process","18/440","395/25730",0.0455696202531646,2.66478711162255,4.39805013330131,0.000177086368739083,0.00228727038848803,0.00164759473801388,"14804/26398/50873/16531/228361/110862/18970/320772/11820/72930/14806/56637/18186/108138/13030/19122/17257/12540",18,"ADP_C_vs_ADP_N"
"GO:0048041","focal adhesion assembly","8/440","92/25730",0.0869565217391304,5.08498023715415,5.17732202914,0.000182301226492442,0.00233205786222281,0.00167985660194818,"13640/76707/14083/76499/19211/50768/18186/12552",8,"ADP_C_vs_ADP_N"
"GO:0044091","membrane biogenesis","7/440","70/25730",0.1,5.84772727272727,5.35700744578256,0.000193243887813485,0.00244857128735821,0.00176378498537292,"192167/18189/12558/331461/19211/19156/20336",7,"ADP_C_vs_ADP_N"
"GO:0072583","clathrin-dependent endocytosis","6/440","50/25730",0.12,7.01727272727273,5.61759680936127,0.00020321916735645,0.00255877215753216,0.00184316623156794,"20404/207278/229521/218503/20616/73094",6,"ADP_C_vs_ADP_N"
"GO:0001967","suckling behavior","4/440","18/25730",0.222222222222222,12.9949494949495,6.71475426285251,0.000213419369834026,0.00265382346837093,0.00191163476085397,"14812/11820/217843/192285",4,"ADP_C_vs_ADP_N"
"GO:0006814","sodium ion transport","14/440","266/25730",0.0526315789473684,3.07775119617225,4.49297936052495,0.000216004460644541,0.00267765281864007,0.00192879981152369,"14169/23797/19055/12805/14167/15165/20541/11931/94249/70122/331004/94229/21366/108058",14,"ADP_C_vs_ADP_N"
"GO:1990845","adaptive thermogenesis","11/440","176/25730",0.0625,3.65482954545455,4.66151308858634,0.000236670105346443,0.00286292175772555,0.00206225501240023,"333050/94187/664883/16001/19116/26381/14783/11789/240028/67299/170439",11,"ADP_C_vs_ADP_N"
"GO:1904951","positive regulation of establishment of protein localization","17/440","372/25730",0.0456989247311828,2.67234848484848,4.28552595070504,0.000257358809639278,0.0030944885098969,0.00222906002342855,"209630/50873/319613/52822/14682/18795/11820/12288/26383/20866/56637/207227/70546/22063/26413/19122/12540",17,"ADP_C_vs_ADP_N"
"GO:1903115","regulation of actin filament-based movement","6/440","53/25730",0.113207547169811,6.62006861063465,5.40220162031402,0.00028120184594397,0.00329219938935572,0.00237147755582173,"238161/238871/109676/18578/12288/13383",6,"ADP_C_vs_ADP_N"
"GO:0051494","negative regulation of cytoskeleton organization","11/440","180/25730",0.0611111111111111,3.57361111111111,4.57032516850161,0.000287279058584412,0.00335354329612824,0.00241566555323397,"50873/237860/12386/76707/260315/76499/50768/56363/11789/17756/225288",11,"ADP_C_vs_ADP_N"
"GO:0008016","regulation of heart contraction","12/440","212/25730",0.0566037735849057,3.31003430531732,4.45478163327134,0.000312227873617134,0.00361318036405493,0.00260269051935183,"238161/238871/93686/20541/16508/109676/11931/18578/12288/12296/13383/17248",12,"ADP_C_vs_ADP_N"
"GO:0071375","cellular response to peptide hormone stimulus","17/440","379/25730",0.0448548812664908,2.62299112497002,4.1985717507068,0.000319246002567962,0.00368374926306086,0.00265352357663041,"23797/109241/19055/93686/18795/14083/16001/17978/19211/227743/56637/14783/11789/26409/26413/79221/228869",17,"ADP_C_vs_ADP_N"
"GO:0150116","regulation of cell-substrate junction organization","7/440","76/25730",0.0921052631578947,5.38606459330144,5.05088698556837,0.000322822815752297,0.00371427773379966,0.00267551422015118,"13640/76707/14083/76499/19211/50768/18186",7,"ADP_C_vs_ADP_N"
"GO:0014706","striated muscle tissue development","20/440","494/25730",0.0404858299595142,2.3675009201325,4.04803463220513,0.000372859025618891,0.00421730943101141,0.00303786419921427,"238161/17967/26398/19055/234214/244431/108655/20541/19091/74182/74103/19211/56637/11789/225288/26413/79221/270190/108058/12540",20,"ADP_C_vs_ADP_N"
"GO:0060134","prepulse inhibition","4/440","21/25730",0.19047619047619,11.1385281385281,6.13063334630318,0.000400810782617098,0.0043968393797229,0.00316718541995919,"14804/18189/12386/19211",4,"ADP_C_vs_ADP_N"
"GO:0010632","regulation of epithelial cell migration","7/440","80/25730",0.0875,5.11676136363636,4.86430030359668,0.000442479277953801,0.00473713109338776,0.00341230853248921,"19270/54357/76707/14083/76499/19211/11789",7,"ADP_C_vs_ADP_N"
"GO:0007026","negative regulation of microtubule depolymerization","5/440","38/25730",0.131578947368421,7.69437799043062,5.44711380989653,0.000450676502972818,0.00479922531357224,0.00345703700488668,"76707/260315/76499/11789/17756",5,"ADP_C_vs_ADP_N"
"GO:0048511","rhythmic process","16/440","358/25730",0.0446927374301676,2.6135093956323,4.05507636935282,0.000493699346475451,0.00516903620696567,0.00372342373602343,"192167/14402/11906/238871/14400/19883/16508/16531/14812/19091/16001/17978/19211/56637/224671/26414",16,"ADP_C_vs_ADP_N"
"GO:0043525","positive regulation of neuron apoptotic process","8/440","107/25730",0.0747663551401869,4.37213254035684,4.61046695558135,0.000511325749673468,0.00532873160213205,0.00383845748720801,"26398/16531/11820/72930/14806/56637/19122/12540",8,"ADP_C_vs_ADP_N"
"GO:0033152","immunoglobulin V(D)J recombination","3/440","10/25730",0.3,17.5431818181818,6.90155475368929,0.000545034706356231,0.00555297446374134,0.00399998686330808,"108655/18970/108138",3,"ADP_C_vs_ADP_N"
"GO:0086016","AV node cell action potential","3/440","10/25730",0.3,17.5431818181818,6.90155475368929,0.000545034706356231,0.00555297446374134,0.00399998686330808,"109676/12288/12296",3,"ADP_C_vs_ADP_N"
"GO:0051293","establishment of spindle localization","6/440","60/25730",0.1,5.84772727272727,4.95865903854838,0.000554614048761984,0.00560776427081562,0.00403945373101498,"244329/76707/18472/76499/68166/54418",6,"ADP_C_vs_ADP_N"
"GO:0071709","membrane assembly","6/440","60/25730",0.1,5.84772727272727,4.95865903854838,0.000554614048761984,0.00560776427081562,0.00403945373101498,"192167/18189/12558/331461/19211/19156",6,"ADP_C_vs_ADP_N"
"GO:0009914","hormone transport","18/440","435/25730",0.0413793103448276,2.41974921630094,3.93914802758617,0.000560662022754595,0.00564880038380317,0.0040690133686368,"13640/18189/50873/319613/14682/19055/20614/18795/12288/26383/20866/218461/19726/93691/116838/207227/15560/22063",18,"ADP_C_vs_ADP_N"
"GO:0007162","negative regulation of cell adhesion","15/440","327/25730",0.0458715596330275,2.68244370308591,4.03864137594508,0.000561494144044371,0.00564880038380317,0.0040690133686368,"20745/13640/13508/19091/14083/13131/76499/107035/19211/50768/20358/65113/94212/13383/19122",15,"ADP_C_vs_ADP_N"
"GO:0045937","positive regulation of phosphate metabolic process","12/440","227/25730",0.052863436123348,3.09130957148578,4.17444742142148,0.00057657831964311,0.00573471298550708,0.00413089899055928,"13640/13508/50873/78830/20320/11820/56490/227743/18186/14783/26409/15560",12,"ADP_C_vs_ADP_N"
"GO:0071786","endoplasmic reticulum tubular network organization","4/440","23/25730",0.173913043478261,10.1699604743083,5.80322033443518,0.000577195138151687,0.00573471298550708,0.00413089899055928,"104001/20168/52250/69605",4,"ADP_C_vs_ADP_N"
"GO:0071333","cellular response to glucose stimulus","11/440","196/25730",0.0561224489795918,3.28188775510204,4.22986263230651,0.000590420126155355,0.00583714119784207,0.00420468134026165,"13640/18189/50873/319613/19055/16001/26383/56490/218461/93691/107723",11,"ADP_C_vs_ADP_N"
"GO:0009743","response to carbohydrate","14/440","295/25730",0.0474576271186441,2.77519260400616,4.04486465125082,0.000610096643529186,0.00600203184444929,0.00432345739886194,"13640/18189/50873/319613/19055/18795/16001/26383/56490/218461/93691/15568/107723/20112",14,"ADP_C_vs_ADP_N"
"GO:0044319","wound healing, spreading of cells","5/440","41/25730",0.121951219512195,7.13137472283814,5.1825030357659,0.000645185593745822,0.00627020174116085,0.00451662883715777,"76707/93742/76499/19211/56363",5,"ADP_C_vs_ADP_N"
"GO:0060251","regulation of glial cell proliferation","6/440","62/25730",0.0967741935483871,5.65909090909091,4.84467213192164,0.000661782167958558,0.00640042463890354,0.00461043259650762,"20238/320840/235106/14083/330908/17257",6,"ADP_C_vs_ADP_N"
"GO:0150115","cell-substrate junction organization","8/440","112/25730",0.0714285714285714,4.17694805194805,4.44436676446671,0.000692836002009217,0.00662080036287567,0.00476917634846189,"13640/76707/14083/76499/19211/50768/18186/12552",8,"ADP_C_vs_ADP_N"
"GO:0141161","regulation of cAMP/PKA signal transduction","6/440","63/25730",0.0952380952380952,5.56926406926407,4.78952400450145,0.000721041962824397,0.00680799026884459,0.00490401528383043,"238161/238871/14812/18578/11820/218461",6,"ADP_C_vs_ADP_N"
"GO:0071872","cellular response to epinephrine stimulus","3/440","11/25730",0.272727272727273,15.948347107438,6.54072446232632,0.00073993136537803,0.00687020591087532,0.00494883122030559,"238161/238871/18578",3,"ADP_C_vs_ADP_N"
"GO:0097119","postsynaptic density protein 95 clustering","3/440","11/25730",0.272727272727273,15.948347107438,6.54072446232632,0.00073993136537803,0.00687020591087532,0.00494883122030559,"192167/18189/12558",3,"ADP_C_vs_ADP_N"
"GO:0030178","negative regulation of Wnt signaling pathway","10/440","171/25730",0.0584795321637427,3.4197235513025,4.1875041917405,0.000756069599836819,0.00697535179204291,0.00502457119464682,"50873/12558/80707/21888/11820/70122/56637/18099/14783/11789",10,"ADP_C_vs_ADP_N"
"GO:0048880","sensory system development","19/440","487/25730",0.0390143737166324,2.28145417211126,3.76582776743787,0.000807001831942136,0.00737724962350756,0.00531407118366127,"18514/13508/76260/15165/241688/330222/234267/50769/12288/229759/195727/18186/11789/320244/544696/72759/13383/29869/270190",19,"ADP_C_vs_ADP_N"
"GO:0051653","spindle localization","6/440","65/25730",0.0923076923076923,5.3979020979021,4.68268536848302,0.000851803960576468,0.00776907302539448,0.00559631423565405,"244329/76707/18472/76499/68166/54418",6,"ADP_C_vs_ADP_N"
"GO:0098656","monoatomic anion transmembrane transport","9/440","145/25730",0.0620689655172414,3.62962382445141,4.18840137340385,0.000902399870912136,0.00813785829534277,0.00586196217709638,"14402/14400/14401/94229/14406/14405/14407/107723/14394",9,"ADP_C_vs_ADP_N"
"GO:0060073","micturition","3/440","12/25730",0.25,14.6193181818182,6.22430363475475,0.000974090939006172,0.00866724471062381,0.00624329631082319,"16531/12288/19156",3,"ADP_C_vs_ADP_N"
"GO:0048013","ephrin receptor signaling pathway","5/440","45/25730",0.111111111111111,6.49747474747475,4.86847665702635,0.000994661306764917,0.0087722992781646,0.00631897050900967,"77531/13640/14083/108699/270190",5,"ADP_C_vs_ADP_N"
"GO:0016310","phosphorylation","18/440","458/25730",0.0393013100436681,2.29823342596268,3.69767806015243,0.00101081457460553,0.0088951682565287,0.00640747700270483,"13640/13508/320127/20320/16001/93742/18749/227743/56637/18186/18099/16826/14783/11789/26409/26414/270190/108058",18,"ADP_C_vs_ADP_N"
"GO:0046058","cAMP metabolic process","4/440","27/25730",0.148148148148148,8.66329966329966,5.25495691252976,0.00108385215750832,0.00945478004066084,0.00681058344587274,"238871/12298/18578/218461",4,"ADP_C_vs_ADP_N"
"GO:0017145","stem cell division","5/440","46/25730",0.108695652173913,6.35622529644269,4.79589646119289,0.0011004876312909,0.00953755947118779,0.00687021214339727,"18472/209012/14042/14348/70122",5,"ADP_C_vs_ADP_N"
"GO:0050795","regulation of behavior","8/440","122/25730",0.0655737704918033,3.83457526080477,4.13945774997062,0.00121074348606309,0.010433985614123,0.00751593684807222,"192167/11906/18189/109241/26383/170571/73094/17257",8,"ADP_C_vs_ADP_N"
"GO:0051651","maintenance of location in cell","11/440","214/25730",0.0514018691588785,3.00584112149533,3.88651633582174,0.00121173908855325,0.010433985614123,0.00751593684807222,"238161/238871/18795/20541/109676/18472/12288/15560/22063/108058/19762",11,"ADP_C_vs_ADP_N"
"GO:1902991","regulation of amyloid precursor protein catabolic process","5/440","47/25730",0.106382978723404,6.22098646034816,4.72543721331767,0.00121442961474363,0.0104347128271105,0.00751646068307557,"104001/20168/216028/11820/19122",5,"ADP_C_vs_ADP_N"
"GO:0071871","response to epinephrine","3/440","13/25730",0.230769230769231,13.4947552447552,5.94364215266778,0.00125030782278686,0.0105616719882671,0.00760791346754609,"238161/238871/18578",3,"ADP_C_vs_ADP_N"
"GO:0001678","intracellular glucose homeostasis","11/440","216/25730",0.0509259259259259,2.97800925925926,3.85060789800004,0.00130560827233179,0.0109365178293232,0.00787792703410948,"13640/18189/50873/319613/19055/16001/26383/56490/218461/93691/107723",11,"ADP_C_vs_ADP_N"
"GO:0060041","retina development in camera-type eye","11/440","216/25730",0.0509259259259259,2.97800925925926,3.85060789800004,0.00130560827233179,0.0109365178293232,0.00787792703410948,"13508/76260/15165/330222/234267/50769/18186/11789/320244/544696/72759",11,"ADP_C_vs_ADP_N"
"GO:0019098","reproductive behavior","6/440","71/25730",0.0845070422535211,4.94174135723431,4.38693108532998,0.00135554428433757,0.01128399025881,0.008128222648178,"14402/14682/15165/11820/17978/19211",6,"ADP_C_vs_ADP_N"
"GO:0032388","positive regulation of intracellular transport","9/440","154/25730",0.0584415584415584,3.41750295159386,3.96893913436019,0.00137778069105782,0.0113980038987511,0.00821035035558599,"52822/68566/56637/329502/70546/17756/26413/17257/12540",9,"ADP_C_vs_ADP_N"
"GO:0006417","regulation of translation","16/440","396/25730",0.0404040404040404,2.36271808999082,3.60466664656537,0.00142729298465437,0.0117348688101768,0.0084530050317799,"238161/13046/11820/208922/214150/21841/56637/213988/269037/15568/76626/26413/13209/80912/72068/15572",16,"ADP_C_vs_ADP_N"
"GO:0098739","import across plasma membrane","11/440","220/25730",0.05,2.92386363636364,3.78001718374163,0.001511301115916,0.0123747436976026,0.00891392758069068,"19055/20541/109676/11931/12288/331004/21366/13383/19122/107723/16519",11,"ADP_C_vs_ADP_N"
"GO:0014911","positive regulation of smooth muscle cell migration","6/440","73/25730",0.0821917808219178,4.80635118306351,4.29566816090662,0.00156584859667895,0.0125934275372381,0.00907145261371058,"238871/14083/18186/26409/67299/108058",6,"ADP_C_vs_ADP_N"
"GO:0009214","cyclic nucleotide catabolic process","3/440","14/25730",0.214285714285714,12.5308441558442,5.69228700202454,0.00157119890892969,0.0125934275372381,0.00907145261371058,"238871/18578/218461",3,"ADP_C_vs_ADP_N"
"GO:0060736","prostate gland growth","3/440","14/25730",0.214285714285714,12.5308441558442,5.69228700202454,0.00157119890892969,0.0125934275372381,0.00907145261371058,"19116/19211/19156",3,"ADP_C_vs_ADP_N"
"GO:2001140","positive regulation of phospholipid transport","3/440","14/25730",0.214285714285714,12.5308441558442,5.69228700202454,0.00157119890892969,0.0125934275372381,0.00907145261371058,"50769/11980/108138",3,"ADP_C_vs_ADP_N"
"GO:0052652","cyclic purine nucleotide metabolic process","5/440","50/25730",0.1,5.84772727272727,4.52573424775932,0.0016087103321714,0.0128293997284174,0.00924143100474883,"238871/19883/12298/18578/218461",5,"ADP_C_vs_ADP_N"
"GO:0015812","gamma-aminobutyric acid transport","4/440","30/25730",0.133333333333333,7.7969696969697,4.91329427578761,0.00162546704990104,0.0128878615204035,0.00928354292179022,"241919/12298/15560/21366",4,"ADP_C_vs_ADP_N"
"GO:0010657","muscle cell apoptotic process","8/440","128/25730",0.0625,3.65482954545455,3.97162336970752,0.00164582166022816,0.0129977710602634,0.00936271431335028,"26398/228361/16001/14802/19211/56637/108058/20112",8,"ADP_C_vs_ADP_N"
"GO:0033002","muscle cell proliferation","13/440","293/25730",0.0443686006825939,2.5945547626435,3.62079286895406,0.00172742395965078,0.0135215534518454,0.00974001168780076,"17967/238871/108655/19091/14083/16001/19211/56637/11789/26409/26413/270190/108058",13,"ADP_C_vs_ADP_N"
"GO:0086009","membrane repolarization","5/440","51/25730",0.0980392156862745,5.73306595365419,4.46274392750966,0.00175889328818418,0.0136749683997853,0.00985052142999418,"238161/16508/109676/11931/13383",5,"ADP_C_vs_ADP_N"
"GO:0010918","positive regulation of mitochondrial membrane potential","3/440","15/25730",0.2,11.6954545454545,5.46531236378062,0.00193921000685984,0.0146225929707473,0.0105331260160491,"50873/56637/72759",3,"ADP_C_vs_ADP_N"
"GO:1903313","positive regulation of mRNA metabolic process","9/440","162/25730",0.0555555555555556,3.24873737373737,3.78713898243653,0.00195312325937721,0.0146791940492551,0.0105738976010723,"13046/26383/208922/214150/72587/213988/15568/80912/72068",9,"ADP_C_vs_ADP_N"
"GO:0071248","cellular response to metal ion","10/440","195/25730",0.0512820512820513,2.9988344988345,3.69563939661441,0.00202909018350415,0.0151293800647125,0.0108981811286903,"23859/192167/14402/18189/50873/110862/16510/14406/19122/17257",10,"ADP_C_vs_ADP_N"
"GO:0046847","filopodium assembly","6/440","77/25730",0.0779220779220779,4.55667060212515,4.12271491369299,0.0020599526627576,0.0152741675216323,0.0110024762104402,"192167/23964/234267/18186/75974/12540",6,"ADP_C_vs_ADP_N"
"GO:0141156","cAMP/PKA signal transduction","6/440","77/25730",0.0779220779220779,4.55667060212515,4.12271491369299,0.0020599526627576,0.0152741675216323,0.0110024762104402,"238161/238871/14812/18578/11820/218461",6,"ADP_C_vs_ADP_N"
"GO:0099637","neurotransmitter receptor transport","4/440","32/25730",0.125,7.30965909090909,4.71079926796363,0.00207629535044772,0.0153668883238312,0.0110692659990792,"74053/65945/70546/26414",4,"ADP_C_vs_ADP_N"
"GO:0006821","chloride transport","8/440","134/25730",0.0597014925373134,3.49118046132972,3.81359802929915,0.00219623778187053,0.0160747559681303,0.0115791659268828,"14402/14400/14401/14406/14405/14407/107723/14394",8,"ADP_C_vs_ADP_N"
"GO:0021675","nerve development","7/440","106/25730",0.0660377358490566,3.86170668953688,3.89419742777037,0.00232582785971026,0.0168482652236119,0.0121363496273981,"14402/14401/110862/243743/14042/18186/270190",7,"ADP_C_vs_ADP_N"
"GO:1902950","regulation of dendritic spine maintenance","3/440","16/25730",0.1875,10.9644886363636,5.25888367948766,0.00235662207704389,0.0169102415707594,0.0121809931920397,"14812/11820/19122",3,"ADP_C_vs_ADP_N"
"GO:0001952","regulation of cell-matrix adhesion","8/440","136/25730",0.0588235294117647,3.43983957219251,3.76292029529423,0.00240873158850562,0.0172532402153426,0.0124280661943422,"13640/76707/14083/76499/19211/50768/56637/18186",8,"ADP_C_vs_ADP_N"
"GO:0048863","stem cell differentiation","13/440","305/25730",0.0426229508196721,2.4924739195231,3.45851422787566,0.00245144666279027,0.0175055758672272,0.0126098317146544,"12558/234267/20358/14042/70122/56637/18186/76626/26413/231670/80912/50758/12540",13,"ADP_C_vs_ADP_N"
"GO:0007097","nuclear migration","4/440","34/25730",0.117647058823529,6.87967914438503,4.5250533194688,0.00260674104563911,0.018343393931,0.0132133391269099,"14083/18472/67299/12540",4,"ADP_C_vs_ADP_N"
"GO:0046475","glycerophospholipid catabolic process","4/440","34/25730",0.117647058823529,6.87967914438503,4.5250533194688,0.00260674104563911,0.018343393931,0.0132133391269099,"18795/74182/329502/76192",4,"ADP_C_vs_ADP_N"
"GO:0003254","regulation of membrane depolarization","5/440","56/25730",0.0892857142857143,5.22118506493506,4.17104634150842,0.00266793253502995,0.0186429352011517,0.0134291083787675,"93686/14167/15165/12288/108058",5,"ADP_C_vs_ADP_N"
"GO:0051495","positive regulation of cytoskeleton organization","10/440","204/25730",0.0490196078431373,2.86653297682709,3.53039049774451,0.00281450392942238,0.0195987369276647,0.0141176032340821,"207278/211401/260315/18186/11789/225288/16423/13383/17257/12540",10,"ADP_C_vs_ADP_N"
"GO:0044065","regulation of respiratory system process","3/440","17/25730",0.176470588235294,10.3195187165775,5.06996484204904,0.00282555728290361,0.0196075066910677,0.0141239203779183,"192167/26383/17257",3,"ADP_C_vs_ADP_N"
"GO:0010324","membrane invagination","6/440","82/25730",0.0731707317073171,4.27882483370288,3.92248929036482,0.00283325250469504,0.0196268910532854,0.0141378835601246,"229521/218503/68166/219149/140580/12540",6,"ADP_C_vs_ADP_N"
"GO:0030518","nuclear receptor-mediated steroid hormone signaling pathway","8/440","140/25730",0.0571428571428571,3.34155844155844,3.66435257285655,0.00288184647303867,0.019894678065598,0.014330779194421,"93686/108655/224829/17978/26381/19211/94186/72068",8,"ADP_C_vs_ADP_N"
"GO:0010996","response to auditory stimulus","4/440","35/25730",0.114285714285714,6.68311688311688,4.43771774814014,0.00290386968004894,0.019977825084048,0.0143906726773994,"18189/110862/50769/76192",4,"ADP_C_vs_ADP_N"
"GO:0010721","negative regulation of cell development","13/440","313/25730",0.0415335463258786,2.42876851582922,3.35455775100992,0.00306005422635426,0.0208730104298508,0.0150355035958229,"320840/52822/19055/235106/14083/13131/330908/19211/56637/18186/17756/29869/17257",13,"ADP_C_vs_ADP_N"
"GO:0061842","microtubule organizing center localization","4/440","36/25730",0.111111111111111,6.49747474747475,4.35373519522757,0.003223339696321,0.0217643375110781,0.0156775552816536,"93742/18472/20358/13383",4,"ADP_C_vs_ADP_N"
"GO:0019233","sensory perception of pain","7/440","113/25730",0.0619469026548673,3.62248592115849,3.68511996173018,0.00333068204652932,0.0223450471435275,0.0160958591864098,"23859/16508/14812/26383/26413/270190/17257",7,"ADP_C_vs_ADP_N"
"GO:0001649","osteoblast differentiation","11/440","245/25730",0.0448979591836735,2.62551020408163,3.37204840644109,0.00347987160905151,0.0230304230126318,0.0165895575620725,"19055/80707/14083/338352/26383/19211/56637/11789/26409/72007/50766",11,"ADP_C_vs_ADP_N"
"GO:0006650","glycerophospholipid metabolic process","12/440","282/25730",0.0425531914893617,2.48839458413926,3.31496680774302,0.0035883808046915,0.0235898347898349,0.0169925199337893,"320127/18795/320634/74182/19211/212862/329502/15560/104718/76192/54384/17257",12,"ADP_C_vs_ADP_N"
"GO:0015800","acidic amino acid transport","6/440","86/25730",0.0697674418604651,4.07980972515856,3.77349348572604,0.00359385594950032,0.0235898347898349,0.0169925199337893,"78830/241919/14812/19091/12934/21366",6,"ADP_C_vs_ADP_N"
"GO:0051899","membrane depolarization","7/440","115/25730",0.0608695652173913,3.5594861660079,3.62842293698068,0.00367089814112977,0.0239776120017677,0.0172718483844691,"93686/14167/15165/110862/12288/12296/108058",7,"ADP_C_vs_ADP_N"
"GO:0090132","epithelium migration","7/440","115/25730",0.0608695652173913,3.5594861660079,3.62842293698068,0.00367089814112977,0.0239776120017677,0.0172718483844691,"19270/54357/76707/14083/76499/19211/11789",7,"ADP_C_vs_ADP_N"
"GO:0032886","regulation of microtubule-based process","12/440","284/25730",0.0422535211267606,2.47087067861716,3.28766286471634,0.00379619110998637,0.0247556175967189,0.0178322709435327,"13640/52822/244329/76707/260315/18472/76499/68566/56637/11789/17756/17257",12,"ADP_C_vs_ADP_N"
"GO:0031113","regulation of microtubule polymerization","5/440","61/25730",0.0819672131147541,4.79321907600596,3.91229635962827,0.00387652386737024,0.0250752852422463,0.0180625378736408,"260315/76499/11789/17756/17257",5,"ADP_C_vs_ADP_N"
"GO:0034332","adherens junction organization","5/440","61/25730",0.0819672131147541,4.79321907600596,3.91229635962827,0.00387652386737024,0.0250752852422463,0.0180625378736408,"12558/211401/320865/12552/12540",5,"ADP_C_vs_ADP_N"
"GO:0070372","regulation of ERK1 and ERK2 cascade","13/440","322/25730",0.0403726708074534,2.36088368153586,3.24135858619021,0.00388648674505542,0.0250991821406482,0.0180797515814123,"18189/20320/11984/11820/13176/19211/20358/218461/18186/15560/13383/270190/108058",13,"ADP_C_vs_ADP_N"
"GO:0030007","intracellular potassium ion homeostasis","3/440","19/25730",0.157894736842105,9.23325358851675,4.73535110444433,0.00392572684569751,0.0251124236417524,0.0180892898623486,"11931/16531/108058",3,"ADP_C_vs_ADP_N"
"GO:1902065","response to L-glutamate","3/440","19/25730",0.157894736842105,9.23325358851675,4.73535110444433,0.00392572684569751,0.0251124236417524,0.0180892898623486,"50873/15165/16001",3,"ADP_C_vs_ADP_N"
"GO:0055075","potassium ion homeostasis","4/440","38/25730",0.105263157894737,6.1555023923445,4.19495408213241,0.00393243996587881,0.0251124236417524,0.0180892898623486,"11931/16531/108058/107723",4,"ADP_C_vs_ADP_N"
"GO:0071695","anatomical structure maturation","13/440","323/25730",0.0402476780185759,2.35357444413172,3.2290152090166,0.00398850280852742,0.0254298809639232,0.0183179646251511,"23859/210933/14682/18795/16531/110862/11820/19726/14042/75302/56637/17257/20112",13,"ADP_C_vs_ADP_N"
"GO:0045664","regulation of neuron differentiation","11/440","250/25730",0.044,2.573,3.2965706840089,0.00405022368634368,0.0256194243919749,0.0184544988784929,"18514/192167/11906/13131/11820/269784/12934/19211/56637/215378/13209",11,"ADP_C_vs_ADP_N"
"GO:0035725","sodium ion transmembrane transport","9/440","181/25730",0.0497237569060773,2.9077096936213,3.39725383695218,0.00409693931280509,0.025874045754687,0.018637910870141,"14167/15165/20541/11931/94249/331004/94229/21366/108058",9,"ADP_C_vs_ADP_N"
"GO:0016050","vesicle organization","15/440","403/25730",0.0372208436724566,2.17657342657343,3.14009697399482,0.00428155235556721,0.0265376712564878,0.0191159417537138,"116837/50873/20614/11984/229521/18472/231760/20616/27062/238988/116838/94090/70546/11736/11966",15,"ADP_C_vs_ADP_N"
"GO:0007019","microtubule depolymerization","5/440","63/25730",0.0793650793650794,4.64105339105339,3.81656922291435,0.00445485295935762,0.0273158212086798,0.0196764682979606,"76707/260315/76499/11789/17756",5,"ADP_C_vs_ADP_N"
"GO:1900024","regulation of substrate adhesion-dependent cell spreading","5/440","63/25730",0.0793650793650794,4.64105339105339,3.81656922291435,0.00445485295935762,0.0273158212086798,0.0196764682979606,"13640/14083/56637/18186/12540",5,"ADP_C_vs_ADP_N"
"GO:0060081","membrane hyperpolarization","3/440","20/25730",0.15,8.77159090909091,4.58603397849962,0.00456046355791797,0.0276705631342115,0.0199320003648298,"93686/15165/110862",3,"ADP_C_vs_ADP_N"
"GO:0043413","macromolecule glycosylation","9/440","186/25730",0.0483870967741935,2.82954545454545,3.30307625748014,0.0048896841935081,0.0293527668827683,0.0211437460588845,"67569/14042/14348/270049/94229/387314/26877/107895/53618",9,"ADP_C_vs_ADP_N"
"GO:0031641","regulation of myelination","5/440","65/25730",0.0769230769230769,4.49825174825175,3.7247787495367,0.00509209082043565,0.0303855911252225,0.0218877227202034,"12558/78830/93742/19211/13383",5,"ADP_C_vs_ADP_N"
"GO:1905144","response to acetylcholine","5/440","65/25730",0.0769230769230769,4.49825174825175,3.7247787495367,0.00509209082043565,0.0303855911252225,0.0218877227202034,"14682/234214/18795/20866/22063",5,"ADP_C_vs_ADP_N"
"GO:0061744","motor behavior","4/440","41/25730",0.0975609756097561,5.70509977827051,3.97695378063294,0.00518287264277132,0.0308812828298458,0.0222447854655285,"14402/110862/320772/14042",4,"ADP_C_vs_ADP_N"
"GO:1900424","regulation of defense response to bacterium","3/440","21/25730",0.142857142857143,8.3538961038961,4.44680332921969,0.00525373902046813,0.0311183003520035,0.022415516842234,"108655/229521/19211",3,"ADP_C_vs_ADP_N"
"GO:0048661","positive regulation of smooth muscle cell proliferation","7/440","123/25730",0.0569105691056911,3.3279748706578,3.41361760819543,0.00530184951559672,0.0313106275227866,0.0225540563153781,"238871/108655/14083/16001/56637/26409/108058",7,"ADP_C_vs_ADP_N"
"GO:0044772","mitotic cell cycle phase transition","16/440","453/25730",0.0353200883002208,2.06542243628336,3.01766865641903,0.00531967053463123,0.0313696035650419,0.0225965386634983,"18514/19055/18795/329152/228361/76707/12298/11820/76499/19211/56637/12325/11789/13383/19356/108058",16,"ADP_C_vs_ADP_N"
"GO:0071674","mononuclear cell migration","10/440","224/25730",0.0446428571428571,2.61059253246753,3.19338947585972,0.00543124300220391,0.0319483004867303,0.0230133927476842,"54725/380916/109934/18795/14083/11820/14042/16423/26413/12540",10,"ADP_C_vs_ADP_N"
"GO:0010719","negative regulation of epithelial to mesenchymal transition","4/440","42/25730",0.0952380952380952,5.56926406926407,3.90903117255501,0.00565241709677289,0.0329300986872,0.0237206137028571,"225055/52662/19211/56637",4,"ADP_C_vs_ADP_N"
"GO:0050951","sensory perception of temperature stimulus","4/440","42/25730",0.0952380952380952,5.56926406926407,3.90903117255501,0.00565241709677289,0.0329300986872,0.0237206137028571,"208922/14806/224671/270190",4,"ADP_C_vs_ADP_N"
"GO:1902882","regulation of response to oxidative stress","4/440","42/25730",0.0952380952380952,5.56926406926407,3.90903117255501,0.00565241709677289,0.0329300986872,0.0237206137028571,"50873/227743/140742/53618",4,"ADP_C_vs_ADP_N"
"GO:0031146","SCF-dependent proteasomal ubiquitin-dependent protein catabolic process","5/440","67/25730",0.0746268656716418,4.36397557666214,3.63663655992271,0.00579131648721324,0.0336064220504374,0.0242077912661545,"107035/56637/26409/216742/50758",5,"ADP_C_vs_ADP_N"
"GO:0042176","regulation of protein catabolic process","14/440","378/25730",0.037037037037037,2.16582491582492,3.01187189995765,0.0059239377112669,0.0343262613544322,0.024726314767113,"50873/338352/11820/14084/225055/107035/56637/65113/26374/70546/11789/54418/59025/17248",14,"ADP_C_vs_ADP_N"
"GO:0009083","branched-chain amino acid catabolic process","3/440","22/25730",0.136363636363636,7.97417355371901,4.31651567678315,0.0060069661460926,0.0343598463556497,0.0247505071282613,"208982/66885/78038",3,"ADP_C_vs_ADP_N"
"GO:0048532","anatomical structure arrangement","3/440","22/25730",0.136363636363636,7.97417355371901,4.31651567678315,0.0060069661460926,0.0343598463556497,0.0247505071282613,"243743/13131/18186",3,"ADP_C_vs_ADP_N"
"GO:0098969","neurotransmitter receptor transport to postsynaptic membrane","3/440","22/25730",0.136363636363636,7.97417355371901,4.31651567678315,0.0060069661460926,0.0343598463556497,0.0247505071282613,"74053/65945/26414",3,"ADP_C_vs_ADP_N"
"GO:0051647","nucleus localization","4/440","43/25730",0.0930232558139535,5.43974630021142,3.84325380638257,0.00614949778016372,0.0349153603611582,0.0251506618091313,"14083/18472/67299/12540",4,"ADP_C_vs_ADP_N"
"GO:0032623","interleukin-2 production","5/440","68/25730",0.0735294117647059,4.29979946524064,3.59385152533712,0.0061651248190157,0.0349153603611582,0.0251506618091313,"238871/260315/18578/26409/19122",5,"ADP_C_vs_ADP_N"
"GO:0032663","regulation of interleukin-2 production","5/440","68/25730",0.0735294117647059,4.29979946524064,3.59385152533712,0.0061651248190157,0.0349153603611582,0.0251506618091313,"238871/260315/18578/26409/19122",5,"ADP_C_vs_ADP_N"
"GO:0090287","regulation of cellular response to growth factor stimulus","13/440","341/25730",0.0381231671554252,2.22933884297521,3.01432012312735,0.00622609968068917,0.0352108801150839,0.0253635342329591,"18189/81907/94187/20320/18007/52662/20358/18186/14783/20340/94093/50766/19876",13,"ADP_C_vs_ADP_N"
"GO:0070059","intrinsic apoptotic signaling pathway in response to endoplasmic reticulum stress","5/440","69/25730",0.072463768115942,4.23748353096179,3.55188341195142,0.00655556366674891,0.0367625727194154,0.0264812685344125,"50873/320709/11820/20747/56637",5,"ADP_C_vs_ADP_N"
"GO:0031589","cell-substrate adhesion","14/440","383/25730",0.0365535248041775,2.13755043911702,2.95849026152584,0.00662068389483265,0.0370677629953792,0.0267011069476153,"20745/13640/76707/14083/13612/76499/19211/50768/56637/18186/72007/270190/12552/12540",14,"ADP_C_vs_ADP_N"
"GO:0033962","P-body assembly","3/440","23/25730",0.130434782608696,7.62747035573122,4.19420245507077,0.00682143179728373,0.0375694813154389,0.0270625108586946,"72587/13209/72068",3,"ADP_C_vs_ADP_N"
"GO:0090050","positive regulation of cell migration involved in sprouting angiogenesis","3/440","23/25730",0.130434782608696,7.62747035573122,4.19420245507077,0.00682143179728373,0.0375694813154389,0.0270625108586946,"23797/18186/79221",3,"ADP_C_vs_ADP_N"
"GO:0001754","eye photoreceptor cell differentiation","5/440","70/25730",0.0714285714285714,4.17694805194805,3.51070376109988,0.0069630035804949,0.0382439867438979,0.0275483789048531,"13508/76260/15165/241688/229759",5,"ADP_C_vs_ADP_N"
"GO:0048284","organelle fusion","9/440","198/25730",0.0454545454545455,2.65805785123967,3.08925126894088,0.0072784383720106,0.039867123449426,0.0287175766999914,"116837/50873/20614/229521/231760/238988/116838/94090/11736",9,"ADP_C_vs_ADP_N"
"GO:0003283","atrial septum development","3/440","24/25730",0.125,7.30965909090909,4.0790369686147,0.00769830169028823,0.0416540540106947,0.0300047604998432,"109676/107823/17248",3,"ADP_C_vs_ADP_N"
"GO:0042552","myelination","9/440","200/25730",0.045,2.63147727272727,3.05516025578468,0.0077507434064241,0.0417684745616717,0.0300871813184133,"12558/78830/12805/93742/19211/209012/19156/26413/13383",9,"ADP_C_vs_ADP_N"
"GO:0070085","glycosylation","9/440","200/25730",0.045,2.63147727272727,3.05516025578468,0.0077507434064241,0.0417684745616717,0.0300871813184133,"67569/14042/14348/270049/94229/387314/26877/107895/53618",9,"ADP_C_vs_ADP_N"
"GO:0141193","nuclear receptor-mediated signaling pathway","9/440","200/25730",0.045,2.63147727272727,3.05516025578468,0.0077507434064241,0.0417684745616717,0.0300871813184133,"93686/108655/224829/17978/26381/19211/75302/94186/72068",9,"ADP_C_vs_ADP_N"
"GO:0002429","immune response-activating cell surface receptor signaling pathway","12/440","314/25730",0.0382165605095541,2.23480023161552,2.90383076722077,0.00824645536508231,0.0440250763757194,0.031712684491685,"238871/108655/12298/18578/19211/224938/26409/16423/26413/19122/22031/74585",12,"ADP_C_vs_ADP_N"
"GO:0000381","regulation of alternative mRNA splicing, via spliceosome","5/440","73/25730",0.0684931506849315,4.00529265255293,3.39163133954127,0.00829097349125378,0.0442038054047672,0.0318414287841269,"14007/93686/13046/664883/21841",5,"ADP_C_vs_ADP_N"
"GO:0002520","immune system development","10/440","239/25730",0.0418410041841004,2.4467478128566,2.96388757085144,0.00841816509643678,0.0446877986591158,0.0321900647578677,"18514/108655/12298/18970/12288/107823/65113/11789/108138/26413",10,"ADP_C_vs_ADP_N"
"GO:0002691","regulation of cellular extravasation","4/440","47/25730",0.0851063829787234,4.97678916827853,3.59933274449611,0.0084263956013068,0.0446877986591158,0.0321900647578677,"109934/18795/14348/16423",4,"ADP_C_vs_ADP_N"
"GO:0009081","branched-chain amino acid metabolic process","3/440","25/25730",0.12,7.01727272727273,3.97030868004799,0.0086386251517934,0.0454521092086475,0.0327406223333756,"208982/66885/78038",3,"ADP_C_vs_ADP_N"
"GO:0010644","cell communication by electrical coupling","3/440","25/25730",0.12,7.01727272727273,3.97030868004799,0.0086386251517934,0.0454521092086475,0.0327406223333756,"238871/20541/108058",3,"ADP_C_vs_ADP_N"
"GO:0034453","microtubule anchoring","3/440","25/25730",0.12,7.01727272727273,3.97030868004799,0.0086386251517934,0.0454521092086475,0.0327406223333756,"76707/76499/56637",3,"ADP_C_vs_ADP_N"
"GO:0051602","response to electrical stimulus","4/440","48/25730",0.0833333333333333,4.87310606060606,3.54265584778639,0.00907089870474899,0.0472300109412418,0.0340213023763086,"243548/18181/19211/16519",4,"ADP_C_vs_ADP_N"
"GO:0034446","substrate adhesion-dependent cell spreading","6/440","105/25730",0.0571428571428571,3.34155844155844,3.17125446067724,0.00940050863688348,0.0488192432971225,0.0351660777733098,"13640/14083/56637/18186/72007/12540",6,"ADP_C_vs_ADP_N"
"GO:0043583","ear development","11/440","281/25730",0.0391459074733096,2.28914590747331,2.86604661932395,0.00944436986887721,0.0489834934650057,0.0352843924743981,"14402/76260/109934/16531/14401/50769/18472/13047/11994/19156/26413",11,"ADP_C_vs_ADP_N"
"GO:0032868","response to insulin","12/440","320/25730",0.0375,2.19289772727273,2.83229995106582,0.00949522901221522,0.0491835665781497,0.0354285116000132,"23797/18795/16001/17978/19211/227743/56637/14783/11789/26413/79221/228869",12,"ADP_C_vs_ADP_N"
"GO:0010763","positive regulation of fibroblast migration","3/440","26/25730",0.115384615384615,6.74737762237762,3.86740297944682,0.00964333973216232,0.0493128126278134,0.0355216117041403,"20541/14083/11789",3,"ADP_C_vs_ADP_N"
"GO:0034249","negative regulation of amide metabolic process","3/440","26/25730",0.115384615384615,6.74737762237762,3.86740297944682,0.00964333973216232,0.0493128126278134,0.0355216117041403,"104001/20168/19122",3,"ADP_C_vs_ADP_N"
"GO:1990166","protein localization to site of double-strand break","3/440","26/25730",0.115384615384615,6.74737762237762,3.86740297944682,0.00964333973216232,0.0493128126278134,0.0355216117041403,"108138/19356/105377",3,"ADP_C_vs_ADP_N"
"GO:0046434","organophosphate catabolic process","11/440","282/25730",0.0390070921985816,2.28102836879433,2.85311876808941,0.00968206684196224,0.0494476985143072,0.0356187743648987,"238871/18795/18578/11820/76654/56490/74182/19211/218461/329502/76192",11,"ADP_C_vs_ADP_N"
"GO:0046785","microtubule polymerization","6/440","106/25730",0.0566037735849057,3.31003430531732,3.1434841602456,0.00982498948351387,0.0499863505616131,0.0360067828326463,"76707/260315/76499/11789/17756/17257",6,"ADP_C_vs_ADP_N"
